TRIP
DATE 2025-08-16
DECLINATION 0.0
DATA
0		229.31	23.71	4.311	>
0		159.84	26.16	2.850	>
0		83.99	20.35	3.253	>
0		9.29	17.07	3.699	>
0		20.45	25.99	7.353	>
0		273.11	1.46	5.383	>
0		181.77	84.56	2.271	>
0		339.99	-51.48	0.140	>
0		19.90	27.03	7.278	>
0		10.67	34.48	4.925	>
0		10.83	34.51	4.918	>
0		10.84	34.53	4.923	>
0		230.94	40.11	5.790	>
0		231.21	39.89	5.790	>
0		231.16	39.91	5.791	>
0		286.17	-18.78	7.066	>
0		286.23	-18.80	7.075	>
0		286.16	-18.85	7.068	>
0	1	10.78	34.51	4.922	>
1		195.58	87.55	4.624	>
1		122.78	12.22	1.602	>
1		73.22	-61.19	1.568	>
1		21.65	21.12	5.539	>
1		21.43	21.21	5.521	>
1		21.56	21.19	5.562	>
1	2	21.55	21.18	5.541	>
2		231.02	40.01	5.776	>
2		231.22	40.18	5.786	>
2		231.06	40.03	5.779	>
0	0.1	231.10	39.97	5.790	>
0.1		16.41	6.82	2.882	>
0.1		320.70	6.83	2.418	>
0.1		256.22	9.24	5.783	>
0.1		234.04	12.53	7.364	>
0.1		186.77	24.76	3.150	>
0.1		232.06	84.47	1.460	>
0.1		90.67	-59.79	1.286	>
0.1		109.20	31.46	4.837	>
0.1		109.16	31.53	4.844	>
0.1		109.11	31.57	4.843	>
0.1	0.2	109.15	31.52	4.841	>
0.2		17.84	-81.93	1.092	>
0.2		151.95	-13.01	2.353	>
0.2		43.13	4.81	5.389	>
0.2		128.17	-6.42	6.469	>
0.2		128.19	-6.60	6.465	>
0.2		128.36	-6.48	6.460	>
0.2	0.3	128.24	-6.50	6.465	>
0.3		112.70	45.04	2.612	>
0.3		5.47	2.82	2.438	>
0.3		333.70	67.00	2.375	>
0.3		247.21	8.23	3.347	>
0.3		280.68	4.70	3.450	>
0.3		202.52	-81.62	1.455	>
0	0.0.1	286.19	-18.81	7.070	>
0.0.1		69.59	0.48	3.468	>
0.0.1		48.95	3.35	9.864	>
0.0.1		23.18	5.34	6.483	>
0.0.1		6.97	2.86	9.254	>
0.0.1		330.32	1.92	4.553	>
0.0.1		5.09	-53.36	3.652	>
0.0.1		29.79	57.83	3.788	>
0.0.1		12.67	-4.71	6.289	>
0.0.1		12.83	-4.61	6.302	>
0.0.1		12.86	-4.66	6.296	>
0.0.1	0.0.2	12.79	-4.66	6.296	>
0.0.2		122.15	7.94	5.200	>
0.0.2		85.63	5.48	2.373	>
0.0.2		170.56	7.71	8.656	>
0.0.2		215.72	10.41	5.456	>
0.0.2		304.47	17.52	2.994	>
0.0.2		8.58	13.61	4.282	>
0.0.2		253.63	83.10	4.508	>
0.0.2		47.24	-72.30	0.872	>
0.0.2		346.25	47.83	11.883	>
0.0.2		320.11	50.04	13.109	>
0.0.2		289.71	50.54	12.885	>
0.0.2		266.11	36.73	8.755	>
0.0.2		265.96	36.91	8.745	>
0.0.2		266.09	36.74	8.723	>
0.0.2	0.0.3	266.05	36.79	8.741	>
0.0.3		140.73	5.97	1.714	>
0.0.3		143.66	-71.19	1.556	>
0.0.3		271.37	80.18	5.337	>
0.0.3		213.61	21.53	6.317	>
0.0.3		213.41	21.28	6.337	>
0.0.3		213.55	21.21	6.339	>
0.0.3	0.0.4	213.53	21.34	6.331	>
0.0.4		345.78	-79.33	0.635	>
0.0.4		292.74	74.83	1.779	>
0.0.4		311.69	-4.76	1.140	>
0.0.4		131.76	-29.73	1.152	>
0.0.4		219.92	18.41	4.573	>
0.0.4		219.80	18.26	4.571	>
0.0.4		219.80	18.25	4.569	>
0.0.4	0.0.5	219.84	18.31	4.571	>
0.0.5		164.17	-7.18	1.067	>
0.0.5		237.65	11.22	2.507	>
0.0.5		326.82	70.26	1.247	>
0.0.5		59.06	-85.85	1.058	>
0.0.5		326.13	-25.04	5.196	>
0.0.5		326.12	-24.93	5.205	>
0.0.5		325.99	-24.92	5.202	>
0.0.5	0.0.6	326.08	-24.96	5.201	>
0.0.6		223.80	19.82	0.358	>
0.0.6		75.75	13.55	2.176	>
0.0.6		101.37	81.64	1.138	>
0.0.6		41.69	-56.07	1.099	>
0.0.6		310.20	-29.21	4.832	>
0.0.6		309.59	-29.32	4.840	>
0.0.6		310.02	-29.19	4.850	>
0.0.6	0.0.7	309.94	-29.24	4.841	>
0.0.7		306.46	84.13	7.171	>
0.0.7		284.36	24.72	1.814	>
0.0.7		236.28	4.00	4.474	>
0.0.7		215.30	-4.59	11.193	>
0.0.7		226.36	-5.73	9.561	>
0.0.7		191.21	1.68	7.729	>
0.0.7		165.03	10.78	4.049	>
0.0.7		129.55	18.08	3.224	>
0.0.7		91.58	12.40	5.230	>
0.0.7		59.90	9.06	9.342	>
0.0.7		9.11	19.61	4.944	>
0.0.7		30.96	15.74	8.477	>
0.0.7		20.75	-42.42	2.264	>
0.0.7		73.82	-5.97	7.220	>
0.0.7		73.77	-5.95	7.220	>
0.0.7		73.83	-5.94	7.219	>
0.0.7		208.69	-10.76	8.754	>
0.0.7		208.88	-11.00	8.776	>
0.0.7		208.85	-10.73	8.770	>
0.0.7	0.0.8	73.81	-5.95	7.220	>
0.0.8		127.77	-26.77	1.047	>
0.0.8		343.70	-19.66	1.636	>
0.0.8		153.52	-84.36	1.844	>
0.0.8		18.95	-35.60	4.065	>
0.0.8		18.80	-35.07	4.053	>
0.0.8		18.80	-34.85	4.065	>
0.0.8	0.0.9	18.85	-35.17	4.061	>
0.0.9		320.47	3.98	0.860	>
0.0.9		70.77	-6.80	0.749	>
0.0.9		301.13	-71.74	1.463	>
0.0.9		250.90	70.16	2.302	>
0.0.9		6.52	9.69	5.415	>
0.0.9		6.45	9.81	5.414	>
0.0.9		6.51	9.70	5.419	>
0.0.9	0.0.10	6.49	9.73	5.416	>
0.0.10		242.69	19.61	0.996	>
0.0.10		277.19	20.81	6.570	>
0.0.10		298.24	20.36	4.961	>
0.0.10		44.41	19.32	1.498	>
0.0.10		3.70	-56.97	1.684	>
0.0.10		337.82	30.64	6.015	>
0.0.10		338.03	30.70	6.009	>
0.0.10		337.98	30.63	6.012	>
0.0.10	0.0.11	337.94	30.66	6.012	>
0.0.11		76.80	4.70	2.775	>
0.0.11		267.65	-7.84	2.507	>
0.0.11		228.82	-10.29	2.999	>
0.0.11		253.64	-68.64	2.987	>
0.0.11		282.27	82.76	4.827	>
0.0.11		305.60	-10.90	2.196	>
0.0.11		306.22	-7.18	2.194	>
0.0.11		306.33	-7.16	2.194	>
0.0.11		195.45	-28.39	4.738	>
0.0.11		195.70	-28.52	4.733	>
0.0.11		195.53	-28.44	4.724	>
0.0.11	0.0.12	306.05	-8.41	2.195	>
0.0.12		306.19	-7.11	2.210	>
0.0.12		254.70	5.66	0.880	>
0.0.12		74.08	16.40	1.295	>
0.0.12		0.12	-72.31	4.309	>
0.0.12		357.34	-66.29	3.788	>
0.0.12		24.92	82.12	4.585	>
0.0.12		17.79	16.64	7.956	>
0.0.12		17.81	16.66	7.489	>
0.0.12		17.91	16.62	7.487	>
0.0.12		17.95	16.63	7.485	>
0.0.12	0.0.13	17.89	16.64	7.487	>
0.0.13		230.69	-4.24	2.532	>
0.0.13		328.84	-75.90	2.384	>
0.0.13		328.57	-4.34	3.066	>
0.0.13		104.73	-11.33	1.542	>
0.0.13		285.42	1.33	3.787	>
0.0.13		285.98	1.63	3.782	>
0.0.13		286.19	1.68	3.780	>
0.0.13	0.0.14	285.86	1.55	3.783	>
0.0.14		183.96	23.53	1.957	>
0.0.14		21.06	12.12	1.255	>
0.0.14		60.12	71.18	6.333	>
0.0.14		27.30	-62.94	1.551	>
0.0.14		331.38	-8.71	10.180	>
0.0.14		331.35	-8.76	10.176	>
0.0.14		331.36	-8.82	10.185	>
0.0.14	0.0.15	331.37	-8.76	10.180	>
0.0.15		256.53	2.04	1.143	>
0.0.15		97.10	3.94	3.018	>
0.0.15		224.78	-66.29	1.399	>
0.0.15		203.44	84.77	7.519	>
0.0.15		125.94	7.09	4.790	>
0.0.15		138.82	7.11	6.381	>
0.0.15		159.44	3.90	9.115	>
0.0.15		177.89	0.71	4.680	>
0.0.15		322.71	-12.81	4.693	>
0.0.15		322.56	-12.96	4.684	>
0.0.15		322.64	-12.94	4.683	>
0.0.15	0.0.16	322.64	-12.90	4.687	>
0.0.16		357.76	-71.77	5.055	>
0.0.16		70.97	-11.47	1.133	>
0.0.16		73.00	61.27	4.030	>
0.0.16		2.54	-16.08	5.723	>
0.0.16		2.60	-16.19	5.563	>
0.0.16		2.66	-16.41	5.571	>
0.0.16		2.64	-16.13	5.555	>
0.0.16	0.0.17	2.63	-16.24	5.563	>
0.0.17		222.60	6.38	0.495	>
0.0.17		73.41	83.10	208.490	>
0.0.17		64.91	82.00	13.938	>
0.0.17		244.46	-62.01	2.736	>
0.0.17		244.38	-62.11	2.741	>
0.0.17		244.40	-62.13	2.723	>
0.0.17	0.0.18	244.41	-62.08	2.733	>
0.0.18		12.05	4.11	0.483	>
0.0.18		45.29	-77.35	0.934	>
0.0.18		283.97	3.86	2.754	>
0.0.18		284.19	3.64	2.760	>
0.0.18		283.58	3.75	2.785	>
0.0.18	0.0.19	283.92	3.75	2.766	>
0.0.19		186.37	-60.34	1.231	>
0.0.19		159.15	-64.98	1.302	>
0.0.19		179.56	-12.15	0.594	>
0.0.19		145.59	82.18	0.574	>
0.0.19		252.94	2.97	4.607	>
0.0.19		252.92	3.01	4.593	>
0.0.19		252.81	2.87	4.605	>
0.0.19	0.0.20	252.89	2.95	4.602	>
0.0.20		344.56	3.74	0.396	>
0.0.20		327.35	-74.95	1.456	>
0.0.20		315.42	73.47	6.018	>
0.0.20		274.01	2.40	5.706	>
0.0.20		273.82	2.66	5.679	>
0.0.20		273.79	2.63	5.652	>
0.0.20	0.0.21	273.87	2.56	5.679	>
0.0.21		273.75	2.60	5.651	>
0.0.21		11.31	83.76	5.483	>
0.0.21		314.63	86.62	5.346	>
0.0.21		274.75	25.51	6.576	>
0.0.21		301.42	23.54	7.115	>
0.0.21		198.41	43.72	2.837	>
0.0.21		25.74	39.46	2.341	>
0.0.21		7.07	33.39	2.422	>
0.0.21		341.08	20.05	3.090	>
0.0.21		23.58	24.35	1.654	>
0.0.21		313.49	22.75	7.117	>
0.0.21		329.50	15.31	7.334	>
0.0.21		281.65	26.64	6.578	>
0.0.21		212.86	48.77	2.700	>
0.0.21		343.03	-76.66	1.723	>
0.0.21		310.73	39.19	3.552	>
0.0.21		310.40	39.26	3.552	>
0.0.21		310.28	39.24	3.565	>
0.0.21	0.0.22	310.47	39.23	3.556	>
0.0.22		42.67	86.11	4.260	>
0.0.22		264.53	53.51	9.349	>
0.0.22		112.03	-86.75	1.830	>
0.0.22		226.77	6.17	2.660	>
0.0.22		254.69	12.37	4.025	>
0.0.22		348.26	-0.19	5.511	>
0.0.22		348.07	-0.16	5.477	>
0.0.22		348.35	-0.19	5.476	>
0.0.22	0.0.23	348.23	-0.18	5.488	>
0.0.23		107.05	7.33	2.414	>
0.0.23		151.17	1.58	3.666	>
0.0.23		35.18	79.72	5.972	>
0.0.23		250.26	-2.98	3.143	>
0.0.23		272.70	-12.54	5.001	>
0.0.23		298.84	-5.83	6.648	>
0.0.23		325.38	-3.30	7.703	>
0.0.23		355.98	13.89	5.676	>
0.0.23		307.06	1.57	7.990	>
0.0.23		306.97	1.43	7.991	>
0.0.23		307.05	1.45	7.994	>
0.0.23	0.0.24	307.03	1.48	7.992	>
0.0.24		277.05	62.75	10.964	>
0.0.24		355.64	67.60	6.177	>
0.0.24		201.85	33.16	3.535	>
0.0.24		75.15	4.90	5.332	>
0.0.24		52.61	5.02	5.579	>
0.0.24		30.88	1.97	1.299	>
0.0.24		350.65	2.52	2.372	>
0.0.24		351.13	2.58	2.371	>
0.0.24		350.84	2.52	2.385	>
0.0.24	0.0.25	350.87	2.54	2.376	>
0.0.25		79.85	0.88	0.783	>
0.0.25		55.25	-83.39	3.953	>
0.0.25		353.79	76.49	6.055	>
0.0.25		30.97	8.76	3.559	>
0.0.25		31.05	9.00	3.614	>
0.0.25		30.82	8.80	3.608	>
0.0.25		30.69	8.77	3.624	>
0.0.25	0.0.26	30.86	8.86	3.615	>
0.0.26		297.89	73.68	8.941	>
0.0.26		85.22	49.83	1.565	>
0.0.26		258.28	30.67	1.264	>
0.0.26		278.86	21.67	2.391	>
0.0.26		295.61	15.01	4.030	>
0.0.26		317.53	3.94	6.560	>
0.0.26		327.78	4.51	8.082	>
0.0.26		39.58	21.21	1.490	>
0.0.26		8.67	11.66	3.017	>
0.0.26		350.80	6.66	6.572	>
0.0.26		343.97	12.45	8.134	>
0.0.26		330.15	13.32	6.858	>
0.0.26		330.14	13.24	6.848	>
0.0.26		330.34	13.39	6.858	>
0.0.26	0.0.27	330.21	13.32	6.855	>
0.0.11	0.0.11.1	195.56	-28.45	4.732	>
0.0.11.1		221.45	-21.08	7.522	>
0.0.11.1		221.48	-21.19	7.469	>
0.0.11.1		221.29	-21.13	7.558	>
0.0.11.1	0.0.11.2	221.41	-21.14	7.516	>
0.0.11.2		221.37	-21.13	7.520	>
0.0.11.2		126.16	2.50	0.729	>
0.0.11.2		46.24	82.22	4.386	>
0.0.11.2		136.41	-72.04	1.652	>
0.0.11.2		197.98	6.21	6.784	>
0.0.11.2		197.91	6.23	6.780	>
0.0.11.2		197.96	6.23	6.781	>
0.0.11.2	0.0.11.3	197.95	6.22	6.782	>
0.0.7	0.0.7.1	208.81	-10.83	8.767	>
0.0.7.1		4.71	9.07	4.826	>
0.0.7.1		323.20	8.86	3.609	>
0.0.7.1		267.00	1.41	3.055	>
0.0.7.1		53.80	13.78	8.402	>
0.0.7.1		87.18	21.21	3.810	>
0.0.7.1		172.27	18.66	2.947	>
0.0.7.1		202.83	5.00	2.767	>
0.0.7.1		305.76	-64.67	1.438	>
0.0.7.1		272.76	83.59	10.185	>
0.0.7.1		228.35	-4.83	2.505	>
0.0.7.1		228.35	-4.58	2.509	>
0.0.7.1		228.25	-4.63	2.515	>
0.0.7.1		261.15	-18.33	2.053	>
0.0.7.1		124.55	-18.29	2.485	>
0.0.7.1		213.41	59.61	5.484	>
0.0.7.1		213.38	59.68	5.522	>
0.0.7.1		213.51	59.66	5.512	>
0.0.7.1	0.0.7.2	228.32	-4.68	2.510	>
0.0.7.2		290.10	5.96	0.662	>
0.0.7.2		144.43	8.85	1.307	>
0.0.7.2		271.15	68.54	1.116	>
0.0.7.2		144.07	-43.38	0.875	>
0.0.7.2		189.89	-8.79	5.879	>
0.0.7.2		190.09	-8.93	5.996	>
0.0.7.2		190.00	-8.77	5.973	>
0.0.7.2		189.93	-8.90	5.995	>
0.0.7.2	0.0.7.3	190.01	-8.86	5.988	>
0.0.7.3		197.35	-61.07	9.796	>
0.0.7.3		209.52	-40.19	11.836	>
0.0.7.3		195.78	-65.21	9.966	>
0.0.7.3		210.00	-38.63	12.227	>
0.0.7.3		262.46	-36.19	2.162	>
0.0.7.3		104.62	-13.41	2.402	>
0.0.7.3		169.98	-25.85	3.260	>
0.0.7.3		206.31	-28.84	6.101	>
0.0.7.1	0.0.7.1.1	213.43	59.65	5.506	>
0.0.7.1.1		111.38	5.22	1.146	>
0.0.7.1.1		340.01	84.15	2.446	>
0.0.7.1.1		164.63	18.88	3.602	>
0.0.7.1.1		164.49	19.06	3.603	>
0.0.7.1.1		164.39	19.17	3.606	>
0.0.7.1.1	0.0.7.1.2	164.50	19.04	3.604	>
0.0.7.1.2		41.32	-4.38	1.638	>
0.0.7.1.2		65.64	43.51	0.621	>
0.0.7.1.2		54.43	-64.53	1.129	>
0.0.7.1.2		223.76	-33.85	0.883	>
0.0.7.1.2		109.63	11.43	6.113	>
0.0.7.1.2		109.64	11.51	6.115	>
0.0.7.1.2		109.45	11.53	6.097	>
0.0.7.1.2	0.0.7.1.3	109.57	11.49	6.108	>
0.0.7.1.3		150.32	-78.42	0.401	>
0.0.7.1.3		89.00	-15.72	0.953	>
0.0.7.1.3		251.65	-5.59	1.632	>
0.0.7.1.3		230.73	1.55	1.952	>
0.0.7.1.3		199.73	4.09	2.436	>
0.0.7.1.3		198.03	0.54	3.053	>
0.0.7.1.3		198.05	0.12	3.040	>
0.0.7.1.3		197.90	0.09	3.064	>
0.0.7.1.3	0.0.7.1.4	197.99	0.25	3.052	>
0.0.7.1.4		137.15	15.38	2.635	>
0.0.7.1.4		105.44	15.39	2.703	>
0.0.7.1.4		156.75	48.25	0.830	>
0.0.7.1.4		97.87	-74.77	0.259	>
0.0.7.1.4		212.44	5.13	2.172	>
0.0.7.1.4		239.60	1.76	4.567	>
0.0.7.1.4		260.36	0.10	3.499	>
0.0.7.1.4		250.30	1.53	5.354	>
0.0.7.1.4		250.48	1.47	5.392	>
0.0.7.1.4		250.76	0.55	5.837	>
0.0.7.1.4		250.65	0.58	5.835	>
0.0.7.1.4		250.72	0.66	5.839	>
0.0.7.1.4	0.0.7.1.5	250.71	0.60	5.837	>
0.0.7.1.5		154.21	-1.57	1.872	>
0.0.7.1.5		320.41	-14.55	0.970	>
0.0.7.1.5		266.89	-76.84	0.608	>
0.0.7.1.5		249.20	-15.50	3.530	>
0.0.7.1.5		248.81	-14.28	3.533	>
0.0.7.1.5		248.99	-14.29	3.528	>
0.0.7.1.5	0.0.7.1.6	249.00	-14.69	3.530	>
0.0.7.1.6		246.91	8.83	1.722	>
0.0.7.1.6		337.29	42.76	2.652	>
0.0.7.1.6		131.87	7.62	2.068	>
0.0.7.1.6		148.37	3.47	2.936	>
0.0.7.1.6		49.36	-67.86	0.867	>
0.0.7.1.6		96.61	84.52	1.378	>
0.0.7.1.6		185.39	-6.98	5.064	>
0.0.7.1.6		185.55	-7.50	5.065	>
0.0.7.1.6		185.36	-7.19	5.064	>
0.0.7.1.6	0.0.7.1.7	185.43	-7.23	5.064	>
0.0.7.1.7		283.22	2.66	0.475	>
0.0.7.1.7		216.32	-2.06	6.346	>
0.0.7.1.7		233.79	-6.20	5.123	>
0.0.7.1.7		267.97	-15.13	1.606	>
0.0.7.1.7		240.40	-86.24	1.349	>
0.0.7.1.7		69.74	-27.85	0.938	>
0.0.7.1.7		190.70	-32.10	5.157	>
0.0.7.1.7		190.72	-32.01	4.675	>
0.0.7.1.7		190.74	-32.03	4.662	>
0.0.7.1.7		190.72	-32.18	4.692	>
0.0.7.1.7	0.0.7.1.8	190.73	-32.07	4.676	>
0.0.7.1.8		299.64	-5.13	1.521	>
0.0.7.1.8		244.25	-63.80	2.269	>
0.0.7.1.8		251.99	-48.77	4.142	>
0.0.7.1.8		200.48	-31.03	2.929	>
0.0.7.1.8		237.69	-13.61	4.694	>
0.0.7.1.8		248.12	-18.47	5.323	>
0.0.7.1.8		248.25	-18.52	7.196	>
0.0.7.1.8		248.69	-18.50	7.181	>
0.0.7.1.8		248.03	-18.59	7.200	>
0.0.7.1.8	0.0.7.1.9	248.33	-18.54	7.192	>
0.0.7.1.9		292.51	-29.62	0.562	>
0.0.7.1.9		136.58	-5.64	1.819	>
0.0.7.1.9		149.36	-81.19	1.081	>
0.0.7.1.9		93.41	-7.03	2.710	>
0.0.7.1.9		200.00	-10.56	7.080	>
0.0.7.1.9		199.93	-10.54	7.079	>
0.0.7.1.9		199.97	-10.49	7.077	>
0.0.7.1.9	0.0.7.1.10	199.96	-10.53	7.079	>
0.0.7.1.10		321.00	22.56	1.530	>
0.0.7.1.10		121.04	20.15	3.074	>
0.0.7.1.10		1.67	82.92	4.315	>
0.0.7.1.10		158.33	45.75	2.000	>
0.0.7.1.10		158.23	45.51	2.006	>
0.0.7.1.10		158.29	45.37	2.001	>
0.0.7.1.10	0.0.7.1.11	158.28	45.54	2.002	>
0.0.7.1.11		249.83	-32.30	7.591	>
0.0.7.1.11		249.92	-32.37	7.584	>
0.0.7.1.11		249.85	-32.33	7.588	>
0.0.7.1.11	0.0.7.1.12	249.87	-32.33	7.588	>

PLAN
STATIONS
0.000	0.000	0
0.759	3.984	1
2.656	8.790	2
-3.454	-2.786	0.1
0.445	-4.141	0.2
5.490	-8.116	0.3
-6.427	1.866	0.0.1
-5.038	7.985	0.0.2
-12.021	7.503	0.0.3
-15.278	2.587	0.0.4
-18.058	-0.745	0.0.5
-20.689	3.168	0.0.6
-23.928	5.879	0.0.7
-17.032	7.882	0.0.8
-15.960	11.023	0.0.9
-15.356	16.327	0.0.10
-17.298	21.120	0.0.11
-19.053	22.398	0.0.12
-16.850	29.225	0.0.13
-20.487	30.258	0.0.14
-25.309	39.089	0.0.15
-28.081	42.720	0.0.16
-27.836	48.056	0.0.17
-28.990	47.503	0.0.18
-31.669	48.167	0.0.19
-36.061	46.815	0.0.20
-41.722	47.198	0.0.21
-43.817	48.986	0.0.22
-44.937	54.359	0.0.23
-51.315	59.169	0.0.24
-51.692	61.513	0.0.25
-49.860	64.580	0.0.26
-53.174	70.369	0.0.27
-18.414	17.113	0.0.11.1
-23.051	11.855	0.0.11.2
-25.129	5.441	0.0.11.3
-28.077	-1.666	0.0.7.1
-29.945	-3.329	0.0.7.2
-30.973	-9.156	0.0.7.3
-29.609	-3.987	0.0.7.1.1
-28.699	-7.270	0.0.7.1.2
-23.059	-9.276	0.0.7.1.3
-24.002	-12.179	0.0.7.1.4
-29.511	-14.107	0.0.7.1.5
-32.699	-15.331	0.0.7.1.6
-33.175	-20.332	0.0.7.1.7
-33.912	-24.226	0.0.7.1.8
-40.250	-26.744	0.0.7.1.9
-42.626	-33.285	0.0.7.1.10
-42.107	-34.588	0.0.7.1.11
-48.126	-36.795	0.0.7.1.12
SHOTS
0.000	0.000	-2.993	-2.573
0.000	0.000	0.882	-2.401
0.000	0.000	3.033	0.319
0.000	0.000	0.571	3.490
0.000	0.000	2.309	6.193
0.000	0.000	-5.373	0.292
0.000	0.000	-0.007	-0.215
0.000	0.000	-0.030	0.082
0.000	0.000	2.206	6.096
0.000	0.000	0.759	3.984
0.759	3.984	0.705	3.794
0.759	3.984	2.075	3.137
0.759	3.984	1.482	4.203
0.759	3.984	2.656	8.790
0.000	0.000	-3.454	-2.786
-3.454	-2.786	-2.645	-0.041
-3.454	-2.786	-4.974	-0.928
-3.454	-2.786	-8.997	-4.146
-3.454	-2.786	-9.272	-7.008
-3.454	-2.786	-3.791	-5.627
-3.454	-2.786	-3.565	-2.873
-3.454	-2.786	-2.807	-2.794
-3.454	-2.786	0.445	-4.141
0.445	-4.141	0.492	-3.994
0.445	-4.141	1.523	-6.164
0.445	-4.141	4.116	-0.221
0.445	-4.141	5.490	-8.116
5.490	-8.116	7.192	-8.828
5.490	-8.116	5.722	-5.692
5.490	-8.116	5.078	-7.284
5.490	-8.116	2.436	-9.399
5.490	-8.116	2.111	-7.479
5.490	-8.116	5.408	-8.312
0.000	0.000	-6.427	1.866
-6.427	1.866	-3.177	3.075
-6.427	1.866	0.999	8.332
-6.427	1.866	-3.886	7.799
-6.427	1.866	-5.305	11.040
-6.427	1.866	-8.680	5.819
-6.427	1.866	-6.233	4.036
-6.427	1.866	-5.425	3.616
-6.427	1.866	-5.038	7.985
-5.038	7.985	-0.677	5.244
-5.038	7.985	-2.683	8.165
-5.038	7.985	-3.631	-0.477
-5.038	7.985	-8.171	3.628
-5.038	7.985	-7.392	9.601
-5.038	7.985	-4.417	12.100
-5.038	7.985	-5.557	7.832
-5.038	7.985	-4.843	8.165
-5.038	7.985	-6.934	15.733
-5.038	7.985	-10.437	14.444
-5.038	7.985	-12.747	10.747
-5.038	7.985	-12.021	7.503
-12.021	7.503	-10.942	6.183
-12.021	7.503	-11.724	7.099
-12.021	7.503	-12.931	7.525
-12.021	7.503	-15.278	2.587
-15.278	2.587	-15.307	2.701
-15.278	2.587	-15.708	2.767
-15.278	2.587	-16.126	3.343
-15.278	2.587	-14.532	1.921
-15.278	2.587	-18.058	-0.745
-18.058	-0.745	-17.769	-1.763
-18.058	-0.745	-20.136	-2.061
-18.058	-0.745	-18.289	-0.392
-18.058	-0.745	-17.993	-0.706
-18.058	-0.745	-20.689	3.168
-20.689	3.168	-20.922	2.925
-20.689	3.168	-18.639	3.688
-20.689	3.168	-20.527	3.135
-20.689	3.168	-20.281	3.626
-20.689	3.168	-23.928	5.879
-23.928	5.879	-24.517	6.315
-23.928	5.879	-25.524	6.288
-23.928	5.879	-27.640	3.402
-23.928	5.879	-30.376	-3.226
-23.928	5.879	-30.812	-0.686
-23.928	5.879	-25.429	-1.699
-23.928	5.879	-22.900	2.037
-23.928	5.879	-21.565	3.928
-23.928	5.879	-18.822	5.739
-23.928	5.879	-15.947	10.506
-23.928	5.879	-23.191	10.478
-23.928	5.879	-19.730	12.876
-23.928	5.879	-23.336	7.442
-23.928	5.879	-17.032	7.882
-17.032	7.882	-16.293	7.309
-17.032	7.882	-17.465	9.361
-17.032	7.882	-16.951	7.720
-17.032	7.882	-15.960	11.023
-15.960	11.023	-16.506	11.685
-15.960	11.023	-15.257	11.268
-15.960	11.023	-16.352	11.260
-15.960	11.023	-16.698	10.768
-15.960	11.023	-15.356	16.327
-15.356	16.327	-16.189	15.897
-15.356	16.327	-21.449	17.095
-15.356	16.327	-19.453	18.528
-15.356	16.327	-14.367	17.337
-15.356	16.327	-15.297	17.243
-15.356	16.327	-17.298	21.120
-17.298	21.120	-14.605	21.752
-17.298	21.120	-19.779	21.019
-17.298	21.120	-19.519	19.177
-17.298	21.120	-18.342	20.814
-17.298	21.120	-17.892	21.250
-17.298	21.120	-19.053	22.398
-19.053	22.398	-20.823	23.693
-19.053	22.398	-19.898	22.167
-19.053	22.398	-17.859	22.739
-19.053	22.398	-19.051	23.708
-19.053	22.398	-19.124	23.919
-19.053	22.398	-18.788	22.968
-19.053	22.398	-16.724	29.656
-19.053	22.398	-16.850	29.225
-16.850	29.225	-18.803	27.625
-16.850	29.225	-17.150	29.721
-16.850	29.225	-18.444	31.833
-16.850	29.225	-15.387	28.840
-16.850	29.225	-20.487	30.258
-20.487	30.258	-20.611	28.468
-20.487	30.258	-20.046	31.403
-20.487	30.258	-18.716	31.276
-20.487	30.258	-20.164	30.885
-20.487	30.258	-25.309	39.089
-25.309	39.089	-26.420	38.823
-25.309	39.089	-22.321	38.717
-25.309	39.089	-25.705	38.690
-25.309	39.089	-25.582	38.460
-25.309	39.089	-21.460	36.300
-25.309	39.089	-21.140	34.324
-25.309	39.089	-22.115	30.575
-25.309	39.089	-25.136	34.413
-25.309	39.089	-28.081	42.720
-28.081	42.720	-28.143	44.300
-28.081	42.720	-27.031	43.082
-28.081	42.720	-26.228	43.287
-28.081	42.720	-27.837	48.214
-28.081	42.720	-27.836	48.056
-27.836	48.056	-28.169	47.694
-27.836	48.056	-3.833	55.206
-27.836	48.056	-26.079	48.878
-27.836	48.056	-28.990	47.503
-28.990	47.503	-28.889	47.974
-28.990	47.503	-28.844	47.647
-28.990	47.503	-31.669	48.167
-31.669	48.167	-31.737	47.562
-31.669	48.167	-31.473	47.652
-31.669	48.167	-31.665	47.586
-31.669	48.167	-31.625	48.102
-31.669	48.167	-36.061	46.815
-36.061	46.815	-36.167	47.196
-36.061	46.815	-36.265	47.133
-36.061	46.815	-37.263	48.035
-36.061	46.815	-41.722	47.198
-41.722	47.198	-47.355	47.567
-41.722	47.198	-41.605	47.783
-41.722	47.198	-41.946	47.419
-41.722	47.198	-47.636	47.690
-41.722	47.198	-47.288	50.599
-41.722	47.198	-42.369	45.253
-41.722	47.198	-40.937	48.826
-41.722	47.198	-41.473	49.205
-41.722	47.198	-42.663	49.944
-41.722	47.198	-41.119	48.579
-41.722	47.198	-46.483	51.715
-41.722	47.198	-45.312	53.293
-41.722	47.198	-47.480	48.385
-41.722	47.198	-42.687	45.703
-41.722	47.198	-41.838	47.578
-41.722	47.198	-43.817	48.986
-43.817	48.986	-43.622	49.198
-43.817	48.986	-49.351	48.456
-43.817	48.986	-43.721	48.947
-43.817	48.986	-45.744	47.175
-43.817	48.986	-47.609	47.948
-43.817	48.986	-44.937	54.359
-44.937	54.359	-42.648	53.656
-44.937	54.359	-43.170	51.148
-44.937	54.359	-44.323	55.230
-44.937	54.359	-47.891	53.298
-44.937	54.359	-49.814	54.588
-44.937	54.359	-50.730	57.549
-44.937	54.359	-49.307	60.687
-44.937	54.359	-45.323	59.855
-44.937	54.359	-51.315	59.169
-51.315	59.169	-56.297	59.785
-51.315	59.169	-51.494	61.517
-51.315	59.169	-52.417	56.423
-51.315	59.169	-46.180	60.531
-51.315	59.169	-46.900	62.544
-51.315	59.169	-50.649	60.284
-51.315	59.169	-51.692	61.513
-51.692	61.513	-50.921	61.651
-51.692	61.513	-51.318	61.772
-51.692	61.513	-51.845	62.920
-51.692	61.513	-49.882	64.529
-51.692	61.513	-49.860	64.580
-49.860	64.580	-52.080	65.755
-49.860	64.580	-48.854	64.664
-49.860	64.580	-50.924	64.359
-49.860	64.580	-52.055	64.922
-49.860	64.580	-53.370	66.262
-49.860	64.580	-54.278	69.407
-49.860	64.580	-54.155	71.396
-49.860	64.580	-48.975	65.650
-49.860	64.580	-49.414	67.501
-49.860	64.580	-50.903	71.024
-49.860	64.580	-52.054	72.214
-49.860	64.580	-53.174	70.369
-17.298	21.120	-18.414	17.113
-18.414	17.113	-23.051	11.855
-23.051	11.855	-27.687	6.590
-23.051	11.855	-22.463	11.425
-23.051	11.855	-22.622	12.265
-23.051	11.855	-22.700	11.486
-23.051	11.855	-25.129	5.441
-23.928	5.879	-28.077	-1.666
-28.077	-1.666	-27.685	3.084
-28.077	-1.666	-30.213	1.189
-28.077	-1.666	-31.127	-1.826
-28.077	-1.666	-21.492	3.154
-28.077	-1.666	-24.529	-1.491
-28.077	-1.666	-27.701	-4.432
-28.077	-1.666	-29.146	-4.206
-28.077	-1.666	-28.576	-1.306
-28.077	-1.666	-29.213	-1.611
-28.077	-1.666	-30.002	-1.966
-28.077	-1.666	-26.133	-3.004
-28.077	-1.666	-29.945	-3.329
-29.945	-3.329	-30.563	-3.103
-29.945	-3.329	-29.194	-4.380
-29.945	-3.329	-30.353	-3.321
-29.945	-3.329	-29.572	-3.844
-29.945	-3.329	-30.943	-9.053
-29.945	-3.329	-30.973	-9.156
-30.973	-9.156	-32.386	-13.678
-30.973	-9.156	-35.428	-17.024
-30.973	-9.156	-32.109	-13.177
-30.973	-9.156	-35.748	-17.427
-30.973	-9.156	-32.703	-9.385
-30.973	-9.156	-28.712	-9.745
-30.973	-9.156	-30.463	-12.045
-30.973	-9.156	-33.342	-13.946
-28.077	-1.666	-29.609	-3.987
-29.609	-3.987	-28.547	-4.403
-29.609	-3.987	-29.695	-3.753
-29.609	-3.987	-28.699	-7.270
-28.699	-7.270	-27.621	-6.043
-28.699	-7.270	-28.289	-7.084
-28.699	-7.270	-28.304	-6.988
-28.699	-7.270	-29.206	-7.800
-28.699	-7.270	-23.059	-9.276
-23.059	-9.276	-23.019	-9.345
-23.059	-9.276	-22.142	-9.260
-23.059	-9.276	-24.601	-9.787
-23.059	-9.276	-24.570	-10.511
-23.059	-9.276	-23.880	-11.563
-23.059	-9.276	-24.002	-12.179
-24.002	-12.179	-22.274	-14.041
-24.002	-12.179	-21.490	-12.872
-24.002	-12.179	-23.784	-12.686
-24.002	-12.179	-23.935	-12.188
-24.002	-12.179	-25.163	-14.004
-24.002	-12.179	-27.939	-14.489
-24.002	-12.179	-27.452	-12.765
-24.002	-12.179	-29.041	-13.983
-24.002	-12.179	-29.083	-13.979
-24.002	-12.179	-29.511	-14.107
-29.511	-14.107	-28.697	-15.792
-29.511	-14.107	-30.109	-13.383
-29.511	-14.107	-29.649	-14.114
-29.511	-14.107	-32.699	-15.331
-32.699	-15.331	-34.264	-15.998
-32.699	-15.331	-33.451	-13.535
-32.699	-15.331	-31.173	-16.699
-32.699	-15.331	-31.162	-17.826
-32.699	-15.331	-32.451	-15.118
-32.699	-15.331	-32.568	-15.346
-32.699	-15.331	-33.175	-20.332
-33.175	-20.332	-33.637	-20.224
-33.175	-20.332	-36.931	-25.442
-33.175	-20.332	-37.284	-23.341
-33.175	-20.332	-34.724	-20.387
-33.175	-20.332	-33.252	-20.376
-33.175	-20.332	-32.397	-20.045
-33.175	-20.332	-33.986	-24.625
-33.175	-20.332	-33.912	-24.226
-33.912	-24.226	-35.229	-23.477
-33.912	-24.226	-34.815	-24.661
-33.912	-24.226	-36.509	-25.070
-33.912	-24.226	-34.790	-26.577
-33.912	-24.226	-37.768	-26.664
-33.912	-24.226	-38.598	-26.107
-33.912	-24.226	-40.250	-26.744
-40.250	-26.744	-40.701	-26.557
-40.250	-26.744	-39.005	-28.059
-40.250	-26.744	-40.165	-26.887
-40.250	-26.744	-37.565	-26.904
-40.250	-26.744	-42.626	-33.285
-42.626	-33.285	-43.515	-32.187
-42.626	-33.285	-40.153	-34.774
-42.626	-33.285	-42.610	-32.754
-42.626	-33.285	-42.107	-34.588
-42.107	-34.588	-48.126	-36.795
POLYLINE BLACK
1.851	2.365
1.815	2.206
1.821	2.170
1.741	2.035
1.686	1.940
1.598	1.854
1.568	1.744
1.547	1.666
1.550	1.597
1.564	1.516
1.577	1.444
1.609	1.282
1.658	1.200
1.793	0.973
2.010	0.793
2.236	0.660
2.391	0.569
2.555	0.617
2.731	0.613
2.780	0.612
2.852	0.589
2.897	0.568
3.044	0.501
3.085	0.346
3.129	0.203
POLYLINE BLACK
3.164	0.268
3.007	-0.422
3.021	-0.570
2.789	-1.101
2.771	-1.143
2.738	-1.177
2.717	-1.217
2.684	-1.279
2.656	-1.345
2.626	-1.408
POLYLINE BLACK
-1.643	3.070
-1.569	3.062
-1.496	3.043
-1.422	3.045
-1.195	3.051
-0.968	3.068
-0.743	3.092
-0.676	3.100
-0.611	3.120
-0.547	3.140
-0.313	3.216
-0.080	3.294
0.150	3.380
0.210	3.403
0.318	3.466
0.366	3.518
0.431	3.589
0.494	3.663
0.549	3.743
0.718	3.988
0.958	4.625
1.004	4.742
1.078	4.932
1.138	5.127
1.205	5.319
POLYLINE BLACK
1.816	2.398
2.171	4.043
1.929	3.439
2.312	4.284
POLYLINE BLACK
0.719	4.432
1.040	4.252
0.855	4.347
1.366	4.129
1.474	4.083
1.582	4.035
1.691	3.992
1.740	3.974
1.791	3.965
1.840	3.947
1.912	3.920
1.985	3.840
2.034	3.798
POLYLINE BLACK
0.915	3.681
1.222	4.130
POLYLINE BLACK
1.208	3.575
1.494	4.045
POLYLINE BLACK
1.422	3.474
1.656	3.747
1.542	3.608
1.763	3.892
POLYLINE BLACK
1.759	3.454
2.018	3.763
POLYLINE BLACK
2.367	2.817
2.395	2.982
2.424	3.147
2.452	3.312
2.455	3.326
2.455	3.340
2.459	3.354
2.475	3.419
2.563	3.404
2.609	3.428
2.648	3.448
2.672	3.470
2.701	3.504
2.724	3.530
2.740	3.564
2.741	3.599
2.745	3.729
2.581	3.719
2.504	3.664
2.451	3.626
2.428	3.563
2.400	3.507
POLYLINE BLACK
2.728	2.947
2.703	2.943
POLYLINE BLACK
3.201	3.702
3.132	3.513
3.061	3.325
2.994	3.135
2.980	3.095
3.032	3.087
3.058	3.093
3.109	3.105
3.159	3.118
3.208	3.134
3.238	3.144
3.265	3.161
3.295	3.170
3.335	3.183
3.348	3.099
3.349	3.083
3.365	2.822
3.360	2.867
3.335	2.612
POLYLINE BLACK
1.153	5.304
1.347	5.663
1.428	5.774
1.555	6.162
1.670	6.513
1.759	6.871
1.872	7.222
1.945	7.447
2.041	7.663
2.112	7.888
2.151	8.013
2.161	8.147
2.203	8.272
2.353	8.715
2.312	8.485
2.416	8.735
2.432	8.775
2.442	8.820
2.441	8.863
2.439	8.952
2.425	8.944
2.439	9.013
2.451	9.079
2.489	9.117
2.527	9.179
POLYLINE BLACK
2.505	9.209
2.556	9.366
2.607	9.524
2.658	9.681
2.677	9.770
2.689	9.861
2.716	9.948
2.726	9.978
2.750	10.000
2.767	10.026
POLYLINE BLACK
2.337	4.255
2.851	6.542
2.444	4.566
2.580	5.459
2.596	5.566
2.633	5.642
2.621	5.744
2.602	5.924
2.571	6.102
2.553	6.282
2.550	6.312
2.554	6.342
2.559	6.372
2.595	6.572
2.584	6.385
2.646	6.627
2.755	7.059
2.661	6.973
2.838	7.496
2.904	7.689
3.020	7.862
3.082	8.056
3.208	8.445
3.146	8.464
3.183	8.806
3.188	8.846
3.197	8.885
3.213	8.922
3.297	9.124
3.391	9.321
3.480	9.521
POLYLINE BLACK
2.747	10.331
2.736	10.358
POLYLINE BLACK
2.719	10.734
2.785	11.091
POLYLINE BLACK
2.903	11.370
3.024	11.562
POLYLINE BLACK
3.288	11.630
3.411	11.648
3.343	11.632
3.489	11.693
POLYLINE BLACK
3.871	11.737
4.004	11.700
POLYLINE BLACK
4.363	11.748
4.882	11.580
4.544	11.674
5.393	11.534
POLYLINE BLACK
4.103	9.719
4.142	9.704
POLYLINE BLACK
4.483	9.664
4.929	9.535
4.483	9.678
5.008	9.454
5.065	9.430
5.126	9.416
5.185	9.396
POLYLINE BLACK
4.195	9.873
4.241	9.919
4.290	9.962
4.334	10.010
4.355	10.034
4.372	10.061
4.388	10.089
4.485	10.254
4.581	10.419
4.672	10.588
4.683	10.608
4.689	10.630
4.693	10.653
4.723	10.818
4.695	11.039
4.683	11.181
4.680	11.210
4.673	11.239
4.662	11.266
4.640	11.317
4.592	11.475
4.513	11.527
4.472	11.553
4.417	11.559
4.372	11.569
POLYLINE BLACK
2.817	10.713
2.973	10.661
2.886	10.686
3.080	10.642
POLYLINE BLACK
3.132	11.351
3.274	11.155
POLYLINE BLACK
3.607	11.702
3.566	11.320
3.591	11.482
3.544	11.216
POLYLINE BLACK
4.150	11.675
4.024	11.472
4.035	11.504
3.993	11.282
POLYLINE BLACK
4.703	11.425
4.513	11.052
4.580	11.211
4.482	10.958
POLYLINE BLACK
4.715	10.652
4.641	10.653
4.494	10.644
4.407	10.673
4.366	10.687
4.329	10.709
4.290	10.726
POLYLINE BLACK
4.461	10.061
4.379	10.075
4.232	10.090
4.153	10.141
4.106	10.171
4.071	10.216
4.030	10.254
POLYLINE BLACK
3.977	10.055
4.051	10.327
POLYLINE BLACK
2.903	9.937
3.144	10.089
POLYLINE BLACK
3.485	10.625
4.143	10.477
POLYLINE BLACK
3.612	13.350
3.574	13.345
3.526	13.347
3.488	13.328
3.371	13.267
3.335	13.127
3.371	13.006
3.408	12.882
3.527	12.782
3.506	12.642
3.493	12.559
3.435	12.494
3.361	12.459
3.351	12.454
3.340	12.443
3.331	12.448
3.303	12.464
3.285	12.492
3.262	12.513
POLYLINE BLACK
3.724	12.394
3.754	12.704
3.753	12.554
3.733	12.843
POLYLINE BLACK
3.623	13.106
3.730	13.039
3.840	13.021
3.962	13.004
POLYLINE BLACK
4.208	13.024
4.188	12.926
4.165	12.829
4.147	12.730
4.138	12.685
4.171	12.525
4.245	12.584
4.340	12.659
4.377	12.802
4.414	12.910
POLYLINE BLACK
4.431	12.382
4.462	12.509
4.488	12.637
4.523	12.763
4.526	12.773
4.535	12.795
4.543	12.788
4.556	12.775
4.551	12.752
4.553	12.734
4.561	12.676
4.553	12.672
4.573	12.624
4.598	12.563
4.682	12.542
4.726	12.597
4.773	12.657
4.768	12.722
4.712	12.775
4.690	12.797
4.661	12.813
4.629	12.815
4.590	12.819
4.539	12.799
4.507	12.791
POLYLINE BLACK
4.901	12.770
4.911	12.755
4.841	12.584
4.910	12.548
4.959	12.523
5.063	12.571
5.094	12.609
5.165	12.698
5.231	12.791
5.299	12.882
POLYLINE BLACK
5.247	12.364
5.259	12.634
POLYLINE BLACK
5.292	13.209
5.292	13.164
POLYLINE BLACK
5.319	12.375
5.385	12.467
5.448	12.562
5.518	12.652
5.521	12.656
5.531	12.658
5.536	12.654
5.544	12.647
5.547	12.636
5.548	12.625
5.553	12.587
5.555	12.549
5.553	12.511
5.550	12.410
5.528	12.366
5.499	12.265
POLYLINE BLACK
5.441	12.579
5.649	12.620
POLYLINE BLACK
5.597	10.588
5.630	10.693
5.664	10.801
5.745	10.880
5.819	10.951
5.937	11.006
6.042	10.987
6.132	10.972
6.165	10.821
6.155	10.750
6.130	10.581
6.114	10.489
6.048	10.346
6.021	10.289
6.000	10.267
5.960	10.222
5.951	10.213
5.941	10.206
5.933	10.196
5.898	10.151
5.865	10.104
5.831	10.058
POLYLINE BLACK
5.787	9.525
5.780	9.504
POLYLINE BLACK
-9.355	-7.668
-9.143	-7.402
-8.964	-7.009
-8.649	-6.819
-8.564	-6.768
-8.436	-6.715
-8.338	-6.704
-7.763	-6.639
-7.185	-6.607
-6.611	-6.535
-6.508	-6.522
-6.406	-6.493
-6.311	-6.451
-5.885	-6.259
-5.479	-6.024
-5.053	-5.833
-4.792	-5.715
-4.622	-5.696
-4.359	-5.647
POLYLINE BLACK
-4.587	-5.541
-3.815	-5.577
-4.356	-5.529
-2.992	-5.881
POLYLINE BLACK
-5.281	-1.436
-3.099	-2.220
-4.374	-1.894
-2.478	-2.165
-2.299	-2.190
-2.255	-2.242
-2.087	-2.222
-1.761	-2.184
-1.616	-2.091
-1.275	-1.958
POLYLINE BLACK
2.562	-1.294
2.172	-1.610
1.728	-2.271
1.160	-2.434
0.897	-2.509
0.639	-2.519
0.364	-2.512
0.082	-2.505
-0.158	-2.364
-0.418	-2.277
-0.478	-2.256
-0.542	-2.247
-0.605	-2.232
POLYLINE BLACK
-4.620	-0.597
-4.812	-1.390
POLYLINE BLACK
-3.778	-0.508
-4.077	-1.496
-4.010	-1.096
-4.085	-1.687
POLYLINE BLACK
-3.458	-1.179
-3.525	-1.522
-3.645	-1.849
-3.709	-2.193
POLYLINE BLACK
-2.708	-1.284
-2.777	-2.100
POLYLINE BLACK
-2.058	-1.459
-2.163	-2.305
POLYLINE BROWN
-4.818	-2.077
-5.044	-1.963
-5.382	-1.712
-5.648	-1.901
-5.782	-1.996
-5.810	-2.183
-5.835	-2.331
-5.925	-2.850
-5.510	-3.065
-5.068	-3.179
-4.942	-3.211
-4.786	-3.231
-4.658	-3.185
-4.388	-3.088
-4.089	-2.860
-4.066	-2.550
-4.045	-2.269
-4.255	-2.076
-4.483	-1.944
-4.553	-1.904
-4.697	-1.843
-4.785	-1.870
-4.857	-1.891
-4.924	-1.926
-4.993	-1.955
POLYLINE BROWN
-2.946	-2.625
-3.151	-2.521
-3.308	-2.413
-3.531	-2.373
-3.693	-2.344
-3.934	-2.296
-4.092	-2.401
-4.265	-2.516
-4.308	-2.758
-4.310	-2.948
-4.312	-3.167
-4.289	-3.435
-4.132	-3.606
-3.874	-3.887
-3.461	-3.766
-3.153	-3.657
-3.060	-3.624
-2.936	-3.555
-2.859	-3.487
-2.739	-3.381
-2.630	-3.242
-2.579	-3.088
-2.470	-2.759
-2.712	-2.291
-3.074	-2.252
-3.214	-2.237
-3.327	-2.321
-3.451	-2.378
POLYLINE BROWN
-6.298	-3.197
-6.429	-3.114
-6.542	-3.043
-6.696	-3.086
-6.819	-3.121
-6.909	-3.218
-6.940	-3.343
-7.027	-3.699
-7.032	-3.962
-6.795	-4.274
-6.729	-4.361
-6.635	-4.445
-6.541	-4.499
-6.422	-4.567
-6.256	-4.650
-6.111	-4.675
-5.780	-4.732
-5.444	-4.586
-5.206	-4.363
-5.066	-4.230
-4.957	-4.055
-4.905	-3.868
-4.839	-3.626
-4.891	-3.341
-5.094	-3.179
-5.288	-3.024
-5.679	-3.048
-5.879	-3.171
-6.078	-3.293
-6.119	-3.426
-6.215	-3.636
POLYLINE BROWN
-4.221	-4.134
-4.158	-4.258
-4.111	-4.437
-3.979	-4.518
-3.794	-4.632
-3.472	-4.533
-3.313	-4.412
-3.256	-4.369
-3.096	-4.248
-3.078	-4.154
-3.040	-3.958
-3.528	-3.846
-3.658	-3.845
-3.848	-3.844
-3.995	-3.919
-4.179	-3.995
-4.325	-4.056
-4.434	-4.150
-4.561	-4.243
POLYLINE BLACK
-9.702	-6.866
-9.906	-6.754
-10.110	-6.681
-10.342	-6.734
-10.680	-6.811
-10.823	-7.083
-10.962	-7.384
-11.170	-7.835
-10.989	-8.415
-10.467	-8.519
-10.187	-8.575
-9.868	-8.589
-9.614	-8.437
-9.243	-8.215
-9.061	-7.745
-9.257	-7.343
-9.334	-7.187
-9.469	-7.112
-9.606	-7.011
POLYLINE BLACK
-10.987	-7.635
-10.768	-7.718
POLYLINE BLACK
-10.564	-6.697
-10.320	-7.424
POLYLINE BLACK
-9.834	-6.799
-9.900	-7.196
-9.855	-6.962
-9.990	-7.500
POLYLINE BLACK
-9.636	-7.576
-9.065	-7.685
POLYLINE BLACK
-9.861	-8.177
-9.788	-8.579
POLYLINE BLACK
-10.257	-8.011
-10.670	-8.546
POLYLINE BLACK
-10.442	-7.711
-10.174	-7.824
POLYLINE BLACK
-8.735	-9.316
-8.829	-9.314
-9.268	-9.342
-9.299	-9.513
-9.313	-9.593
-9.177	-9.665
-9.143	-9.698
-9.118	-9.724
-9.095	-9.754
-9.076	-9.785
-8.933	-10.014
-8.945	-10.261
-9.219	-10.367
-9.353	-10.420
-9.388	-10.412
-9.521	-10.386
POLYLINE BLACK
-8.563	-10.683
-8.566	-10.194
POLYLINE BLACK
-8.543	-9.078
-8.322	-9.258
-8.446	-9.171
-8.167	-9.332
POLYLINE BLACK
-7.866	-9.653
-7.901	-9.730
-7.944	-9.805
-7.972	-9.885
-8.001	-9.972
-8.036	-10.116
-8.033	-10.223
-8.030	-10.352
-7.887	-10.440
-7.772	-10.376
-7.571	-10.263
-7.548	-9.815
-7.543	-9.613
POLYLINE BLACK
-7.308	-10.700
-7.303	-10.534
-7.302	-10.385
-7.148	-10.302
-7.081	-10.265
-7.032	-10.263
-6.988	-10.210
-6.965	-10.184
-6.915	-10.062
-6.971	-10.040
-7.074	-10.001
-7.183	-9.980
-7.288	-9.950
POLYLINE BLACK
-6.836	-11.033
-6.792	-10.864
-6.748	-10.694
-6.704	-10.524
-6.695	-10.458
-6.700	-10.389
-6.677	-10.326
-6.671	-10.311
-6.655	-10.350
-6.645	-10.362
-6.629	-10.411
-6.603	-10.552
-6.548	-10.613
-6.422	-10.752
-6.234	-10.441
-6.208	-10.343
-6.157	-10.151
-6.111	-9.958
-6.063	-9.765
POLYLINE BLACK
-6.004	-11.079
-5.964	-10.551
POLYLINE BLACK
-5.789	-11.152
-5.670	-10.914
-5.551	-10.677
-5.432	-10.439
-5.412	-10.421
-5.400	-10.383
-5.373	-10.385
-5.351	-10.386
-5.346	-10.422
-5.345	-10.444
-5.334	-10.739
-5.342	-11.035
-5.340	-11.330
POLYLINE BLACK
-5.495	-10.756
-5.158	-10.984
POLYLINE BLACK
-11.786	-9.973
-11.627	-9.761
-11.558	-9.619
-11.364	-9.473
-11.245	-9.385
-11.023	-9.265
-10.907	-9.426
-10.866	-9.484
-10.837	-9.549
-10.840	-9.622
-10.849	-9.825
-11.469	-10.404
-11.149	-10.662
-11.079	-10.718
-11.001	-10.766
-10.927	-10.819
POLYLINE BLACK
-11.281	-12.100
-11.287	-12.074
POLYLINE BLACK
-1.595	-1.991
-1.489	-2.185
-1.473	-2.252
-1.327	-2.398
-1.090	-2.634
-0.610	-2.790
-0.276	-2.732
0.011	-2.682
0.221	-2.526
0.503	-2.415
0.751	-2.316
1.017	-2.263
1.258	-2.150
1.441	-2.064
1.609	-1.946
1.768	-1.822
2.411	-1.322
3.027	-0.787
3.664	-0.279
3.722	-0.233
3.828	-0.188
3.903	-0.173
4.287	-0.097
4.547	-0.387
4.664	-0.718
4.987	-1.638
4.959	-2.464
5.021	-3.507
5.038	-3.799
5.003	-4.091
5.009	-4.383
5.013	-4.638
5.148	-4.891
5.288	-5.094
5.552	-5.474
5.581	-5.504
5.941	-5.673
POLYLINE BLACK
6.040	-5.495
6.140	-5.500
6.247	-5.490
6.344	-5.526
6.505	-5.586
6.618	-5.701
6.743	-5.824
7.059	-6.137
7.187	-6.558
7.291	-6.978
POLYLINE BLACK
7.146	-7.057
7.373	-7.707
7.326	-7.492
7.420	-8.517
7.434	-8.662
7.424	-8.863
7.344	-9.000
7.316	-9.047
7.280	-9.078
7.238	-9.112
7.052	-9.260
6.859	-9.398
6.678	-9.552
6.628	-9.596
6.588	-9.651
6.548	-9.704
6.446	-9.837
6.358	-9.981
6.251	-10.111
6.187	-10.189
6.114	-10.258
6.038	-10.324
5.988	-10.367
5.931	-10.401
5.876	-10.436
5.682	-10.558
5.477	-10.662
5.290	-10.793
5.141	-10.897
5.008	-11.024
4.867	-11.139
POLYLINE BLACK
4.861	-11.013
4.413	-11.210
4.434	-11.233
3.940	-11.314
3.868	-11.326
3.794	-11.327
3.721	-11.320
3.155	-11.262
2.960	-11.124
2.446	-10.777
2.371	-10.726
2.307	-10.661
2.246	-10.594
1.911	-10.224
1.758	-9.658
1.650	-9.200
1.622	-9.083
1.545	-8.641
1.591	-8.422
1.657	-8.105
1.883	-7.852
1.936	-7.533
1.997	-7.170
1.838	-6.695
1.523	-6.487
1.234	-6.297
0.908	-6.207
0.572	-6.120
0.092	-5.995
-0.378	-5.890
-0.872	-5.890
-3.425	-5.890
-2.149	-6.027
-3.649	-5.822
POLYLINE BROWN
2.450	-4.805
2.141	-4.721
1.954	-4.693
1.702	-4.907
1.525	-5.058
1.335	-5.272
1.304	-5.514
1.276	-5.731
1.336	-6.076
1.508	-6.234
1.703	-6.412
1.985	-6.359
2.179	-6.212
2.282	-6.135
2.351	-6.055
2.419	-5.946
2.518	-5.789
2.624	-5.446
2.411	-5.323
2.290	-5.254
2.103	-5.235
1.970	-5.280
1.892	-5.307
1.817	-5.344
1.740	-5.376
POLYLINE BROWN
3.764	-4.055
3.701	-3.984
3.641	-3.909
3.573	-3.841
3.421	-3.690
3.124	-3.728
2.956	-3.821
2.753	-3.933
2.515	-4.187
2.480	-4.426
2.466	-4.518
2.493	-4.643
2.511	-4.718
2.530	-4.793
2.565	-4.902
2.620	-4.970
2.819	-5.212
3.144	-5.261
3.412	-5.102
3.943	-4.788
3.971	-4.745
4.388	-4.289
4.436	-4.237
4.502	-4.153
4.527	-4.077
4.561	-3.977
4.538	-3.872
4.488	-3.782
4.353	-3.541
4.111	-3.502
3.849	-3.476
3.844	-3.475
3.509	-3.455
3.404	-3.484
3.303	-3.513
3.204	-3.550
3.104	-3.583
POLYLINE BROWN
4.481	-4.514
4.276	-4.655
3.990	-4.779
3.852	-5.010
3.715	-5.238
3.859	-5.628
4.101	-5.725
4.183	-5.758
4.273	-5.753
4.358	-5.738
4.616	-5.693
4.756	-5.383
4.761	-5.146
4.766	-4.889
4.743	-4.978
4.491	-4.759
POLYLINE BLACK
2.480	-9.854
2.608	-9.570
2.612	-9.502
2.784	-9.286
2.797	-9.270
2.866	-9.180
2.919	-9.195
2.957	-9.205
2.975	-9.272
2.979	-9.299
3.006	-9.471
3.021	-9.646
3.046	-9.819
3.049	-9.833
3.055	-9.846
3.062	-9.859
3.158	-10.048
3.457	-10.057
3.602	-9.928
3.817	-9.737
4.029	-9.542
4.243	-9.349
POLYLINE BLACK
2.301	-8.368
2.329	-8.344
2.438	-8.152
2.536	-8.194
2.571	-8.210
2.601	-8.252
2.617	-8.283
2.670	-8.382
2.687	-8.429
2.707	-8.538
2.713	-8.574
2.712	-8.611
2.719	-8.646
2.737	-8.739
2.864	-8.768
2.941	-8.767
3.226	-8.764
3.512	-8.752
3.797	-8.745
POLYLINE BLACK
5.003	-7.962
5.127	-7.934
5.214	-7.630
5.390	-7.612
5.473	-7.603
5.516	-7.714
5.594	-7.743
5.724	-7.790
5.894	-7.720
6.007	-7.698
POLYLINE BLACK
3.335	-12.136
3.114	-12.138
2.869	-12.124
2.692	-12.281
2.621	-12.345
2.558	-12.411
2.514	-12.496
2.393	-12.727
2.451	-13.099
2.711	-13.208
2.825	-13.256
2.959	-13.246
3.077	-13.220
3.301	-13.169
3.580	-13.020
3.616	-12.766
3.622	-12.724
3.624	-12.673
3.603	-12.633
3.539	-12.514
3.252	-12.583
3.181	-12.660
3.138	-12.705
3.101	-12.755
3.061	-12.803
POLYLINE BLACK
3.616	-13.249
3.739	-12.955
3.853	-12.656
3.986	-12.365
4.020	-12.290
4.068	-12.221
4.117	-12.155
4.149	-12.112
4.321	-11.916
4.339	-12.095
4.349	-12.192
4.370	-12.291
4.355	-12.387
4.286	-12.821
4.177	-13.248
4.088	-13.678
POLYLINE BLACK
3.814	-13.005
4.129	-13.060
3.949	-13.014
4.346	-13.176
POLYLINE BLACK
4.488	-13.662
4.531	-13.334
4.535	-13.045
4.642	-12.744
4.741	-12.464
4.960	-12.571
5.119	-12.410
5.233	-12.295
5.194	-12.061
5.127	-11.936
5.104	-11.894
5.076	-11.888
5.041	-11.917
4.935	-12.002
4.933	-12.228
4.941	-12.337
4.983	-12.910
5.098	-13.100
4.937	-13.566
4.912	-13.640
4.831	-13.746
4.740	-13.744
4.728	-13.743
4.711	-13.742
4.705	-13.732
4.661	-13.659
4.630	-13.579
4.593	-13.503
POLYLINE BLACK
5.660	-13.563
5.666	-13.143
POLYLINE BLACK
6.178	-11.238
5.905	-11.361
POLYLINE BLACK
6.162	-13.527
6.175	-13.338
6.171	-13.147
6.201	-12.959
6.227	-12.793
6.283	-12.633
6.330	-12.471
6.339	-12.440
6.390	-12.355
6.398	-12.447
6.414	-12.639
6.414	-12.832
6.434	-13.023
6.444	-13.127
6.570	-13.059
6.607	-13.025
6.636	-12.999
6.665	-12.973
6.686	-12.942
6.746	-12.854
6.803	-12.764
6.851	-12.669
6.995	-12.380
7.124	-12.083
7.261	-11.789
POLYLINE BLACK
6.934	-13.249
7.055	-12.996
7.169	-12.740
7.296	-12.490
7.376	-12.335
7.527	-12.181
7.714	-12.177
7.729	-12.176
7.742	-12.184
7.756	-12.190
7.843	-12.224
7.928	-12.260
8.014	-12.295
POLYLINE BLACK
6.631	-12.850
7.575	-13.054
POLYLINE BLACK
6.621	-13.272
7.199	-13.414
POLYLINE BLACK
7.047	-12.701
7.493	-12.836
POLYLINE BLACK
7.948	-13.645
8.000	-13.319
7.964	-13.513
8.074	-13.068
POLYLINE BLACK
7.902	-12.272
8.507	-12.392
8.247	-12.306
8.695	-12.493
POLYLINE BLACK
2.064	-14.930
2.042	-15.032
2.013	-15.134
1.998	-15.237
1.982	-15.345
1.990	-15.480
2.043	-15.578
2.154	-15.784
2.338	-15.854
2.535	-15.717
2.768	-15.554
3.057	-15.230
2.996	-14.916
2.956	-14.713
2.628	-14.789
2.509	-14.835
2.325	-14.907
2.319	-14.945
2.156	-15.092
POLYLINE BLACK
3.553	-14.560
3.491	-14.907
3.421	-15.253
3.367	-15.601
3.362	-15.633
3.361	-15.670
3.376	-15.699
3.382	-15.711
3.407	-15.708
3.417	-15.699
3.449	-15.673
3.469	-15.636
3.491	-15.601
3.605	-15.419
3.693	-15.219
3.825	-15.049
3.847	-15.022
3.840	-15.119
3.840	-15.154
3.840	-15.306
3.821	-15.458
3.824	-15.611
3.827	-15.740
3.978	-15.558
3.980	-15.556
4.064	-15.443
4.148	-15.329
4.223	-15.209
4.365	-14.982
4.494	-14.748
4.630	-14.517
POLYLINE BLACK
4.620	-15.855
4.690	-15.717
4.927	-15.156
5.133	-14.926
5.154	-14.902
5.482	-14.551
5.529	-14.725
5.534	-14.747
5.539	-14.769
5.535	-14.791
5.496	-14.994
5.459	-15.198
5.401	-15.397
5.344	-15.590
5.261	-15.775
5.191	-15.964
POLYLINE BLACK
5.082	-15.795
5.261	-15.839
POLYLINE BLACK
6.168	-14.438
5.962	-14.956
5.824	-15.161
5.747	-15.612
5.731	-15.701
5.760	-15.797
5.838	-15.847
5.964	-15.928
6.227	-15.913
6.327	-15.921
POLYLINE BLACK
6.584	-16.188
6.684	-15.832
6.779	-15.475
6.882	-15.121
6.887	-15.104
6.910	-15.063
6.919	-15.106
6.923	-15.129
6.924	-15.153
6.923	-15.177
6.922	-15.291
6.912	-15.405
6.913	-15.519
6.913	-15.623
6.982	-15.696
7.086	-15.664
7.242	-15.615
7.544	-15.347
7.548	-15.343
7.729	-15.199
7.817	-14.942
7.919	-14.758
POLYLINE BLACK
7.856	-14.976
7.880	-15.101
7.898	-15.226
7.927	-15.349
7.979	-15.562
8.139	-15.680
8.320	-15.518
8.422	-15.427
8.479	-15.226
8.616	-15.232
8.734	-15.238
8.463	-15.416
8.410	-15.522
8.292	-15.754
8.196	-15.998
8.104	-16.241
8.031	-16.435
8.029	-16.551
8.008	-16.746
POLYLINE BLACK
-1.407	2.850
-1.560	2.920
-1.710	2.984
-1.808	3.126
-1.871	3.219
-1.938	3.381
-1.886	3.495
-1.716	3.863
-1.541	4.229
-1.355	4.589
-1.328	4.641
-1.289	4.688
-1.247	4.729
-1.143	4.828
-1.028	4.916
-0.917	5.007
-0.807	5.096
-0.588	5.235
-0.506	5.376
-0.283	5.763
-0.079	6.161
0.125	6.558
0.368	7.031
0.603	7.508
0.835	7.987
0.861	8.041
0.856	8.131
0.840	8.187
0.759	8.462
0.328	8.786
0.146	8.903
-2.501	10.607
-0.085	8.925
-1.169	9.686
POLYLINE BLACK
-1.153	9.637
-1.317	9.981
-1.680	10.174
-1.781	10.550
-1.877	10.907
-1.715	11.384
-1.658	11.691
POLYLINE BLACK
-2.457	12.483
-2.519	12.242
-2.565	11.922
-2.823	11.803
-2.958	11.740
-3.131	11.745
-3.267	11.743
-3.438	11.741
-3.650	11.761
-3.801	11.856
-3.950	11.950
-4.108	12.170
-4.202	12.255
-4.284	12.330
-4.377	12.392
-4.470	12.451
-4.722	12.614
-4.992	12.515
-5.202	12.786
-5.354	12.983
-5.428	13.281
-5.526	13.480
-5.685	13.801
-6.031	13.977
-6.186	14.302
-6.473	14.905
-6.251	14.713
-6.496	14.901
POLYLINE BLACK
-6.334	14.551
-6.388	14.905
-6.375	14.973
-6.496	15.282
-6.590	15.523
-6.722	15.617
-6.978	15.617
-7.092	15.617
-7.293	15.595
-7.395	15.543
-7.689	15.377
-7.983	15.210
-8.278	15.044
-8.393	14.971
-8.503	14.889
-8.624	14.826
-9.294	14.473
-10.003	14.200
-10.618	13.752
-11.145	13.368
-11.716	12.788
-12.066	12.279
-12.366	11.842
-12.599	11.360
-12.826	10.880
-12.988	10.536
-12.988	9.956
-13.014	9.624
POLYLINE BLACK
-2.411	11.305
-2.437	11.393
-2.453	11.524
-2.517	11.609
-2.605	11.725
-2.798	11.765
-2.893	11.635
-3.148	11.283
-2.858	10.911
-2.451	10.972
-2.329	10.990
-2.226	11.027
-2.117	11.085
-2.021	11.136
-1.955	11.216
-1.908	11.312
-1.780	11.574
-1.812	11.958
-2.135	12.042
-2.228	12.067
-2.332	12.081
-2.425	12.046
-2.507	12.016
-2.566	11.947
-2.632	11.892
POLYLINE BLACK
-2.817	11.803
-2.646	11.539
-2.752	11.686
-2.484	11.374
POLYLINE BLACK
-2.091	12.223
-2.101	12.142
-2.117	12.062
-2.121	11.981
-2.123	11.918
-2.044	11.906
-2.001	11.917
-1.917	11.939
-1.836	11.969
-1.754	11.995
POLYLINE BLACK
-2.365	11.453
-2.128	11.233
-2.268	11.381
-1.985	10.971
POLYLINE BLACK
-2.655	11.129
-3.104	10.390
POLYLINE BLACK
-2.500	11.281
-2.183	10.938
POLYLINE BLACK
-3.289	14.472
-3.163	14.610
-2.891	14.978
-2.633	14.827
-2.579	14.795
-2.547	14.725
-2.553	14.662
-2.584	14.305
-2.778	14.028
-2.912	13.699
-2.989	13.511
-2.965	13.322
-2.949	13.127
POLYLINE BLACK
-3.160	13.038
-3.153	13.025
POLYLINE BLACK
-2.966	12.464
-3.008	12.467
POLYLINE BLACK
-4.174	17.292
-4.087	17.315
-3.999	17.338
-3.912	17.361
-3.899	17.356
-3.879	17.358
-3.872	17.346
-3.854	17.311
-3.924	17.220
-3.928	17.214
-4.596	16.416
-3.943	17.199
-4.374	16.753
-4.442	16.683
-4.344	16.568
-4.270	16.561
-4.130	16.550
-3.990	16.544
-3.851	16.536
POLYLINE BLACK
-3.828	16.384
-3.620	16.706
-3.424	17.036
-3.204	17.350
-3.180	17.384
-2.714	17.925
-2.694	17.613
-2.692	17.567
-2.688	17.521
-2.697	17.476
-2.774	17.099
-2.867	16.726
-2.952	16.351
POLYLINE BLACK
-3.227	16.780
-2.678	16.691
POLYLINE BLACK
-1.823	17.652
-2.002	17.539
-2.181	17.438
-2.280	17.246
-2.390	17.031
-2.501	16.568
-2.334	16.348
-2.260	16.252
-2.113	16.246
-2.033	16.336
-1.959	16.421
-1.911	16.529
-1.891	16.640
-1.864	16.787
-1.995	17.005
-2.165	16.896
-2.178	16.888
-2.188	16.874
-2.197	16.861
-2.268	16.750
-2.335	16.635
-2.404	16.522
POLYLINE BLACK
-1.615	16.060
-1.560	16.341
-1.509	16.622
-1.449	16.902
-1.429	16.993
-1.346	17.060
-1.265	17.093
-1.214	17.114
-1.148	17.119
-1.113	17.168
-1.068	17.230
-1.136	17.394
-1.223	17.358
-1.306	17.323
-1.372	17.152
-1.391	17.106
-1.455	16.956
-1.511	16.787
-1.491	16.621
-1.464	16.400
-1.288	16.223
-1.146	16.070
POLYLINE BLACK
-0.763	15.948
-0.756	15.954
POLYLINE BLACK
-3.953	16.252
-4.031	16.256
-4.108	16.265
-4.186	16.264
-4.260	16.264
-4.294	16.180
-4.278	16.117
-4.254	16.022
-4.227	15.928
-4.190	15.837
-4.162	15.769
-3.953	15.525
-4.066	15.399
-4.128	15.331
-4.188	15.351
-4.293	15.330
POLYLINE BLACK
-3.699	14.904
-3.512	15.491
-3.568	15.216
-3.504	15.723
POLYLINE BLACK
-3.626	16.116
-3.001	15.908
-3.261	15.969
-2.860	15.888
POLYLINE BLACK
-2.602	16.004
-2.731	15.719
-2.728	15.774
-2.782	15.440
-2.789	15.396
-2.793	15.351
-2.787	15.307
-2.785	15.289
-2.777	15.266
-2.760	15.262
-2.713	15.248
-2.618	15.366
-2.616	15.369
-2.516	15.505
-2.426	15.647
-2.332	15.786
POLYLINE BLACK
-2.196	14.845
-2.152	14.988
-2.108	15.131
-2.063	15.274
-2.053	15.288
-2.048	15.311
-2.031	15.317
-2.020	15.320
-2.010	15.304
-2.005	15.293
-1.989	15.251
-1.985	15.205
-1.970	15.163
-1.940	15.081
-1.797	14.867
-1.689	14.974
-1.654	15.008
-1.631	15.070
-1.618	15.112
-1.583	15.229
-1.598	15.364
-1.670	15.464
-1.679	15.476
-1.693	15.484
-1.706	15.490
-1.778	15.521
-1.852	15.546
-1.925	15.575
POLYLINE BLACK
-1.496	14.574
-1.417	14.784
-1.336	14.993
-1.260	15.204
-1.238	15.264
-1.251	15.343
-1.205	15.386
-1.178	15.411
-1.185	15.315
-1.179	15.279
-1.165	15.198
-1.161	15.115
-1.143	15.035
-1.128	14.969
-1.070	14.700
-0.953	14.849
-0.934	14.874
-0.915	14.900
-0.904	14.929
-0.838	15.103
-0.784	15.280
-0.723	15.456
POLYLINE BLACK
-0.737	14.491
-0.671	15.000
POLYLINE BLACK
-0.443	16.446
-0.452	16.433
POLYLINE BLACK
-0.595	14.475
-0.503	14.672
-0.411	14.869
-0.319	15.066
-0.308	15.073
-0.298	15.093
-0.287	15.087
-0.273	15.078
-0.271	15.056
-0.272	15.040
-0.284	14.843
-0.307	14.648
-0.324	14.452
POLYLINE BLACK
-0.390	14.541
-0.171	14.422
POLYLINE BLACK
-0.714	-2.397
-0.955	-2.196
-1.029	-2.200
-1.334	-2.169
POLYLINE BLACK
-12.552	6.599
-12.328	7.017
-12.456	6.800
-12.162	7.246
POLYLINE BLACK
-12.004	6.338
-11.820	6.648
-11.707	6.775
-11.446	6.965
POLYLINE BLACK
-16.010	6.787
-16.045	7.014
-16.090	7.241
-16.116	7.470
-16.116	7.550
-16.116	7.630
-16.116	7.711
-16.103	7.713
-16.085	7.728
-16.076	7.718
-15.997	7.623
-15.997	7.527
-15.891	7.462
-15.693	7.342
-15.497	7.521
-15.452	7.715
-15.402	7.930
-15.522	8.171
-15.759	8.174
-15.840	8.175
-15.924	8.164
-15.995	8.121
-16.078	8.070
-16.127	7.969
-16.178	7.893
POLYLINE BLACK
-14.923	6.787
-15.068	6.839
POLYLINE BLACK
-14.230	7.933
-14.262	7.930
-14.458	7.937
-14.539	7.889
-14.582	7.864
-14.601	7.819
-14.600	7.770
-14.598	7.516
-14.374	7.449
-14.202	7.330
-14.166	7.306
-14.134	7.277
-14.105	7.245
-14.072	7.210
-14.039	7.167
-14.026	7.118
-13.979	6.944
-14.182	6.796
-14.335	6.785
-14.368	6.783
-14.406	6.773
-14.433	6.791
-14.550	6.870
-14.648	6.975
-14.755	7.067
POLYLINE BLACK
-14.477	8.078
-13.497	8.111
POLYLINE BLACK
-5.505	0.542
-5.495	0.649
-5.471	0.767
-5.522	0.869
-5.658	1.144
-6.004	1.188
-6.279	1.171
-7.525	1.092
-6.604	1.006
-8.050	1.115
-8.276	1.132
-8.540	1.229
-8.682	1.417
-8.996	1.836
-9.065	2.284
-9.031	2.800
-9.011	3.095
-8.772	3.726
-8.735	3.892
-8.659	4.238
-8.682	4.637
-8.795	4.972
-8.883	5.237
-9.180	5.462
-9.369	5.619
-9.645	5.848
-9.983	5.945
-10.341	5.931
-10.497	5.924
-10.701	5.880
-10.804	5.747
-10.901	5.620
-11.031	5.436
-11.088	5.273
-11.222	4.889
-11.158	4.465
-11.135	4.072
POLYLINE BLACK
-13.047	6.681
-12.220	6.472
-12.175	6.505
-11.368	6.102
-11.245	6.041
-11.140	5.947
-11.026	5.869
POLYLINE BLACK
-11.624	6.182
-11.248	6.724
POLYLINE BLACK
-11.211	6.070
-10.834	6.498
-10.987	6.307
-10.739	6.632
POLYLINE BLACK
-10.561	6.007
-10.385	6.212
POLYLINE BLACK
-13.130	9.769
-13.271	8.945
-13.367	8.111
-13.552	7.296
-13.665	6.798
-13.853	6.319
-14.023	5.837
-14.051	5.759
-14.094	5.686
-14.145	5.621
-14.875	4.704
-14.050	5.956
-15.216	4.607
-16.052	3.640
-16.071	3.576
-16.465	2.867
POLYLINE BLACK
-11.198	4.217
-14.636	0.785
-10.608	4.738
-12.746	2.782
-12.894	2.646
-13.010	2.476
-13.160	2.341
-13.316	2.200
-13.488	2.079
-13.659	1.956
-13.923	1.765
-13.934	1.818
-14.131	1.611
-14.257	1.478
-14.410	1.199
-14.490	1.080
-14.523	1.029
-14.563	0.983
-14.599	0.935
POLYLINE BLACK
-12.803	6.414
-13.648	6.956
-13.305	6.777
-13.794	7.018
POLYLINE BLACK
-13.219	6.605
-12.598	8.170
POLYLINE BLACK
-12.648	6.757
-12.385	7.200
-12.538	6.968
-12.176	7.444
POLYLINE BLACK
-12.202	6.493
-11.819	6.958
POLYLINE BLACK
-16.026	1.599
-15.955	1.771
-15.890	1.947
-15.812	2.117
-15.791	2.161
-15.761	2.199
-15.731	2.237
-15.659	2.329
-15.508	2.393
-15.416	2.291
-15.379	2.248
-15.380	2.225
-15.355	2.168
-15.313	2.071
-15.242	2.012
-15.133	1.998
-14.821	1.957
-14.644	2.073
-14.382	2.219
POLYLINE BLACK
-13.698	5.136
-13.562	5.219
-13.431	5.311
-13.290	5.386
-13.222	5.423
-13.146	5.446
-13.073	5.472
-12.969	5.509
-12.882	5.413
-12.848	5.327
-12.797	5.196
-12.770	4.976
-12.598	4.933
-12.548	4.921
-12.503	4.917
-12.452	4.927
-12.144	4.983
-11.836	5.046
-11.528	5.106
POLYLINE BLACK
-9.369	8.346
-9.109	8.713
-9.038	8.884
-8.752	9.136
-8.729	9.156
-8.686	9.169
-8.657	9.153
-8.578	9.110
-8.574	8.902
-8.564	8.859
-8.519	8.681
-8.280	8.624
-8.125	8.646
-7.919	8.674
-7.715	8.721
-7.510	8.758
POLYLINE BLACK
-7.011	10.651
-6.855	10.807
-6.704	10.969
-6.543	11.120
-6.511	11.149
-6.472	11.169
-6.434	11.190
-6.373	11.225
-6.290	11.214
-6.262	11.142
-6.205	10.995
-6.148	10.593
-5.929	10.483
-5.685	10.361
-5.291	10.520
-5.092	10.561
POLYLINE BLACK
-5.779	5.294
-5.413	5.579
-5.051	5.868
-4.681	6.149
-4.563	6.239
-4.525	6.128
-4.508	6.036
-4.484	5.899
-4.492	5.517
-4.293	5.421
-4.106	5.330
-3.768	5.422
-3.629	5.436
POLYLINE BLACK
-2.675	8.187
-2.601	8.188
-2.425	8.256
-2.321	8.205
-2.178	8.135
-2.162	7.888
-2.156	7.765
-2.147	7.561
-2.150	7.356
-2.152	7.152
-2.152	7.107
-2.163	7.063
-2.162	7.018
-2.161	6.906
-2.016	6.886
-1.934	6.905
-1.742	6.950
-1.550	6.999
-1.361	7.057
-1.213	7.104
-1.070	7.165
-0.925	7.219
POLYLINE BLACK
-2.500	0.056
-2.378	0.220
-2.255	0.384
-2.133	0.548
-2.114	0.559
-2.099	0.577
-2.078	0.581
-2.031	0.588
-2.034	0.501
-2.034	0.491
-2.032	0.432
-2.040	0.372
-2.036	0.313
-2.008	-0.098
-1.531	-0.349
-1.196	-0.078
-0.932	0.135
-0.685	0.370
-0.430	0.595
POLYLINE BLACK
-6.823	-5.832
-6.685	-5.681
-6.437	-5.138
-6.099	-5.189
-6.037	-5.199
-6.006	-5.223
-5.940	-5.239
-5.871	-5.255
-5.795	-5.259
-5.725	-5.247
-5.436	-5.199
-5.158	-4.965
-4.934	-4.825
POLYLINE BLACK
-14.779	0.802
-14.992	0.505
-15.423	-0.200
-15.805	-0.510
-16.311	-0.921
-16.116	-0.658
-16.608	-0.997
-16.830	-1.149
-17.050	-1.306
-17.249	-1.487
-17.453	-1.673
-17.631	-1.886
-17.813	-2.094
-17.983	-2.289
-18.004	-2.398
-18.192	-2.526
-18.438	-2.693
-18.732	-2.836
-19.033	-2.856
-19.190	-2.867
-19.540	-2.815
-19.633	-2.799
-19.790	-2.773
-19.940	-2.651
-20.023	-2.520
-20.130	-2.348
-20.154	-2.164
-20.166	-1.965
-20.168	-1.921
-20.158	-1.875
-20.165	-1.831
-20.181	-1.721
-20.211	-1.613
-20.234	-1.503
POLYLINE BLACK
-18.381	-0.143
-18.286	-0.059
-18.199	0.048
-18.064	0.052
-17.809	0.061
-17.644	-0.185
-17.487	-0.338
-17.331	-0.490
-17.037	-0.455
-16.872	-0.341
-16.722	-0.236
-16.582	-0.116
-16.436	-0.004
POLYLINE BLACK
-16.572	2.919
-16.667	2.907
-16.761	2.887
-16.856	2.883
-17.282	2.866
-18.218	3.296
-18.255	3.309
-18.309	3.329
-18.359	3.362
-18.406	3.396
-18.619	3.549
-18.634	3.646
-18.859	3.860
-18.956	3.952
-19.069	4.027
-19.174	4.111
POLYLINE BLACK
-20.462	-1.507
-20.718	-0.946
-21.021	-0.403
-21.232	0.176
-21.309	0.388
-21.528	1.171
-21.511	1.604
-21.505	1.790
-21.473	1.974
-21.469	2.160
-21.467	2.241
-21.479	2.322
-21.495	2.401
-21.555	2.689
-21.588	2.704
-21.750	2.935
POLYLINE BLACK
-18.114	1.591
-18.275	1.608
-18.487	1.646
-18.603	1.493
-18.731	1.325
-18.801	1.221
-18.879	1.024
-18.917	0.927
-18.953	0.783
-18.927	0.675
-18.883	0.497
-18.619	0.449
-18.471	0.507
-18.357	0.552
-18.244	0.630
-18.156	0.711
-17.987	0.870
-17.628	1.280
-17.926	1.498
-18.028	1.574
-18.169	1.556
-18.286	1.561
POLYLINE BLACK
-21.654	2.766
-21.783	2.710
-21.917	2.662
-22.043	2.599
-22.567	2.335
-23.034	1.156
-23.138	1.011
-23.502	0.503
-23.955	0.063
-24.329	-0.439
-24.674	-0.900
-24.970	-1.397
-25.291	-1.875
-25.364	-1.984
-25.439	-2.091
-25.513	-2.199
POLYLINE BLACK
-27.007	4.624
-26.941	5.114
-26.859	5.642
-26.540	6.044
-25.797	6.980
-25.745	6.853
-24.888	7.760
-24.783	7.871
-24.704	8.006
-24.613	8.129
POLYLINE BLACK
-18.994	3.572
-19.037	3.689
-19.088	3.804
-19.124	3.924
-19.150	4.011
-19.153	4.191
-19.132	4.271
-18.994	4.790
-18.844	5.306
-18.681	5.818
-18.658	5.890
-18.622	5.958
-18.575	6.017
-18.357	6.287
-18.127	6.550
-17.887	6.801
-17.561	7.143
-17.342	7.224
-17.121	7.614
-16.740	8.285
-16.394	8.975
-16.030	9.656
POLYLINE BLACK
-22.114	2.358
-21.908	2.625
-21.308	3.519
-20.874	3.824
-20.540	4.058
-20.161	4.223
-19.829	4.460
-19.540	4.667
-19.288	4.921
-19.017	5.151
POLYLINE BLACK
-21.924	3.681
-21.591	3.322
-21.772	3.502
-21.374	3.145
POLYLINE BLACK
-21.464	4.558
-20.921	4.186
-21.248	4.381
-20.454	4.022
POLYLINE BLACK
-20.317	5.179
-19.716	4.665
-20.011	4.876
-19.449	4.525
POLYLINE BLACK
-19.558	5.634
-19.278	5.227
POLYLINE BLACK
-16.599	8.224
-16.524	8.373
-16.462	8.529
-16.375	8.671
-16.306	8.783
-16.225	8.887
-16.133	8.981
-15.947	9.170
-15.422	9.767
-15.014	9.974
-14.668	10.150
-14.273	10.253
-14.031	10.579
-13.731	10.984
-13.709	11.190
-13.437	11.696
-13.378	11.807
-13.228	11.964
-13.143	12.060
POLYLINE BLACK
-14.086	12.662
-14.275	12.493
-14.762	11.910
-15.135	12.119
-15.201	12.155
-15.253	12.214
-15.284	12.283
-15.388	12.514
-15.318	12.900
-15.297	13.140
POLYLINE BLACK
-15.282	13.038
-14.947	14.564
-15.118	14.024
-14.896	14.694
POLYLINE BLACK
-14.668	14.700
-14.669	14.794
-14.691	14.904
-14.637	14.990
-14.538	15.149
-14.217	15.212
-14.040	15.210
-14.005	15.209
-13.970	15.205
-13.936	15.198
-13.801	15.172
-13.668	15.141
-13.534	15.113
POLYLINE BLACK
-13.808	17.163
-13.597	17.008
-13.411	16.905
-13.147	16.886
-12.373	16.831
-12.941	16.920
-12.588	16.861
POLYLINE BLACK
-11.456	16.380
-11.524	16.448
-11.587	16.521
-11.661	16.583
-11.715	16.628
-11.775	16.666
-11.837	16.699
-12.090	16.833
-12.290	16.867
-12.548	16.731
-12.611	16.698
-12.672	16.663
-12.726	16.617
-12.903	16.463
-13.072	16.299
-13.239	16.134
-13.425	15.950
-13.504	15.584
-13.483	15.347
-13.460	15.093
-13.207	14.895
-13.006	14.781
-12.501	14.497
-11.631	14.479
-11.105	14.692
-10.931	14.763
-10.763	14.853
-10.649	15.007
-10.397	15.349
-10.454	15.898
-10.819	16.141
-11.412	16.536
-11.331	16.454
-12.027	16.654
POLYLINE BLACK
-12.779	15.936
-12.880	16.169
-12.839	16.033
-12.871	16.352
POLYLINE BLACK
-12.307	16.130
-12.434	16.423
-12.414	16.263
-12.322	16.614
POLYLINE BLACK
-12.094	15.991
-11.875	16.288
-11.996	16.143
-11.728	16.423
POLYLINE BLACK
-11.499	16.028
-11.282	16.236
-11.405	16.130
-11.123	16.340
POLYLINE BLACK
-11.133	15.877
-10.941	16.025
-11.051	15.954
-10.797	16.081
POLYLINE BLACK
-10.769	15.723
-10.285	15.936
POLYLINE BLACK
-11.074	15.100
-11.015	14.768
POLYLINE BLACK
-11.407	15.150
-11.428	14.854
-11.424	15.012
-11.413	14.675
POLYLINE BLACK
-11.823	15.452
-12.105	15.018
-11.971	15.254
-12.218	14.740
POLYLINE BLACK
-12.353	15.199
-12.751	14.758
POLYLINE BLACK
-13.099	14.953
-13.554	15.116
-13.315	15.010
-13.808	15.289
POLYLINE BLACK
-13.503	15.541
-13.096	15.662
POLYLINE BLACK
-13.386	15.045
-13.186	15.316
POLYLINE BLACK
-12.134	15.171
-12.004	15.780
-12.025	15.546
-12.005	15.865
POLYLINE BLACK
-12.535	15.501
-11.576	15.480
POLYLINE BLACK
-10.797	16.626
-10.746	16.847
-10.695	17.067
-10.645	17.287
-10.619	17.339
-10.615	17.410
-10.567	17.444
-10.542	17.461
-10.546	17.387
-10.544	17.357
-10.530	17.199
-10.545	17.038
-10.519	16.881
-10.516	16.862
-10.482	16.897
-10.471	16.912
-10.438	16.956
-10.421	17.010
-10.391	17.055
-10.374	17.079
-10.342	17.108
-10.310	17.087
-10.262	17.056
-10.264	16.989
-10.214	16.960
-10.173	16.937
-10.116	16.960
-10.085	16.989
-9.990	17.079
-9.900	17.175
-9.807	17.268
POLYLINE BLACK
-9.539	17.850
-9.459	17.898
-9.614	17.253
-9.386	17.390
-9.361	17.405
-9.342	17.431
-9.313	17.439
-9.300	17.442
-9.280	17.432
-9.278	17.419
-9.274	17.384
-9.292	17.350
-9.299	17.315
-9.336	17.132
-9.385	16.952
-9.411	16.767
-9.436	16.592
-9.437	16.414
-9.450	16.238
POLYLINE BLACK
-9.021	16.494
-8.879	17.249
POLYLINE BLACK
-8.861	17.807
-8.860	17.731
-8.863	17.656
-8.858	17.580
-8.842	17.309
-8.367	17.231
-8.217	17.181
POLYLINE BLACK
-7.893	17.557
-7.883	17.483
-7.879	17.407
-7.862	17.333
-7.840	17.237
-7.703	17.345
-7.682	17.379
-7.602	17.506
-7.533	17.638
-7.458	17.767
POLYLINE BLACK
-7.477	17.838
-7.908	16.857
-7.703	17.414
-8.038	16.149
POLYLINE BLACK
-9.934	15.067
-9.930	15.199
-9.970	15.795
-9.858	16.057
-9.845	16.087
-9.866	15.992
-9.863	15.959
-9.860	15.927
-9.846	15.895
-9.810	15.890
-9.640	15.869
-9.310	16.223
-9.203	16.327
POLYLINE BLACK
-9.493	15.994
-9.538	15.591
-9.535	15.829
-9.440	15.282
POLYLINE BLACK
-8.938	16.105
-8.976	15.980
-9.020	15.856
-9.052	15.729
-9.120	15.463
-8.747	15.481
-8.618	15.667
-8.501	15.836
-8.694	16.201
-8.873	16.119
-8.885	16.114
-8.895	16.103
-8.904	16.093
-8.968	16.026
-9.029	15.957
-9.092	15.890
POLYLINE BLACK
-8.503	15.541
-8.410	15.793
-8.317	16.046
-8.224	16.298
-8.213	16.304
-8.199	16.326
-8.192	16.316
-8.159	16.274
-8.210	16.195
-8.145	16.164
-8.055	16.121
-7.808	16.346
-7.806	16.116
-7.805	16.013
-7.813	15.910
-7.816	15.806
POLYLINE BLACK
-7.545	15.773
-7.551	16.297
POLYLINE BLACK
-7.412	17.246
-7.449	17.218
POLYLINE BLACK
-7.255	15.850
-7.212	16.069
-7.179	16.290
-7.128	16.508
-7.125	16.521
-7.107	16.534
-7.095	16.530
-7.075	16.524
-7.064	16.502
-7.054	16.484
-7.003	16.394
-6.952	16.174
-6.801	16.273
-6.785	16.283
-6.770	16.295
-6.758	16.310
-6.678	16.411
-6.602	16.517
-6.524	16.620
POLYLINE BLACK
-14.314	15.159
-14.234	15.713
-14.100	16.303
-13.750	16.756
POLYLINE BLACK
-14.197	16.747
-13.663	16.522
POLYLINE BLACK
-14.363	16.263
-14.006	16.078
POLYLINE BLACK
-14.536	15.819
-14.107	15.680
POLYLINE BLACK
-14.637	15.470
-14.212	15.292
POLYLINE BROWN
-17.732	9.388
-17.723	9.314
POLYLINE BROWN
-18.056	8.852
-18.115	8.816
-18.178	8.787
-18.233	8.745
-18.315	8.682
-18.126	8.606
-18.094	8.597
-17.872	8.536
-17.681	8.916
-17.846	8.952
-17.918	8.968
-17.992	8.980
-18.065	8.994
POLYLINE BROWN
-18.531	7.486
-18.568	7.391
-18.611	7.298
-18.644	7.201
-18.700	7.039
-18.463	7.100
-18.404	7.166
-18.326	7.252
-18.459	7.405
-18.553	7.403
-18.626	7.402
-18.717	7.323
-18.765	7.292
POLYLINE BROWN
-20.651	6.629
-20.710	6.557
-20.781	6.491
-20.786	6.395
-20.792	6.303
-20.773	6.233
-20.745	6.140
-20.730	6.093
-20.711	6.048
-20.690	6.004
-20.670	5.962
-20.627	5.906
-20.573	5.915
-20.496	5.929
-20.437	6.046
-20.410	6.098
-20.322	6.262
-20.339	6.496
-20.573	6.499
-20.658	6.500
-20.761	6.464
-20.827	6.411
-20.941	6.319
-21.047	6.217
-21.157	6.121
POLYLINE BROWN
-20.932	10.406
-20.993	10.387
-21.055	10.373
-21.114	10.351
-21.287	10.286
-21.501	9.964
-21.563	9.800
-21.654	9.558
-21.648	9.311
-21.611	9.059
-21.598	8.971
-21.561	8.848
-21.482	8.792
-21.394	8.729
-21.265	8.709
-21.160	8.701
-21.020	8.690
-20.880	8.731
-20.774	8.824
-20.563	9.009
-20.490	9.436
-20.583	9.697
-20.626	9.816
-20.693	9.942
-20.832	9.955
-21.033	9.974
-21.388	9.713
-21.515	9.638
POLYLINE BROWN
-23.228	9.151
-23.427	9.107
-23.666	9.092
-23.801	8.918
-23.917	8.769
-23.940	8.552
-23.920	8.371
-23.901	8.189
-23.851	7.956
-23.706	7.826
-23.416	7.566
-22.773	7.753
-22.494	7.937
-22.287	8.073
-22.041	8.372
-22.129	8.641
-22.214	8.902
-22.573	9.051
-22.826	9.031
-22.841	9.030
-22.856	9.026
-22.871	9.021
-22.917	9.008
-22.963	8.993
-23.010	8.978
POLYLINE BROWN
-18.984	9.641
-18.815	9.475
-18.652	9.303
-18.477	9.144
-18.328	9.009
-17.986	8.860
-17.821	9.056
-17.704	9.195
-17.724	9.431
-17.735	9.591
-17.748	9.776
-17.803	10.022
-18.008	10.084
-18.422	10.209
-19.304	9.661
-19.431	9.604
POLYLINE BROWN
-15.649	10.606
-15.450	10.912
-15.351	11.132
-15.115	11.363
-15.096	11.382
-15.050	11.410
-15.018	11.394
-14.982	11.375
-14.974	11.317
-14.967	11.286
-14.925	11.089
-14.939	11.060
-14.866	10.902
-14.821	10.808
-14.693	10.768
-14.602	10.748
-14.228	10.664
-13.928	10.988
-13.670	11.201
POLYLINE BROWN
-16.623	12.314
-16.558	12.237
-16.489	12.165
-16.429	12.085
-16.404	12.051
-16.385	12.013
-16.367	11.974
-16.334	11.901
-16.341	11.803
-16.270	11.753
-16.209	11.710
-16.122	11.704
-16.051	11.706
-15.736	11.715
-15.626	11.855
-15.417	12.073
POLYLINE BROWN
-17.227	11.719
-17.150	11.800
-16.967	12.219
-16.765	12.268
-16.704	12.283
-16.641	12.292
-16.579	12.304
POLYLINE BLACK
-16.321	16.260
-16.347	16.340
-16.359	16.449
-16.436	16.504
-16.479	16.535
-16.535	16.545
-16.587	16.543
-16.833	16.536
-16.975	16.293
-17.080	16.103
-17.146	15.983
-17.196	15.820
-17.155	15.682
-17.098	15.493
-16.869	15.400
-16.703	15.342
-16.529	15.282
-16.318	15.327
-16.152	15.343
-16.053	15.353
-15.950	15.434
-15.884	15.500
-15.670	15.718
-15.632	16.098
-15.842	16.333
-16.052	16.568
-16.399	16.539
-16.678	16.546
POLYLINE BLACK
-16.626	16.146
-16.496	16.623
POLYLINE BLACK
-16.250	16.025
-15.973	16.250
-16.129	16.141
-15.775	16.340
POLYLINE BLACK
-15.886	15.927
-15.590	16.028
POLYLINE BLACK
-16.435	15.726
-16.443	15.464
POLYLINE BLACK
-16.472	16.007
-16.857	15.529
POLYLINE BLACK
-16.752	15.951
-17.251	16.044
POLYLINE BLACK
-16.478	15.917
-16.305	15.964
-16.324	15.906
-16.317	16.007
POLYLINE BLACK
-16.327	15.329
-16.413	15.606
-16.378	15.558
-16.503	15.769
-16.523	15.802
-16.550	15.831
-16.567	15.865
-16.583	15.898
-16.582	15.931
-16.545	15.947
-16.474	15.978
-16.477	15.980
-16.478	15.951
POLYLINE BLACK
-16.866	15.880
-16.185	15.859
POLYLINE BLACK
-16.737	15.985
-16.169	15.898
-16.252	15.898
-15.812	15.927
POLYLINE BLACK
-14.039	17.099
-14.477	17.304
-14.910	17.591
-15.030	18.091
-15.110	18.427
-15.169	18.767
-15.246	19.104
-15.336	19.498
-15.486	19.693
-15.254	20.027
-15.185	20.126
-15.103	20.217
-15.035	20.317
-14.935	20.465
-14.880	20.700
-15.028	20.837
-15.128	20.929
-15.272	20.960
-15.403	20.957
-15.487	20.955
-16.226	20.886
-16.540	20.944
-16.963	21.021
-17.235	21.402
-17.513	21.686
POLYLINE BLACK
-17.510	21.563
-17.554	21.648
-17.605	21.731
-17.642	21.819
-17.669	21.884
-17.686	21.952
-17.700	22.021
-17.767	22.359
-17.819	22.701
-17.885	23.040
-17.914	23.187
-17.951	23.333
-17.985	23.480
POLYLINE BLACK
-18.077	23.298
-18.062	23.478
-18.062	23.835
-17.970	24.040
-17.762	24.503
-17.540	24.960
-17.313	25.414
-17.293	25.455
-17.261	25.490
-17.229	25.522
-17.074	25.679
-16.939	25.740
-16.739	25.865
-16.681	25.902
-16.616	25.929
-16.565	25.974
-16.230	26.275
-15.905	26.587
-15.582	26.902
-15.521	26.962
-15.459	27.060
-15.428	27.142
-15.361	27.323
-15.375	27.523
-15.450	27.699
-15.530	27.884
-15.604	28.073
-15.700	28.251
-15.828	28.487
-15.959	28.723
-16.120	28.937
-16.359	29.254
-16.583	29.414
-16.875	29.649
POLYLINE BLACK
-19.769	18.483
-19.921	18.525
-19.382	19.937
-19.554	20.476
-19.651	20.781
-19.740	20.817
-19.917	21.170
-19.954	21.245
-19.973	21.329
-19.999	21.408
-20.035	21.514
-20.068	21.620
-20.104	21.725
-20.134	21.815
-20.169	21.902
-20.197	21.993
-20.232	22.108
-20.250	22.229
-20.292	22.342
-20.331	22.444
-20.383	22.540
-20.437	22.634
-20.553	22.837
-20.838	23.143
-20.753	23.426
-20.657	23.747
-20.237	23.701
-19.986	23.728
-19.875	23.740
-19.764	23.746
-19.653	23.761
-19.525	23.778
-19.404	23.870
-19.315	23.956
-19.247	24.022
-19.139	24.141
-19.097	24.239
-18.978	24.517
-18.931	24.870
-18.961	25.172
-18.966	25.223
-18.984	25.273
-18.996	25.324
POLYLINE BLACK
-17.365	21.208
-17.466	21.086
-17.680	20.782
-17.884	20.795
-18.014	20.803
-18.135	20.986
-18.184	21.059
-18.317	21.255
-18.492	21.540
-18.552	21.789
-18.585	21.923
-18.598	22.061
-18.618	22.197
-18.634	22.313
-18.630	22.405
-18.715	22.493
-18.951	22.737
-19.249	22.485
-19.331	22.233
-19.462	21.828
-19.487	21.751
-19.512	21.379
-19.547	20.865
-19.575	20.351
-19.606	19.836
POLYLINE BROWN
-18.780	23.976
-18.917	23.951
-19.143	23.934
-19.293	23.859
-19.566	23.723
-19.694	23.242
-19.372	23.090
-19.287	23.050
-19.191	23.019
-19.095	23.034
-18.936	23.058
-18.840	23.207
-18.755	23.329
-18.683	23.433
-18.584	23.589
-18.693	23.703
-18.782	23.795
-19.016	23.787
-19.088	23.798
POLYLINE BROWN
-17.985	24.963
-18.063	24.921
-18.143	24.883
-18.220	24.838
-18.334	24.771
-18.282	24.519
-18.136	24.558
-18.029	24.586
-17.921	24.710
-17.860	24.783
-17.791	24.865
-17.745	24.952
-17.708	25.053
-17.642	25.236
-17.738	25.311
-17.909	25.351
-17.949	25.361
-17.990	25.367
-18.031	25.367
-18.104	25.367
-18.177	25.357
-18.250	25.351
POLYLINE BROWN
-18.154	26.489
-18.216	26.430
-18.280	26.375
-18.339	26.313
-18.368	26.281
-18.396	26.227
-18.409	26.184
-18.473	25.973
-18.368	25.891
-18.170	25.941
-18.112	25.955
-18.060	25.974
-18.011	26.008
-17.932	26.064
-17.889	26.149
-17.874	26.244
-17.871	26.268
-17.858	26.297
-17.872	26.317
-17.939	26.414
-18.029	26.493
-18.108	26.581
POLYLINE BROWN
-16.881	27.814
-17.077	27.782
-17.371	27.793
-17.524	27.618
-17.575	27.559
-17.622	27.448
-17.642	27.388
-17.740	27.093
-17.729	26.825
-17.543	26.572
-17.452	26.448
-17.367	26.354
-17.242	26.269
-17.117	26.185
-16.958	26.130
-16.807	26.154
-16.333	26.229
-16.393	26.776
-16.648	27.058
-16.760	27.183
-16.869	27.188
-17.035	27.223
POLYLINE BROWN
-17.642	28.594
-17.696	28.556
-17.752	28.521
-17.803	28.480
-17.917	28.389
-17.908	28.134
-17.891	28.012
-17.884	27.970
-17.860	27.917
-17.814	27.905
-17.769	27.892
-17.608	27.951
-17.637	28.004
-17.648	28.023
-17.672	28.033
-17.693	28.040
-17.785	28.069
-17.879	28.087
-17.972	28.110
POLYLINE BLACK
-18.996	25.607
-19.066	26.026
-19.136	26.166
-19.093	26.526
-19.062	26.782
-19.006	27.034
-18.980	27.291
-18.937	27.717
-18.951	27.702
-19.005	28.036
POLYLINE BLACK
-16.965	29.693
-17.078	29.940
-17.193	30.185
-17.302	30.432
-17.368	30.581
-17.415	30.738
-17.490	30.881
-17.641	31.169
-17.807	31.373
-18.047	31.590
-18.165	31.697
-18.421	31.880
-18.583	31.929
-18.721	31.971
-18.867	31.980
-19.009	32.006
POLYLINE BLACK
-20.498	29.086
-18.703	31.845
-19.233	30.842
-18.655	31.950
POLYLINE BLACK
-18.913	31.663
-18.466	31.266
POLYLINE BLACK
-19.080	31.121
-18.503	30.476
POLYLINE BLACK
-19.468	30.501
-19.282	30.220
-19.061	30.046
-18.790	29.869
POLYLINE BLACK
-20.153	29.872
-19.615	29.384
-19.887	29.600
-19.342	29.216
POLYLINE BLACK
-20.405	29.114
-19.746	28.698
POLYLINE BLACK
-18.784	31.919
-19.073	31.788
-19.362	31.660
-19.650	31.527
-19.811	31.452
-19.951	31.356
-20.136	31.398
-20.316	31.440
-20.459	31.555
-20.609	31.657
POLYLINE BLACK
-19.003	27.770
-19.100	27.873
-19.186	27.988
-19.295	28.080
-19.486	28.240
-19.856	28.481
-20.137	28.465
-20.348	28.453
-20.508	28.341
-20.729	28.385
-21.021	28.443
-21.604	28.786
-21.657	28.812
POLYLINE BLACK
-20.960	28.402
-20.556	29.324
POLYLINE BLACK
-21.611	28.574
-21.844	28.775
-22.008	29.017
-22.104	29.312
-22.192	29.580
-22.229	29.747
-22.232	30.002
-22.234	30.236
-22.201	30.469
-22.346	30.674
-22.416	30.773
-22.616	30.893
-22.666	30.925
-23.098	31.201
-23.528	31.379
-23.814	31.822
-24.409	32.742
-24.421	33.067
-25.034	34.367
-25.200	34.718
-25.377	35.064
-25.570	35.400
-25.766	35.741
-26.102	36.111
-26.229	36.521
-26.310	36.779
-26.302	37.146
-26.280	37.381
-26.257	37.617
-26.186	37.846
-26.153	38.081
-26.132	38.232
-26.195	38.523
-26.220	38.632
-26.237	38.709
-26.295	38.815
-26.363	38.860
-26.405	38.889
-26.452	38.910
-26.496	38.935
POLYLINE BLACK
-20.371	31.475
-20.869	32.159
-20.900	32.093
-21.172	32.845
-21.212	32.956
-21.243	33.072
-21.250	33.189
-21.279	33.725
-21.284	34.262
-21.280	34.799
-21.279	35.015
-21.238	35.229
-21.235	35.444
-21.232	35.618
-21.302	35.832
-21.365	35.986
-21.493	36.299
-21.735	36.424
-21.981	36.668
-22.023	36.710
-22.057	36.761
-22.089	36.811
-22.186	36.966
-22.346	37.193
-22.397	37.398
-22.522	37.905
-22.230	38.399
-22.403	38.904
-22.440	39.012
-22.514	39.079
-22.591	39.160
POLYLINE BLACK
-22.560	30.994
-22.441	31.303
-22.325	31.809
-21.903	31.595
-21.854	31.569
-21.811	31.534
-21.775	31.493
-21.717	31.427
-21.697	31.378
-21.602	31.373
-21.502	31.368
-21.417	31.391
-21.319	31.424
-21.090	31.501
-21.000	31.630
-20.855	31.814
POLYLINE BLACK
-24.024	33.088
-23.983	33.042
-23.488	33.923
-23.206	33.610
-23.087	33.479
-22.978	33.338
-22.861	33.204
-22.848	33.189
-22.814	33.172
-22.795	33.166
-22.622	33.111
-22.351	33.284
-22.237	33.393
-22.139	33.488
-22.054	33.596
-21.962	33.698
POLYLINE BLACK
-24.484	35.384
-24.364	35.480
-24.247	35.579
-24.124	35.671
-23.930	35.818
-23.841	35.683
-23.764	35.504
-23.727	35.416
-23.718	35.257
-23.648	35.186
-23.527	35.066
-23.292	35.141
-23.168	35.203
-23.017	35.278
-22.874	35.367
-22.727	35.449
POLYLINE BLACK
-25.381	37.520
-25.248	37.611
-24.859	38.144
-24.548	38.099
-24.417	38.080
-24.312	37.934
-24.171	37.883
-23.975	37.812
-23.760	37.835
-23.556	37.838
POLYLINE BROWN
-23.334	37.197
-23.326	37.124
-23.346	36.992
-23.276	36.929
-23.145	36.814
-22.781	36.972
-22.788	37.135
-22.791	37.221
-22.894	37.290
-22.955	37.327
-23.004	37.356
-23.055	37.382
-23.108	37.404
-23.198	37.440
-23.297	37.461
-23.394	37.463
-23.464	37.464
-23.552	37.456
-23.622	37.433
-23.747	37.392
-23.870	37.347
-23.993	37.305
POLYLINE BROWN
-25.319	36.889
-25.342	36.816
-25.368	36.745
-25.389	36.672
-25.445	36.480
-25.073	36.174
-24.904	36.379
-24.850	36.444
-24.804	36.526
-24.815	36.613
-24.833	36.752
-24.972	36.851
-25.108	36.834
-25.142	36.830
-25.180	36.832
-25.207	36.813
-25.330	36.725
-25.436	36.617
-25.550	36.519
POLYLINE BROWN
-23.562	36.087
-23.370	36.013
-23.095	35.806
-22.853	35.873
-22.815	35.884
-22.716	35.925
-22.732	35.980
-22.742	36.014
-22.806	36.040
-22.833	36.039
-22.934	36.034
-23.033	36.013
-23.133	36.001
POLYLINE BROWN
-22.122	34.407
-22.175	34.354
-22.231	34.305
-22.280	34.249
-22.285	34.244
-22.266	34.251
-22.259	34.253
-22.186	34.302
-22.110	34.347
-22.039	34.401
-21.965	34.457
-21.892	34.561
-21.912	34.660
-21.975	34.969
-22.385	34.793
-22.542	34.670
-22.633	34.598
-22.679	34.484
-22.733	34.385
POLYLINE BROWN
-24.881	34.108
-24.742	34.103
-24.604	34.099
-24.465	34.094
-24.445	34.098
-24.425	34.100
-24.406	34.107
-24.303	34.145
-24.424	34.313
-24.520	34.233
-24.535	34.220
-24.550	34.206
-24.560	34.189
-24.625	34.084
-24.684	33.975
-24.746	33.867
POLYLINE BROWN
-22.665	32.739
-22.657	32.627
-22.655	32.514
-22.642	32.402
-22.624	32.242
-22.395	32.173
-22.339	32.305
-22.285	32.431
-22.398	32.704
-22.568	32.690
-22.594	32.688
-22.639	32.679
-22.659	32.661
-22.741	32.589
-22.817	32.512
-22.896	32.437
POLYLINE BROWN
-21.188	31.972
-21.238	32.022
-21.283	32.076
-21.336	32.122
-21.408	32.185
-21.452	31.968
-21.452	31.965
-21.472	31.861
-21.507	31.685
-21.423	31.591
-21.333	31.491
-21.166	31.541
-21.091	31.630
-21.081	31.642
-21.066	31.654
-21.065	31.670
-21.062	31.731
-21.075	31.793
-21.080	31.854
POLYLINE BROWN
-21.857	29.792
-21.720	29.904
-21.599	30.012
-21.423	30.037
-21.401	30.041
-21.337	30.047
-21.314	30.024
-21.291	30.001
-21.311	29.954
-21.324	29.937
-21.369	29.874
-21.421	29.696
-21.470	29.756
-21.498	29.790
-21.151	30.038
-21.341	30.128
-21.396	30.155
-21.453	30.176
-21.509	30.199
POLYLINE BROWN
-24.764	39.506
-24.878	39.551
-24.990	39.603
-25.107	39.642
-25.351	39.724
-25.680	39.637
-25.897	39.522
-26.025	39.454
-26.134	39.385
-26.231	39.280
-26.431	39.063
-26.422	38.757
-26.214	38.549
-26.115	38.451
-25.987	38.401
-25.852	38.373
-25.546	38.308
-25.313	38.344
-25.044	38.510
-24.875	38.614
-24.702	38.751
-24.608	38.932
-24.447	39.239
-24.497	39.563
-24.844	39.689
-24.964	39.733
-25.058	39.756
-25.184	39.755
-25.421	39.753
-25.594	39.611
-25.797	39.496
POLYLINE BLACK
-26.514	38.436
-26.415	38.579
-26.359	38.706
-26.440	38.871
-26.477	38.946
-26.507	39.027
-26.562	39.090
-26.812	39.378
-27.079	39.651
-27.349	39.921
-27.405	39.978
-27.471	40.026
-27.539	40.068
-27.663	40.143
-27.801	40.194
-27.923	40.272
-28.052	40.354
-28.194	40.493
-28.285	40.619
-28.381	40.752
-28.471	40.948
-28.464	41.117
-28.446	41.567
-28.417	42.017
-28.381	42.466
-28.302	43.449
-28.345	41.904
-28.326	43.140
POLYLINE BLACK
-22.599	39.305
-22.848	39.682
-22.986	39.971
-23.303	40.256
-23.640	40.561
-23.995	40.844
-24.335	41.144
-24.469	41.262
-24.588	41.397
-24.726	41.511
-24.943	41.689
-25.196	41.825
-25.398	42.020
-25.571	42.186
-26.140	42.828
-26.326	43.174
-26.435	43.377
-26.597	43.702
-26.627	43.965
-26.697	44.590
-26.626	44.702
-26.790	45.192
-26.828	45.307
-26.894	45.463
-26.982	45.563
-27.076	45.670
-27.257	45.773
-27.348	45.846
-27.496	45.964
-27.609	46.160
-27.647	46.342
-27.732	46.747
-27.797	47.155
-27.851	47.565
-27.897	47.909
-27.784	48.302
-28.098	48.528
-28.138	48.556
-28.182	48.580
-28.225	48.603
-28.238	48.610
-28.251	48.619
-28.266	48.620
-28.407	48.625
-28.549	48.621
-28.690	48.621
POLYLINE BLACK
-28.262	43.023
-28.260	43.191
-28.239	43.320
-28.292	43.476
-28.377	43.733
-28.578	44.075
-28.852	44.169
-29.051	44.237
-29.267	44.189
-29.467	44.160
POLYLINE BLACK
-30.096	45.276
-29.653	45.643
-29.575	45.595
-28.921	45.791
POLYLINE BLACK
-28.832	45.850
-28.781	46.283
-28.495	46.973
-28.821	47.405
-28.857	47.454
-28.972	47.588
-29.043	47.622
-29.101	47.649
-29.165	47.661
-29.227	47.681
POLYLINE BLACK
-29.939	45.224
-30.005	45.273
-30.078	45.357
-30.171	45.362
-30.312	45.368
-30.476	45.197
-30.543	45.092
-30.800	44.688
-30.954	44.191
-30.523	43.856
-30.429	43.783
-30.309	43.734
-30.189	43.747
-29.995	43.768
-29.874	43.884
-29.726	44.013
-29.535	44.179
-29.365	44.467
-29.442	44.729
-29.501	44.928
-29.656	45.052
-29.828	45.155
-29.840	45.162
-29.856	45.163
-29.870	45.163
-29.970	45.165
-30.070	45.161
-30.170	45.159
POLYLINE BLACK
-30.453	44.734
-30.333	45.341
POLYLINE BLACK
-30.102	44.675
-29.895	45.040
-30.028	44.860
-29.680	45.199
POLYLINE BLACK
-29.846	44.530
-29.517	44.597
-29.699	44.571
-29.301	44.595
POLYLINE BLACK
-30.148	44.031
-30.043	43.436
POLYLINE BLACK
-30.275	44.324
-30.586	44.131
-30.399	44.235
-30.848	44.037
POLYLINE BLACK
-30.494	44.564
-29.815	44.484
POLYLINE BLACK
-32.436	44.031
-32.357	44.129
-32.282	44.230
-32.199	44.325
-32.047	44.498
-31.804	44.442
-31.685	44.266
-31.655	44.222
-31.633	44.169
-31.633	44.115
-31.633	44.071
-31.649	44.031
-31.673	43.994
-31.808	43.789
-31.641	44.157
-31.850	43.532
POLYLINE BLACK
-31.939	42.736
-31.899	42.723
POLYLINE BLACK
-33.370	41.969
-33.467	41.812
-33.623	41.617
-33.532	41.421
-33.505	41.362
-33.423	41.266
-33.453	41.185
-33.491	41.080
-33.704	41.082
-33.767	41.072
POLYLINE BLACK
-32.842	40.800
-32.753	41.491
POLYLINE BLACK
-32.997	41.969
-32.712	41.912
-32.592	41.956
-32.337	42.058
POLYLINE BLACK
-32.161	41.830
-32.141	41.676
-32.127	41.522
-32.101	41.370
-32.093	41.323
-32.076	41.279
-32.058	41.235
-31.982	41.047
-31.872	41.088
-31.757	41.229
-31.607	41.412
-31.538	41.514
-31.452	41.727
-31.432	41.777
-31.404	41.828
-31.409	41.881
-31.418	42.005
-31.464	42.122
-31.492	42.243
POLYLINE BLACK
-31.363	40.618
-31.311	40.878
-31.283	41.143
-31.207	41.397
-31.207	41.399
-31.161	41.266
-31.142	41.239
-31.101	41.182
-31.025	41.207
-30.979	41.244
-30.836	41.358
-30.709	41.505
-30.675	41.691
-30.653	41.811
-30.668	41.979
-30.831	41.963
-30.860	41.960
-30.954	41.946
-30.985	41.923
-31.105	41.835
-31.218	41.738
-31.335	41.645
POLYLINE BLACK
-30.712	40.489
-30.699	40.745
-30.686	41.002
-30.672	41.259
-30.663	41.270
-30.656	41.302
-30.644	41.293
-30.589	41.251
-30.616	41.148
-30.550	41.110
-30.503	41.083
-30.441	41.148
-30.421	41.180
-30.174	41.575
-30.214	41.512
-30.065	41.864
POLYLINE BLACK
-30.114	40.569
-29.945	41.242
-29.984	40.941
-29.951	41.466
POLYLINE BLACK
-29.960	42.323
-29.997	42.357
POLYLINE BLACK
-29.902	40.483
-29.788	40.740
-29.679	41.001
-29.560	41.256
-29.551	41.275
-29.510	41.334
-29.479	41.347
-29.444	41.362
-29.420	41.321
-29.415	41.293
-29.399	41.213
-29.385	41.132
-29.378	41.051
-29.365	40.909
-29.409	40.786
-29.449	40.652
POLYLINE BLACK
-29.698	41.022
-29.199	41.109
POLYLINE BLACK
-27.485	43.673
-27.524	43.829
-27.553	43.988
-27.602	44.141
-27.620	44.201
-27.806	44.642
-27.925	44.631
-27.963	44.628
-27.985	44.568
-27.990	44.544
-28.005	44.472
-28.022	44.400
-28.021	44.328
-28.014	43.758
-27.975	43.754
-27.904	43.234
-27.878	43.040
-27.891	42.491
-27.720	42.227
-27.637	42.099
-27.497	41.997
-27.361	41.933
-27.137	41.826
-26.905	41.848
-26.929	42.137
-26.950	42.384
-27.257	42.877
-27.295	42.971
-27.405	43.245
-27.483	43.530
-27.577	43.809
POLYLINE BLACK
-28.857	47.487
-28.765	47.336
-28.662	47.089
-28.466	47.030
-28.271	46.972
-27.990	47.132
-27.864	47.271
-27.807	47.333
-27.730	47.504
-27.713	47.536
POLYLINE BLACK
-27.090	40.600
-26.822	40.648
-27.020	41.321
-26.747	41.370
-26.654	41.386
-26.574	41.280
-26.511	41.238
-26.483	41.219
-26.452	41.204
-26.420	41.192
-26.207	41.110
-25.875	41.157
-25.689	41.286
-25.629	41.327
-25.573	41.375
-25.515	41.420
POLYLINE BLACK
-28.687	45.545
-28.597	45.645
-28.510	45.747
-28.417	45.845
-28.259	46.012
-28.239	45.779
-28.135	45.721
-28.051	45.673
-27.930	45.707
-27.846	45.717
POLYLINE BROWN
-25.025	40.433
-24.974	40.335
-24.923	40.237
-24.872	40.139
-24.858	40.131
-24.847	40.116
-24.831	40.115
-24.792	40.112
-24.763	40.173
-24.755	40.194
-24.697	40.347
-24.616	40.649
-24.898	40.536
-24.943	40.518
-24.989	40.486
-25.022	40.452
-25.073	40.398
-25.119	40.339
-25.167	40.282
POLYLINE BROWN
-26.933	40.356
-26.900	40.338
-26.733	40.223
-26.634	40.205
-26.506	40.181
-26.360	40.347
-26.414	40.470
-26.461	40.577
-26.672	40.583
-26.764	40.550
-26.836	40.523
-26.898	40.431
-26.939	40.384
POLYLINE BROWN
-26.489	42.548
-26.436	42.483
-26.387	42.414
-26.330	42.353
-26.221	42.238
-26.043	42.593
-26.232	42.546
-26.252	42.541
-26.271	42.531
-26.285	42.517
-26.380	42.428
-26.467	42.330
-26.557	42.237
POLYLINE BROWN
-27.765	41.707
-27.753	41.645
-27.745	41.582
-27.727	41.522
-27.715	41.479
-27.659	41.480
-27.627	41.489
-27.511	41.523
-27.272	41.692
-27.307	41.848
-27.326	41.933
-27.393	41.971
-27.470	41.921
-27.539	41.875
-27.671	41.743
-27.710	41.707
POLYLINE BROWN
-27.531	45.153
-27.420	45.158
-27.427	44.740
-27.243	44.747
-27.218	44.748
-27.114	44.797
-27.128	44.834
-27.154	44.902
-27.208	44.956
-27.248	45.017
POLYLINE BROWN
-28.724	45.474
-28.745	45.362
-28.769	45.250
-28.785	45.138
-28.820	44.909
-28.479	44.925
-28.393	45.074
-28.296	45.241
-28.444	45.386
-28.611	45.325
-28.722	45.284
-28.792	45.152
-28.854	45.067
POLYLINE BLACK
-27.922	48.356
-28.004	48.391
-28.083	48.435
-28.169	48.462
-28.241	48.485
-28.317	48.495
-28.392	48.506
-28.483	48.519
-28.574	48.527
-28.642	48.458
-28.796	48.306
-28.783	48.160
-28.999	48.098
-29.236	48.031
-29.564	48.234
-29.729	48.298
POLYLINE BLACK
-29.003	47.281
-29.576	47.410
-29.001	47.296
-29.758	47.379
-29.882	47.393
-29.941	47.436
-30.056	47.420
-30.309	47.383
-30.540	47.272
-30.799	47.273
-31.185	47.273
-31.278	47.357
-31.727	47.443
-31.823	47.461
-31.920	47.462
-32.017	47.472
POLYLINE BLACK
-29.735	48.172
-30.041	47.718
-31.134	48.277
-31.577	48.236
-31.639	48.231
-31.703	48.197
-31.757	48.176
POLYLINE BLACK
-31.917	47.631
-32.573	47.541
-32.730	47.541
-33.458	47.311
-33.734	47.223
-33.988	47.071
-34.266	46.991
-34.948	46.798
-35.281	46.836
-35.981	46.822
POLYLINE BLACK
-36.969	47.726
-36.791	47.569
-36.657	47.507
-36.413	47.517
-36.286	47.522
-36.159	47.528
-36.034	47.554
-35.034	47.770
-34.046	48.042
-33.042	48.242
-32.890	48.273
-32.412	48.274
-32.208	48.223
-31.330	48.000
-32.022	48.082
-31.416	48.029
POLYLINE BLACK
-36.837	47.633
-37.203	47.673
-37.294	47.704
-37.680	47.645
-37.952	47.602
-38.215	47.501
-38.489	47.477
-38.915	47.440
-39.345	47.467
-39.773	47.462
POLYLINE BLACK
-35.955	46.655
-36.541	46.644
-37.127	46.607
-37.713	46.620
-39.868	46.816
-37.863	46.671
-39.790	46.715
-40.217	46.724
-40.760	46.848
-41.195	46.678
-41.410	46.593
-41.592	46.441
-41.729	46.257
-41.844	46.102
-41.928	45.923
-42.056	45.778
-42.387	45.403
-42.652	45.233
-43.136	45.205
-43.292	45.196
-43.449	45.194
-43.604	45.215
-44.688	45.358
-46.077	46.407
-46.789	46.873
-47.025	47.028
-47.231	47.226
-47.460	47.392
-47.593	47.489
-47.862	47.573
-47.988	47.621
POLYLINE BLACK
-39.679	47.636
-40.001	47.644
-40.189	47.736
-40.467	47.912
-40.567	47.975
-40.674	48.074
-40.740	48.174
-40.942	48.478
-40.958	48.609
-41.204	48.827
-41.405	49.005
-41.609	49.181
-41.827	49.338
-42.109	49.541
-42.415	49.709
-42.702	49.906
-42.744	49.934
-42.780	49.971
-42.810	50.011
-43.011	50.283
-43.202	50.630
-43.229	50.972
-43.256	51.324
-43.053	52.153
-43.044	52.195
-43.021	52.301
-42.979	52.401
-42.937	52.500
-42.859	52.687
-42.752	52.861
-42.685	53.051
-42.509	53.553
-42.515	53.791
-42.460	54.317
POLYLINE BLACK
-47.385	47.640
-47.393	47.641
-48.154	47.739
-48.390	47.880
-48.595	48.002
-49.003	48.262
-49.116	48.490
-49.279	48.817
-49.013	49.128
-48.748	49.296
-48.367	49.538
-47.968	49.752
-47.591	49.999
-47.514	50.049
-47.444	50.113
-47.388	50.187
-45.983	52.058
-47.333	50.321
-46.729	51.198
-46.349	51.750
-46.586	51.219
-46.210	52.150
-46.166	52.259
-46.124	52.434
-46.178	52.552
-46.203	52.607
-46.251	52.659
-46.304	52.687
-46.614	52.858
-46.927	53.068
-47.283	53.138
-47.489	53.178
-47.725	53.173
-47.934	53.197
-48.571	53.270
-47.502	53.190
-48.366	53.246
POLYLINE BLACK
-42.359	54.672
-42.715	55.520
-43.673	55.839
-44.134	56.588
-44.357	56.949
-44.544	57.356
-44.639	57.772
-44.815	58.544
-44.687	59.224
-45.403	59.652
-45.488	59.704
-45.577	59.752
-45.673	59.782
-47.763	60.433
-46.939	60.222
-48.535	60.441
-48.676	60.460
-48.815	60.495
-48.956	60.510
-49.290	60.547
-49.563	60.287
-49.825	60.136
-49.983	60.044
-50.313	59.943
-50.476	60.082
-50.530	60.128
-50.509	60.125
-50.559	60.192
-50.621	60.274
-50.686	60.352
-50.750	60.432
POLYLINE BLACK
-48.100	53.254
-48.379	53.358
-49.156	53.305
-49.503	53.618
-49.721	53.815
-49.804	54.058
-49.896	54.334
-50.025	54.736
-50.154	55.137
-50.283	55.539
-50.336	55.751
-50.375	55.966
-50.441	56.174
-50.474	56.278
-50.529	56.373
-50.578	56.470
-50.682	56.682
-50.797	56.888
-50.899	57.101
-50.941	57.187
-50.956	57.286
-51.007	57.368
-51.057	57.448
-51.467	57.910
-51.550	58.191
-51.671	58.601
-51.565	58.893
-51.461	59.291
POLYLINE BLACK
-46.977	53.041
-46.416	53.785
-46.478	53.763
-45.621	54.514
-45.262	54.829
-44.860	55.092
-44.501	55.407
-44.306	55.578
-44.142	55.781
-43.964	55.970
-43.854	56.087
-43.968	55.991
-43.845	56.087
POLYLINE BLACK
-43.235	55.593
-44.366	54.291
-44.211	54.380
-45.469	53.268
-45.956	52.838
-45.948	52.975
-46.266	52.558
-46.278	52.542
-46.273	52.518
-46.277	52.498
POLYLINE BLACK
-51.577	59.157
-51.620	59.371
-51.663	59.584
-51.706	59.797
-51.789	60.149
-51.884	60.499
-51.956	60.854
-52.005	61.096
-51.960	61.456
-51.948	61.671
POLYLINE BLACK
-50.749	60.429
-50.899	60.781
-50.965	60.997
-50.926	61.403
-50.917	61.500
-50.848	62.159
-50.715	62.416
-50.426	62.973
-50.110	63.516
-49.826	64.076
-49.751	64.222
-49.702	64.381
-49.641	64.533
POLYLINE BLACK
-51.868	61.768
-51.815	62.123
-51.829	62.212
-51.672	62.538
-51.551	62.788
-51.321	63.077
-51.179	63.308
-51.033	63.546
-50.880	63.781
-50.758	64.032
-50.683	64.187
-50.582	64.471
-50.625	64.672
-50.628	64.684
-50.636	64.694
-50.645	64.701
-50.690	64.739
-50.739	64.772
-50.786	64.808
POLYLINE BLACK
-50.834	64.002
-50.842	64.247
-50.857	64.526
-51.079	64.681
-51.215	64.776
-51.244	64.773
-51.396	64.829
-51.658	64.924
-51.927	65.003
-52.182	65.115
-52.658	65.322
-53.304	65.945
-53.578	66.179
-53.716	66.297
-53.747	66.811
-53.757	66.858
-53.788	67.016
-53.831	67.171
-53.862	67.329
-54.478	70.491
-53.464	65.656
-54.500	70.065
-54.537	70.224
-54.561	70.388
-54.562	70.551
-54.573	71.865
-54.467	70.935
-54.528	71.423
POLYLINE BLACK
-49.506	64.430
-49.286	64.523
-48.995	64.598
-48.861	64.823
-48.775	64.966
-48.815	65.212
-48.889	65.350
-48.920	65.409
-48.960	65.463
-48.995	65.519
POLYLINE BLACK
-49.734	64.181
-49.796	64.654
-48.996	65.235
-48.980	65.830
-48.977	65.927
-48.992	66.045
-49.029	66.137
-50.995	70.970
-48.963	66.226
-50.726	69.585
-50.834	69.791
-50.864	70.030
-50.952	70.245
-51.011	70.392
-51.171	70.589
-51.280	70.696
-51.444	70.857
-51.641	70.942
-51.770	71.141
-51.860	71.303
-51.951	71.464
-52.041	71.625
-52.069	71.681
-52.093	71.739
-52.125	71.792
-52.194	71.905
-52.396	72.087
-52.452	72.144
POLYLINE BLACK
-54.619	71.199
-54.550	71.335
-54.490	71.476
-54.411	71.605
-54.240	71.884
-53.909	72.023
-53.817	72.345
-53.712	72.708
-53.810	73.043
-53.876	73.406
POLYLINE BLACK
-52.271	71.992
-52.558	72.347
-52.939	72.704
-53.071	73.161
-53.102	73.266
-53.112	73.427
-53.123	73.528
POLYLINE BROWN
-52.066	66.503
-52.145	66.300
-52.229	66.099
-52.302	65.893
-52.326	65.824
-52.354	65.689
-52.303	65.618
-52.218	65.501
-51.982	65.565
-51.910	65.664
-51.802	65.811
-52.002	66.268
-52.174	66.283
-52.255	66.289
-52.371	66.187
-52.409	66.163
POLYLINE BROWN
-50.398	67.279
-50.473	67.163
-50.557	67.072
-50.588	66.940
-50.651	66.674
-50.595	66.420
-50.307	66.349
-50.253	66.336
-50.192	66.334
-50.144	66.366
-50.013	66.454
-49.997	66.896
-50.168	66.933
-50.284	66.959
-50.529	66.807
-50.560	66.794
POLYLINE BROWN
-51.554	69.254
-51.620	69.197
-51.708	69.147
-51.732	69.057
-51.752	68.982
-51.753	68.901
-51.741	68.825
-51.726	68.731
-51.704	68.638
-51.678	68.546
-51.634	68.388
-51.530	68.328
-51.406	68.451
-51.262	68.594
-51.179	68.924
-51.244	69.116
-51.263	69.173
-51.371	69.274
-51.438	69.250
-51.563	69.204
-51.678	69.134
-51.799	69.076
POLYLINE BROWN
-53.380	68.154
-53.373	67.859
-53.413	67.594
-53.334	67.321
-53.288	67.161
-53.159	67.141
-53.010	67.173
-52.834	67.212
-52.602	67.270
-52.462	67.400
-52.383	67.474
-52.340	67.572
-52.337	67.681
-52.332	67.904
-52.513	68.023
-52.724	68.031
-52.971	68.040
-53.136	68.039
-53.364	67.979
-53.508	67.941
-53.646	67.840
-53.767	67.768
POLYLINE BROWN
-53.582	69.743
-53.717	69.737
-53.830	69.756
-53.949	69.708
-54.133	69.635
-54.194	69.203
-53.902	69.299
-53.803	69.331
-53.739	69.357
-53.658	69.415
-53.580	69.471
-53.449	69.696
-53.618	69.718
-53.639	69.721
-53.660	69.722
-53.680	69.717
-53.793	69.689
-53.905	69.653
-54.018	69.621
POLYLINE BROWN
-52.258	70.404
-52.279	70.267
-52.300	70.129
-52.322	69.992
-52.312	69.979
-52.309	69.950
-52.292	69.952
-52.247	69.957
-52.168	70.064
-52.151	70.089
-52.018	70.288
-52.196	70.553
-52.392	70.629
-52.535	70.684
-52.684	70.603
-52.816	70.559
POLYLINE BROWN
-53.331	71.526
-53.212	71.521
-53.225	71.067
-53.025	71.027
-52.891	71.000
-52.738	71.197
-52.840	71.316
-52.853	71.331
-52.864	71.353
-52.884	71.357
-53.020	71.384
-53.160	71.391
-53.298	71.408
POLYLINE BLACK
-19.776	18.459
-19.810	18.194
-19.877	18.060
-20.112	17.925
-20.203	17.873
-20.310	17.835
-20.416	17.842
-20.591	17.853
-20.871	18.021
-20.948	18.055
POLYLINE BLACK
-21.376	17.177
-20.734	17.118
-21.035	17.127
-20.474	17.138
POLYLINE BLACK
-23.059	18.388
-22.999	18.534
-22.939	18.636
-22.794	18.697
-22.541	18.804
-22.459	18.653
-22.495	18.404
-22.530	18.171
-22.669	17.880
-22.736	17.693
-22.751	17.650
-22.746	17.580
-22.747	17.542
POLYLINE BLACK
-22.828	16.603
-22.919	16.579
POLYLINE BLACK
-24.770	7.805
-24.670	8.370
-24.726	8.229
-24.287	8.983
-24.127	9.257
-23.962	9.532
-23.754	9.771
-23.335	10.253
-22.759	10.560
-22.261	10.939
-21.916	11.202
-21.597	11.499
-21.250	11.758
-20.968	11.969
-20.662	12.143
-20.376	12.347
-20.328	12.381
-20.287	12.424
-20.251	12.470
-20.123	12.639
-20.001	12.814
-19.938	13.018
-19.872	13.231
-19.843	13.456
-19.761	13.664
-19.675	13.881
-19.510	14.104
-19.373	14.301
POLYLINE BLACK
-19.535	14.136
-19.180	14.518
-18.925	14.706
-18.701	15.104
-18.677	15.147
-18.597	15.290
-18.649	15.355
-18.717	15.439
-18.967	15.403
-19.044	15.387
-19.126	15.369
-19.204	15.339
-19.284	15.316
POLYLINE BLACK
-16.510	14.915
-16.718	14.982
-16.945	15.052
-17.141	14.917
-17.420	14.724
-17.440	14.274
-17.444	13.984
-17.448	13.709
-17.363	13.163
-16.961	13.240
-16.672	13.295
-16.584	13.647
-16.526	13.881
-16.519	13.909
-16.223	14.724
-16.502	14.882
-16.588	14.930
-16.715	14.901
-16.798	14.896
POLYLINE BROWN
-18.295	14.288
-18.471	14.119
-18.617	13.950
-18.676	13.708
-18.716	13.543
-18.745	13.375
-18.768	13.207
-18.795	13.020
-18.762	12.831
-18.685	12.660
-18.610	12.493
-18.481	12.351
-18.310	12.506
-18.189	12.615
-18.114	12.824
-18.070	12.979
-18.027	13.131
-18.057	13.298
-18.101	13.445
-18.153	13.614
-18.257	13.689
-18.431	13.650
-18.524	13.629
-18.591	13.576
-18.678	13.528
POLYLINE BLACK
-20.597	17.112
-20.518	17.111
-20.402	17.139
-20.324	17.088
-20.155	16.977
-20.273	16.656
-20.342	16.541
-20.931	15.577
-21.580	14.649
-22.149	13.672
-22.285	13.439
-22.325	13.159
-22.450	12.920
-22.707	12.427
-22.877	12.113
-23.288	11.825
-23.343	11.786
-23.404	11.756
-23.462	11.722
POLYLINE BLACK
-23.294	11.965
-25.160	7.855
-24.505	9.416
-25.365	7.333
POLYLINE BLACK
-19.360	15.284
-19.848	14.985
-19.742	15.082
-20.284	14.490
-20.381	14.383
-20.452	14.255
-20.542	14.142
-20.764	13.860
-20.643	14.131
-20.878	13.631
-21.069	13.225
-21.192	12.786
-21.422	12.401
-21.737	11.876
-22.144	11.412
-22.505	10.917
POLYLINE BLACK
-22.796	10.141
-23.137	9.357
POLYLINE BLACK
-23.397	8.680
-23.808	7.776
POLYLINE BLACK
-25.523	6.371
-25.279	6.992
POLYLINE BLACK
-25.072	7.063
-24.852	7.535
POLYLINE BLACK
-30.274	0.888
-30.597	2.263
-27.485	3.612
-26.785	4.587
-26.660	4.760
-26.716	4.726
-26.642	4.904
-26.575	5.067
-26.500	5.226
-26.429	5.388
POLYLINE BROWN
-20.682	5.355
-22.162	5.919
-23.640	6.490
-25.122	7.049
-25.154	7.060
-25.208	7.051
-25.237	7.036
-25.459	6.925
-25.457	6.305
-25.396	6.128
-25.279	5.784
-25.158	5.439
-24.994	5.115
-24.733	4.598
-24.438	4.096
-24.122	3.610
-23.955	3.352
-23.749	3.121
-23.549	2.888
-23.304	2.602
-22.976	2.495
-22.609	2.479
-22.016	2.454
-21.617	2.780
-21.258	3.232
-20.911	3.669
-20.443	4.124
-20.329	4.705
-20.270	5.002
-20.472	5.230
-20.682	5.407
-20.748	5.463
-20.888	5.552
-20.980	5.575
-21.091	5.602
-21.205	5.615
-21.317	5.634
POLYLINE BLACK
-25.658	5.884
-25.799	5.287
POLYLINE BLACK
-25.852	5.297
-26.179	5.265
POLYLINE BLACK
-27.328	5.218
-27.510	5.120
-27.692	5.022
-27.874	4.923
-27.920	4.896
-27.961	4.858
-28.012	4.840
-28.314	4.729
-28.623	4.638
-28.928	4.537
POLYLINE BLACK
-28.906	3.642
-28.494	3.951
-27.984	4.067
-27.491	4.179
POLYLINE BLACK
-26.430	4.292
-25.651	4.352
POLYLINE BLACK
-25.190	4.465
-24.956	4.579
-24.838	4.736
-24.688	4.939
POLYLINE BLACK
-24.716	4.823
-24.565	5.232
-24.654	5.025
-24.443	5.441
POLYLINE BLACK
-24.320	5.736
-24.179	6.192
-24.247	5.935
-24.132	6.511
POLYLINE BLACK
-23.862	6.926
-23.858	7.360
-23.873	7.138
-23.815	7.591
POLYLINE BLACK
-30.137	4.543
-30.101	4.608
-30.068	4.674
-30.029	4.737
-29.948	4.865
-29.767	4.723
-29.723	4.637
-29.692	4.578
-29.687	4.504
-29.703	4.440
-29.732	4.324
-29.786	4.215
-29.872	4.130
-29.946	4.056
-30.041	4.016
-30.106	3.931
-30.200	3.809
-30.172	3.628
-30.171	3.488
POLYLINE BLACK
-30.347	2.770
-30.369	2.766
POLYLINE BLACK
-11.111	1.113
-11.243	0.995
-11.787	0.778
-11.788	0.459
-11.788	0.316
-11.669	0.190
-11.616	0.072
-11.469	-0.256
-11.497	-0.770
-11.983	-0.700
-12.094	-0.685
-12.202	-0.651
-12.311	-0.627
POLYLINE BLACK
-11.178	-0.978
-10.985	-0.509
-10.804	-0.034
-10.600	0.430
-10.318	1.070
-10.234	0.259
-10.237	0.059
-10.243	-0.323
-10.365	-0.499
-10.512	-0.911
POLYLINE BLACK
-11.081	-0.208
-10.584	-0.401
-10.886	-0.312
-10.160	-0.408
POLYLINE BLACK
-9.572	0.640
-9.725	-0.216
-9.638	-0.017
-9.860	-0.597
-9.895	-0.688
-9.970	-0.795
-9.902	-0.894
-9.773	-1.081
-9.137	-1.044
-9.130	-1.045
POLYLINE BLACK
-8.912	-0.469
-7.730	-0.693
POLYLINE BROWN
-27.201	-0.252
-27.472	-0.155
-27.729	-0.055
-27.975	-0.239
-28.383	-0.545
-28.625	-1.333
-28.767	-1.781
-28.815	-1.931
-28.771	-2.070
-28.765	-2.220
-28.757	-2.426
-28.871	-2.560
-28.977	-2.740
-29.027	-2.825
-29.046	-2.826
-29.071	-2.908
-29.096	-2.995
-29.104	-3.195
-28.961	-3.163
-28.936	-3.158
-28.910	-3.154
-28.887	-3.141
-28.026	-2.626
-27.887	-2.236
-27.249	-1.194
-27.205	-1.121
-26.740	-0.259
-27.155	-0.169
-27.284	-0.141
-27.448	-0.230
-27.549	-0.265
POLYLINE BROWN
-24.904	1.690
-25.159	1.654
-25.289	1.635
-25.394	1.386
-25.473	1.198
-25.519	1.059
-25.538	0.864
-25.549	0.750
-25.542	0.546
-25.415	0.487
-25.218	0.397
-24.828	0.675
-24.721	0.827
-24.533	1.090
-24.618	1.562
-25.006	1.525
-25.116	1.515
-25.225	1.501
-25.334	1.489
POLYLINE BROWN
-27.235	3.004
-27.345	2.809
-27.462	2.617
-27.565	2.419
-27.790	1.987
-27.426	1.331
-26.932	1.645
-26.719	1.780
-26.470	1.994
-26.492	2.275
-26.498	2.356
-26.522	2.441
-26.585	2.496
-26.754	2.642
-27.087	2.549
-27.253	2.498
-27.573	2.400
-27.885	2.280
-28.201	2.171
POLYLINE BROWN
-29.569	1.216
-29.649	0.995
-29.736	0.777
-29.809	0.554
-29.923	0.205
-29.699	0.012
-29.383	-0.065
-29.263	-0.095
-29.128	-0.100
-29.011	-0.053
-28.737	0.058
-28.628	0.405
-28.943	0.546
-29.085	0.609
-29.229	0.665
-29.376	0.713
-29.448	0.737
-29.524	0.748
-29.599	0.760
-29.746	0.782
-29.813	0.719
-29.934	0.639
POLYLINE BROWN
-26.222	0.076
-26.281	-0.050
-26.346	-0.173
-26.400	-0.300
-26.437	-0.386
-26.416	-0.505
-26.350	-0.571
-26.140	-0.780
-25.777	-0.766
-25.538	-0.617
-25.478	-0.580
-25.399	-0.518
-25.377	-0.446
-25.334	-0.306
-25.567	-0.214
-25.658	-0.191
-25.837	-0.145
-26.018	-0.111
-26.198	-0.071
POLYLINE BLACK
-30.023	13.660
-30.153	13.655
-30.283	13.655
-30.413	13.644
-30.680	13.621
-30.784	13.352
-30.681	13.125
-30.597	12.940
-30.504	12.759
-30.420	12.574
-30.413	12.560
-30.411	12.544
-30.410	12.528
-30.388	12.344
-30.655	12.264
-30.793	12.265
-30.885	12.266
-30.976	12.285
-31.068	12.294
POLYLINE BLACK
-29.979	12.293
-29.940	12.460
-29.920	12.632
-29.861	12.794
-29.775	13.032
-29.660	13.260
-29.546	13.487
-29.504	13.569
-29.450	13.644
-29.394	13.718
-29.338	13.793
-29.247	13.856
-29.222	13.726
-29.213	13.678
-29.202	13.629
-29.206	13.580
-29.242	13.173
-29.297	12.768
-29.342	12.362
POLYLINE BLACK
-29.943	12.990
-29.057	12.841
POLYLINE BLACK
-28.488	13.486
-28.619	13.169
-28.758	12.855
-28.881	12.535
-28.892	12.506
-28.891	12.474
-28.891	12.444
-28.892	12.265
-28.625	12.302
-28.521	12.328
-28.363	12.367
-28.252	12.453
-28.106	12.537
POLYLINE BLACK
-28.118	12.441
-27.894	12.807
-27.674	13.175
-27.445	13.537
-27.433	13.556
-27.414	13.570
-27.395	13.582
-27.285	13.649
-27.286	13.393
-27.288	13.370
-27.354	12.387
-27.315	12.634
-27.482	11.961
POLYLINE BLACK
-28.087	12.599
-27.293	12.480
POLYLINE BLACK
-34.277	11.405
-34.429	11.332
-35.037	11.128
-34.894	10.795
-34.856	10.705
-34.786	10.663
-34.726	10.590
-34.679	10.533
-34.642	10.459
-34.623	10.387
-34.561	10.154
-34.600	9.975
-34.832	9.870
-34.848	9.862
-34.865	9.859
-34.883	9.859
-34.995	9.859
-35.107	9.866
-35.219	9.870
POLYLINE BLACK
-34.139	11.329
-33.988	11.342
-33.792	11.398
-33.642	11.319
-33.425	11.205
-33.368	10.889
-33.508	10.697
-33.632	10.527
-33.773	10.369
-33.899	10.199
-33.935	10.150
-34.011	9.986
-33.911	9.944
-33.898	9.938
-33.882	9.939
-33.868	9.937
-33.747	9.924
-33.627	9.912
-33.507	9.900
POLYLINE BLACK
-33.177	9.780
-33.047	10.118
-32.923	10.459
-32.785	10.794
-32.768	10.838
-32.738	10.876
-32.712	10.915
-32.628	11.037
-32.582	10.840
-32.575	10.788
-32.564	10.708
-32.553	10.627
-32.560	10.547
-32.585	10.277
-32.634	10.010
-32.671	9.741
POLYLINE BLACK
-33.013	10.352
-32.609	10.264
POLYLINE BLACK
-32.198	11.176
-32.114	11.009
-32.068	10.888
-32.092	10.704
-32.119	10.500
-32.175	10.395
-32.157	10.219
-32.151	10.162
-32.109	10.023
-32.026	10.032
-31.908	10.045
-31.792	10.075
-31.674	10.096
POLYLINE BLACK
-32.503	10.631
-32.220	10.506
-31.957	10.521
-31.658	10.533
POLYLINE BLACK
-31.048	10.964
-31.158	10.867
-31.273	10.774
-31.379	10.673
-31.514	10.545
-31.547	10.278
-31.343	10.196
-31.251	10.158
-31.137	10.191
-31.053	10.233
-30.924	10.297
-30.826	10.360
-30.726	10.464
-30.690	10.502
-30.389	10.853
-30.615	10.854
-30.753	10.855
-31.088	10.711
-31.101	10.707
POLYLINE BLACK
-30.408	10.869
-30.398	10.704
-30.397	10.538
-30.377	10.374
-30.372	10.329
-30.331	10.311
-30.294	10.331
-30.182	10.391
-30.144	10.584
-30.003	10.592
-29.896	10.598
-29.854	10.430
-29.817	10.367
-29.750	10.255
-29.640	10.408
-29.615	10.465
-29.496	10.738
-29.389	11.016
-29.276	11.291
POLYLINE BLACK
-29.402	9.733
-29.270	9.956
-29.529	10.601
-29.266	10.889
-29.171	10.991
-28.986	11.045
-28.870	11.079
-28.816	11.096
-28.756	11.124
-28.701	11.108
-28.596	11.077
-28.511	10.999
-28.416	10.945
POLYLINE BLACK
-29.197	10.327
-28.887	10.517
POLYLINE BLACK
-29.598	9.846
-29.167	9.758
POLYLINE BLACK
-27.680	11.200
-27.743	11.156
-27.811	11.119
-27.870	11.069
-28.103	10.871
-28.304	10.481
-28.332	10.170
-28.335	10.145
-28.349	9.976
-28.305	9.922
-28.267	9.875
-28.167	9.940
-28.178	9.990
-28.185	10.021
-28.215	10.042
-28.234	10.067
POLYLINE BLACK
-27.509	10.397
-27.558	10.253
-27.614	10.110
-27.657	9.964
-27.712	9.776
-27.585	9.587
-27.401	9.734
-27.275	9.834
-27.168	9.965
-27.106	10.115
-27.052	10.248
-27.111	10.356
-27.235	10.417
-27.282	10.440
-27.342	10.455
-27.395	10.445
-27.507	10.424
-27.607	10.340
-27.698	10.281
POLYLINE BLACK
-35.705	6.971
-35.698	7.529
-35.671	8.087
-35.686	8.645
-35.727	10.185
-35.815	7.898
-35.708	7.741
-35.685	7.708
-35.648	7.709
-35.614	7.719
-35.559	7.735
-35.482	7.785
-35.445	7.822
-35.377	7.889
-35.308	7.956
-35.255	8.035
-35.091	8.279
-34.948	8.535
-34.794	8.786
POLYLINE BLACK
-35.304	8.070
-34.843	7.092
POLYLINE BLACK
-34.533	6.937
-34.477	7.332
-34.429	7.729
-34.364	8.123
-34.356	8.177
-34.332	8.227
-34.312	8.277
-34.292	8.330
-34.236	8.364
-34.201	8.301
-34.156	8.222
-34.110	8.143
-34.074	8.059
-34.011	7.911
-33.965	7.755
-33.904	7.606
-33.895	7.587
-33.880	7.570
-33.865	7.556
-33.730	7.429
-33.587	7.858
-33.586	7.861
-33.491	8.157
-33.422	8.460
-33.340	8.760
POLYLINE BLACK
-32.808	8.588
-32.851	8.471
-32.904	8.356
-32.938	8.236
-32.999	8.021
-33.012	7.753
-32.942	7.540
-32.859	7.287
-32.605	7.420
-32.511	7.586
-32.289	7.979
-32.293	8.070
-32.135	8.556
POLYLINE BLACK
-31.932	6.863
-31.878	7.202
-31.831	7.543
-31.769	7.881
-31.747	8.004
-31.654	8.156
-31.518	8.175
-31.352	8.197
-31.184	8.209
-31.018	8.232
-30.996	8.235
-30.964	8.258
-30.949	8.274
-30.838	8.393
-30.883	8.776
-31.036	8.853
-31.216	8.943
-31.458	8.737
-31.514	8.575
-31.572	8.406
-31.563	8.217
-31.524	8.045
-31.443	7.682
-31.085	7.460
-30.832	7.230
POLYLINE BLACK
-30.711	7.133
-30.514	7.679
-30.330	8.229
-30.119	8.769
-30.105	8.807
-29.991	9.062
-29.884	9.089
-29.773	9.118
-29.742	8.823
-29.741	8.812
-29.696	7.972
-29.699	8.025
-29.738	7.495
POLYLINE BLACK
-30.470	8.148
-29.651	7.973
-30.085	8.034
-29.163	7.986
POLYLINE BLACK
-30.108	0.919
-30.296	0.866
-30.446	0.808
-30.540	0.633
-30.793	0.160
-31.205	-0.407
-31.314	-0.991
-31.410	-1.505
-31.309	-2.043
-31.062	-2.503
-30.958	-2.697
-30.760	-2.822
-30.611	-2.971
-30.484	-3.100
-30.461	-3.474
-30.525	-3.624
-30.953	-4.624
-31.374	-5.628
-31.851	-6.606
-32.360	-7.646
-32.384	-7.652
-32.843	-8.214
POLYLINE BLACK
-32.498	-7.989
-31.956	-8.122
-31.414	-8.254
-30.872	-8.387
-30.789	-8.426
-30.700	-8.456
-30.622	-8.505
-30.544	-8.554
-30.479	-8.621
-30.408	-8.680
POLYLINE BLACK
-32.578	-8.905
-32.398	-8.141
-32.497	-8.435
-32.338	-8.003
POLYLINE BLACK
-32.362	-8.936
-32.012	-8.308
POLYLINE BLACK
-31.743	-9.024
-31.714	-8.616
-31.622	-8.411
-31.442	-8.070
POLYLINE BLACK
-31.111	-9.057
-30.750	-8.450
POLYLINE BLACK
-31.289	-9.053
-31.050	-8.281
POLYLINE BLACK
-33.628	-10.521
-33.508	-10.400
-33.393	-10.274
-33.267	-10.159
-33.165	-10.066
-33.034	-10.000
-32.897	-9.978
-32.660	-9.941
-32.451	-10.061
-32.521	-10.321
-32.577	-10.528
-32.750	-10.574
-32.822	-10.730
-32.884	-10.865
-32.940	-11.002
-33.000	-11.138
POLYLINE BLACK
-33.236	-12.091
-33.343	-12.165
POLYLINE BLACK
-30.170	-4.224
-30.139	-4.186
-30.112	-4.146
-30.078	-4.110
-30.056	-4.087
-30.030	-4.067
-30.003	-4.049
-29.854	-3.954
-29.732	-3.912
-29.561	-3.973
-29.499	-3.994
-29.430	-4.041
-29.401	-4.102
-29.368	-4.170
-29.396	-4.250
-29.397	-4.320
-29.397	-4.344
-29.392	-4.367
-29.389	-4.390
-29.392	-4.465
-29.394	-4.540
-29.396	-4.614
POLYLINE BLACK
-25.443	-2.093
-25.547	-2.311
-25.646	-2.533
-25.756	-2.749
-25.772	-2.781
-25.795	-2.809
-25.819	-2.835
-25.889	-2.912
-25.968	-2.980
-26.036	-3.058
-26.145	-3.187
-26.226	-3.341
-26.349	-3.457
-26.927	-4.000
-26.779	-3.775
-27.219	-4.086
-27.275	-4.125
-27.319	-4.180
-27.376	-4.218
-27.538	-4.329
-27.568	-4.339
-27.695	-4.393
POLYLINE BLACK
-29.366	-4.503
-29.439	-4.593
-29.579	-4.736
-29.629	-4.865
-29.730	-5.125
-29.696	-5.397
-29.725	-5.668
-29.733	-5.738
-29.754	-5.807
-29.761	-5.878
-29.764	-5.916
-29.766	-5.955
-29.757	-5.993
-29.678	-6.329
-29.593	-6.663
-29.499	-6.996
-29.478	-7.070
-29.416	-7.174
-29.363	-7.234
-29.197	-7.425
-28.994	-7.432
-28.769	-7.515
-28.680	-7.548
-28.597	-7.594
-28.512	-7.633
POLYLINE BLACK
-27.705	-4.446
-27.885	-4.475
-28.070	-4.515
-28.188	-4.667
-28.295	-4.805
-28.278	-5.006
-28.279	-5.166
-28.280	-5.256
-28.274	-5.346
-28.259	-5.434
-28.244	-5.520
-28.213	-5.603
-28.190	-5.687
POLYLINE BLACK
-30.324	-8.462
-29.811	-6.919
-30.077	-7.462
-29.708	-6.755
POLYLINE BLACK
-29.283	-6.016
-29.233	-5.560
-29.270	-5.799
-29.162	-5.302
POLYLINE BLACK
-28.817	-5.174
-28.340	-4.779
POLYLINE BLACK
-29.286	-4.548
-28.872	-4.538
-28.492	-4.638
-28.112	-4.783
POLYLINE BLACK
-28.951	-3.995
-28.971	-4.650
POLYLINE BLACK
-28.605	-4.112
-28.740	-4.527
-28.764	-4.499
-28.743	-4.826
POLYLINE BLACK
-28.254	-4.310
-28.304	-4.687
POLYLINE BLACK
-27.205	-5.698
-27.207	-4.651
POLYLINE BLACK
-27.240	-5.030
-27.143	-5.026
-27.046	-5.025
-26.950	-5.017
-26.748	-5.002
-26.779	-4.689
-26.989	-4.662
-27.012	-4.659
-27.038	-4.654
-27.060	-4.664
-27.146	-4.701
-27.224	-4.755
-27.306	-4.800
POLYLINE BLACK
-26.418	-5.479
-26.426	-5.488
POLYLINE BLACK
-25.333	-4.709
-25.516	-4.712
-25.730	-4.713
-25.766	-4.927
-25.776	-4.985
-25.754	-5.048
-25.718	-5.093
-25.642	-5.187
-25.558	-5.274
-25.485	-5.370
-25.477	-5.381
-25.476	-5.397
-25.478	-5.410
-25.489	-5.460
-25.578	-5.482
-25.617	-5.482
-25.731	-5.484
-25.846	-5.477
-25.960	-5.474
POLYLINE BLACK
-31.758	-7.763
-31.721	-7.718
-31.685	-7.670
-31.645	-7.627
-31.628	-7.609
-31.607	-7.594
-31.587	-7.579
-31.450	-7.485
-31.424	-7.605
-31.350	-7.710
-31.336	-7.729
-31.320	-7.745
-31.297	-7.752
-31.269	-7.760
-31.234	-7.755
-31.207	-7.745
-31.114	-7.710
-31.023	-7.672
-30.932	-7.635
POLYLINE BLACK
-30.878	-5.850
-30.833	-5.772
-30.789	-5.693
-30.741	-5.616
-30.732	-5.601
-30.709	-5.578
-30.690	-5.569
-30.634	-5.544
-30.608	-5.638
-30.591	-5.666
-30.573	-5.695
-30.543	-5.718
-30.511	-5.729
-30.377	-5.779
-30.215	-5.682
-30.104	-5.640
POLYLINE BLACK
-29.113	-6.118
-29.055	-6.028
-28.997	-5.873
-28.896	-6.001
-28.854	-6.054
-28.825	-6.117
-28.754	-6.133
-28.661	-6.153
-28.548	-6.071
-28.481	-6.039
POLYLINE BLACK
-28.083	-5.667
-27.848	-5.889
-27.735	-6.038
-27.478	-6.183
-27.271	-6.299
-26.801	-6.389
-26.681	-6.419
-26.142	-6.554
-25.793	-6.566
-25.364	-6.792
-24.744	-7.120
-24.119	-7.439
-23.511	-7.789
-21.549	-8.921
-23.603	-7.853
-22.614	-8.360
POLYLINE BLACK
-22.837	-8.150
-22.669	-8.259
-22.314	-8.251
-22.142	-8.424
-21.941	-8.627
-21.903	-8.952
-21.940	-9.221
-21.950	-9.295
-21.984	-9.365
-21.987	-9.440
-21.996	-9.660
-21.940	-9.884
-21.976	-10.102
-22.320	-11.317
-22.220	-10.790
-22.349	-11.670
POLYLINE BLACK
-27.107	-7.811
-27.058	-7.714
-27.014	-7.614
-26.960	-7.519
-26.897	-7.407
-26.767	-7.303
-26.650	-7.402
-26.530	-7.503
-26.494	-7.649
-26.324	-7.674
-26.095	-7.707
-25.672	-7.503
-25.569	-7.473
-25.506	-7.454
-25.440	-7.446
-25.376	-7.433
POLYLINE BLACK
-24.992	-9.360
-24.892	-9.155
-24.799	-8.946
-24.690	-8.744
-24.673	-8.713
-24.545	-8.468
-24.441	-8.528
-24.382	-8.562
-24.356	-8.652
-24.333	-8.705
-24.292	-8.805
-24.255	-8.907
-24.211	-9.006
-24.170	-9.095
-24.117	-9.150
-24.026	-9.090
-23.993	-9.069
-23.960	-9.048
-23.933	-9.020
-23.599	-8.674
-23.631	-8.710
-23.449	-8.468
POLYLINE BLACK
-23.985	-11.438
-23.876	-11.264
-23.771	-11.087
-23.658	-10.915
-23.606	-10.838
-23.488	-10.732
-23.399	-10.819
-23.287	-10.927
-23.232	-11.225
-23.076	-11.258
-22.997	-11.274
-22.889	-11.210
-22.840	-11.161
-22.515	-10.828
-22.201	-10.484
-21.882	-10.146
POLYLINE BLACK
-28.512	-7.543
-27.421	-8.151
-26.321	-8.743
-25.239	-9.366
-25.160	-9.411
-25.096	-9.479
-25.033	-9.545
-24.892	-9.691
-24.688	-9.889
-24.642	-10.110
-24.591	-10.355
-24.611	-10.637
-24.590	-10.874
-24.568	-11.120
-24.336	-11.494
-24.277	-11.638
-24.255	-11.693
-24.181	-11.849
-24.221	-11.940
-24.241	-11.982
-24.279	-12.008
-24.318	-12.030
-24.499	-12.129
-24.726	-12.300
-24.957	-12.295
-25.127	-12.292
-25.297	-12.260
-25.467	-12.270
-25.692	-12.282
-25.921	-12.298
-26.137	-12.362
-26.750	-12.544
-27.324	-12.855
-27.946	-13.005
-29.849	-13.246
-29.170	-13.080
-30.022	-13.304
POLYLINE BLACK
-22.318	-11.714
-22.259	-11.846
-22.209	-11.982
-22.142	-12.110
-21.961	-12.456
-21.459	-12.644
-21.366	-12.964
-21.355	-13.002
-21.368	-13.034
-21.387	-13.066
-21.551	-13.353
-21.706	-13.646
-21.881	-13.926
-21.970	-14.069
-22.256	-14.280
-22.358	-14.343
-22.456	-14.403
-22.558	-14.466
-22.671	-14.485
-23.556	-14.635
-23.871	-14.623
-24.663	-14.413
-25.012	-14.320
-25.019	-14.247
-25.344	-14.244
-25.823	-14.240
-26.040	-14.283
-26.519	-14.396
-26.716	-14.443
-26.905	-14.519
-27.104	-14.558
-27.551	-14.646
-27.852	-14.605
-28.216	-14.771
POLYLINE BLACK
-29.884	-13.269
-30.070	-13.321
-30.257	-13.366
-30.441	-13.424
-30.651	-13.490
-30.854	-13.577
-31.064	-13.640
-31.218	-13.686
-31.611	-13.663
-31.694	-13.667
-31.733	-13.668
-31.773	-13.675
-31.810	-13.690
-32.003	-13.768
-32.179	-13.895
-32.385	-13.938
-32.566	-13.977
-32.693	-13.795
-32.669	-13.631
-32.644	-13.457
-32.624	-13.282
-32.584	-13.112
-32.511	-12.799
-32.385	-12.555
-32.163	-12.328
POLYLINE BLACK
-33.301	-12.108
-33.384	-12.160
-33.490	-12.216
-33.501	-12.327
-33.531	-12.639
-33.507	-13.331
-33.774	-13.646
-33.792	-13.668
-33.813	-13.688
-33.835	-13.706
-34.050	-13.881
-34.275	-14.041
-34.483	-14.223
-34.565	-14.295
-34.630	-14.385
-34.703	-14.465
POLYLINE BLACK
-32.472	-11.218
-32.819	-11.272
-33.159	-11.282
-33.363	-11.596
-33.422	-11.687
-33.441	-11.809
-33.435	-11.914
-33.417	-12.265
-33.264	-12.499
-32.936	-12.642
-32.847	-12.681
-32.653	-12.678
-32.606	-12.679
-32.466	-12.681
-32.294	-12.627
-32.192	-12.528
-31.972	-12.313
-31.938	-11.942
-31.918	-11.656
-31.905	-11.460
-31.995	-11.247
-32.200	-11.199
-32.449	-11.140
-32.629	-11.281
-32.842	-11.394
POLYLINE BLACK
-32.962	-11.903
-32.258	-11.938
POLYLINE BLACK
-30.272	-10.976
-30.399	-11.012
-30.526	-11.044
-30.652	-11.083
-30.673	-11.090
-30.708	-11.115
-30.722	-11.134
-30.776	-11.212
-30.619	-11.274
-30.628	-11.365
-30.636	-11.451
-30.793	-11.547
-30.819	-11.570
POLYLINE BLACK
-29.843	-11.599
-29.884	-11.123
POLYLINE BLACK
-30.178	-10.893
-29.650	-10.937
POLYLINE BLACK
-29.440	-10.974
-29.447	-11.063
-29.463	-11.151
-29.462	-11.240
-29.461	-11.313
-29.448	-11.385
-29.436	-11.456
-29.413	-11.581
-29.293	-11.344
-29.282	-11.305
-29.248	-11.182
-29.220	-11.056
-29.189	-10.932
POLYLINE BLACK
-29.130	-11.561
-29.127	-11.487
-29.125	-11.413
-29.122	-11.340
-29.113	-11.331
-29.107	-11.310
-29.096	-11.315
-29.053	-11.331
-29.013	-11.478
-28.965	-11.452
-28.942	-11.439
-28.933	-11.373
-28.932	-11.361
-28.926	-11.292
-28.923	-11.222
-28.925	-11.153
-28.926	-11.098
-28.944	-10.983
-29.026	-11.001
-29.062	-11.010
-29.062	-11.014
-29.079	-11.044
-29.116	-11.112
-29.152	-11.181
-29.188	-11.249
POLYLINE BLACK
-28.729	-11.867
-28.698	-11.723
-28.667	-11.579
-28.637	-11.435
-28.627	-11.375
-28.647	-11.302
-28.607	-11.257
-28.581	-11.226
-28.550	-11.519
-28.499	-11.399
-28.471	-11.333
-28.456	-11.262
-28.435	-11.193
POLYLINE BLACK
-28.338	-10.430
-28.378	-10.411
POLYLINE BLACK
-28.261	-11.619
-28.231	-11.469
-28.207	-11.318
-28.171	-11.170
-28.156	-11.110
-28.133	-11.051
-28.106	-10.994
-28.102	-10.985
-28.088	-10.972
-28.080	-10.978
-28.066	-10.990
-28.064	-11.012
-28.063	-11.030
-28.051	-11.526
-28.050	-11.451
-28.089	-11.800
POLYLINE BLACK
-28.297	-11.302
-28.041	-11.365
POLYLINE BLACK
-31.488	-12.255
-31.399	-12.302
-31.308	-12.344
-31.221	-12.394
-31.176	-12.420
-31.134	-12.474
-31.148	-12.528
-31.157	-12.562
-31.227	-12.626
-31.181	-12.653
-31.168	-12.661
-31.150	-12.664
-31.134	-12.662
-31.043	-12.651
-30.954	-12.631
-30.864	-12.615
POLYLINE BLACK
-30.580	-12.002
-30.574	-12.114
-30.573	-12.227
-30.561	-12.338
-30.556	-12.386
-30.541	-12.433
-30.528	-12.479
-30.464	-12.701
-30.349	-12.372
-30.290	-12.341
-30.193	-12.290
-30.181	-12.541
-30.078	-12.439
-30.066	-12.427
-30.053	-12.413
-30.045	-12.397
-29.992	-12.294
-29.945	-12.188
-29.895	-12.084
POLYLINE BLACK
-29.712	-12.040
-29.709	-12.117
-29.713	-12.195
-29.703	-12.272
-29.698	-12.311
-29.650	-12.291
-29.637	-12.283
-29.576	-12.246
-29.510	-12.176
-29.497	-12.104
-29.491	-12.069
-29.500	-12.035
-29.520	-12.006
-29.590	-11.905
-29.707	-11.915
-29.778	-12.012
-29.848	-12.107
-29.912	-12.207
-29.979	-12.305
POLYLINE BLACK
-29.332	-12.543
-29.329	-12.447
-29.327	-12.350
-29.324	-12.254
-29.323	-12.233
-29.327	-12.295
-29.324	-12.315
-29.321	-12.337
-29.308	-12.347
-29.286	-12.344
-29.225	-12.335
-29.007	-12.169
-29.052	-12.089
-29.064	-12.066
-29.095	-12.052
-29.118	-12.046
-29.312	-11.990
-29.331	-12.140
-29.387	-12.292
POLYLINE BLACK
-28.897	-12.621
-28.843	-12.469
-28.792	-12.316
-28.734	-12.165
-28.664	-11.981
-28.572	-12.112
-28.584	-12.241
-28.606	-12.477
-28.642	-12.712
-28.672	-12.948
POLYLINE BLACK
-28.972	-12.343
-28.632	-12.382
-28.816	-12.367
-28.420	-12.378
POLYLINE BLACK
-28.504	-12.614
-28.541	-12.932
-28.577	-12.783
-28.375	-13.056
POLYLINE BLACK
-25.854	-13.605
-25.728	-13.439
-25.606	-13.270
-25.475	-13.107
-25.408	-13.023
-25.369	-13.126
-25.360	-13.181
-25.342	-13.299
-25.328	-13.419
-25.308	-13.538
-25.306	-13.550
-25.300	-13.561
-25.295	-13.572
-25.224	-13.707
-25.084	-13.661
-25.004	-13.561
-24.770	-13.267
-24.547	-12.964
-24.319	-12.665
POLYLINE BLACK
-29.398	-14.423
-29.306	-14.240
-29.222	-14.054
-29.123	-13.875
-29.089	-13.814
-29.043	-13.760
-28.998	-13.707
-28.932	-13.630
-28.817	-13.532
-28.716	-13.610
-28.706	-13.618
-28.695	-13.628
-28.687	-13.638
-28.643	-13.690
-28.607	-13.747
-28.561	-13.795
-28.526	-13.832
-28.486	-13.864
-28.445	-13.894
-28.402	-13.927
-28.348	-13.961
-28.291	-13.962
-28.122	-13.966
-27.951	-13.823
-27.840	-13.720
-27.686	-13.579
-27.543	-13.426
-27.395	-13.278
POLYLINE BLACK
-31.438	-17.896
-31.421	-17.675
-31.436	-17.538
-31.366	-17.349
-31.301	-17.175
-31.166	-17.044
-31.037	-16.915
-30.766	-16.642
-30.336	-16.438
-30.010	-16.315
-29.559	-16.146
-29.085	-16.043
-28.625	-15.901
-28.596	-15.892
-28.569	-15.878
-28.543	-15.863
-28.502	-15.838
-28.436	-15.776
-28.416	-15.737
-28.264	-15.439
-28.162	-15.114
-27.979	-14.834
-27.903	-14.716
-27.763	-14.656
-27.655	-14.567
POLYLINE BLACK
-34.495	-14.145
-34.445	-14.974
-34.490	-14.447
-34.417	-15.057
-34.404	-15.163
-34.404	-15.271
-34.382	-15.375
-34.336	-15.594
-34.203	-15.886
-34.221	-16.132
-34.259	-16.674
-34.313	-17.217
-34.385	-17.756
-34.450	-18.235
-34.580	-18.335
-34.689	-18.828
-34.751	-19.109
-34.735	-19.812
-34.749	-20.019
-34.788	-20.570
-34.863	-20.406
-34.776	-20.820
POLYLINE BLACK
-31.656	-17.535
-31.744	-17.961
-31.748	-18.129
-31.932	-18.508
-31.994	-18.635
-32.283	-19.047
-32.319	-19.281
-32.444	-20.111
-32.376	-20.474
-32.634	-21.195
-32.774	-21.584
-32.969	-21.950
-33.112	-22.337
-33.493	-23.363
-33.109	-22.579
-33.427	-23.655
-33.496	-23.888
-33.607	-24.108
-33.696	-24.335
POLYLINE BLACK
-33.584	-24.285
-33.630	-24.394
-33.684	-24.499
-33.722	-24.611
-33.750	-24.692
-33.768	-24.776
-33.780	-24.860
-33.832	-25.214
-33.862	-25.570
-33.914	-25.923
-33.931	-26.041
-34.117	-26.320
-34.130	-26.344
-34.155	-26.393
-34.169	-26.448
-34.188	-26.499
POLYLINE BLACK
-34.114	-26.581
-34.162	-26.614
-34.213	-26.643
-34.258	-26.680
-34.387	-26.782
-34.461	-27.075
-34.486	-27.189
-34.520	-27.345
-34.544	-27.504
-34.548	-27.664
-34.581	-29.054
-34.443	-28.321
-34.555	-28.866
POLYLINE BLACK
-34.851	-20.327
-34.850	-20.411
-34.844	-20.495
-34.850	-20.578
-34.895	-21.215
-35.699	-21.806
-36.065	-22.165
-36.315	-22.411
-36.814	-22.906
-37.041	-23.225
-37.131	-23.352
-37.202	-23.492
-37.270	-23.632
-37.413	-23.922
-37.317	-24.350
-37.309	-24.632
-37.307	-24.680
-37.310	-24.798
-37.341	-24.862
-37.409	-25.005
-37.581	-25.098
-37.706	-25.163
-38.033	-25.333
-38.354	-25.521
-38.702	-25.640
-39.201	-25.810
-39.728	-25.884
-40.235	-26.028
-40.363	-26.064
-40.598	-26.151
-40.733	-26.256
-40.820	-26.323
-40.862	-26.403
-40.929	-26.496
POLYLINE BLACK
-33.712	-17.531
-33.634	-17.369
-33.560	-17.204
-33.478	-17.044
-33.465	-17.020
-33.428	-16.976
-33.397	-16.962
-33.313	-16.924
-33.266	-17.079
-33.238	-17.120
-33.196	-17.182
-33.125	-17.227
-33.050	-17.236
-32.793	-17.267
-32.427	-17.105
-32.187	-17.022
POLYLINE BLACK
-34.942	-21.746
-34.830	-21.636
-34.722	-21.523
-34.606	-21.417
-34.584	-21.397
-34.556	-21.384
-34.528	-21.371
-34.367	-21.294
-34.295	-21.491
-34.215	-21.586
-34.163	-21.649
-34.069	-21.732
-33.980	-21.738
-33.734	-21.752
-33.359	-21.351
-33.275	-21.283
POLYLINE BLACK
-36.772	-26.002
-36.639	-25.822
-36.513	-25.638
-36.375	-25.462
-36.352	-25.431
-36.321	-25.408
-36.291	-25.384
-36.145	-25.269
-36.082	-25.487
-36.045	-25.593
-36.008	-25.698
-35.989	-25.808
-35.956	-25.914
-35.935	-25.978
-35.879	-26.037
-35.822	-26.070
-35.537	-26.235
-35.177	-26.004
-34.935	-25.879
POLYLINE BLACK
-38.619	-28.062
-38.540	-27.889
-38.469	-27.712
-38.381	-27.543
-38.226	-27.242
-37.844	-26.970
-37.532	-26.853
-37.288	-26.762
-37.043	-26.677
-36.796	-26.597
-36.632	-26.544
-36.471	-26.585
-36.322	-26.663
-36.141	-26.759
-36.202	-26.886
-36.162	-27.063
-36.134	-27.151
-36.107	-27.240
-36.079	-27.329
-36.046	-27.410
-36.001	-27.487
-35.980	-27.572
-35.933	-27.758
-35.901	-27.947
-35.874	-28.137
-35.865	-28.196
-35.869	-28.256
-35.872	-28.315
-35.893	-28.717
-35.875	-28.777
-35.957	-29.050
POLYLINE BLACK
-40.101	-35.121
-40.047	-34.931
-39.925	-34.328
-39.746	-34.081
-39.229	-33.364
-38.716	-32.803
-38.047	-32.214
-37.751	-31.953
-37.405	-31.754
-37.110	-31.493
-36.867	-31.279
-36.671	-31.017
-36.438	-30.793
-35.842	-30.222
-35.222	-29.677
-34.623	-29.109
-34.589	-29.077
-34.566	-29.035
-34.542	-28.996
-34.504	-28.932
-34.473	-28.864
-34.439	-28.798
POLYLINE BLACK
-40.948	-26.738
-41.508	-28.261
-41.426	-28.262
-42.445	-29.825
-42.668	-30.168
-42.956	-30.464
-43.214	-30.782
-43.250	-30.828
-43.296	-30.866
-43.327	-30.915
-43.431	-31.084
-43.547	-31.249
-43.615	-31.435
-43.925	-32.277
-43.905	-32.248
-43.949	-32.818
POLYLINE BLACK
-35.918	-29.028
-36.369	-28.640
-37.610	-29.232
-38.160	-28.675
-38.375	-28.456
-38.493	-28.152
-38.621	-27.880
POLYLINE BLACK
-35.291	-29.850
-35.505	-29.587
-35.541	-29.509
-35.804	-29.310
-35.939	-29.208
-36.085	-29.119
-36.225	-29.024
POLYLINE BLACK
-38.554	-28.083
-38.602	-27.977
-38.644	-27.868
-38.697	-27.765
-38.720	-27.720
-38.749	-27.679
-38.783	-27.641
-39.203	-27.168
-39.275	-27.044
-39.811	-26.756
-39.977	-26.667
-40.419	-26.495
-40.640	-26.455
-40.709	-26.443
-40.780	-26.454
-40.850	-26.454
POLYLINE BLACK
-43.091	-31.282
-43.123	-31.226
-43.171	-31.176
-43.188	-31.113
-43.193	-31.095
-43.148	-31.108
-43.134	-31.120
-42.586	-31.588
-42.089	-32.118
-41.510	-32.547
-41.400	-32.628
-40.531	-33.096
-40.165	-33.168
-38.577	-33.484
-39.557	-33.191
-38.936	-33.384
POLYLINE BROWN
-39.214	-28.279
-39.412	-28.136
-39.608	-28.032
-39.853	-28.011
-39.992	-27.999
-40.332	-28.006
-40.342	-28.217
-40.348	-28.317
-40.295	-28.414
-40.227	-28.485
-39.991	-28.730
-39.763	-28.907
-39.464	-28.653
-39.387	-28.588
-39.315	-28.507
-39.282	-28.410
-39.216	-28.217
-39.359	-27.935
-39.576	-27.919
-39.802	-27.901
-40.085	-28.139
-40.234	-28.231
POLYLINE BROWN
-40.617	-29.690
-40.717	-29.812
-40.926	-29.965
-40.914	-30.159
-40.905	-30.331
-40.759	-30.475
-40.642	-30.582
-40.500	-30.712
-40.296	-30.789
-40.130	-30.658
-40.080	-30.619
-40.039	-30.574
-40.019	-30.514
-39.995	-30.442
-40.036	-30.358
-40.085	-30.307
-40.207	-30.179
-40.379	-30.055
-40.566	-30.076
-40.730	-30.094
-40.900	-30.225
-40.990	-30.357
-41.199	-30.662
-41.387	-30.981
-41.585	-31.294
POLYLINE BROWN
-39.780	-31.287
-39.802	-31.341
-39.827	-31.394
-39.848	-31.448
-39.903	-31.592
-39.636	-31.828
-39.591	-31.876
-39.480	-31.993
-39.321	-32.069
-39.158	-32.047
-38.970	-32.022
-38.816	-31.910
-38.673	-31.792
-38.553	-31.692
-38.432	-31.553
-38.413	-31.392
-38.405	-31.321
-38.426	-31.248
-38.459	-31.187
-38.542	-31.030
-38.713	-30.962
-38.883	-30.953
-39.021	-30.946
-39.176	-30.945
-39.304	-31.009
-39.392	-31.053
-39.449	-31.156
-39.503	-31.227
POLYLINE BROWN
-38.512	-29.944
-38.634	-29.994
-38.865	-30.033
-38.892	-30.206
-38.913	-30.344
-38.854	-30.483
-38.800	-30.605
-38.763	-30.691
-38.695	-30.806
-38.597	-30.837
-38.484	-30.873
-38.378	-30.770
-38.317	-30.688
-38.276	-30.633
-38.252	-30.564
-38.252	-30.495
-38.250	-30.308
-38.445	-29.990
-38.658	-29.997
-38.787	-30.002
-38.948	-30.136
-39.025	-30.182
POLYLINE BROWN
-37.023	-30.294
-37.088	-30.340
-37.155	-30.382
-37.218	-30.432
-37.320	-30.512
-37.160	-30.627
-37.088	-30.641
-36.916	-30.674
-36.524	-30.246
-36.752	-30.132
-36.774	-30.121
-36.796	-30.109
-36.820	-30.105
-36.932	-30.085
-37.046	-30.070
-37.160	-30.062
-37.306	-30.052
-37.396	-30.089
-37.530	-30.138
POLYLINE BROWN
31.508	-73.659
32.629	-72.963
POLYLINE BLACK
-47.035	-37.550
-46.631	-38.393
-46.237	-39.239
-45.825	-40.078
-45.708	-40.318
-45.573	-40.367
-45.354	-40.204
-45.297	-40.162
-45.233	-40.123
-45.193	-40.064
-44.412	-38.906
-43.661	-37.728
-42.895	-36.560
POLYLINE BLACK
-48.324	-41.987
-48.307	-41.671
-48.292	-41.355
-48.271	-41.039
-48.270	-41.019
-48.253	-40.984
-48.241	-40.968
-48.178	-40.884
-48.051	-40.934
-47.971	-40.940
-47.912	-40.944
-47.848	-40.917
-47.825	-40.859
-47.810	-40.821
-47.823	-40.793
-47.867	-40.801
-48.024	-40.831
-48.344	-41.020
-48.359	-41.027
POLYLINE BLACK
-47.498	-41.223
-47.520	-41.314
-47.544	-41.405
-47.562	-41.497
-47.587	-41.618
-47.488	-41.655
-47.392	-41.604
-47.323	-41.568
-47.278	-41.497
-47.245	-41.430
-47.209	-41.357
-47.214	-41.267
-47.287	-41.220
-47.324	-41.196
-47.365	-41.176
-47.410	-41.185
-47.488	-41.199
-47.549	-41.302
-47.590	-41.352
POLYLINE BLACK
-46.710	-41.129
-46.827	-41.337
-46.844	-41.530
-46.842	-41.766
-46.841	-41.796
-46.830	-41.901
-46.768	-41.866
-46.750	-41.856
-46.735	-41.840
-46.721	-41.823
-46.607	-41.693
-46.503	-41.553
-46.386	-41.426
-46.307	-41.340
-46.216	-41.266
-46.132	-41.186
POLYLINE BLACK
-45.732	-42.022
-45.693	-41.256
POLYLINE BLACK
-45.866	-40.993
-45.603	-41.073
-45.418	-41.038
-45.150	-41.000
POLYLINE BLACK
-45.031	-41.260
-45.054	-41.321
-45.183	-41.463
-45.167	-41.571
-45.150	-41.694
-44.971	-41.733
-44.877	-41.685
-44.803	-41.648
-44.751	-41.573
-44.712	-41.502
-44.637	-41.365
-44.661	-41.275
-44.772	-41.179
-45.046	-40.943
-44.855	-40.554
-44.783	-40.273
POLYLINE BLACK
-44.381	-41.724
-44.362	-41.477
-44.348	-41.229
-44.324	-40.982
-44.322	-40.952
-44.311	-40.924
-44.303	-40.896
-44.278	-40.816
-44.226	-40.902
-44.219	-40.941
-44.214	-40.974
-44.208	-41.007
-44.210	-41.040
-44.221	-41.301
-44.241	-41.561
-44.257	-41.821
POLYLINE BLACK
-43.969	-41.298
-43.931	-41.238
-43.896	-41.175
-43.854	-41.118
-43.835	-41.094
-43.818	-41.127
-43.814	-41.137
-43.808	-41.154
-43.807	-41.173
-43.803	-41.191
-43.793	-41.390
-43.813	-41.592
-43.773	-41.787
-43.761	-41.849
-43.692	-41.883
-43.652	-41.930
POLYLINE BLACK
-43.136	-41.722
-43.062	-41.575
-42.985	-41.430
-42.915	-41.282
-42.880	-41.209
-42.937	-41.227
-42.971	-41.256
-43.009	-41.288
-43.045	-41.323
-43.079	-41.359
-43.157	-41.445
-43.169	-41.540
-43.190	-41.650
POLYLINE BLACK
-42.687	-42.059
-42.638	-41.805
-42.590	-41.550
-42.542	-41.296
-42.535	-41.288
-42.528	-41.264
-42.521	-41.272
-42.507	-41.286
-42.510	-41.310
-42.508	-41.330
-42.502	-41.385
-42.503	-41.441
-42.497	-41.496
-42.489	-41.558
-42.428	-41.534
-42.406	-41.497
-42.280	-41.294
-42.162	-41.088
-42.039	-40.883
POLYLINE BLACK
-42.126	-40.869
-41.948	-40.871
-41.695	-40.926
-41.534	-40.797
-41.403	-40.692
-41.613	-40.832
-41.414	-40.649
-41.401	-40.637
-41.425	-40.683
-41.430	-40.699
-41.489	-40.839
-41.562	-40.974
-41.607	-41.119
-41.658	-41.285
-41.680	-41.458
-41.717	-41.628
POLYLINE BLACK
-48.689	-43.780
-48.639	-43.515
-48.589	-43.250
-48.539	-42.985
-48.534	-42.974
-48.532	-42.960
-48.523	-42.951
-48.513	-42.940
-48.499	-43.055
-48.481	-43.080
-48.420	-43.164
-48.288	-43.116
-48.246	-43.039
-48.210	-42.971
-48.201	-42.916
-48.190	-42.838
-48.173	-42.718
-48.242	-42.643
-48.343	-42.744
-48.417	-42.819
-48.487	-42.896
-48.560	-42.972
POLYLINE BLACK
-47.545	-43.029
-47.566	-43.199
-47.592	-43.368
-47.608	-43.538
-47.628	-43.747
-47.443	-43.672
-47.386	-43.549
-47.331	-43.430
-47.374	-43.285
-47.415	-43.170
-47.426	-43.140
-47.457	-43.102
-47.492	-43.127
-47.504	-43.136
-47.513	-43.148
-47.521	-43.159
-47.553	-43.205
-47.582	-43.253
-47.612	-43.299
POLYLINE BLACK
-46.886	-43.850
-46.752	-43.617
-46.621	-43.382
-46.484	-43.152
-46.466	-43.122
-46.446	-43.116
-46.450	-43.153
-46.452	-43.172
-46.517	-43.372
-46.410	-43.285
-46.397	-43.274
-46.221	-43.048
-46.129	-43.127
-46.109	-43.144
-46.089	-43.182
-46.084	-43.207
-46.048	-43.381
-46.018	-43.556
-45.985	-43.731
POLYLINE BLACK
-45.388	-43.718
-45.437	-43.530
POLYLINE BLACK
-45.373	-42.243
-45.375	-42.270
POLYLINE BLACK
-45.026	-43.803
-44.885	-43.533
-44.747	-43.261
-44.602	-42.994
-44.595	-42.980
-44.583	-42.969
-44.570	-42.959
-44.499	-42.905
-44.477	-43.068
-44.475	-43.091
-44.458	-43.294
-44.450	-43.498
-44.438	-43.701
POLYLINE BLACK
-44.696	-43.346
-44.262	-43.515
POLYLINE BLACK
-44.063	-43.989
-44.030	-43.765
-44.002	-43.541
-43.965	-43.319
-43.953	-43.250
-43.906	-43.172
-43.843	-43.139
-43.804	-43.120
-43.698	-43.127
-43.692	-43.074
-43.686	-43.022
-43.802	-42.953
-43.832	-43.077
-43.860	-43.192
-43.874	-43.303
-43.839	-43.418
-43.787	-43.592
-43.637	-43.717
-43.520	-43.845
POLYLINE BLACK
-34.720	-29.784
-34.626	-29.919
-34.540	-30.060
-34.436	-30.188
-34.240	-30.427
-33.858	-30.645
-33.642	-30.794
POLYLINE BLACK
-33.002	-31.367
-33.056	-31.462
-33.113	-31.555
-33.164	-31.652
-33.273	-31.861
-33.058	-32.257
-32.827	-32.076
-32.707	-31.982
-32.705	-31.821
-32.725	-31.682
-32.736	-31.602
-32.771	-31.499
-32.860	-31.477
-32.975	-31.448
-33.126	-31.560
-33.205	-31.600
POLYLINE BLACK
-32.280	-32.282
-32.234	-31.983
-32.179	-31.686
-32.143	-31.387
-32.141	-31.372
-32.168	-31.405
-32.176	-31.418
-32.186	-31.435
-32.191	-31.454
-32.195	-31.473
-32.200	-31.496
-32.198	-31.522
-32.183	-31.542
-32.168	-31.564
-32.141	-31.576
-32.117	-31.582
-31.893	-31.640
-31.789	-31.347
-31.705	-31.208
POLYLINE BLACK
-31.933	-31.302
-31.943	-31.461
-32.039	-31.783
-31.953	-31.965
-31.918	-32.041
-31.870	-32.110
-31.829	-32.183
POLYLINE BLACK
-31.635	-32.140
-31.610	-31.927
POLYLINE BLACK
-31.514	-30.818
-31.503	-30.868
POLYLINE BLACK
-31.375	-31.952
-31.211	-31.858
-31.372	-31.407
-31.159	-31.277
-31.015	-31.189
-30.807	-31.287
-30.673	-31.334
POLYLINE BLACK
-31.395	-31.701
-30.970	-31.731
POLYLINE BLACK
-31.350	-31.957
-30.993	-32.165
POLYLINE BLACK
-30.693	-32.577
-30.574	-32.315
-30.451	-32.056
-30.336	-31.792
-30.314	-31.742
-30.305	-31.686
-30.283	-31.636
-30.281	-31.631
-30.271	-31.642
-30.271	-31.647
-30.272	-31.750
-30.283	-31.854
-30.285	-31.957
-30.286	-32.015
-30.252	-32.083
-30.186	-32.047
-30.146	-32.025
-30.103	-31.988
-30.076	-31.952
-30.048	-31.916
-30.020	-31.880
-30.002	-31.838
-29.917	-31.645
-29.847	-31.446
-29.770	-31.250
POLYLINE BLACK
-29.981	-32.433
-29.900	-32.260
-29.819	-32.087
-29.737	-31.913
-29.723	-31.867
-29.714	-31.818
-29.694	-31.774
-29.686	-31.757
-29.701	-31.811
-29.699	-31.830
-29.698	-31.857
-29.686	-31.878
-29.657	-31.883
-29.580	-31.896
-29.328	-31.753
-29.324	-31.751
POLYLINE BLACK
-29.537	-31.753
-29.553	-31.788
-29.748	-32.243
-29.671	-32.371
-29.666	-32.379
-29.654	-32.380
-29.645	-32.381
-29.571	-32.392
-29.497	-32.399
-29.423	-32.408
POLYLINE BLACK
-29.262	-32.277
-29.118	-32.311
-28.936	-32.384
-28.980	-32.167
-28.987	-32.131
-29.002	-32.082
-29.040	-32.066
-29.092	-32.044
-29.189	-32.100
-29.222	-32.113
POLYLINE BLACK
-33.939	-33.222
-33.865	-33.172
-33.792	-33.118
-33.716	-33.072
-33.553	-32.973
-33.447	-33.175
-33.496	-33.313
-33.507	-33.342
-33.518	-33.371
-33.535	-33.397
-33.633	-33.548
-33.889	-33.754
-33.620	-33.858
-33.563	-33.880
-33.499	-33.891
-33.438	-33.889
-33.370	-33.887
-33.302	-33.877
-33.235	-33.872
POLYLINE BLACK
-32.342	-34.164
-32.251	-34.071
-32.358	-33.525
-32.152	-33.393
-32.051	-33.330
-31.950	-33.266
-31.849	-33.203
-31.846	-33.191
-31.830	-33.175
-31.839	-33.166
-31.856	-33.151
-31.884	-33.151
-31.907	-33.150
-31.982	-33.145
-32.058	-33.148
-32.134	-33.147
POLYLINE BLACK
-31.742	-33.537
-31.607	-33.571
-31.765	-33.874
-31.632	-33.908
-31.539	-33.932
-31.359	-33.694
-31.428	-33.598
-31.491	-33.509
-31.743	-33.466
-31.769	-33.457
POLYLINE BLACK
-31.236	-34.266
-31.188	-34.125
-31.149	-33.981
-31.092	-33.844
-31.089	-33.835
-31.068	-33.842
-31.065	-33.851
-31.055	-33.885
-31.061	-33.921
-31.058	-33.956
-31.055	-33.988
-31.054	-34.025
-31.035	-34.054
-30.970	-34.148
-30.810	-33.979
-30.772	-33.938
-30.745	-33.908
-30.727	-33.877
-30.714	-33.839
-30.666	-33.703
-30.845	-33.542
-30.971	-33.536
-31.033	-33.533
-31.133	-33.571
-31.174	-33.581
POLYLINE BLACK
-30.601	-34.415
-30.218	-32.726
-30.418	-33.486
-30.438	-33.781
-30.439	-33.803
-30.429	-33.838
-30.406	-33.848
-30.351	-33.874
-30.248	-33.791
-30.221	-33.771
-30.190	-33.748
-30.144	-33.702
-30.125	-33.664
-30.101	-33.617
-30.083	-33.568
-30.063	-33.519
POLYLINE BLACK
-30.050	-33.467
-30.055	-33.581
-30.336	-33.958
-30.257	-34.156
-30.231	-34.221
-30.161	-34.194
-30.115	-34.174
-29.982	-34.118
-29.850	-34.061
-29.718	-34.005
-29.713	-33.994
-29.698	-33.983
-29.703	-33.971
-29.710	-33.955
-29.729	-33.945
-29.746	-33.940
-29.836	-33.908
-29.931	-33.888
-30.023	-33.862
POLYLINE BLACK
-29.410	-33.827
-29.445	-33.938
-29.484	-34.047
-29.513	-34.159
-29.553	-34.309
-29.380	-34.141
-29.336	-34.143
-29.250	-34.148
-29.306	-34.301
-29.270	-34.343
-29.254	-34.362
-29.223	-34.343
-29.211	-34.331
-29.181	-34.302
-29.149	-34.275
-29.126	-34.241
-28.955	-33.983
-28.796	-33.717
-28.632	-33.455
POLYLINE BLACK
-28.674	-34.529
-28.555	-34.325
-28.440	-34.120
-28.318	-33.918
-28.308	-33.901
-28.270	-33.857
-28.244	-33.849
-28.199	-33.837
-28.192	-33.920
-28.192	-33.940
-28.191	-33.993
-28.190	-34.047
-28.198	-34.100
-28.210	-34.186
-28.227	-34.271
-28.249	-34.354
-28.284	-34.487
-28.329	-34.616
-28.369	-34.747
POLYLINE BLACK
-28.681	-34.326
-28.411	-34.445
POLYLINE BLACK
-28.096	-34.636
-28.301	-34.808
-28.533	-34.982
-28.591	-35.259
-28.607	-35.334
-28.605	-35.414
-28.576	-35.485
-28.537	-35.583
-28.437	-35.662
-28.369	-35.732
POLYLINE BLACK
-5.231	0.958
-5.167	0.527
-5.272	0.485
-5.354	0.041
-5.375	-0.068
-5.376	-0.180
-5.379	-0.291
-5.383	-0.449
-5.287	-0.575
-5.229	-0.713
-5.189	-0.808
-5.178	-0.927
-5.197	-1.029
-5.209	-1.099
-5.241	-1.178
-5.296	-1.227
-5.765	-1.646
-6.250	-2.047
-6.710	-2.476
-7.044	-2.789
-7.101	-2.975
-7.420	-3.180
-7.739	-3.386
-8.157	-3.330
-8.479	-3.522
-8.582	-3.584
-8.652	-3.670
-8.726	-3.768
-8.931	-4.039
-8.890	-4.212
-8.930	-4.541
-8.940	-4.618
-8.970	-4.693
-8.973	-4.771
-8.977	-4.898
-8.961	-5.024
-8.951	-5.150
-8.944	-5.247
-8.916	-5.304
-8.935	-5.390
-8.990	-5.642
-9.230	-5.806
-9.377	-6.005
-9.891	-6.698
-9.299	-5.988
-9.881	-6.661
POLYLINE BLACK
-8.773	-0.505
-8.546	-0.230
-8.328	0.054
-8.092	0.321
-7.653	0.818
-7.777	-0.201
-7.784	-0.280
-7.808	-0.563
-7.869	-0.842
-7.912	-1.124
POLYLINE BLACK
-14.705	-0.791
-14.931	-1.182
-15.163	-1.569
-15.385	-1.963
-15.420	-2.026
-15.295	-2.049
-15.266	-2.052
-15.128	-2.066
-14.989	-2.078
-14.851	-2.091
POLYLINE BLACK
-14.511	-2.091
-14.398	-1.912
-14.279	-1.736
-14.170	-1.554
-14.129	-1.487
-14.126	-1.404
-14.080	-1.340
-14.010	-1.241
-13.860	-1.191
-13.743	-1.197
-13.712	-1.198
-13.664	-1.249
-13.653	-1.257
POLYLINE BLACK
-14.186	-1.659
-13.893	-1.606
-14.054	-1.642
-13.705	-1.545
POLYLINE BLACK
-14.464	-2.078
-13.809	-2.158
POLYLINE BLACK
-13.266	-1.267
-13.160	-1.336
-13.007	-1.399
-12.935	-1.517
-12.911	-1.555
-12.895	-1.624
-12.893	-1.662
-12.866	-2.018
-12.923	-2.184
-13.158	-2.472
-13.300	-2.646
-13.822	-3.047
-13.610	-2.972
-13.350	-2.881
-13.202	-2.601
-12.998	-2.415
POLYLINE BLACK
-12.458	-2.512
-12.331	-2.085
-12.319	-1.922
-12.117	-1.577
-12.102	-1.550
-12.131	-1.636
-12.138	-1.666
-12.148	-1.708
-12.163	-1.746
-12.156	-1.790
-12.136	-1.909
-11.945	-1.845
-11.883	-1.817
-11.781	-1.771
-11.687	-1.703
-11.595	-1.642
POLYLINE BLACK
-11.920	-1.761
-12.053	-2.162
-12.021	-2.180
-11.959	-2.619
POLYLINE BLACK
-11.605	-2.190
-11.589	-2.308
-11.596	-2.449
-11.514	-2.548
-11.454	-2.622
-11.363	-2.663
-11.274	-2.690
-11.042	-2.762
-10.850	-2.657
-10.785	-2.420
-10.725	-2.203
-11.007	-1.992
-11.205	-2.042
-11.311	-2.068
-11.422	-2.178
-11.495	-2.234
POLYLINE BLACK
-10.444	-1.865
-10.475	-1.934
-10.519	-1.998
-10.539	-2.071
-10.591	-2.260
-10.624	-2.454
-10.659	-2.648
-10.660	-2.654
-10.691	-2.842
-10.630	-2.859
-10.572	-2.874
-10.480	-2.741
-10.465	-2.718
-10.403	-2.621
-10.354	-2.515
-10.292	-2.418
-10.285	-2.407
-10.273	-2.398
-10.260	-2.398
-10.230	-2.396
-10.218	-2.463
-10.217	-2.471
-10.202	-2.575
-10.221	-3.155
-9.954	-2.847
-9.905	-2.791
-9.853	-2.736
-9.818	-2.671
-9.687	-2.426
-9.577	-2.170
-9.457	-1.919
POLYLINE BLACK
-9.692	-2.991
-9.449	-2.716
-9.205	-2.441
-8.962	-2.167
-8.933	-2.145
-8.906	-2.121
-8.876	-2.101
-8.725	-1.998
-8.673	-2.208
-8.686	-2.323
-8.695	-2.404
-8.711	-2.485
-8.730	-2.564
-8.771	-2.734
-8.821	-2.902
-8.867	-3.070
POLYLINE BLACK
-9.281	-2.579
-8.643	-2.827
POLYLINE BLACK
-0.630	16.993
-0.674	16.821
-0.722	16.650
-0.762	16.477
-0.767	16.452
-0.765	16.426
-0.764	16.401
-0.757	16.228
-0.547	16.314
-0.468	16.376
-0.395	16.432
-0.315	16.517
-0.274	16.598
-0.180	16.785
-0.104	16.981
-0.019	17.172
POLYLINE BLACK
0.101	16.863
0.076	16.676
0.057	16.488
0.024	16.302
-0.004	16.140
-0.020	16.182
-0.060	16.057
-0.094	15.951
0.089	15.884
0.147	15.863
0.246	15.828
0.347	15.798
0.447	15.766
POLYLINE BLACK
0.793	16.632
0.759	16.499
0.720	16.367
0.690	16.232
0.680	16.186
0.684	16.122
0.695	16.075
0.714	15.989
0.809	15.892
0.894	15.967
0.991	16.051
1.085	16.234
1.068	16.367
1.064	16.401
1.026	16.484
0.979	16.474
0.893	16.456
0.809	16.429
0.724	16.406
POLYLINE BLACK
-0.156	16.740
0.381	16.706
POLYLINE BLACK
1.429	16.762
1.380	16.490
1.332	16.218
1.284	15.946
1.288	15.928
1.280	15.904
1.294	15.893
1.324	15.868
1.429	16.082
1.508	16.092
1.639	16.108
1.637	15.813
1.815	15.960
1.843	15.984
1.873	16.006
1.894	16.036
2.047	16.250
2.189	16.471
2.336	16.688
POLYLINE BLACK
2.081	15.604
2.205	15.836
2.318	16.074
2.452	16.301
2.499	16.380
2.560	16.450
2.621	16.518
2.633	16.531
2.651	16.545
2.668	16.540
2.682	16.536
2.684	16.514
2.685	16.500
2.687	16.470
2.681	16.441
2.677	16.411
2.636	16.104
2.592	15.798
2.550	15.491
POLYLINE BLACK
2.341	16.181
2.795	15.928
POLYLINE BLACK
2.761	15.494
2.842	15.662
2.919	15.833
3.004	16.000
3.024	16.040
3.087	16.109
3.124	16.044
3.160	15.982
3.155	15.795
3.276	15.839
3.309	15.851
3.358	15.887
3.377	15.910
3.501	16.061
3.620	16.216
3.736	16.373
3.773	16.422
3.813	16.523
3.835	16.576
POLYLINE BLACK
3.730	15.763
3.934	16.024
4.133	16.288
4.343	16.544
4.378	16.587
4.405	16.569
4.402	16.525
4.400	16.490
4.392	16.455
4.381	16.422
4.299	16.189
4.209	15.958
4.122	15.727
POLYLINE BLACK
4.100	16.122
4.547	15.773
POLYLINE BLACK
-39.537	58.544
-39.771	58.858
-40.055	59.355
-40.211	58.747
-40.237	58.642
-40.249	58.540
-40.230	58.434
-40.211	58.326
-40.188	58.300
-40.135	58.206
-39.981	57.932
-39.910	57.854
-39.832	57.576
-39.792	57.432
-39.950	57.209
-40.097	57.255
-40.333	57.328
-40.557	57.433
-40.787	57.523
POLYLINE BLACK
-39.283	57.085
-39.095	57.517
-38.920	57.955
-38.720	58.382
-38.587	58.664
-38.437	58.397
-38.395	58.247
-38.306	57.923
-38.230	57.595
-38.147	57.269
POLYLINE BLACK
-38.959	57.751
-38.363	57.650
-38.709	57.688
-37.919	57.681
POLYLINE BLACK
-37.938	58.303
-37.805	57.850
-37.684	57.277
-37.136	57.195
-37.107	57.191
-37.077	57.196
-37.049	57.204
-36.815	57.267
-36.584	57.340
-36.352	57.408
POLYLINE BLACK
-36.358	57.072
-36.148	57.526
-35.950	57.985
-35.728	58.432
-35.624	58.642
-35.478	58.287
-35.467	58.234
-35.374	57.787
-35.299	57.337
-35.216	56.888
POLYLINE BLACK
-35.882	58.100
-35.293	57.988
-35.626	58.069
-34.892	57.821
POLYLINE BLACK
-38.623	53.766
-38.686	55.452
-38.749	54.738
-38.572	55.917
POLYLINE BLACK
-38.122	54.084
-37.836	55.721
POLYLINE BLACK
-36.352	53.817
-36.361	54.003
-36.378	54.189
-36.380	54.376
-36.384	54.681
-36.125	54.861
-35.904	55.012
-35.827	55.064
-35.621	55.165
-35.617	55.298
-35.613	55.427
-35.927	55.568
-35.958	55.587
POLYLINE BLACK
-35.222	53.925
-35.199	54.174
-35.189	54.425
-35.152	54.672
-35.137	54.770
-35.103	54.865
-35.067	54.957
-35.037	55.033
-34.998	55.105
-34.955	55.175
-34.877	55.302
-34.773	55.203
-34.743	55.099
-34.662	54.820
-34.602	54.535
-34.520	54.257
-34.506	54.209
-34.470	54.169
-34.442	54.232
-34.427	54.266
-34.424	54.304
-34.414	54.340
-34.384	54.447
-34.363	54.557
-34.322	54.660
-34.274	54.782
-34.210	54.897
-34.146	55.011
-33.979	55.308
-33.570	55.508
-33.231	55.426
-33.108	55.396
-32.989	55.352
-32.868	55.315
POLYLINE BLACK
-33.439	54.991
-33.522	54.818
-33.927	54.350
-33.710	54.074
-33.594	53.926
-33.278	53.823
-33.160	53.766
POLYLINE BLACK
-32.925	53.329
-32.938	52.180
POLYLINE BLACK
-32.202	53.316
-32.270	53.663
-32.350	54.007
-32.406	54.356
-32.420	54.445
-32.419	54.537
-32.413	54.628
-32.412	54.637
-32.394	54.646
-32.387	54.639
-32.364	54.618
-32.352	54.589
-32.340	54.560
-32.256	54.356
-32.189	54.144
-32.099	53.942
-32.030	53.786
-31.710	53.449
-31.556	53.728
-31.438	53.941
-31.628	54.361
-31.684	54.506
-31.754	54.684
-31.917	55.010
-32.167	54.973
-32.192	54.970
-32.215	54.962
-32.239	54.955
-32.341	54.923
-32.443	54.890
-32.545	54.858
POLYLINE BLACK
-30.927	54.826
-30.831	54.559
POLYLINE BLACK
-30.844	53.652
-30.997	55.727
POLYLINE BLACK
-31.022	54.813
-30.695	54.950
-30.235	55.043
-29.989	55.348
-29.908	55.448
-29.840	55.558
-29.766	55.664
POLYLINE BLACK
-30.622	54.915
-30.474	54.307
-30.306	54.142
-29.861	53.747
POLYLINE BLACK
-29.652	54.966
-29.453	54.693
-29.269	54.409
-29.056	54.146
-29.037	54.122
-29.051	54.210
-29.062	54.238
-29.077	54.279
-29.101	54.317
-29.133	54.347
-29.271	54.474
-29.424	54.586
-29.569	54.705
POLYLINE BLACK
-28.433	55.296
-28.180	54.874
-27.930	54.468
-27.995	53.967
-28.013	53.828
-28.236	53.527
-28.237	53.525
POLYLINE BLACK
-27.951	55.911
-27.279	57.313
POLYLINE BLACK
-26.815	55.016
-26.959	54.827
-27.412	54.343
-27.026	54.113
-26.999	54.096
-26.968	54.086
-26.938	54.079
-26.790	54.043
-26.641	54.014
-26.492	53.982
POLYLINE BLACK
-25.991	53.893
-25.837	54.979
-25.885	54.337
-25.959	55.822
POLYLINE BLACK
-25.800	57.516
-25.806	57.446

ELEVATION
STATIONS
0.000	0.000	0
0.759	2.788	1
2.656	4.790	2
-3.454	3.720	0.1
0.445	6.251	0.2
5.490	5.519	0.3
-6.427	-2.279	0.0.1
-5.038	-2.791	0.0.2
-12.021	2.444	0.0.3
-15.278	4.748	0.0.4
-18.058	6.184	0.0.5
-20.689	3.989	0.0.6
-23.928	1.624	0.0.7
-17.032	0.875	0.0.8
-15.960	-1.464	0.0.9
-15.356	-0.549	0.0.10
-17.298	2.517	0.0.11
-19.053	2.196	0.0.12
-16.850	4.339	0.0.13
-20.487	4.442	0.0.14
-25.309	2.891	0.0.15
-28.081	1.844	0.0.16
-27.836	0.288	0.0.17
-28.990	-2.127	0.0.18
-31.669	-1.946	0.0.19
-36.061	-1.709	0.0.20
-41.722	-1.455	0.0.21
-43.817	0.794	0.0.22
-44.937	0.777	0.0.23
-51.315	0.984	0.0.24
-51.692	1.089	0.0.25
-49.860	1.646	0.0.26
-53.174	3.225	0.0.27
-18.414	0.262	0.0.11.1
-23.051	-2.448	0.0.11.2
-25.129	-1.713	0.0.11.3
-28.077	-0.023	0.0.7.1
-29.945	-0.228	0.0.7.2
-30.973	-1.151	0.0.7.3
-29.609	4.728	0.0.7.1.1
-28.699	5.904	0.0.7.1.2
-23.059	7.120	0.0.7.1.3
-24.002	7.134	0.0.7.1.4
-29.511	7.195	0.0.7.1.5
-32.699	6.300	0.0.7.1.6
-33.175	5.663	0.0.7.1.7
-33.912	3.179	0.0.7.1.8
-40.250	0.893	0.0.7.1.9
-42.626	-0.400	0.0.7.1.10
-42.107	1.029	0.0.7.1.11
-48.126	-3.030	0.0.7.1.12
SHOTS
0.000	0.000	-2.993	1.733
0.000	0.000	0.882	1.256
0.000	0.000	3.033	1.131
0.000	0.000	0.571	1.086
0.000	0.000	2.309	3.223
0.000	0.000	-5.373	0.137
0.000	0.000	-0.007	2.261
0.000	0.000	-0.030	-0.110
0.000	0.000	2.206	3.308
0.000	0.000	0.759	2.788
0.759	2.788	0.705	7.408
0.759	2.788	2.075	3.127
0.759	2.788	1.482	1.414
0.759	2.788	2.656	4.790
0.000	0.000	-3.454	3.720
-3.454	3.720	-2.645	4.062
-3.454	3.720	-4.974	4.007
-3.454	3.720	-8.997	4.649
-3.454	3.720	-9.272	5.317
-3.454	3.720	-3.791	5.039
-3.454	3.720	-3.565	5.173
-3.454	3.720	-2.807	2.608
-3.454	3.720	0.445	6.251
0.445	6.251	0.492	5.170
0.445	6.251	1.523	5.721
0.445	6.251	4.116	6.703
0.445	6.251	5.490	5.519
5.490	5.519	7.192	7.368
5.490	5.519	5.722	5.639
5.490	5.519	5.078	7.706
5.490	5.519	2.436	5.999
5.490	5.519	2.111	5.802
5.490	5.519	5.408	4.080
0.000	0.000	-6.427	-2.279
-6.427	-2.279	-3.177	-2.250
-6.427	-2.279	0.999	-1.703
-6.427	-2.279	-3.886	-1.676
-6.427	-2.279	-5.305	-1.818
-6.427	-2.279	-8.680	-2.127
-6.427	-2.279	-6.233	-5.209
-6.427	-2.279	-5.425	0.927
-6.427	-2.279	-5.038	-2.791
-5.038	-2.791	-0.677	-2.073
-5.038	-2.791	-2.683	-2.565
-5.038	-2.791	-3.631	-1.629
-5.038	-2.791	-8.171	-1.805
-5.038	-2.791	-7.392	-1.890
-5.038	-2.791	-4.417	-1.784
-5.038	-2.791	-5.557	1.684
-5.038	-2.791	-4.843	-3.622
-5.038	-2.791	-6.934	6.017
-5.038	-2.791	-10.437	7.257
-5.038	-2.791	-12.747	7.157
-5.038	-2.791	-12.021	2.444
-12.021	2.444	-10.942	2.622
-12.021	2.444	-11.724	0.971
-12.021	2.444	-12.931	7.703
-12.021	2.444	-15.278	4.748
-15.278	4.748	-15.307	4.124
-15.278	4.748	-15.708	6.465
-15.278	4.748	-16.126	4.653
-15.278	4.748	-14.532	4.177
-15.278	4.748	-18.058	6.184
-18.058	6.184	-17.769	6.050
-18.058	6.184	-20.136	6.671
-18.058	6.184	-18.289	7.358
-18.058	6.184	-17.993	5.129
-18.058	6.184	-20.689	3.989
-20.689	3.989	-20.922	4.110
-20.689	3.989	-18.639	4.499
-20.689	3.989	-20.527	5.115
-20.689	3.989	-20.281	3.077
-20.689	3.989	-23.928	1.624
-23.928	1.624	-24.517	8.757
-23.928	1.624	-25.524	2.383
-23.928	1.624	-27.640	1.936
-23.928	1.624	-30.376	0.729
-23.928	1.624	-30.812	0.669
-23.928	1.624	-25.429	1.851
-23.928	1.624	-22.900	2.381
-23.928	1.624	-21.565	2.625
-23.928	1.624	-18.822	2.747
-23.928	1.624	-15.947	3.095
-23.928	1.624	-23.191	3.283
-23.928	1.624	-19.730	3.923
-23.928	1.624	-23.336	0.097
-23.928	1.624	-17.032	0.875
-17.032	0.875	-16.293	0.403
-17.032	0.875	-17.465	0.325
-17.032	0.875	-16.951	-0.960
-17.032	0.875	-15.960	-1.464
-15.960	-1.464	-16.506	-1.405
-15.960	-1.464	-15.257	-1.553
-15.960	-1.464	-16.352	-2.854
-15.960	-1.464	-16.698	0.701
-15.960	-1.464	-15.356	-0.549
-15.356	-0.549	-16.189	-0.214
-15.356	-0.549	-21.449	1.786
-15.356	-0.549	-19.453	1.178
-15.356	-0.549	-14.367	-0.053
-15.356	-0.549	-15.297	-1.961
-15.356	-0.549	-17.298	2.517
-17.298	2.517	-14.605	2.744
-17.298	2.517	-19.779	2.175
-17.298	2.517	-19.519	1.981
-17.298	2.517	-18.342	-0.265
-17.298	2.517	-17.892	7.305
-17.298	2.517	-19.053	2.196
-19.053	2.196	-20.823	1.922
-19.053	2.196	-19.898	2.282
-19.053	2.196	-17.859	2.561
-19.053	2.196	-19.051	-1.910
-19.053	2.196	-19.124	-1.273
-19.053	2.196	-18.788	6.737
-19.053	2.196	-16.724	4.474
-19.053	2.196	-16.850	4.339
-16.850	4.339	-18.803	4.152
-16.850	4.339	-17.150	2.027
-16.850	4.339	-18.444	4.107
-16.850	4.339	-15.387	4.037
-16.850	4.339	-20.487	4.442
-20.487	4.442	-20.611	5.223
-20.487	4.442	-20.046	4.705
-20.487	4.442	-18.716	10.436
-20.487	4.442	-20.164	3.060
-20.487	4.442	-25.309	2.891
-25.309	2.891	-26.420	2.932
-25.309	2.891	-22.321	3.098
-25.309	2.891	-25.705	1.610
-25.309	2.891	-25.582	10.378
-25.309	2.891	-21.460	3.482
-25.309	2.891	-21.140	3.681
-25.309	2.891	-22.115	3.511
-25.309	2.891	-25.136	2.949
-25.309	2.891	-28.081	1.844
-28.081	1.844	-28.143	-2.957
-28.081	1.844	-27.031	1.619
-28.081	1.844	-26.228	5.378
-28.081	1.844	-27.837	0.259
-28.081	1.844	-27.836	0.288
-27.836	0.288	-28.169	0.343
-27.836	0.288	-3.833	207.268
-27.836	0.288	-26.079	14.091
-27.836	0.288	-28.990	-2.127
-28.990	-2.127	-28.889	-2.092
-28.990	-2.127	-28.844	-3.038
-28.990	-2.127	-31.669	-1.946
-31.669	-1.946	-31.737	-3.016
-31.669	-1.946	-31.473	-3.126
-31.669	-1.946	-31.665	-2.071
-31.669	-1.946	-31.625	-1.377
-31.669	-1.946	-36.061	-1.709
-36.061	-1.709	-36.167	-1.683
-36.061	-1.709	-36.265	-3.115
-36.061	-1.709	-37.263	4.060
-36.061	-1.709	-41.722	-1.455
-41.722	-1.455	-47.355	-1.198
-41.722	-1.455	-41.605	3.995
-41.722	-1.455	-41.946	3.882
-41.722	-1.455	-47.636	1.377
-41.722	-1.455	-47.288	1.386
-41.722	-1.455	-42.369	0.506
-41.722	-1.455	-40.937	0.033
-41.722	-1.455	-41.473	-0.122
-41.722	-1.455	-42.663	-0.396
-41.722	-1.455	-41.119	-0.773
-41.722	-1.455	-46.483	1.297
-41.722	-1.455	-45.312	0.481
-41.722	-1.455	-47.480	1.494
-41.722	-1.455	-42.687	0.576
-41.722	-1.455	-41.838	-3.132
-41.722	-1.455	-43.817	0.794
-43.817	0.794	-43.622	5.044
-43.817	0.794	-49.351	8.311
-43.817	0.794	-43.721	-1.033
-43.817	0.794	-45.744	1.080
-43.817	0.794	-47.609	1.656
-43.817	0.794	-44.937	0.777
-44.937	0.777	-42.648	1.085
-44.937	0.777	-43.170	0.878
-44.937	0.777	-44.323	6.653
-44.937	0.777	-47.891	0.613
-44.937	0.777	-49.814	-0.309
-44.937	0.777	-50.730	0.101
-44.937	0.777	-49.307	0.334
-44.937	0.777	-45.323	2.139
-44.937	0.777	-51.315	0.984
-51.315	0.984	-56.297	10.731
-51.315	0.984	-51.494	6.695
-51.315	0.984	-52.417	2.917
-51.315	0.984	-46.180	1.439
-51.315	0.984	-46.900	1.471
-51.315	0.984	-50.649	1.028
-51.315	0.984	-51.692	1.089
-51.692	1.089	-50.921	1.101
-51.692	1.089	-51.318	-2.838
-51.692	1.089	-51.845	6.976
-51.692	1.089	-49.882	1.631
-51.692	1.089	-49.860	1.646
-49.860	1.646	-52.080	10.226
-49.860	1.646	-48.854	2.842
-49.860	1.646	-50.924	2.291
-49.860	1.646	-52.055	2.529
-49.860	1.646	-53.370	2.689
-49.860	1.646	-54.278	2.097
-49.860	1.646	-54.155	2.281
-49.860	1.646	-48.975	2.185
-49.860	1.646	-49.414	2.255
-49.860	1.646	-50.903	2.408
-49.860	1.646	-52.054	3.399
-49.860	1.646	-53.174	3.225
-17.298	2.517	-18.414	0.262
-18.414	0.262	-23.051	-2.448
-23.051	-2.448	-27.687	-5.158
-23.051	-2.448	-22.463	-2.416
-23.051	-2.448	-22.622	1.898
-23.051	-2.448	-22.700	-4.019
-23.051	-2.448	-25.129	-1.713
-23.928	1.624	-28.077	-0.023
-28.077	-0.023	-27.685	0.738
-28.077	-0.023	-30.213	0.533
-28.077	-0.023	-31.127	0.052
-28.077	-0.023	-21.492	1.978
-28.077	-0.023	-24.529	1.355
-28.077	-0.023	-27.701	0.920
-28.077	-0.023	-29.146	0.218
-28.077	-0.023	-28.576	-1.323
-28.077	-0.023	-29.213	10.098
-28.077	-0.023	-30.002	-0.669
-28.077	-0.023	-26.133	-0.803
-28.077	-0.023	-29.945	-0.228
-29.945	-0.228	-30.563	-0.159
-29.945	-0.228	-29.194	-0.027
-29.945	-0.228	-30.353	0.811
-29.945	-0.228	-29.572	-0.829
-29.945	-0.228	-30.943	-1.127
-29.945	-0.228	-30.973	-1.151
-30.973	-1.151	-32.386	-9.725
-30.973	-1.151	-35.428	-8.788
-30.973	-1.151	-32.109	-10.198
-30.973	-1.151	-35.748	-8.784
-30.973	-1.151	-32.703	-2.427
-30.973	-1.151	-28.712	-1.708
-30.973	-1.151	-30.463	-2.572
-30.973	-1.151	-33.342	-4.094
-28.077	-0.023	-29.609	4.728
-29.609	4.728	-28.547	4.832
-29.609	4.728	-29.695	7.161
-29.609	4.728	-28.699	5.904
-28.699	5.904	-27.621	5.778
-28.699	5.904	-28.289	6.331
-28.699	5.904	-28.304	4.884
-28.699	5.904	-29.206	5.412
-28.699	5.904	-23.059	7.120
-23.059	7.120	-23.019	6.727
-23.059	7.120	-22.142	6.862
-23.059	7.120	-24.601	6.961
-23.059	7.120	-24.570	7.173
-23.059	7.120	-23.880	7.294
-23.059	7.120	-24.002	7.134
-24.002	7.134	-22.274	7.833
-24.002	7.134	-21.490	7.851
-24.002	7.134	-23.784	7.753
-24.002	7.134	-23.935	6.884
-24.002	7.134	-25.163	7.328
-24.002	7.134	-27.939	7.274
-24.002	7.134	-27.452	7.140
-24.002	7.134	-29.041	7.276
-24.002	7.134	-29.083	7.272
-24.002	7.134	-29.511	7.195
-29.511	7.195	-28.697	7.144
-29.511	7.195	-30.109	6.951
-29.511	7.195	-29.649	6.603
-29.511	7.195	-32.699	6.300
-32.699	6.300	-34.264	6.564
-32.699	6.300	-33.451	8.100
-32.699	6.300	-31.173	6.574
-32.699	6.300	-31.162	6.477
-32.699	6.300	-32.451	5.496
-32.699	6.300	-32.568	7.671
-32.699	6.300	-33.175	5.663
-33.175	5.663	-33.637	5.685
-33.175	5.663	-36.931	5.434
-33.175	5.663	-37.284	5.109
-33.175	5.663	-34.724	5.243
-33.175	5.663	-33.252	4.316
-33.175	5.663	-32.397	5.224
-33.175	5.663	-33.986	2.922
-33.175	5.663	-33.912	3.179
-33.912	3.179	-35.229	3.043
-33.912	3.179	-34.815	1.144
-33.912	3.179	-36.509	0.064
-33.912	3.179	-34.790	1.670
-33.912	3.179	-37.768	2.075
-33.912	3.179	-38.598	1.493
-33.912	3.179	-40.250	0.893
-40.250	0.893	-40.701	0.615
-40.250	0.893	-39.005	0.714
-40.250	0.893	-40.165	-0.175
-40.250	0.893	-37.565	0.561
-40.250	0.893	-42.626	-0.400
-42.626	-0.400	-43.515	0.187
-42.626	-0.400	-40.153	0.658
-42.626	-0.400	-42.610	3.882
-42.626	-0.400	-42.107	1.029
-42.107	1.029	-48.126	-3.030

