<?xml version="1.0" encoding="UTF-8"?>
<kml xmlns="http://www.opengis.net/kml/2.2">
<Document><name>Hagengebirge</name>
<Style id="fix"><IconStyle><Icon><href>https://maps.google.com/mapfiles/kml/paddle/red-blank.png</href></Icon><color>ff0000ff</color><hotSpot x="32" y="1" xunits="pixels" yunits="pixels"/></IconStyle></Style>
<Style id="exp"><IconStyle><Icon><href>https://maps.google.com/mapfiles/kml/paddle/blu-blank.png</href></Icon><color>ffff0000</color><hotSpot x="32" y="1" xunits="pixels" yunits="pixels"/></IconStyle></Style>
<Style id="ent"><IconStyle><Icon><href>https://maps.google.com/mapfiles/kml/paddle/grn-blank.png</href></Icon><color>ff00ff00</color><hotSpot x="32" y="1" xunits="pixels" yunits="pixels"/></IconStyle></Style>
<Style id="surf"><LineStyle><color>ff00ff00</color></LineStyle></Style>
<Style id="splay"><LineStyle><color>40ff00ff</color></LineStyle></Style>
<Placemark><MultiGeometry><LineString><altitudeMode>absolute</altitudeMode><coordinates>
13.04326120,47.53132832,1712.73
13.04331066,47.53131324,1715.44
</coordinates></LineString>
<LineString><altitudeMode>absolute</altitudeMode><coordinates>
13.04564471,47.53041155,1755.94
13.04568667,47.53043008,1757.76
</coordinates></LineString>
<LineString><altitudeMode>absolute</altitudeMode><coordinates>
13.04931060,47.52676638,1739.77
13.04929829,47.52677580,1738.34
</coordinates></LineString>
<LineString><altitudeMode>absolute</altitudeMode><coordinates>
13.03977980,47.53818788,1935.00
13.03959150,47.53818466,1935.00
</coordinates></LineString>
<LineString><altitudeMode>absolute</altitudeMode><coordinates>
13.03977505,47.53831540,1935.00
13.03977980,47.53818788,1935.00
</coordinates></LineString>
<LineString><altitudeMode>absolute</altitudeMode><coordinates>
13.03958674,47.53831218,1935.00
13.03977505,47.53831540,1935.00
</coordinates></LineString>
<LineString><altitudeMode>absolute</altitudeMode><coordinates>
13.03959150,47.53818466,1935.00
13.03958674,47.53831218,1935.00
</coordinates></LineString>
<LineString><altitudeMode>absolute</altitudeMode><coordinates>
13.03968327,47.53825003,1935.00
13.03977505,47.53831540,1935.00
</coordinates></LineString>
<LineString><altitudeMode>absolute</altitudeMode><coordinates>
13.03968327,47.53825003,1935.00
13.03958674,47.53831218,1935.00
</coordinates></LineString>
<LineString><altitudeMode>absolute</altitudeMode><coordinates>
13.03968327,47.53825003,1935.00
13.03977980,47.53818788,1935.00
</coordinates></LineString>
<LineString><altitudeMode>absolute</altitudeMode><coordinates>
13.03968327,47.53825003,1935.00
13.03959150,47.53818466,1935.00
</coordinates></LineString>
<LineString><altitudeMode>absolute</altitudeMode><coordinates>
13.05894434,47.53070607,1731.32
13.05887944,47.53074024,1732.40
13.05884066,47.53072888,1732.13
13.05881755,47.53073605,1730.99
13.05878552,47.53073271,1732.58
13.05882292,47.53074882,1730.83
13.05878851,47.53075958,1728.14
13.05873617,47.53077030,1727.25
13.05871904,47.53077361,1728.56
13.05875557,47.53080986,1727.27
13.05881254,47.53081776,1724.41
13.05894479,47.53094948,1721.26
</coordinates></LineString>
<LineString><altitudeMode>absolute</altitudeMode><coordinates>
13.05894479,47.53094948,1721.26
13.05895102,47.53097145,1727.03
13.05900999,47.53101528,1730.84
13.05901423,47.53104802,1738.64
13.05906279,47.53107143,1737.04
13.05906237,47.53108285,1737.23
13.05909084,47.53109611,1737.35
13.05912555,47.53113485,1733.90
13.05918466,47.53117859,1736.73
13.05921167,47.53123133,1734.55
13.05921564,47.53126424,1732.22
13.05923743,47.53125336,1732.26
13.05927022,47.53121828,1724.98
13.05929605,47.53124905,1727.24
13.05933210,47.53129474,1728.75
13.05932073,47.53131119,1729.45
13.05932488,47.53134645,1731.22
13.05932120,47.53138850,1734.38
</coordinates></LineString>
<LineString><altitudeMode>absolute</altitudeMode><coordinates>
13.05903841,47.53062326,1731.89
13.05900616,47.53066554,1730.52
13.05900074,47.53067544,1730.47
13.05898194,47.53068808,1731.39
13.05894434,47.53070607,1731.32
</coordinates></LineString>
<LineString><altitudeMode>absolute</altitudeMode><coordinates>
13.05907975,47.53041024,1718.47
13.05910808,47.53042386,1719.76
13.05917128,47.53047910,1723.47
13.05919914,47.53051620,1725.95
</coordinates></LineString>
<LineString><altitudeMode>absolute</altitudeMode><coordinates>
13.05919914,47.53051620,1725.95
13.05920123,47.53055304,1728.24
13.05903841,47.53062326,1731.89
</coordinates></LineString>
<LineString><altitudeMode>absolute</altitudeMode><coordinates>
13.05881833,47.53047718,1712.58
13.05881816,47.53045315,1712.56
13.05889370,47.53045829,1714.09
13.05897571,47.53042144,1715.89
13.05901092,47.53042852,1717.01
13.05906099,47.53042918,1718.27
13.05907975,47.53041024,1718.47
</coordinates></LineString>
<LineString><altitudeMode>absolute</altitudeMode><coordinates>
13.05895827,47.53059859,1705.15
13.05894106,47.53057176,1706.41
13.05891759,47.53057766,1704.94
13.05884289,47.53051394,1709.84
13.05881833,47.53047718,1712.58
</coordinates></LineString>
<LineString><altitudeMode>absolute</altitudeMode><coordinates>
13.05945722,47.53024809,1727.50
13.05946583,47.53019128,1731.62
13.05941424,47.53014892,1732.58
13.05949175,47.53013332,1734.19
13.05952881,47.53007573,1736.35
13.05960225,47.53007301,1736.97
13.05965214,47.53006036,1737.95
13.05967612,47.53007300,1737.81
13.05965535,47.53008498,1737.13
13.05967034,47.53011097,1735.49
13.05967657,47.53014005,1734.72
13.05966353,47.53014424,1734.15
13.05968276,47.53017399,1733.61
13.05961731,47.53017621,1733.24
13.05956281,47.53019148,1732.44
13.05951313,47.53021629,1732.07
13.05945722,47.53024809,1727.50
</coordinates></LineString>
<LineString><altitudeMode>absolute</altitudeMode><coordinates>
13.05945722,47.53024809,1727.50
13.05942429,47.53022243,1727.58
13.05934207,47.53021447,1724.05
13.05930892,47.53022363,1723.99
13.05932331,47.53024412,1721.30
13.05933994,47.53027958,1719.02
13.05930178,47.53030557,1717.76
13.05927079,47.53030991,1718.06
13.05925899,47.53032365,1719.12
13.05912816,47.53035131,1717.79
13.05908940,47.53039007,1717.71
13.05907975,47.53041024,1718.47
</coordinates></LineString>
<LineString><altitudeMode>absolute</altitudeMode><coordinates>
13.05898650,47.53065090,1701.61
13.05900279,47.53067403,1701.57
</coordinates></LineString>
<LineString><altitudeMode>absolute</altitudeMode><coordinates>
13.05900279,47.53067403,1701.57
13.05903185,47.53062449,1703.46
13.05899892,47.53062043,1704.23
13.05895827,47.53059859,1705.15
</coordinates></LineString>
<LineString><altitudeMode>absolute</altitudeMode><coordinates>
13.05898650,47.53065090,1701.61
13.05892844,47.53065811,1701.62
13.05890983,47.53062243,1702.85
13.05895827,47.53059859,1705.15
</coordinates></LineString>
<LineString><altitudeMode>absolute</altitudeMode><coordinates>
13.05898650,47.53065090,1701.61
13.05896949,47.53067257,1707.69
13.05896151,47.53068728,1714.41
13.05897750,47.53070042,1715.30
13.05894701,47.53070566,1717.17
13.05892601,47.53071323,1725.50
13.05896531,47.53072127,1727.68
13.05896743,47.53072131,1728.65
13.05894434,47.53070607,1731.32
</coordinates></LineString>
<LineString><altitudeMode>absolute</altitudeMode><coordinates>
13.05839724,47.53032031,1709.81
13.05836060,47.53031960,1713.29
13.05833847,47.53026767,1716.39
13.05838139,47.53025292,1718.64
13.05833844,47.53025750,1718.15
13.05827632,47.53025608,1717.35
13.05826210,47.53022732,1717.88
13.05819328,47.53020924,1719.05
13.05817736,47.53019070,1719.99
13.05825924,47.53016806,1716.90
13.05833371,47.53012298,1712.63
13.05830626,47.53009282,1711.57
13.05828784,47.53006641,1713.03
13.05824967,47.53004948,1714.95
13.05825310,47.53002497,1717.02
</coordinates></LineString>
<LineString><altitudeMode>absolute</altitudeMode><coordinates>
13.05825310,47.53002497,1717.02
13.05820986,47.53003009,1716.50
13.05815516,47.53002556,1714.62
13.05811740,47.53000819,1713.34
13.05807252,47.53004000,1710.65
13.05794197,47.53004931,1709.14
13.05794388,47.53003350,1708.21
13.05791219,47.53001749,1707.79
13.05787040,47.53001579,1706.61
13.05784434,47.53000905,1707.42
13.05782362,47.53001239,1707.81
13.05782481,47.52999819,1706.69
13.05781059,47.52998049,1706.27
13.05783279,47.52995837,1703.83
13.05783893,47.52992887,1703.05
13.05788094,47.52992455,1703.71
13.05787037,47.52990862,1703.30
13.05777072,47.52990504,1702.39
13.05774042,47.52991614,1702.03
13.05771125,47.52990376,1702.02
13.05766516,47.52990334,1701.37
13.05763479,47.52991624,1700.66
13.05764069,47.52993271,1700.28
13.05760474,47.52994218,1699.30
13.05757994,47.52993006,1699.03
13.05755372,47.52993502,1699.13
13.05753242,47.52992881,1698.25
13.05754054,47.52996818,1696.82
13.05745741,47.52999566,1693.90
13.05744326,47.53000486,1693.68
13.05742800,47.53001504,1696.38
13.05740968,47.53003255,1697.96
13.05740587,47.53002430,1697.83
13.05738437,47.53002006,1698.52
13.05736776,47.53002356,1699.79
13.05732867,47.53001003,1700.50
13.05730904,47.53000925,1699.74
13.05722653,47.52999120,1699.58
13.05718077,47.52997486,1699.82
13.05712060,47.52996007,1700.32
13.05712806,47.52991638,1699.14
13.05708869,47.52990662,1699.16
13.05706064,47.52991803,1698.94
13.05698341,47.52992266,1697.03
13.05698193,47.52994819,1696.31
13.05695934,47.52996976,1697.72
13.05695991,47.52998678,1699.16
13.05693578,47.52998178,1700.06
13.05691441,47.52999941,1702.46
13.05684157,47.53007205,1711.22
</coordinates></LineString>
<LineString><altitudeMode>absolute</altitudeMode><coordinates>
13.05684157,47.53007205,1711.22
13.05687750,47.53003811,1709.24
13.05691114,47.53006261,1710.59
13.05695832,47.53004794,1710.53
13.05700146,47.53005965,1711.44
13.05704678,47.53009875,1715.52
13.05708872,47.53010738,1716.76
13.05709057,47.53011821,1717.66
</coordinates></LineString>
<LineString><altitudeMode>absolute</altitudeMode><coordinates>
13.05839724,47.53032031,1709.81
13.05842180,47.53035321,1711.16
13.05851491,47.53034327,1713.69
13.05852781,47.53037525,1713.71
13.05854262,47.53039503,1714.30
13.05855189,47.53041390,1713.81
13.05864074,47.53040398,1712.54
13.05870190,47.53049635,1708.30
13.05881833,47.53047718,1712.58
</coordinates></LineString>
<LineString><altitudeMode>absolute</altitudeMode><coordinates>
13.05843074,47.53039530,1736.64
13.05826857,47.53036141,1734.96
13.05830415,47.53032989,1735.58
13.05830667,47.53031923,1735.67
13.05826420,47.53029637,1737.53
13.05823499,47.53025997,1733.21
</coordinates></LineString>
<LineString><altitudeMode>absolute</altitudeMode><coordinates>
13.05843074,47.53039530,1736.64
13.05836379,47.53038426,1734.99
13.05836571,47.53035028,1727.91
13.05839724,47.53032031,1709.81
</coordinates></LineString>
<LineString><altitudeMode>absolute</altitudeMode><coordinates>
13.05843074,47.53039530,1736.64
13.05841938,47.53041886,1736.84
13.05844808,47.53043320,1736.73
13.05843634,47.53042373,1739.96
</coordinates></LineString>
<LineString><altitudeMode>absolute</altitudeMode><coordinates>
13.05843634,47.53042373,1739.96
13.05847170,47.53045565,1739.66
13.05854512,47.53046067,1739.17
13.05859234,47.53046273,1738.76
13.05860760,47.53048845,1738.29
13.05865594,47.53049620,1736.36
13.05870416,47.53051798,1735.79
13.05876868,47.53050873,1735.79
13.05883110,47.53051653,1735.31
</coordinates></LineString>
<LineString><altitudeMode>absolute</altitudeMode><coordinates>
13.05883110,47.53051653,1735.31
13.05889756,47.53051217,1736.12
13.05895151,47.53049752,1736.63
13.05899693,47.53054481,1734.80
13.05903562,47.53056202,1733.93
13.05903841,47.53062326,1731.89
</coordinates></LineString>
<LineString><altitudeMode>absolute</altitudeMode><coordinates>
13.05817221,47.53021851,1732.86
13.05817048,47.53020057,1732.88
13.05820617,47.53020927,1730.58
13.05828298,47.53020518,1730.60
13.05832310,47.53021620,1733.86
13.05830196,47.53022727,1733.85
13.05823499,47.53025997,1733.21
</coordinates></LineString>
<LineString><altitudeMode>absolute</altitudeMode><coordinates>
13.05817221,47.53021851,1732.86
13.05818485,47.53027568,1731.88
13.05823499,47.53025997,1733.21
</coordinates></LineString>
<LineString><altitudeMode>absolute</altitudeMode><coordinates>
13.05483114,47.53012533,1735.91
13.05472820,47.53009938,1732.72
13.05469875,47.53014855,1732.76
13.05472255,47.53017676,1731.29
13.05472688,47.53020707,1730.29
13.05473664,47.53022334,1729.98
13.05478168,47.53023752,1730.63
13.05477181,47.53027811,1730.65
13.05476182,47.53028964,1729.37
13.05475202,47.53029964,1729.18
13.05472314,47.53031895,1729.49
13.05464975,47.53034893,1733.41
13.05452558,47.53033314,1735.58
13.05450690,47.53029926,1735.94
13.05455422,47.53027361,1737.84
13.05465138,47.53025456,1738.89
13.05475891,47.53022831,1738.96
13.05480749,47.53020439,1738.38
13.05477464,47.53015857,1738.73
13.05483114,47.53012533,1735.91
</coordinates></LineString>
<LineString><altitudeMode>absolute</altitudeMode><coordinates>
13.05576295,47.53061266,1729.29
13.05573202,47.53057947,1732.12
13.05567838,47.53058936,1732.07
13.05558730,47.53059105,1732.84
13.05556396,47.53052542,1731.51
13.05550335,47.53047202,1730.09
13.05542223,47.53051734,1733.03
13.05527128,47.53046376,1737.50
13.05515486,47.53043956,1742.18
13.05513242,47.53037826,1740.31
13.05515262,47.53033847,1738.22
13.05505049,47.53023686,1740.96
13.05501475,47.53019009,1739.53
13.05496826,47.53016833,1738.45
13.05496586,47.53013248,1738.78
</coordinates></LineString>
<LineString><altitudeMode>absolute</altitudeMode><coordinates>
13.05496586,47.53013248,1738.78
13.05491916,47.53013799,1740.39
13.05487734,47.53012999,1739.08
13.05483114,47.53012533,1735.91
</coordinates></LineString>
<LineString><altitudeMode>absolute</altitudeMode><coordinates>
13.05579370,47.53086261,1733.79
13.05582596,47.53087756,1734.64
13.05580953,47.53090517,1734.97
13.05576433,47.53088803,1734.42
13.05576620,47.53086952,1732.68
13.05578373,47.53085560,1732.99
13.05579370,47.53086261,1733.79
</coordinates></LineString>
<LineString><altitudeMode>absolute</altitudeMode><coordinates>
13.05579370,47.53086261,1733.79
13.05583098,47.53083166,1729.34
13.05582510,47.53081815,1729.15
13.05578134,47.53083019,1730.06
13.05577745,47.53080961,1730.20
13.05571395,47.53077002,1730.58
13.05566870,47.53077933,1732.48
13.05564964,47.53074139,1731.59
13.05561812,47.53071710,1730.72
13.05568013,47.53068216,1729.86
13.05569782,47.53065294,1730.49
13.05576295,47.53061266,1729.29
</coordinates></LineString>
<LineString><altitudeMode>absolute</altitudeMode><coordinates>
13.05999320,47.53147564,1723.48
13.06005966,47.53150376,1708.20
</coordinates></LineString>
<LineString><altitudeMode>absolute</altitudeMode><coordinates>
13.06005966,47.53150376,1708.20
13.06010652,47.53153352,1710.48
13.06011700,47.53156304,1705.17
13.06013474,47.53157899,1706.75
13.06014896,47.53159696,1707.70
13.06013768,47.53159668,1709.32
13.06014920,47.53163359,1710.95
13.06016216,47.53164604,1714.98
13.06014043,47.53168779,1719.24
13.06016263,47.53172713,1722.93
13.06022440,47.53171665,1727.81
13.06024992,47.53167308,1729.87
13.06015801,47.53161466,1729.27
13.06003568,47.53158469,1737.37
13.05995061,47.53153529,1734.22
13.05999320,47.53147564,1723.48
</coordinates></LineString>
<LineString><altitudeMode>absolute</altitudeMode><coordinates>
13.05999320,47.53147564,1723.48
13.05983406,47.53142804,1727.58
13.05984399,47.53142542,1735.16
13.05978604,47.53139699,1736.87
13.05974730,47.53135234,1737.42
13.05971871,47.53134942,1736.83
13.05961528,47.53135469,1736.86
13.05950825,47.53137483,1734.14
13.05947626,47.53140624,1737.28
13.05943919,47.53139202,1736.94
13.05936947,47.53137294,1736.94
13.05936647,47.53135696,1735.56
13.05932120,47.53138850,1734.38
</coordinates></LineString>
<LineString><altitudeMode>absolute</altitudeMode><coordinates>
13.05755704,47.53015455,1730.38
13.05767253,47.53010314,1727.23
13.05784162,47.53008270,1732.44
13.05783424,47.53011713,1732.63
13.05784179,47.53018232,1734.49
13.05794194,47.53017600,1733.56
13.05793053,47.53020434,1733.03
13.05797615,47.53022095,1732.89
13.05806528,47.53022866,1734.96
13.05817221,47.53021851,1732.86
</coordinates></LineString>
<LineString><altitudeMode>absolute</altitudeMode><coordinates>
13.05710202,47.53033355,1742.13
13.05702416,47.53027230,1736.92
13.05703279,47.53025094,1733.75
13.05709057,47.53011821,1717.66
</coordinates></LineString>
<LineString><altitudeMode>absolute</altitudeMode><coordinates>
13.05710202,47.53033355,1742.13
13.05693855,47.53031674,1743.28
13.05687300,47.53029287,1740.50
13.05680515,47.53031349,1737.38
13.05664400,47.53030581,1737.17
13.05661155,47.53029248,1736.90
13.05650394,47.53032080,1736.24
13.05631997,47.53028394,1736.13
13.05624291,47.53029109,1736.83
13.05615466,47.53030633,1733.71
13.05613694,47.53034707,1732.32
13.05605281,47.53034780,1732.51
13.05603770,47.53034700,1729.86
13.05600214,47.53035630,1731.05
13.05593438,47.53035632,1733.94
13.05583752,47.53038176,1738.42
13.05595369,47.53043430,1732.03
13.05598966,47.53042430,1729.04
13.05595212,47.53048737,1729.16
13.05601727,47.53053292,1725.99
13.05590396,47.53060416,1728.89
13.05582087,47.53061994,1726.95
13.05576295,47.53061266,1729.29
</coordinates></LineString>
<LineString><altitudeMode>absolute</altitudeMode><coordinates>
13.05710202,47.53033355,1742.13
13.05720469,47.53033421,1741.33
13.05726670,47.53029936,1740.21
13.05738659,47.53023687,1738.00
13.05751884,47.53023533,1736.77
13.05755704,47.53015455,1730.38
</coordinates></LineString>
<LineString><altitudeMode>absolute</altitudeMode><coordinates>
13.05731228,47.53017334,1727.99
13.05733148,47.53013552,1727.15
13.05724264,47.53009478,1721.66
13.05715459,47.53012604,1720.52
13.05709057,47.53011821,1717.66
</coordinates></LineString>
<LineString><altitudeMode>absolute</altitudeMode><coordinates>
13.05731228,47.53017334,1727.99
13.05728112,47.53020755,1732.37
13.05724599,47.53024484,1733.41
13.05716727,47.53026816,1735.18
13.05710202,47.53033355,1742.13
</coordinates></LineString>
<LineString><altitudeMode>absolute</altitudeMode><coordinates>
13.05731228,47.53017334,1727.99
13.05734929,47.53014230,1730.99
13.05737678,47.53013907,1731.32
13.05738764,47.53011838,1729.66
13.05740382,47.53011560,1727.81
13.05744228,47.53016088,1729.31
13.05750913,47.53016012,1730.77
13.05755704,47.53015455,1730.38
</coordinates></LineString>
<LineString><altitudeMode>absolute</altitudeMode><coordinates>
13.04337352,47.52620278,2033.30
13.04334379,47.52621280,2031.66
13.04332726,47.52621072,2030.77
13.04330839,47.52621795,2028.65
13.04327973,47.52622412,2027.44
13.04327401,47.52625651,2025.24
13.04330189,47.52627120,2026.71
13.04331966,47.52626494,2027.83
13.04333242,47.52627541,2028.06
13.04334311,47.52626669,2028.89
13.04338203,47.52625628,2031.60
13.04339316,47.52625701,2032.18
13.04338550,47.52624131,2032.79
13.04337352,47.52620278,2033.30
</coordinates></LineString>
<LineString><altitudeMode>absolute</altitudeMode><coordinates>
13.04440175,47.53995806,1792.87
13.04437567,47.53996265,1794.15
13.04431732,47.54000233,1813.39
13.04429697,47.53996716,1820.93
13.04428017,47.53995787,1820.99
13.04422240,47.53992107,1823.28
13.04419908,47.53986588,1822.50
13.04419784,47.53978109,1819.55
13.04424788,47.53977214,1816.22
</coordinates></LineString>
<LineString><altitudeMode>absolute</altitudeMode><coordinates>
13.04440175,47.53995806,1792.87
13.04437366,47.53994174,1792.14
13.04430332,47.53996061,1794.90
13.04430283,47.53994179,1795.06
13.04430201,47.53994232,1794.17
13.04428649,47.53987358,1794.75
13.04428212,47.53986972,1801.63
13.04426205,47.53984832,1804.20
13.04424740,47.53983143,1807.49
13.04429146,47.53975074,1811.27
13.04424788,47.53977214,1816.22
</coordinates></LineString>
<LineString><altitudeMode>absolute</altitudeMode><coordinates>
13.04510516,47.54053578,1746.32
13.04507533,47.54056254,1754.79
13.04502455,47.54054521,1757.51
13.04499566,47.54056091,1757.87
13.04496615,47.54057183,1755.06
13.04492831,47.54062446,1758.29
13.04491204,47.54066890,1760.09
13.04489221,47.54071626,1761.90
13.04492672,47.54074591,1760.80
13.04495849,47.54077417,1762.75
13.04495763,47.54081509,1763.25
13.04497458,47.54080953,1764.48
13.04498640,47.54076690,1765.61
13.04498092,47.54075718,1765.61
13.04494262,47.54074357,1768.94
13.04493201,47.54075023,1768.88
13.04488778,47.54073517,1771.73
13.04487793,47.54073572,1771.62
13.04486847,47.54072926,1772.01
13.04485956,47.54073289,1773.37
13.04484179,47.54074995,1774.11
</coordinates></LineString>
<LineString><altitudeMode>absolute</altitudeMode><coordinates>
13.04484179,47.54074995,1774.11
13.04479517,47.54073125,1774.27
13.04479532,47.54073080,1781.15
13.04475693,47.54073420,1786.00
13.04474460,47.54074757,1785.56
13.04472337,47.54076089,1787.31
13.04472635,47.54078811,1788.15
13.04468423,47.54082726,1787.40
13.04468441,47.54082600,1800.28
13.04467885,47.54080746,1802.40
13.04468049,47.54077051,1803.37
13.04470860,47.54068640,1802.84
13.04472915,47.54067361,1797.46
13.04473483,47.54068523,1798.22
13.04476157,47.54064150,1797.03
13.04477266,47.54063989,1796.80
13.04479932,47.54065195,1795.94
13.04480584,47.54065521,1793.08
13.04479658,47.54065047,1789.48
13.04482569,47.54065042,1778.66
13.04487288,47.54064646,1780.12
13.04493993,47.54064094,1773.10
</coordinates></LineString>
<LineString><altitudeMode>absolute</altitudeMode><coordinates>
13.04493993,47.54064094,1773.10
13.04500685,47.54062445,1770.42
13.04507285,47.54059345,1771.71
</coordinates></LineString>
<LineString><altitudeMode>absolute</altitudeMode><coordinates>
13.04498297,47.54048052,1760.79
13.04490443,47.54045542,1759.99
13.04491421,47.54044263,1759.59
13.04484497,47.54041419,1760.12
13.04479719,47.54038044,1761.42
13.04483270,47.54036889,1761.26
13.04479645,47.54030394,1762.07
13.04474724,47.54029797,1762.60
13.04472674,47.54026658,1763.48
13.04460442,47.54028996,1765.52
13.04456952,47.54022430,1768.34
13.04452463,47.54023064,1769.07
13.04443104,47.54019944,1770.60
13.04443104,47.54019944,1769.00
13.04441473,47.54020933,1769.11
13.04440726,47.54018860,1771.17
13.04435766,47.54016814,1774.84
13.04441203,47.54012461,1778.51
13.04441552,47.54012026,1788.82
13.04443341,47.54011094,1788.94
13.04444108,47.54008696,1790.52
13.04443384,47.54007792,1791.66
13.04445071,47.54005671,1791.99
13.04443026,47.54002036,1792.75
13.04438618,47.54000152,1793.23
13.04439891,47.53999166,1792.61
13.04440175,47.53995806,1792.87
</coordinates></LineString>
<LineString><altitudeMode>absolute</altitudeMode><coordinates>
13.04498297,47.54048052,1760.79
13.04501124,47.54046714,1760.10
13.04504562,47.54048609,1755.45
13.04508848,47.54053766,1750.73
13.04510516,47.54053578,1746.32
</coordinates></LineString>
<LineString><altitudeMode>absolute</altitudeMode><coordinates>
13.04498297,47.54048052,1760.79
13.04498116,47.54046492,1766.20
13.04501939,47.54049455,1767.64
13.04504079,47.54048015,1767.67
13.04499861,47.54049941,1770.95
13.04505493,47.54055715,1770.76
13.04507285,47.54059345,1771.71
</coordinates></LineString>
<LineString><altitudeMode>absolute</altitudeMode><coordinates>
13.04536656,47.54083943,1730.56
13.04536656,47.54083943,1718.71
13.04542924,47.54085850,1716.94
13.04546228,47.54087751,1715.54
</coordinates></LineString>
<LineString><altitudeMode>absolute</altitudeMode><coordinates>
13.04546228,47.54087751,1715.54
13.04561173,47.54103258,1716.70
</coordinates></LineString>
<LineString><altitudeMode>absolute</altitudeMode><coordinates>
13.04561173,47.54103258,1716.70
13.04561173,47.54103258,1718.52
13.04559064,47.54106021,1721.95
13.04553979,47.54102667,1728.09
13.04546741,47.54095039,1730.54
13.04542287,47.54089753,1730.58
13.04542243,47.54087359,1732.49
13.04539554,47.54088204,1734.94
13.04536656,47.54083943,1730.56
</coordinates></LineString>
<LineString><altitudeMode>absolute</altitudeMode><coordinates>
13.04510516,47.54053578,1746.32
13.04515295,47.54051581,1744.78
13.04516989,47.54053176,1744.97
13.04517918,47.54051788,1744.76
13.04519743,47.54054878,1745.22
13.04518844,47.54055844,1745.02
13.04522301,47.54058287,1745.15
13.04518035,47.54062219,1742.84
13.04520432,47.54065310,1744.74
13.04522873,47.54066135,1745.14
13.04526028,47.54072784,1744.46
13.04529338,47.54072022,1733.06
13.04529451,47.54074696,1732.64
13.04533160,47.54079673,1732.64
13.04534373,47.54080998,1730.97
13.04535229,47.54083352,1730.88
13.04536656,47.54083943,1730.56
</coordinates></LineString>
<LineString><altitudeMode>absolute</altitudeMode><coordinates>
13.04510516,47.54053578,1746.32
13.04514851,47.54056352,1744.77
13.04510169,47.54057550,1757.40
13.04507025,47.54057406,1768.35
13.04507285,47.54059345,1771.71
</coordinates></LineString>
<LineString><altitudeMode>absolute</altitudeMode><coordinates>
13.05704605,47.53496929,1627.12
13.05708772,47.53497440,1623.09
13.05707978,47.53499154,1622.16
13.05707960,47.53498920,1611.34
13.05708504,47.53502529,1607.45
13.05709841,47.53505917,1608.06
13.05712618,47.53507709,1607.25
13.05716760,47.53508535,1602.69
</coordinates></LineString>
<LineString><altitudeMode>absolute</altitudeMode><coordinates>
13.05716760,47.53508535,1602.69
13.05718658,47.53508217,1594.23
13.05716537,47.53509522,1594.61
13.05717263,47.53507491,1585.61
13.05720197,47.53509377,1569.81
13.05723964,47.53507740,1569.64
13.05727531,47.53507584,1567.40
13.05727530,47.53505092,1567.00
13.05726857,47.53503892,1564.95
13.05726839,47.53503667,1554.18
13.05726755,47.53501974,1554.23
13.05733164,47.53502920,1551.47
13.05735941,47.53501131,1534.94
13.05733188,47.53498340,1533.67
13.05736318,47.53497403,1532.78
13.05737073,47.53495310,1527.83
</coordinates></LineString>
<LineString><altitudeMode>absolute</altitudeMode><coordinates>
13.05737073,47.53495310,1527.83
13.05741646,47.53490942,1508.74
13.05735926,47.53485348,1492.22
</coordinates></LineString>
<LineString><altitudeMode>absolute</altitudeMode><coordinates>
13.05735926,47.53485348,1492.22
13.05737288,47.53483733,1492.37
13.05732134,47.53485490,1506.87
13.05722074,47.53483016,1509.84
13.05722291,47.53483992,1510.22
13.05719537,47.53483729,1514.79
13.05720377,47.53481836,1519.77
13.05718345,47.53477131,1530.04
13.05717681,47.53476760,1530.16
13.05715032,47.53474735,1548.52
13.05709509,47.53476765,1551.40
13.05707133,47.53481737,1554.51
13.05706302,47.53479078,1569.18
13.05709586,47.53479367,1573.32
13.05705891,47.53484083,1578.05
13.05706669,47.53484231,1578.15
13.05702758,47.53488673,1585.83
13.05703345,47.53490419,1588.38
13.05701138,47.53492236,1594.89
</coordinates></LineString>
<LineString><altitudeMode>absolute</altitudeMode><coordinates>
13.05701138,47.53492236,1594.89
13.05701236,47.53495711,1594.67
13.05699383,47.53498388,1599.43
13.05699786,47.53498980,1599.51
13.05695314,47.53509252,1603.62
13.05688495,47.53509694,1612.79
13.05687694,47.53514108,1613.12
13.05688146,47.53513720,1614.50
13.05693162,47.53509224,1621.04
13.05696628,47.53505342,1624.01
13.05695630,47.53504299,1624.21
13.05704037,47.53495416,1623.93
13.05704605,47.53496929,1627.12
</coordinates></LineString>
<LineString><altitudeMode>absolute</altitudeMode><coordinates>
13.04945289,47.53377242,1827.56
13.04939465,47.53379870,1831.32
13.04938788,47.53380227,1831.59
13.04942297,47.53383058,1830.26
13.04945289,47.53377242,1827.56
</coordinates></LineString>
<LineString><altitudeMode>absolute</altitudeMode><coordinates>
13.04945289,47.53377242,1827.56
13.04954483,47.53374753,1827.38
13.04949256,47.53371326,1829.36
13.04955318,47.53361207,1832.32
13.04952765,47.53362333,1832.64
13.04949905,47.53358838,1834.50
13.04947912,47.53353468,1838.04
13.04946598,47.53351646,1837.74
13.04949111,47.53350150,1837.26
13.04949009,47.53348259,1836.62
13.04960811,47.53345301,1832.38
13.04961147,47.53346638,1832.63
</coordinates></LineString>
<LineString><altitudeMode>absolute</altitudeMode><coordinates>
13.04961147,47.53346638,1832.63
13.04962635,47.53347357,1830.11
13.04970041,47.53345773,1824.01
13.04970074,47.53342372,1823.58
13.04972675,47.53343190,1821.77
13.04976068,47.53346631,1820.34
13.04979549,47.53345206,1819.53
13.04978905,47.53344286,1811.96
13.04985142,47.53344158,1806.18
13.04987475,47.53341786,1807.24
13.04993448,47.53348394,1798.60
</coordinates></LineString>
<LineString><altitudeMode>absolute</altitudeMode><coordinates>
13.04993448,47.53348394,1798.60
13.05001159,47.53346131,1795.92
13.05005679,47.53348575,1788.07
13.05009953,47.53347262,1784.77
13.05012863,47.53346897,1781.22
13.05014455,47.53343028,1781.84
13.05019689,47.53343756,1781.42
13.05023394,47.53340247,1781.26
13.05014891,47.53336278,1780.71
13.05011187,47.53336917,1780.66
</coordinates></LineString>
<LineString><altitudeMode>absolute</altitudeMode><coordinates>
13.05018173,47.53326975,1777.83
13.05014116,47.53332449,1780.58
13.05012546,47.53334321,1781.90
13.05011187,47.53336917,1780.66
</coordinates></LineString>
<LineString><altitudeMode>absolute</altitudeMode><coordinates>
13.05012773,47.53316373,1777.91
13.05014150,47.53317935,1778.26
13.05013430,47.53318724,1780.73
13.05010981,47.53316325,1782.31
13.05009871,47.53312572,1785.00
13.05011272,47.53312397,1785.58
13.05011085,47.53313519,1786.54
13.05012946,47.53314910,1789.46
</coordinates></LineString>
<LineString><altitudeMode>absolute</altitudeMode><coordinates>
13.05012946,47.53314910,1789.46
13.05020875,47.53317870,1786.09
13.05019525,47.53325262,1780.40
13.05018173,47.53326975,1777.83
</coordinates></LineString>
<LineString><altitudeMode>absolute</altitudeMode><coordinates>
13.05012773,47.53316373,1777.91
13.05017366,47.53323641,1780.57
13.05018173,47.53326975,1777.83
</coordinates></LineString>
<LineString><altitudeMode>absolute</altitudeMode><coordinates>
13.04919908,47.53253056,1758.65
13.04922824,47.53255391,1757.59
13.04919027,47.53257108,1757.50
13.04926779,47.53263395,1758.27
13.04931126,47.53262623,1759.15
13.04933541,47.53273093,1758.33
13.04936225,47.53273805,1759.92
13.04934951,47.53279857,1759.80
13.04931424,47.53278582,1758.84
13.04939624,47.53280323,1760.20
13.04942408,47.53277248,1759.49
13.04945233,47.53278106,1759.27
13.04949816,47.53272758,1759.83
13.04959375,47.53275125,1759.59
13.04962382,47.53277147,1760.19
13.04970158,47.53280996,1760.31
13.04973286,47.53284441,1760.96
13.04974795,47.53285313,1761.50
13.04974824,47.53287023,1762.71
13.04969715,47.53291165,1763.00
13.04970461,47.53294678,1764.10
13.04965857,47.53296301,1763.72
13.04966668,47.53298789,1763.98
</coordinates></LineString>
<LineString><altitudeMode>absolute</altitudeMode><coordinates>
13.04966668,47.53298789,1763.98
13.04969508,47.53301393,1763.91
13.04969705,47.53303619,1764.96
13.04971608,47.53304236,1766.35
13.04971651,47.53304156,1771.35
13.04977152,47.53308101,1772.09
13.04974989,47.53309441,1770.87
13.04976375,47.53310769,1766.61
13.04982349,47.53313066,1770.51
13.04981922,47.53313464,1774.01
13.04985455,47.53319580,1771.92
13.04990855,47.53318358,1774.20
13.04993539,47.53310854,1773.30
13.05009264,47.53312093,1776.72
13.05008748,47.53314190,1777.77
13.05012773,47.53316373,1777.91
</coordinates></LineString>
<LineString><altitudeMode>absolute</altitudeMode><coordinates>
13.04930060,47.53248378,1757.23
13.04925642,47.53245685,1757.29
13.04921741,47.53246986,1756.22
13.04919908,47.53253056,1758.65
</coordinates></LineString>
<LineString><altitudeMode>absolute</altitudeMode><coordinates>
13.04930060,47.53248378,1757.23
13.04928496,47.53249701,1757.23
13.04925859,47.53251312,1757.94
13.04923698,47.53250097,1759.15
13.04919908,47.53253056,1758.65
</coordinates></LineString>
<LineString><altitudeMode>absolute</altitudeMode><coordinates>
13.04835912,47.53194621,1754.84
13.04840766,47.53194155,1754.21
13.04850886,47.53193553,1754.84
13.04857145,47.53189224,1756.49
13.04860283,47.53187370,1755.22
13.04864602,47.53198457,1756.09
13.04866138,47.53206834,1756.67
13.04880553,47.53213297,1756.58
13.04883270,47.53209546,1754.36
13.04887284,47.53214149,1756.93
13.04890877,47.53216865,1755.54
13.04898912,47.53212665,1755.88
13.04897142,47.53219914,1756.35
13.04909539,47.53228835,1756.21
13.04907635,47.53230018,1756.01
13.04911700,47.53236863,1756.84
13.04919131,47.53238897,1756.71
13.04930060,47.53248378,1757.23
</coordinates></LineString>
<LineString><altitudeMode>absolute</altitudeMode><coordinates>
13.04826387,47.53203889,1754.70
13.04829000,47.53205455,1754.56
13.04826993,47.53205834,1753.39
13.04825111,47.53204974,1747.95
13.04827531,47.53204584,1743.00
13.04825927,47.53206275,1736.98
13.04823973,47.53204145,1741.75
13.04827201,47.53200592,1741.63
13.04829091,47.53200498,1741.36
13.04833117,47.53197255,1744.12
13.04837309,47.53195284,1747.26
13.04840040,47.53190075,1752.91
13.04843209,47.53191695,1755.88
13.04835912,47.53194621,1754.84
</coordinates></LineString>
<LineString><altitudeMode>absolute</altitudeMode><coordinates>
13.04826387,47.53203889,1754.70
13.04832314,47.53201705,1755.40
13.04831059,47.53196860,1755.52
13.04835912,47.53194621,1754.84
</coordinates></LineString>
<LineString><altitudeMode>absolute</altitudeMode><coordinates>
13.04812901,47.53141976,1745.91
13.04806476,47.53151855,1748.21
13.04805094,47.53155062,1749.01
13.04802733,47.53162121,1747.56
13.04799999,47.53165971,1750.61
13.04800934,47.53170144,1752.43
13.04807455,47.53175213,1752.44
13.04809025,47.53183051,1752.47
13.04808957,47.53189528,1752.84
13.04803420,47.53197667,1752.87
13.04797804,47.53201126,1752.44
13.04809394,47.53209962,1753.02
13.04815536,47.53207718,1754.19
13.04834426,47.53214257,1754.47
13.04826387,47.53203889,1754.70
</coordinates></LineString>
<LineString><altitudeMode>absolute</altitudeMode><coordinates>
13.04816833,47.53138057,1739.14
13.04822087,47.53144346,1748.72
</coordinates></LineString>
<LineString><altitudeMode>absolute</altitudeMode><coordinates>
13.04822087,47.53144346,1748.72
13.04823118,47.53144840,1742.38
13.04823663,47.53143752,1740.64
13.04823538,47.53144632,1733.92
13.04822079,47.53143482,1727.02
13.04818719,47.53143434,1725.76
13.04812899,47.53149175,1730.60
13.04812189,47.53148641,1733.51
13.04811231,47.53150802,1733.50
13.04814346,47.53152799,1734.66
13.04814014,47.53152073,1736.12
13.04812588,47.53151842,1736.94
13.04809726,47.53150551,1742.86
13.04812901,47.53141976,1745.91
</coordinates></LineString>
<LineString><altitudeMode>absolute</altitudeMode><coordinates>
13.04816833,47.53138057,1739.14
13.04816321,47.53140405,1745.59
13.04812901,47.53141976,1745.91
</coordinates></LineString>
<LineString><altitudeMode>absolute</altitudeMode><coordinates>
13.04761975,47.53052124,1741.96
13.04751621,47.53060100,1738.49
13.04748136,47.53057350,1739.35
</coordinates></LineString>
<LineString><altitudeMode>absolute</altitudeMode><coordinates>
13.04775617,47.53054363,1743.82
13.04766264,47.53053628,1742.32
13.04761975,47.53052124,1741.96
</coordinates></LineString>
<LineString><altitudeMode>absolute</altitudeMode><coordinates>
13.04775617,47.53054363,1743.82
13.04771478,47.53047390,1748.93
13.04761975,47.53052124,1741.96
</coordinates></LineString>
<LineString><altitudeMode>absolute</altitudeMode><coordinates>
13.04659837,47.53024055,1750.77
13.04668691,47.53027139,1749.06
13.04672245,47.53032680,1748.73
13.04680074,47.53040084,1747.80
13.04682715,47.53048749,1748.55
13.04689713,47.53052090,1748.21
13.04690217,47.53050686,1747.24
13.04698409,47.53052967,1748.12
13.04699623,47.53052825,1748.13
13.04703334,47.53051296,1748.43
13.04711133,47.53054884,1748.52
13.04725338,47.53053749,1749.71
13.04725503,47.53055021,1749.69
13.04737888,47.53055673,1748.90
13.04748584,47.53057466,1739.17
13.04748136,47.53057350,1739.35
</coordinates></LineString>
<LineString><altitudeMode>absolute</altitudeMode><coordinates>
13.04646031,47.52965087,1746.62
13.04640117,47.52970511,1749.74
13.04643970,47.52978009,1749.12
13.04647866,47.52979705,1749.29
13.04648689,47.52983309,1748.46
13.04649082,47.52985241,1749.07
13.04646124,47.52986181,1749.42
13.04643297,47.52991487,1748.58
13.04646109,47.52993388,1748.79
13.04653463,47.52994629,1749.54
13.04659726,47.52998434,1748.77
13.04664404,47.53004840,1749.59
13.04670411,47.53010521,1750.18
13.04663208,47.53013413,1750.78
13.04659495,47.53017174,1750.92
13.04661922,47.53018367,1750.60
13.04659837,47.53024055,1750.77
</coordinates></LineString>
<LineString><altitudeMode>absolute</altitudeMode><coordinates>
13.04669882,47.52950349,1748.14
13.04667159,47.52948179,1749.57
13.04667984,47.52946366,1749.82
</coordinates></LineString>
<LineString><altitudeMode>absolute</altitudeMode><coordinates>
13.04667984,47.52946366,1749.82
13.04662671,47.52944548,1751.85
13.04658910,47.52943494,1754.99
13.04654680,47.52941488,1756.53
13.04650726,47.52940268,1756.94
13.04645957,47.52943840,1753.75
13.04650756,47.52950194,1752.92
13.04648531,47.52955384,1749.98
13.04649665,47.52957761,1748.69
13.04650402,47.52961868,1749.00
</coordinates></LineString>
<LineString><altitudeMode>absolute</altitudeMode><coordinates>
13.04650402,47.52961868,1749.00
13.04646031,47.52965087,1746.62
</coordinates></LineString>
<LineString><altitudeMode>absolute</altitudeMode><coordinates>
13.04669882,47.52950349,1748.14
13.04664922,47.52951902,1751.22
13.04661213,47.52953027,1750.17
13.04659885,47.52955524,1748.95
13.04660692,47.52963834,1750.02
13.04651636,47.52963338,1749.62
13.04646031,47.52965087,1746.62
</coordinates></LineString>
<LineString><altitudeMode>absolute</altitudeMode><coordinates>
13.04779074,47.53081840,1750.92
13.04768034,47.53082165,1748.76
13.04767330,47.53083952,1748.42
13.04757816,47.53078265,1750.48
13.04761357,47.53074861,1750.55
13.04755987,47.53065618,1742.16
13.04746833,47.53068108,1742.38
13.04748598,47.53063513,1740.56
13.04748136,47.53057350,1739.35
</coordinates></LineString>
<LineString><altitudeMode>absolute</altitudeMode><coordinates>
13.04789424,47.53107607,1753.07
13.04792466,47.53105122,1748.55
13.04788718,47.53100864,1737.00
13.04787048,47.53095734,1728.12
13.04784269,47.53089010,1742.84
13.04785458,47.53088463,1743.38
13.04784274,47.53088155,1744.31
13.04784265,47.53086967,1745.25
13.04780313,47.53084983,1749.50
13.04779074,47.53081840,1750.92
</coordinates></LineString>
<LineString><altitudeMode>absolute</altitudeMode><coordinates>
13.04789424,47.53107607,1753.07
13.04792216,47.53109356,1753.27
13.04794581,47.53110071,1753.57
13.04801416,47.53117062,1751.23
</coordinates></LineString>
<LineString><altitudeMode>absolute</altitudeMode><coordinates>
13.04801416,47.53117062,1751.23
13.04802336,47.53116637,1751.61
13.04806309,47.53121635,1750.61
13.04811760,47.53127982,1750.70
13.04810629,47.53129088,1746.67
13.04808369,47.53132333,1749.95
13.04816833,47.53138057,1739.14
</coordinates></LineString>
<LineString><altitudeMode>absolute</altitudeMode><coordinates>
13.04789424,47.53107607,1753.07
13.04788826,47.53106544,1751.20
13.04783812,47.53093798,1750.54
13.04781680,47.53092538,1750.44
13.04783178,47.53089027,1749.90
13.04779074,47.53081840,1750.92
</coordinates></LineString>
<LineString><altitudeMode>absolute</altitudeMode><coordinates>
13.04600723,47.53029175,1749.28
13.04604693,47.53031393,1748.02
13.04613029,47.53032300,1747.39
13.04617838,47.53036612,1747.10
13.04626635,47.53034431,1746.52
13.04629052,47.53032312,1745.75
13.04632979,47.53031390,1745.59
13.04636264,47.53039175,1748.04
</coordinates></LineString>
<LineString><altitudeMode>absolute</altitudeMode><coordinates>
13.04636264,47.53039175,1748.04
13.04640218,47.53038235,1748.82
13.04644801,47.53033967,1750.37
13.04654366,47.53033266,1748.41
13.04655933,47.53028649,1748.08
13.04659224,47.53027680,1749.07
13.04659837,47.53024055,1750.77
</coordinates></LineString>
<LineString><altitudeMode>absolute</altitudeMode><coordinates>
13.04564471,47.53041155,1755.94
13.04561031,47.53043643,1757.78
13.04562195,47.53036986,1765.13
13.04566132,47.53036855,1764.77
13.04571333,47.53033839,1767.15
13.04573861,47.53032668,1766.71
13.04574078,47.53030044,1766.96
13.04577373,47.53029695,1766.99
13.04578152,47.53029096,1767.77
13.04585150,47.53028487,1764.58
13.04588252,47.53029403,1763.08
13.04593489,47.53029700,1761.91
13.04598607,47.53030696,1749.54
13.04600723,47.53029175,1749.28
</coordinates></LineString>
<LineString><altitudeMode>absolute</altitudeMode><coordinates>
13.04564471,47.53041155,1755.94
13.04568984,47.53035923,1757.15
13.04570018,47.53029543,1755.20
13.04581885,47.53030186,1753.34
13.04583242,47.53029417,1752.30
13.04586586,47.53027755,1750.26
13.04592768,47.53029435,1751.39
13.04600723,47.53029175,1749.28
</coordinates></LineString>
<LineString><altitudeMode>absolute</altitudeMode><coordinates>
13.04724402,47.53039606,1694.11
13.04725448,47.53039327,1702.04
13.04729265,47.53038879,1703.72
13.04731470,47.53042831,1703.68
13.04729162,47.53045221,1703.95
13.04735638,47.53046861,1701.40
13.04735785,47.53050427,1697.75
13.04737965,47.53051814,1716.69
13.04742273,47.53054596,1731.65
13.04744973,47.53056306,1736.22
13.04748136,47.53057350,1739.35
</coordinates></LineString>
<LineString><altitudeMode>absolute</altitudeMode><coordinates>
13.04527060,47.53053601,1752.95
13.04528201,47.53054709,1750.24
13.04527898,47.53057844,1749.71
</coordinates></LineString>
<LineString><altitudeMode>absolute</altitudeMode><coordinates>
13.04527898,47.53057844,1749.71
13.04528237,47.53057661,1751.68
13.04529884,47.53057320,1752.10
13.04531066,47.53058402,1752.27
13.04533350,47.53059890,1752.19
13.04532192,47.53061004,1751.62
13.04533251,47.53062192,1751.40
13.04533719,47.53064242,1751.22
13.04537959,47.53065997,1752.04
13.04537570,47.53066441,1751.87
13.04546159,47.53068441,1751.80
13.04548959,47.53067085,1750.67
13.04548521,47.53066015,1750.63
13.04550754,47.53065253,1751.16
13.04552813,47.53064199,1752.15
13.04553429,47.53060511,1755.84
13.04559585,47.53048216,1756.60
</coordinates></LineString>
<LineString><altitudeMode>absolute</altitudeMode><coordinates>
13.04559585,47.53048216,1756.60
13.04568667,47.53043008,1757.76
</coordinates></LineString>
<LineString><altitudeMode>absolute</altitudeMode><coordinates>
13.04527060,47.53053601,1752.95
13.04528165,47.53050686,1754.18
13.04531958,47.53049437,1752.38
</coordinates></LineString>
<LineString><altitudeMode>absolute</altitudeMode><coordinates>
13.04531958,47.53049437,1752.38
13.04530461,47.53048602,1752.34
13.04530003,47.53046263,1753.69
13.04531932,47.53045135,1753.33
13.04531164,47.53043979,1752.69
13.04532804,47.53043099,1751.66
13.04536632,47.53043074,1751.07
13.04543026,47.53043345,1752.04
13.04544304,47.53042206,1752.58
13.04548847,47.53042571,1752.85
13.04555103,47.53041922,1754.41
13.04556568,47.53044683,1754.41
13.04559613,47.53043898,1753.81
13.04561101,47.53043527,1755.46
13.04568667,47.53043008,1757.76
</coordinates></LineString>
<LineString><altitudeMode>absolute</altitudeMode><coordinates>
13.04439911,47.53099455,1754.32
13.04437413,47.53096596,1753.05
13.04442613,47.53091466,1753.28
</coordinates></LineString>
<LineString><altitudeMode>absolute</altitudeMode><coordinates>
13.04437680,47.53094765,1746.21
13.04438836,47.53090843,1748.64
13.04442613,47.53091466,1753.28
</coordinates></LineString>
<LineString><altitudeMode>absolute</altitudeMode><coordinates>
13.04436171,47.53098194,1744.57
13.04437680,47.53094765,1746.21
</coordinates></LineString>
<LineString><altitudeMode>absolute</altitudeMode><coordinates>
13.04439521,47.53095642,1742.01
13.04436906,47.53091998,1745.22
13.04437258,47.53093264,1746.97
13.04437680,47.53094765,1746.21
</coordinates></LineString>
<LineString><altitudeMode>absolute</altitudeMode><coordinates>
13.04439521,47.53095642,1742.01
13.04438232,47.53097447,1742.55
13.04436045,47.53098021,1743.27
13.04436171,47.53098194,1744.57
</coordinates></LineString>
<LineString><altitudeMode>absolute</altitudeMode><coordinates>
13.04439521,47.53095642,1742.01
13.04438001,47.53095085,1740.53
13.04433808,47.53095275,1740.87
13.04433231,47.53095076,1743.12
13.04432189,47.53092385,1744.14
13.04429921,47.53094776,1747.51
13.04431063,47.53097279,1746.75
13.04430146,47.53101943,1747.52
13.04434431,47.53100324,1743.82
13.04436171,47.53098194,1744.57
</coordinates></LineString>
<LineString><altitudeMode>absolute</altitudeMode><coordinates>
13.04426310,47.53104334,1754.25
13.04430511,47.53103902,1752.78
13.04429987,47.53104064,1752.01
13.04430328,47.53103485,1751.62
13.04432328,47.53103654,1751.59
13.04433439,47.53104123,1751.72
13.04434830,47.53104965,1752.40
13.04437628,47.53105463,1753.01
</coordinates></LineString>
<LineString><altitudeMode>absolute</altitudeMode><coordinates>
13.04437628,47.53105463,1753.01
13.04440536,47.53102651,1754.86
13.04439911,47.53099455,1754.32
</coordinates></LineString>
<LineString><altitudeMode>absolute</altitudeMode><coordinates>
13.04426310,47.53104334,1754.25
13.04423110,47.53109651,1750.60
13.04409878,47.53108904,1746.24
13.04402552,47.53112594,1743.01
13.04392108,47.53112641,1740.35
13.04387845,47.53113639,1739.98
13.04379484,47.53117339,1736.73
13.04378091,47.53121904,1732.20
13.04375260,47.53121595,1732.19
13.04376408,47.53124296,1732.82
13.04376983,47.53124918,1734.14
13.04375242,47.53126355,1735.71
13.04368238,47.53125686,1738.69
</coordinates></LineString>
<LineString><altitudeMode>absolute</altitudeMode><coordinates>
13.04426310,47.53104334,1754.25
13.04426759,47.53100490,1754.19
13.04432052,47.53096774,1757.37
13.04435452,47.53098245,1757.69
13.04439911,47.53099455,1754.32
</coordinates></LineString>
<LineString><altitudeMode>absolute</altitudeMode><coordinates>
13.04521736,47.53063147,1757.87
13.04528697,47.53058875,1756.51
</coordinates></LineString>
<LineString><altitudeMode>absolute</altitudeMode><coordinates>
13.04528697,47.53058875,1756.51
13.04531346,47.53057660,1755.38
13.04527060,47.53053601,1752.95
</coordinates></LineString>
<LineString><altitudeMode>absolute</altitudeMode><coordinates>
13.04472595,47.53086587,1760.10
13.04463661,47.53091762,1758.64
13.04451856,47.53091920,1756.91
</coordinates></LineString>
<LineString><altitudeMode>absolute</altitudeMode><coordinates>
13.04451856,47.53091920,1756.91
13.04442613,47.53091466,1753.28
</coordinates></LineString>
<LineString><altitudeMode>absolute</altitudeMode><coordinates>
13.04503253,47.53064254,1758.92
13.04503355,47.53063311,1757.87
13.04499678,47.53063923,1758.66
13.04490637,47.53062329,1758.96
13.04490395,47.53062406,1758.07
13.04485720,47.53061273,1759.25
13.04484570,47.53062909,1759.93
13.04487784,47.53065808,1756.46
13.04486762,47.53076840,1756.28
13.04483055,47.53078640,1758.40
13.04479002,47.53078652,1760.08
13.04472595,47.53086587,1760.10
</coordinates></LineString>
<LineString><altitudeMode>absolute</altitudeMode><coordinates>
13.04503253,47.53064254,1758.92
13.04487820,47.53054119,1763.65
13.04484129,47.53059410,1763.91
13.04485902,47.53061735,1763.65
13.04485324,47.53065487,1763.33
13.04487525,47.53067036,1764.05
13.04488555,47.53074000,1767.08
13.04484893,47.53079220,1765.30
13.04477079,47.53080355,1759.95
13.04472595,47.53086587,1760.10
</coordinates></LineString>
<LineString><altitudeMode>absolute</altitudeMode><coordinates>
13.04503253,47.53064254,1758.92
13.04516126,47.53059290,1758.85
13.04521736,47.53063147,1757.87
</coordinates></LineString>
<LineString><altitudeMode>absolute</altitudeMode><coordinates>
13.04357084,47.53141594,1760.84
13.04353838,47.53139910,1757.65
13.04356350,47.53138468,1756.44
13.04356407,47.53138721,1753.67
</coordinates></LineString>
<LineString><altitudeMode>absolute</altitudeMode><coordinates>
13.04356407,47.53138721,1753.67
13.04360718,47.53136050,1750.84
13.04360965,47.53126921,1742.97
13.04368238,47.53125686,1738.69
</coordinates></LineString>
<LineString><altitudeMode>absolute</altitudeMode><coordinates>
13.04344297,47.53149942,1763.60
13.04345786,47.53149212,1760.93
13.04349016,47.53147755,1759.87
13.04353809,47.53147468,1759.76
13.04357084,47.53141594,1760.84
</coordinates></LineString>
<LineString><altitudeMode>absolute</altitudeMode><coordinates>
13.04344297,47.53149942,1763.60
13.04351003,47.53149319,1768.40
13.04353709,47.53148024,1769.04
13.04357084,47.53141594,1760.84
</coordinates></LineString>
<LineString><altitudeMode>absolute</altitudeMode><coordinates>
13.04251603,47.53155145,1754.49
13.04255592,47.53160063,1756.65
13.04265724,47.53156987,1760.59
13.04267971,47.53159095,1761.03
13.04274506,47.53157362,1762.39
13.04283183,47.53155567,1762.01
13.04288066,47.53157171,1763.76
13.04293752,47.53160750,1762.66
13.04301970,47.53155906,1761.65
13.04308943,47.53155278,1762.20
13.04314625,47.53156814,1762.82
13.04336412,47.53151535,1764.64
</coordinates></LineString>
<LineString><altitudeMode>absolute</altitudeMode><coordinates>
13.04336412,47.53151535,1764.64
13.04333954,47.53146553,1766.48
13.04344297,47.53149942,1763.60
</coordinates></LineString>
<LineString><altitudeMode>absolute</altitudeMode><coordinates>
13.04204422,47.53193338,1759.44
13.04200158,47.53192968,1759.12
13.04208750,47.53187374,1759.28
13.04219476,47.53186198,1760.93
13.04222782,47.53186273,1760.50
13.04230414,47.53178269,1763.38
13.04229994,47.53173852,1761.31
13.04226198,47.53164825,1759.04
13.04230538,47.53163162,1758.02
13.04231353,47.53159118,1758.64
13.04238407,47.53153075,1758.09
13.04245156,47.53150949,1755.44
13.04245199,47.53152300,1753.84
13.04251603,47.53155145,1754.49
</coordinates></LineString>
<LineString><altitudeMode>absolute</altitudeMode><coordinates>
13.04154793,47.53222338,1756.98
13.04155878,47.53221745,1756.34
13.04157147,47.53220497,1755.31
13.04153959,47.53217608,1755.57
13.04150321,47.53216116,1752.07
13.04159636,47.53210759,1752.76
13.04167904,47.53203503,1754.36
13.04177438,47.53203666,1756.37
13.04177783,47.53199749,1757.81
13.04190282,47.53197713,1759.77
13.04190745,47.53194562,1759.56
13.04190238,47.53190693,1756.62
13.04187853,47.53189096,1756.60
13.04194114,47.53189365,1756.18
13.04197050,47.53190432,1756.11
13.04204422,47.53193338,1759.44
</coordinates></LineString>
<LineString><altitudeMode>absolute</altitudeMode><coordinates>
13.04154793,47.53222338,1756.98
13.04162959,47.53220336,1761.15
13.04165704,47.53217638,1761.09
13.04172035,47.53215659,1763.29
13.04179690,47.53212397,1764.91
13.04179333,47.53213786,1765.36
13.04193468,47.53211706,1764.46
13.04198677,47.53219524,1764.82
13.04199702,47.53217697,1763.15
13.04205363,47.53216237,1763.35
13.04209823,47.53213506,1764.20
13.04210753,47.53214934,1764.27
13.04214396,47.53213089,1764.19
13.04213444,47.53210823,1763.46
13.04205111,47.53206955,1762.99
13.04205346,47.53205295,1761.91
13.04204560,47.53203922,1760.17
13.04203691,47.53198338,1758.95
13.04203797,47.53195496,1758.20
13.04204422,47.53193338,1759.44
</coordinates></LineString>
<LineString><altitudeMode>absolute</altitudeMode><coordinates>
13.04037253,47.53262802,1753.51
13.04043503,47.53258364,1754.47
13.04045452,47.53257057,1755.27
13.04051302,47.53254817,1757.47
13.04054538,47.53252137,1758.37
13.04065235,47.53251375,1760.51
13.04065618,47.53250743,1758.76
13.04084234,47.53253895,1756.15
13.04089797,47.53251876,1756.89
13.04092442,47.53249725,1759.18
13.04100743,47.53243739,1759.16
13.04104238,47.53243709,1755.95
13.04108728,47.53245181,1752.90
13.04113150,47.53239875,1752.61
13.04118878,47.53238056,1751.10
13.04126988,47.53232931,1749.17
13.04127874,47.53232343,1749.19
13.04131220,47.53230250,1749.59
13.04139093,47.53229691,1749.66
13.04141821,47.53227803,1750.66
13.04148802,47.53228363,1749.95
13.04149067,47.53227324,1753.86
13.04154793,47.53222338,1756.98
</coordinates></LineString>
<LineString><altitudeMode>absolute</altitudeMode><coordinates>
13.03986464,47.53268682,1746.13
13.03994958,47.53267172,1747.51
13.03995189,47.53270586,1746.83
13.04000270,47.53268648,1747.42
13.04004003,47.53271178,1747.18
</coordinates></LineString>
<LineString><altitudeMode>absolute</altitudeMode><coordinates>
13.03986464,47.53268682,1746.13
13.03989449,47.53267743,1745.01
13.03990302,47.53270530,1744.63
13.03989418,47.53270343,1743.88
13.03985124,47.53274346,1742.59
13.03995494,47.53277376,1741.89
13.04000560,47.53273350,1746.11
13.04004003,47.53271178,1747.18
</coordinates></LineString>
<LineString><altitudeMode>absolute</altitudeMode><coordinates>
13.03921952,47.53298039,1762.99
13.03926659,47.53295456,1763.46
13.03920244,47.53288237,1766.71
13.03924292,47.53284797,1764.73
13.03937345,47.53274330,1759.29
13.03940423,47.53275166,1756.95
13.03943408,47.53277430,1757.06
13.03945583,47.53274327,1755.06
13.03950163,47.53272291,1756.63
13.03949137,47.53267378,1759.36
13.03966532,47.53265174,1752.67
13.03971007,47.53269867,1748.68
13.03981180,47.53271435,1746.85
13.03985205,47.53268958,1747.91
13.03986464,47.53268682,1746.13
</coordinates></LineString>
<LineString><altitudeMode>absolute</altitudeMode><coordinates>
13.04055347,47.53274620,1755.62
13.04050176,47.53276826,1759.20
13.04052493,47.53280609,1760.06
13.04051578,47.53283428,1761.51
13.04053408,47.53282442,1762.02
13.04054031,47.53285701,1763.93
13.04055593,47.53285512,1754.57
13.04056191,47.53284065,1755.05
13.04055555,47.53284018,1752.06
13.04056967,47.53282152,1752.17
13.04057708,47.53279024,1752.19
13.04055014,47.53280013,1752.68
13.04054395,47.53277708,1753.30
13.04054778,47.53276347,1755.40
13.04055347,47.53274620,1755.62
</coordinates></LineString>
<LineString><altitudeMode>absolute</altitudeMode><coordinates>
13.04055347,47.53274620,1755.62
13.04054723,47.53269975,1757.52
13.04048409,47.53268283,1755.29
13.04045899,47.53267539,1755.13
13.04045776,47.53265476,1755.62
13.04037253,47.53262802,1753.51
</coordinates></LineString>
<LineString><altitudeMode>absolute</altitudeMode><coordinates>
13.03580934,47.53474382,1755.33
13.03577298,47.53471773,1756.24
13.03578986,47.53467861,1758.30
13.03578270,47.53462468,1759.55
13.03581260,47.53463176,1759.04
13.03583619,47.53460859,1759.75
13.03584656,47.53460121,1760.12
13.03588587,47.53457326,1762.07
13.03602888,47.53452253,1762.36
13.03607989,47.53453358,1760.30
13.03610408,47.53450484,1760.87
13.03622546,47.53446741,1759.16
13.03626589,47.53454468,1756.03
13.03627495,47.53451910,1754.73
13.03626955,47.53451073,1754.03
13.03631053,47.53447364,1751.31
13.03640046,47.53441390,1750.29
13.03641074,47.53445520,1751.00
13.03644120,47.53445806,1751.10
13.03646733,47.53444510,1750.19
13.03645709,47.53443809,1748.96
13.03649062,47.53441202,1749.55
13.03649379,47.53438751,1749.77
13.03650141,47.53440420,1748.85
13.03658648,47.53437830,1747.78
13.03661367,47.53438687,1747.82
13.03667825,47.53435468,1750.56
13.03663834,47.53432043,1747.69
13.03669111,47.53432682,1746.01
13.03675817,47.53432077,1747.32
13.03682281,47.53432989,1746.56
13.03687380,47.53429513,1745.73
13.03689015,47.53427723,1744.19
13.03690234,47.53426736,1743.48
13.03694528,47.53427395,1745.22
13.03698215,47.53424713,1747.88
13.03702987,47.53423976,1745.58
13.03705921,47.53420832,1744.26
13.03705491,47.53426638,1741.76
13.03710821,47.53423390,1739.84
13.03711168,47.53418366,1740.77
</coordinates></LineString>
<LineString><altitudeMode>absolute</altitudeMode><coordinates>
13.03711168,47.53418366,1740.77
13.03722292,47.53409036,1747.22
13.03728402,47.53410536,1749.04
13.03724490,47.53410685,1752.01
13.03731060,47.53406964,1750.42
13.03729042,47.53405121,1751.25
13.03733004,47.53401490,1754.20
13.03741414,47.53397603,1754.63
13.03742274,47.53401253,1751.36
13.03756210,47.53404524,1742.18
13.03759509,47.53404428,1742.14
13.03764939,47.53405600,1739.30
13.03769707,47.53406033,1737.89
13.03777347,47.53406029,1735.70
13.03783193,47.53406759,1733.72
13.03785113,47.53404065,1733.46
13.03788042,47.53400723,1733.75
13.03789015,47.53393514,1735.12
13.03786446,47.53391157,1736.29
13.03793901,47.53382574,1733.91
13.03802954,47.53385303,1733.50
13.03802309,47.53381575,1731.18
13.03806305,47.53379520,1731.61
13.03817456,47.53368400,1738.87
13.03823046,47.53366021,1739.33
13.03834255,47.53366159,1744.80
13.03835302,47.53366951,1744.36
13.03836232,47.53366580,1743.14
13.03837078,47.53368853,1742.27
13.03841022,47.53369622,1743.04
13.03843054,47.53366435,1744.73
13.03851021,47.53364439,1744.99
13.03852963,47.53360117,1745.88
13.03851450,47.53358642,1746.45
13.03848279,47.53358525,1746.71
13.03853186,47.53347370,1753.29
13.03855881,47.53347074,1752.73
13.03867465,47.53344627,1757.46
13.03868396,47.53336778,1758.96
13.03868577,47.53336547,1755.77
13.03868689,47.53334975,1754.10
13.03872471,47.53331179,1756.68
13.03874496,47.53324978,1758.47
13.03880259,47.53320091,1760.73
13.03875435,47.53317264,1761.23
13.03878238,47.53314424,1760.04
13.03885038,47.53305587,1762.54
13.03890941,47.53301944,1762.08
13.03901206,47.53297810,1763.62
13.03921952,47.53298039,1762.99
</coordinates></LineString>
<LineString><altitudeMode>absolute</altitudeMode><coordinates>
13.03639547,47.53484646,1745.89
13.03632024,47.53483977,1744.03
13.03631480,47.53488242,1746.04
13.03626502,47.53493799,1750.52
13.03616836,47.53488270,1752.16
13.03611341,47.53491685,1752.24
13.03603923,47.53492836,1753.85
13.03604395,47.53490504,1756.36
</coordinates></LineString>
<LineString><altitudeMode>absolute</altitudeMode><coordinates>
13.03604395,47.53490504,1756.36
13.03597392,47.53489098,1758.32
13.03593144,47.53491130,1759.78
13.03587408,47.53487838,1761.93
13.03592648,47.53486263,1760.45
13.03593257,47.53482422,1760.06
13.03581126,47.53481341,1755.92
13.03580934,47.53474382,1755.33
</coordinates></LineString>
<LineString><altitudeMode>absolute</altitudeMode><coordinates>
13.03651649,47.53491467,1747.49
13.03638322,47.53487549,1746.76
13.03639547,47.53484646,1745.89
</coordinates></LineString>
<LineString><altitudeMode>absolute</altitudeMode><coordinates>
13.03671640,47.53498036,1744.07
13.03664439,47.53496959,1744.09
13.03660610,47.53490981,1745.86
13.03651649,47.53491467,1747.49
</coordinates></LineString>
<LineString><altitudeMode>absolute</altitudeMode><coordinates>
13.03685544,47.53492920,1748.86
13.03679169,47.53492478,1747.93
13.03671640,47.53498036,1744.07
</coordinates></LineString>
<LineString><altitudeMode>absolute</altitudeMode><coordinates>
13.03708039,47.53484739,1754.43
13.03698717,47.53491346,1752.83
13.03694284,47.53488373,1750.76
13.03685544,47.53492920,1748.86
</coordinates></LineString>
<LineString><altitudeMode>absolute</altitudeMode><coordinates>
13.03743883,47.53500200,1746.88
13.03749270,47.53500391,1748.03
13.03745373,47.53501926,1755.48
13.03745458,47.53502503,1756.54
13.03744279,47.53505615,1757.01
13.03743572,47.53507096,1756.28
13.03749388,47.53507565,1750.30
13.03746950,47.53509872,1750.21
13.03744049,47.53514267,1745.80
13.03744229,47.53511211,1744.44
13.03744869,47.53509386,1744.55
13.03746253,47.53505765,1745.84
13.03745349,47.53504706,1746.22
13.03744942,47.53503160,1745.38
13.03743883,47.53500200,1746.88
</coordinates></LineString>
<LineString><altitudeMode>absolute</altitudeMode><coordinates>
13.03715373,47.53481553,1755.64
13.03717134,47.53483149,1758.58
13.03716221,47.53485194,1760.24
13.03716086,47.53486667,1759.37
13.03714510,47.53485452,1758.94
13.03708039,47.53484739,1754.43
</coordinates></LineString>
<LineString><altitudeMode>absolute</altitudeMode><coordinates>
13.03715373,47.53481553,1755.64
13.03723775,47.53484648,1756.34
13.03731507,47.53484322,1749.72
13.03734478,47.53488746,1749.54
13.03740064,47.53485395,1749.02
13.03746391,47.53487456,1747.68
13.03743883,47.53500200,1746.88
</coordinates></LineString>
<LineString><altitudeMode>absolute</altitudeMode><coordinates>
13.03715373,47.53481553,1755.64
13.03713614,47.53485248,1754.27
13.03708039,47.53484739,1754.43
</coordinates></LineString>
<LineString><altitudeMode>absolute</altitudeMode><coordinates>
13.03672527,47.53502037,1745.33
13.03677098,47.53501333,1749.17
13.03678266,47.53498869,1750.98
13.03681131,47.53499026,1751.49
13.03683245,47.53498262,1751.82
13.03684049,47.53495603,1753.53
13.03687359,47.53495210,1754.67
13.03687474,47.53493187,1755.74
13.03686746,47.53493103,1755.75
13.03688291,47.53491959,1756.55
13.03690302,47.53490743,1757.83
13.03687894,47.53487273,1753.56
</coordinates></LineString>
<LineString><altitudeMode>absolute</altitudeMode><coordinates>
13.03687894,47.53487273,1753.56
13.03687821,47.53487803,1752.45
13.03684988,47.53489653,1750.25
13.03685544,47.53492920,1748.86
</coordinates></LineString>
<LineString><altitudeMode>absolute</altitudeMode><coordinates>
13.03672527,47.53502037,1745.33
13.03670785,47.53501369,1744.16
13.03670616,47.53500214,1744.02
13.03671640,47.53498036,1744.07
</coordinates></LineString>
<LineString><altitudeMode>absolute</altitudeMode><coordinates>
13.03670652,47.53506361,1743.05
13.03673763,47.53505244,1746.22
13.03673575,47.53503873,1746.10
13.03672527,47.53502037,1745.33
</coordinates></LineString>
<LineString><altitudeMode>absolute</altitudeMode><coordinates>
13.03676663,47.53555676,1715.52
13.03670569,47.53556966,1718.18
13.03669115,47.53554269,1737.42
13.03670616,47.53552873,1738.24
13.03667474,47.53547708,1744.13
13.03665562,47.53544813,1744.92
13.03664251,47.53543279,1751.14
13.03663212,47.53539419,1755.26
13.03663034,47.53538138,1756.32
</coordinates></LineString>
<LineString><altitudeMode>absolute</altitudeMode><coordinates>
13.03663034,47.53538138,1756.32
13.03662040,47.53533442,1758.07
13.03663984,47.53534402,1758.86
13.03669969,47.53526442,1759.12
13.03673094,47.53523526,1755.90
13.03675483,47.53524296,1755.26
13.03675394,47.53518509,1753.90
13.03670817,47.53519375,1753.23
13.03670398,47.53517082,1751.84
13.03671183,47.53514918,1750.59
13.03671505,47.53515554,1748.92
13.03672069,47.53514681,1747.50
13.03674397,47.53515306,1746.51
13.03677781,47.53512943,1744.47
13.03670569,47.53511425,1741.56
13.03669300,47.53505564,1742.16
13.03670652,47.53506361,1743.05
</coordinates></LineString>
<LineString><altitudeMode>absolute</altitudeMode><coordinates>
13.04351314,47.53130625,1728.85
13.04348844,47.53131645,1728.39
13.04345625,47.53130312,1731.21
13.04341437,47.53130754,1729.81
13.04337878,47.53132484,1729.09
13.04334093,47.53130673,1729.79
13.04332077,47.53130558,1731.35
13.04333239,47.53131109,1735.22
13.04329995,47.53131881,1736.53
13.04329341,47.53130196,1738.80
13.04326480,47.53129590,1739.13
13.04323322,47.53131273,1737.34
13.04314733,47.53129632,1735.47
13.04306426,47.53130084,1732.33
13.04302202,47.53128266,1730.61
13.04294493,47.53129053,1727.94
13.04292342,47.53122942,1728.48
13.04289785,47.53120964,1729.83
13.04288963,47.53118421,1729.54
13.04282883,47.53118641,1728.04
13.04276133,47.53119012,1727.90
13.04275203,47.53120787,1728.43
13.04271239,47.53121637,1727.03
13.04265968,47.53122249,1727.60
13.04263023,47.53123908,1727.68
13.04259314,47.53124313,1727.36
13.04259552,47.53121132,1726.84
13.04255980,47.53119298,1729.14
13.04251008,47.53116891,1727.22
13.04247688,47.53116484,1726.86
13.04242267,47.53121844,1727.67
13.04237186,47.53126977,1731.70
13.04240750,47.53131896,1734.33
13.04237631,47.53133598,1734.52
13.04244293,47.53136645,1738.48
13.04243492,47.53139979,1740.49
13.04244777,47.53141495,1741.13
13.04239959,47.53144220,1744.30
13.04238384,47.53147261,1744.97
13.04245638,47.53148006,1748.64
13.04250316,47.53147969,1749.18
13.04250366,47.53150903,1753.39
13.04248595,47.53152070,1753.99
13.04247912,47.53153642,1753.29
13.04251603,47.53155145,1754.49
</coordinates></LineString>
<LineString><altitudeMode>absolute</altitudeMode><coordinates>
13.04351314,47.53130625,1728.85
13.04356454,47.53132441,1731.41
</coordinates></LineString>
<LineString><altitudeMode>absolute</altitudeMode><coordinates>
13.04356454,47.53132441,1731.41
13.04363068,47.53132536,1734.26
13.04366435,47.53131666,1735.80
13.04362052,47.53129117,1737.96
13.04364822,47.53128579,1738.57
13.04368238,47.53125686,1738.69
</coordinates></LineString>
<LineString><altitudeMode>absolute</altitudeMode><coordinates>
13.04775235,47.53042460,1715.62
13.04775604,47.53043241,1715.22
13.04779144,47.53043445,1715.46
13.04778903,47.53041353,1716.23
13.04782519,47.53042017,1714.55
13.04782508,47.53043025,1714.22
13.04785712,47.53042621,1714.58
13.04786527,47.53040349,1716.03
13.04793303,47.53041760,1721.54
13.04795225,47.53042612,1724.56
13.04796008,47.53041923,1724.10
13.04801950,47.53044688,1724.83
13.04808499,47.53047589,1725.82
13.04809401,47.53045481,1725.44
13.04818627,47.53042839,1723.93
13.04817276,47.53043428,1738.42
13.04817885,47.53043484,1740.07
13.04812854,47.53041949,1740.61
</coordinates></LineString>
<LineString><altitudeMode>absolute</altitudeMode><coordinates>
13.04812854,47.53041949,1740.61
13.04818156,47.53040132,1745.50
13.04818830,47.53038442,1746.86
13.04822536,47.53039162,1745.09
13.04830824,47.53040311,1748.72
13.04832777,47.53039607,1748.29
13.04833404,47.53043109,1753.59
13.04832351,47.53044288,1754.78
13.04831846,47.53045368,1755.32
13.04829647,47.53045888,1755.99
13.04834582,47.53046098,1760.21
13.04836341,47.53047739,1760.57
13.04833867,47.53045681,1762.79
13.04831075,47.53048234,1763.66
13.04833795,47.53049396,1766.38
13.04833366,47.53050577,1767.07
</coordinates></LineString>
<LineString><altitudeMode>absolute</altitudeMode><coordinates>
13.04833366,47.53050577,1767.07
13.04832216,47.53051133,1767.35
13.04826799,47.53049952,1767.16
13.04823847,47.53049677,1765.23
13.04821147,47.53050477,1764.74
13.04819152,47.53051964,1763.49
13.04818854,47.53050672,1763.01
13.04817116,47.53050606,1762.13
13.04814440,47.53049337,1760.69
13.04811053,47.53050719,1758.67
13.04805396,47.53050290,1757.63
13.04804060,47.53054073,1756.69
13.04801868,47.53054063,1755.93
13.04802938,47.53056016,1756.58
13.04794996,47.53057023,1752.55
13.04793644,47.53055848,1750.25
13.04787283,47.53057567,1748.85
13.04775617,47.53054363,1743.82
</coordinates></LineString>
<LineString><altitudeMode>absolute</altitudeMode><coordinates>
13.04775235,47.53042460,1715.62
13.04774943,47.53041727,1716.64
13.04775693,47.53040848,1716.86
13.04772747,47.53039682,1718.19
13.04771368,47.53042475,1719.84
13.04767254,47.53040570,1720.05
13.04767476,47.53040304,1722.19
13.04761554,47.53038430,1719.88
13.04759254,47.53039174,1719.22
13.04758683,47.53038093,1717.08
</coordinates></LineString>
<LineString><altitudeMode>absolute</altitudeMode><coordinates>
13.04758683,47.53038093,1717.08
13.04757590,47.53039964,1710.80
13.04762465,47.53041433,1710.27
</coordinates></LineString>
<LineString><altitudeMode>absolute</altitudeMode><coordinates>
13.04775235,47.53042460,1715.62
13.04775679,47.53042297,1709.90
13.04771939,47.53043916,1710.50
13.04770455,47.53043810,1710.56
13.04769343,47.53042621,1710.47
13.04767779,47.53043602,1710.22
13.04765001,47.53042547,1709.85
13.04762465,47.53041433,1710.27
</coordinates></LineString>
<LineString><altitudeMode>absolute</altitudeMode><coordinates>
13.04739300,47.53038411,1669.58
13.04740037,47.53037524,1674.37
13.04741648,47.53036354,1679.81
13.04742425,47.53035837,1687.49
13.04743371,47.53032190,1688.17
13.04742816,47.53033540,1697.67
13.04742346,47.53034027,1699.61
13.04744460,47.53034333,1699.09
13.04745034,47.53034990,1698.21
</coordinates></LineString>
<LineString><altitudeMode>absolute</altitudeMode><coordinates>
13.04745034,47.53034990,1698.21
13.04753385,47.53038012,1696.73
13.04752200,47.53037713,1706.37
13.04753671,47.53038890,1707.53
13.04754099,47.53039887,1709.32
13.04755785,47.53040626,1710.15
13.04762465,47.53041433,1710.27
</coordinates></LineString>
<LineString><altitudeMode>absolute</altitudeMode><coordinates>
13.04739300,47.53038411,1669.58
13.04737547,47.53030166,1666.08
</coordinates></LineString>
<LineString><altitudeMode>absolute</altitudeMode><coordinates>
13.04737547,47.53030166,1666.08
13.04728740,47.53032247,1663.11
13.04727402,47.53034312,1683.14
13.04724061,47.53034111,1688.71
</coordinates></LineString>
<LineString><altitudeMode>absolute</altitudeMode><coordinates>
13.04724061,47.53034111,1688.71
13.04721319,47.53033525,1688.03
13.04719992,47.53035284,1690.58
13.04725093,47.53039960,1690.29
13.04724402,47.53039606,1694.11
</coordinates></LineString>
<LineString><altitudeMode>absolute</altitudeMode><coordinates>
13.04739300,47.53038411,1669.58
13.04736255,47.53036694,1670.84
13.04737896,47.53037568,1679.30
13.04735948,47.53035645,1694.35
13.04735810,47.53036138,1694.52
</coordinates></LineString>
<LineString><altitudeMode>absolute</altitudeMode><coordinates>
13.04735810,47.53036138,1694.52
13.04736242,47.53036307,1694.54
13.04728945,47.53039251,1694.18
13.04726608,47.53038150,1694.02
13.04724402,47.53039606,1694.11
</coordinates></LineString>
<LineString><altitudeMode>absolute</altitudeMode><coordinates>
13.04884129,47.52853386,1744.09
13.04889524,47.52854054,1745.71
13.04892024,47.52855078,1749.44
13.04894754,47.52859569,1749.02
13.04898661,47.52862038,1748.51
13.04900992,47.52864741,1748.50
13.04894841,47.52866517,1743.95
13.04886828,47.52861558,1742.59
13.04887622,47.52855201,1743.67
13.04884129,47.52853386,1744.09
</coordinates></LineString>
<LineString><altitudeMode>absolute</altitudeMode><coordinates>
13.04884129,47.52853386,1744.09
13.04874135,47.52844137,1744.22
13.04868309,47.52845757,1743.59
13.04861689,47.52838706,1743.01
13.04844415,47.52838070,1741.57
13.04842751,47.52833498,1740.15
13.04840360,47.52833835,1739.68
13.04839644,47.52832023,1739.59
13.04840371,47.52822803,1743.31
13.04842082,47.52819305,1742.13
13.04841057,47.52815049,1743.95
13.04838810,47.52811178,1744.17
13.04859066,47.52807347,1744.95
13.04870258,47.52811155,1745.71
13.04868280,47.52804309,1746.05
13.04862140,47.52801487,1746.06
13.04860944,47.52798984,1745.82
13.04852350,47.52798576,1745.13
13.04844601,47.52791165,1746.62
13.04842866,47.52787086,1746.22
13.04831755,47.52787194,1743.66
13.04826859,47.52789531,1746.43
13.04820142,47.52789741,1749.11
13.04815213,47.52790098,1749.82
13.04803607,47.52795668,1748.24
13.04799692,47.52798418,1748.49
13.04786799,47.52797154,1747.74
</coordinates></LineString>
<LineString><altitudeMode>absolute</altitudeMode><coordinates>
13.04641659,47.52843876,1754.20
13.04640523,47.52844046,1753.83
13.04639101,47.52841925,1753.83
13.04635599,47.52841055,1754.59
13.04632566,47.52839366,1755.33
13.04627252,47.52836495,1755.46
13.04625610,47.52834568,1755.55
13.04622998,47.52835865,1755.61
13.04621780,47.52836816,1756.18
13.04628285,47.52835874,1757.81
13.04629071,47.52836544,1757.79
13.04635759,47.52841049,1758.04
13.04640978,47.52840742,1759.71
13.04644447,47.52843933,1759.20
13.04640841,47.52843367,1755.80
13.04641659,47.52843876,1754.20
</coordinates></LineString>
<LineString><altitudeMode>absolute</altitudeMode><coordinates>
13.04641659,47.52843876,1754.20
13.04642627,47.52847852,1752.61
13.04643010,47.52849703,1752.27
13.04642578,47.52849174,1753.16
13.04640863,47.52853851,1751.59
13.04655981,47.52854243,1749.92
</coordinates></LineString>
<LineString><altitudeMode>absolute</altitudeMode><coordinates>
13.04798146,47.52769570,1725.07
13.04797471,47.52771286,1723.79
13.04799228,47.52775491,1724.09
13.04801230,47.52775957,1725.02
13.04800594,47.52777332,1718.03
13.04802323,47.52779089,1720.06
13.04795030,47.52779064,1717.76
13.04794715,47.52780732,1718.26
13.04789122,47.52778954,1721.11
</coordinates></LineString>
<LineString><altitudeMode>absolute</altitudeMode><coordinates>
13.04798146,47.52769570,1725.07
13.04796586,47.52770794,1726.93
13.04794737,47.52771914,1726.43
13.04793059,47.52773829,1724.46
13.04791509,47.52774784,1723.30
13.04792962,47.52777508,1721.87
13.04789122,47.52778954,1721.11
</coordinates></LineString>
<LineString><altitudeMode>absolute</altitudeMode><coordinates>
13.04799914,47.52765595,1725.37
13.04798146,47.52769570,1725.07
</coordinates></LineString>
<LineString><altitudeMode>absolute</altitudeMode><coordinates>
13.04802500,47.52751053,1722.04
13.04804794,47.52752964,1723.31
13.04801991,47.52754383,1722.27
13.04800090,47.52756924,1723.71
13.04804026,47.52759681,1723.78
13.04799914,47.52765595,1725.37
</coordinates></LineString>
<LineString><altitudeMode>absolute</altitudeMode><coordinates>
13.04846592,47.52740718,1737.24
13.04850533,47.52740506,1737.49
13.04850981,47.52741674,1738.50
13.04850827,47.52744038,1738.98
13.04846225,47.52745256,1738.47
13.04846929,47.52745978,1739.09
13.04846629,47.52746531,1740.99
13.04845647,47.52745786,1740.86
13.04846695,47.52743311,1743.78
13.04847236,47.52741619,1744.22
13.04841431,47.52743392,1743.07
13.04840113,47.52743118,1743.37
13.04839606,47.52746385,1745.78
13.04837773,47.52743888,1745.74
13.04830600,47.52743847,1745.67
13.04830732,47.52744947,1745.48
13.04829521,47.52746789,1747.70
13.04818587,47.52751795,1740.32
13.04816327,47.52752566,1740.93
13.04812936,47.52751942,1740.36
13.04809245,47.52751879,1739.38
13.04807156,47.52753373,1738.20
13.04807579,47.52757735,1736.48
13.04804280,47.52757499,1732.21
13.04799914,47.52765595,1725.37
</coordinates></LineString>
<LineString><altitudeMode>absolute</altitudeMode><coordinates>
13.04846592,47.52740718,1737.24
13.04844417,47.52742777,1734.66
13.04835325,47.52742173,1730.76
13.04829421,47.52743053,1730.98
13.04822415,47.52749979,1727.35
13.04814266,47.52747591,1724.37
13.04808571,47.52752137,1725.23
13.04802500,47.52751053,1722.04
</coordinates></LineString>
<LineString><altitudeMode>absolute</altitudeMode><coordinates>
13.04742142,47.52857367,1685.58
13.04739366,47.52858795,1684.74
13.04734935,47.52858990,1684.48
13.04730811,47.52860908,1684.38
13.04733236,47.52863946,1684.45
13.04737963,47.52866168,1685.23
</coordinates></LineString>
<LineString><altitudeMode>absolute</altitudeMode><coordinates>
13.04742142,47.52857367,1685.58
13.04741253,47.52860933,1688.90
13.04737963,47.52866168,1685.23
</coordinates></LineString>
<LineString><altitudeMode>absolute</altitudeMode><coordinates>
13.04743137,47.52759005,1719.09
13.04744205,47.52758528,1717.77
13.04746242,47.52758041,1717.21
13.04748810,47.52760082,1717.17
13.04753749,47.52763396,1716.34
13.04758902,47.52765221,1715.94
13.04768832,47.52767928,1716.46
</coordinates></LineString>
<LineString><altitudeMode>absolute</altitudeMode><coordinates>
13.04785930,47.52767598,1727.18
13.04782612,47.52767496,1727.53
13.04781793,47.52765233,1730.27
13.04777180,47.52764578,1729.93
13.04771674,47.52764026,1730.39
13.04765189,47.52762997,1729.36
13.04761879,47.52760556,1729.10
13.04759688,47.52756929,1729.46
13.04755320,47.52757205,1729.62
13.04751196,47.52757000,1725.09
13.04743137,47.52759005,1719.09
</coordinates></LineString>
<LineString><altitudeMode>absolute</altitudeMode><coordinates>
13.04789122,47.52778954,1721.11
13.04783801,47.52771269,1723.92
13.04785930,47.52767598,1727.18
</coordinates></LineString>
<LineString><altitudeMode>absolute</altitudeMode><coordinates>
13.04789122,47.52778954,1721.11
13.04783838,47.52775976,1715.32
13.04778251,47.52780128,1720.23
13.04776873,47.52785755,1719.33
13.04784087,47.52785374,1746.37
13.04788726,47.52788189,1745.59
13.04786182,47.52793365,1746.52
13.04786799,47.52797154,1747.74
</coordinates></LineString>
<LineString><altitudeMode>absolute</altitudeMode><coordinates>
13.04776884,47.52770413,1718.02
13.04779945,47.52769206,1718.71
13.04782401,47.52768168,1720.77
13.04783838,47.52767769,1723.07
13.04784802,47.52766481,1725.21
13.04785930,47.52767598,1727.18
</coordinates></LineString>
<LineString><altitudeMode>absolute</altitudeMode><coordinates>
13.04776884,47.52770413,1718.02
13.04773268,47.52767967,1718.34
13.04769897,47.52767865,1717.88
</coordinates></LineString>
<LineString><altitudeMode>absolute</altitudeMode><coordinates>
13.04769897,47.52767865,1717.88
13.04768832,47.52767928,1716.46
</coordinates></LineString>
<LineString><altitudeMode>absolute</altitudeMode><coordinates>
13.04776884,47.52770413,1718.02
13.04778452,47.52771826,1717.15
13.04789122,47.52778954,1721.11
</coordinates></LineString>
<LineString><altitudeMode>absolute</altitudeMode><coordinates>
13.04944453,47.52678027,1750.64
13.04937946,47.52681164,1746.66
13.04932816,47.52685522,1748.66
13.04929652,47.52685585,1750.00
13.04921368,47.52685768,1749.95
13.04918560,47.52687709,1751.72
13.04914910,47.52690464,1750.31
13.04910003,47.52688805,1748.98
13.04908769,47.52690197,1748.01
13.04907426,47.52692730,1748.35
</coordinates></LineString>
<LineString><altitudeMode>absolute</altitudeMode><coordinates>
13.04931060,47.52676638,1739.77
13.04935461,47.52679043,1742.27
13.04937157,47.52679162,1743.38
13.04938882,47.52676717,1745.39
13.04940591,47.52676476,1746.49
13.04943240,47.52675621,1748.10
13.04944453,47.52678027,1750.64
</coordinates></LineString>
<LineString><altitudeMode>absolute</altitudeMode><coordinates>
13.04927782,47.52682989,1733.66
13.04926741,47.52685626,1734.12
13.04918072,47.52686873,1730.13
13.04914632,47.52685780,1731.70
</coordinates></LineString>
<LineString><altitudeMode>absolute</altitudeMode><coordinates>
13.04914632,47.52685780,1731.70
13.04914397,47.52684966,1731.68
13.04910183,47.52684309,1733.46
13.04913877,47.52681781,1737.55
13.04910262,47.52680756,1739.39
13.04906380,47.52682607,1738.65
13.04910960,47.52686284,1739.48
13.04911001,47.52687329,1739.73
13.04907794,47.52689623,1741.99
13.04910680,47.52690977,1741.78
</coordinates></LineString>
<LineString><altitudeMode>absolute</altitudeMode><coordinates>
13.04910680,47.52690977,1741.78
13.04907426,47.52692730,1748.35
</coordinates></LineString>
<LineString><altitudeMode>absolute</altitudeMode><coordinates>
13.04927782,47.52682989,1733.66
13.04931217,47.52677783,1737.76
13.04929829,47.52677580,1738.34
</coordinates></LineString>
<LineString><altitudeMode>absolute</altitudeMode><coordinates>
13.04797184,47.52746787,1716.71
13.04796778,47.52747716,1716.33
13.04793811,47.52751040,1712.63
13.04792016,47.52752161,1710.53
13.04790673,47.52753641,1708.65
13.04787556,47.52754920,1706.57
13.04784074,47.52757110,1704.67
13.04780492,47.52756608,1704.30
13.04780784,47.52758413,1704.74
13.04784054,47.52760160,1704.78
13.04784767,47.52763844,1703.61
13.04781409,47.52767350,1702.88
13.04782834,47.52771189,1702.86
13.04779407,47.52772607,1702.50
13.04776586,47.52772001,1703.00
13.04772205,47.52774059,1705.65
13.04767324,47.52774201,1707.38
13.04766024,47.52771632,1709.76
13.04765048,47.52769654,1711.18
13.04763364,47.52770651,1714.00
13.04766855,47.52768947,1715.30
13.04768832,47.52767928,1716.46
</coordinates></LineString>
<LineString><altitudeMode>absolute</altitudeMode><coordinates>
13.04797184,47.52746787,1716.71
13.04799023,47.52747367,1719.49
13.04799885,47.52748129,1722.40
13.04800323,47.52748856,1721.84
</coordinates></LineString>
<LineString><altitudeMode>absolute</altitudeMode><coordinates>
13.04800323,47.52748856,1721.84
13.04802500,47.52751053,1722.04
</coordinates></LineString>
<LineString><altitudeMode>absolute</altitudeMode><coordinates>
13.04907426,47.52692730,1748.35
13.04908143,47.52691302,1746.30
13.04903187,47.52692406,1741.72
13.04905191,47.52692449,1740.86
13.04900708,47.52696926,1735.40
13.04899770,47.52698557,1734.38
13.04896594,47.52700014,1732.12
13.04895760,47.52702439,1729.46
13.04895205,47.52705219,1728.91
13.04890953,47.52707747,1726.60
13.04888852,47.52713524,1726.96
13.04886060,47.52713243,1726.01
13.04880831,47.52718822,1725.04
13.04873797,47.52720772,1723.45
13.04876424,47.52723013,1725.18
13.04865524,47.52723889,1718.20
13.04863299,47.52726218,1715.76
13.04860648,47.52725687,1714.32
13.04856117,47.52728201,1713.63
13.04856535,47.52729108,1714.11
13.04852046,47.52730876,1713.87
13.04847572,47.52732942,1713.07
13.04844409,47.52733329,1714.07
13.04842082,47.52731939,1714.00
13.04834128,47.52733973,1710.27
13.04832892,47.52732575,1710.20
13.04830242,47.52738100,1708.30
13.04823682,47.52736602,1707.63
13.04821549,47.52734649,1707.55
13.04819297,47.52733378,1708.87
13.04812854,47.52733386,1708.47
13.04807701,47.52734414,1710.79
13.04807896,47.52736307,1711.91
13.04807896,47.52737755,1714.69
13.04805311,47.52736865,1716.61
13.04802351,47.52740018,1713.59
13.04801298,47.52744419,1717.33
13.04798709,47.52746165,1716.26
13.04797184,47.52746787,1716.71
</coordinates></LineString>
<LineString><altitudeMode>absolute</altitudeMode><coordinates>
13.04907426,47.52692730,1748.35
13.04902120,47.52693224,1748.23
13.04899072,47.52696241,1746.19
13.04896490,47.52697799,1748.16
13.04899762,47.52705224,1747.51
13.04895926,47.52706914,1746.04
13.04890865,47.52713000,1744.45
13.04887576,47.52713565,1746.94
13.04885550,47.52719830,1746.23
13.04881157,47.52724704,1742.46
13.04875434,47.52724634,1738.83
13.04866654,47.52728155,1738.44
13.04864302,47.52729960,1739.36
13.04859514,47.52729051,1740.56
13.04854371,47.52734101,1738.13
13.04855460,47.52736252,1739.14
13.04849289,47.52737866,1737.37
13.04846592,47.52740718,1737.24
</coordinates></LineString>
<LineString><altitudeMode>absolute</altitudeMode><coordinates>
13.04737686,47.52839627,1749.08
13.04732591,47.52835869,1748.87
13.04720539,47.52838417,1748.73
13.04715081,47.52836219,1749.08
13.04703402,47.52833725,1748.68
13.04691116,47.52833282,1748.83
13.04690486,47.52835224,1750.31
13.04684056,47.52831650,1749.20
13.04675021,47.52830245,1749.82
13.04669408,47.52827909,1750.11
13.04665823,47.52826417,1750.29
13.04657490,47.52828291,1750.13
13.04657821,47.52831896,1749.57
13.04660715,47.52840530,1749.32
13.04657494,47.52844983,1749.34
13.04655981,47.52854243,1749.92
</coordinates></LineString>
<LineString><altitudeMode>absolute</altitudeMode><coordinates>
13.04746993,47.52834432,1699.97
13.04741427,47.52837999,1701.88
13.04739763,47.52843082,1701.22
13.04740903,47.52846026,1700.86
13.04746997,47.52847569,1701.70
13.04746425,47.52852941,1696.87
13.04746043,47.52858585,1696.70
13.04746312,47.52860641,1693.39
13.04750700,47.52858035,1696.84
13.04751930,47.52856058,1696.23
13.04757669,47.52854617,1687.97
13.04754307,47.52855369,1685.84
13.04753817,47.52856045,1684.34
</coordinates></LineString>
<LineString><altitudeMode>absolute</altitudeMode><coordinates>
13.04753817,47.52856045,1684.34
13.04747391,47.52855918,1684.77
13.04743291,47.52857198,1684.30
13.04742142,47.52857367,1685.58
</coordinates></LineString>
<LineString><altitudeMode>absolute</altitudeMode><coordinates>
13.04746993,47.52834432,1699.97
13.04744023,47.52834993,1699.37
13.04742944,47.52837917,1725.93
13.04748729,47.52839932,1728.72
13.04749893,47.52840780,1728.96
</coordinates></LineString>
<LineString><altitudeMode>absolute</altitudeMode><coordinates>
13.04749893,47.52840780,1728.96
13.04752491,47.52835578,1735.77
13.04755323,47.52836211,1737.84
13.04753407,47.52835594,1740.10
13.04751568,47.52834672,1740.91
13.04748302,47.52835327,1740.55
13.04746765,47.52836983,1741.19
13.04745811,47.52838704,1739.34
13.04741807,47.52841722,1738.30
13.04738467,47.52844707,1738.96
13.04737640,47.52844099,1741.49
13.04740087,47.52839740,1748.95
13.04737686,47.52839627,1749.08
</coordinates></LineString>
<LineString><altitudeMode>absolute</altitudeMode><coordinates>
13.04755122,47.52825167,1749.61
13.04754808,47.52823983,1748.42
13.04751537,47.52821182,1748.63
13.04752127,47.52817458,1742.17
13.04752645,47.52818178,1741.71
13.04753681,47.52818546,1721.83
13.04754842,47.52821626,1721.45
13.04754134,47.52823530,1718.31
13.04751205,47.52826180,1696.40
13.04746633,47.52829107,1699.40
13.04746993,47.52834432,1699.97
</coordinates></LineString>
<LineString><altitudeMode>absolute</altitudeMode><coordinates>
13.04755122,47.52825167,1749.61
13.04763706,47.52817277,1748.73
13.04764215,47.52813570,1749.39
13.04768231,47.52808824,1747.92
13.04769725,47.52806141,1749.13
13.04782761,47.52801414,1749.03
13.04786799,47.52797154,1747.74
</coordinates></LineString>
<LineString><altitudeMode>absolute</altitudeMode><coordinates>
13.04755122,47.52825167,1749.61
13.04749675,47.52828754,1749.33
13.04737686,47.52839627,1749.08
</coordinates></LineString>
<LineString><altitudeMode>absolute</altitudeMode><coordinates>
13.04934347,47.52695114,1722.37
13.04940125,47.52695509,1721.52
13.04943185,47.52695012,1723.22
13.04941973,47.52694380,1723.33
13.04943474,47.52694738,1725.27
13.04945057,47.52694333,1727.66
13.04946575,47.52694602,1730.66
</coordinates></LineString>
<LineString><altitudeMode>absolute</altitudeMode><coordinates>
13.04932793,47.52690804,1724.53
13.04933816,47.52690794,1722.25
13.04932271,47.52691272,1721.79
13.04934347,47.52695114,1722.37
</coordinates></LineString>
<LineString><altitudeMode>absolute</altitudeMode><coordinates>
13.04932793,47.52690804,1724.53
13.04932701,47.52687545,1728.59
13.04929521,47.52685160,1731.20
13.04929346,47.52683439,1732.96
13.04927782,47.52682989,1733.66
</coordinates></LineString>
<LineString><altitudeMode>absolute</altitudeMode><coordinates>
13.04932793,47.52690804,1724.53
13.04935074,47.52692337,1724.83
13.04934347,47.52695114,1722.37
</coordinates></LineString>
<LineString><altitudeMode>absolute</altitudeMode><coordinates>
13.04953215,47.52699682,1740.26
13.04952942,47.52697374,1738.58
13.04950164,47.52697767,1729.71
13.04950294,47.52695700,1728.59
13.04946575,47.52694602,1730.66
</coordinates></LineString>
<LineString><altitudeMode>absolute</altitudeMode><coordinates>
13.04953215,47.52699682,1740.26
13.04955063,47.52700019,1740.41
13.04956665,47.52698733,1740.09
13.04956754,47.52697762,1740.43
13.04963227,47.52698035,1736.59
13.04965575,47.52698488,1736.00
13.04965737,47.52696278,1736.50
13.04968160,47.52693619,1739.74
13.04966642,47.52692289,1739.56
13.04967697,47.52691074,1744.39
13.04971107,47.52687587,1746.69
13.04974729,47.52689529,1746.63
13.04975407,47.52688074,1747.36
13.04977553,47.52686454,1746.79
13.04976898,47.52683681,1746.19
13.04973911,47.52682928,1743.81
13.04973897,47.52681155,1743.88
13.04974825,47.52680496,1744.05
</coordinates></LineString>
<LineString><altitudeMode>absolute</altitudeMode><coordinates>
13.04974825,47.52680496,1744.05
13.04974785,47.52677274,1745.55
13.04970416,47.52673978,1749.48
13.04969689,47.52673525,1749.50
13.04967089,47.52672338,1749.07
13.04963931,47.52672950,1749.54
13.04961463,47.52671792,1749.67
13.04958451,47.52672416,1748.91
13.04954952,47.52672905,1749.10
13.04952754,47.52675576,1750.95
13.04944453,47.52678027,1750.64
</coordinates></LineString>
<LineString><altitudeMode>absolute</altitudeMode><coordinates>
13.04953215,47.52699682,1740.26
13.04950645,47.52695184,1739.51
13.04948732,47.52695187,1739.49
13.04947808,47.52693957,1739.58
13.04943950,47.52694458,1739.25
13.04941053,47.52694481,1739.23
13.04941086,47.52693951,1739.40
13.04939971,47.52693914,1739.26
13.04939255,47.52692444,1737.65
13.04941107,47.52691224,1738.07
13.04941428,47.52690825,1737.54
13.04942258,47.52690632,1736.82
13.04941837,47.52692668,1733.96
13.04943832,47.52692980,1732.94
13.04944135,47.52693768,1732.12
13.04945167,47.52693867,1731.72
13.04945623,47.52694829,1730.81
13.04946575,47.52694602,1730.66
</coordinates></LineString>
<LineString><altitudeMode>absolute</altitudeMode><coordinates>
13.04331066,47.53131324,1715.44
13.04331505,47.53133086,1716.24
13.04336126,47.53133507,1719.46
13.04341649,47.53133259,1720.78
13.04344624,47.53133661,1723.27
13.04345999,47.53133837,1723.55
13.04350582,47.53133519,1727.64
13.04351314,47.53130625,1728.85
</coordinates></LineString>
<LineString><altitudeMode>absolute</altitudeMode><coordinates>
13.04326120,47.53132832,1712.73
13.04327568,47.53133199,1712.61
13.04329624,47.53133306,1712.54
13.04331937,47.53135406,1710.28
13.04335961,47.53135088,1710.31
13.04340191,47.53136042,1707.87
13.04342510,47.53133697,1708.62
13.04345533,47.53130662,1709.03
13.04346844,47.53131134,1712.62
13.04347569,47.53131281,1715.80
13.04349894,47.53129854,1717.58
13.04340452,47.53131520,1713.27
13.04339067,47.53130164,1714.60
13.04334176,47.53131296,1715.92
13.04331066,47.53131324,1715.44
</coordinates></LineString>
<LineString><altitudeMode>absolute</altitudeMode><coordinates>
13.04321252,47.53131201,1714.36
13.04328461,47.53130991,1714.36
13.04329518,47.53131855,1714.34
13.04331066,47.53131324,1715.44
</coordinates></LineString>
<LineString><altitudeMode>absolute</altitudeMode><coordinates>
13.04321252,47.53131201,1714.36
13.04322283,47.53132047,1714.06
13.04320611,47.53133791,1712.70
13.04320984,47.53135885,1710.66
13.04322307,47.53135691,1710.53
13.04327130,47.53134604,1710.08
13.04326120,47.53132832,1712.73
</coordinates></LineString>
<LineString><altitudeMode>absolute</altitudeMode><coordinates>
13.04321252,47.53131201,1714.36
13.04322571,47.53128245,1710.55
13.04324492,47.53130519,1709.63
13.04326120,47.53132832,1712.73
</coordinates></LineString>
<LineString><altitudeMode>absolute</altitudeMode><coordinates>
13.04579720,47.52760602,1655.78
13.04579848,47.52758220,1655.12
13.04583090,47.52756790,1653.66
</coordinates></LineString>
<LineString><altitudeMode>absolute</altitudeMode><coordinates>
13.04583090,47.52756790,1653.66
13.04581688,47.52751979,1653.09
13.04577894,47.52747532,1656.94
13.04570333,47.52745415,1658.99
13.04569965,47.52742808,1660.55
13.04571953,47.52742932,1662.15
13.04572035,47.52738596,1662.10
13.04571015,47.52735996,1662.16
13.04574809,47.52735449,1661.58
13.04578176,47.52728839,1663.57
13.04575752,47.52727942,1663.73
13.04580324,47.52726095,1668.35
13.04579432,47.52727582,1668.46
13.04587357,47.52718818,1679.05
13.04588620,47.52722025,1678.66
13.04596020,47.52727730,1675.98
13.04599921,47.52730370,1675.89
13.04600237,47.52732589,1675.85
13.04609185,47.52733830,1677.97
13.04616882,47.52735482,1678.36
13.04625322,47.52740044,1678.39
13.04635989,47.52740064,1682.50
13.04639871,47.52743946,1684.03
13.04649467,47.52746683,1685.98
13.04652467,47.52744628,1686.65
13.04665144,47.52747040,1690.11
13.04669773,47.52747605,1699.19
</coordinates></LineString>
<LineString><altitudeMode>absolute</altitudeMode><coordinates>
13.04669773,47.52747605,1699.19
13.04668415,47.52747680,1701.80
13.04674930,47.52749690,1702.74
13.04676421,47.52752829,1700.22
13.04678826,47.52752834,1698.25
13.04686813,47.52755966,1701.58
13.04689938,47.52756965,1702.09
13.04691889,47.52758447,1702.91
13.04695250,47.52756686,1707.77
13.04698671,47.52758994,1706.74
13.04701962,47.52760175,1707.65
13.04705619,47.52757223,1708.04
13.04707569,47.52756950,1707.60
13.04712538,47.52753705,1710.24
13.04714227,47.52746148,1718.67
13.04721422,47.52745605,1720.96
13.04726026,47.52746106,1722.76
13.04727349,47.52746273,1721.74
13.04729112,47.52747086,1720.02
13.04730390,47.52747728,1719.06
13.04728836,47.52749520,1717.62
13.04731827,47.52752324,1717.23
13.04731705,47.52754527,1717.67
13.04743137,47.52759005,1719.09
</coordinates></LineString>
<LineString><altitudeMode>absolute</altitudeMode><coordinates>
13.04567797,47.52767535,1653.52
13.04572443,47.52764779,1657.60
13.04577602,47.52766460,1658.99
</coordinates></LineString>
<LineString><altitudeMode>absolute</altitudeMode><coordinates>
13.04577602,47.52766460,1658.99
13.04564926,47.52757930,1672.65
13.04568521,47.52751629,1671.32
13.04569539,47.52747471,1669.72
13.04570623,47.52745474,1671.01
13.04568684,47.52743317,1665.58
13.04570866,47.52747161,1663.84
13.04574237,47.52748334,1660.44
13.04571380,47.52751939,1658.80
13.04572602,47.52753354,1658.25
13.04571087,47.52755173,1657.22
13.04576697,47.52759345,1655.86
13.04580218,47.52760071,1656.15
13.04579720,47.52760602,1655.78
</coordinates></LineString>
<LineString><altitudeMode>absolute</altitudeMode><coordinates>
13.04567797,47.52767535,1653.52
13.04569053,47.52766287,1653.41
13.04570031,47.52766772,1653.15
13.04573884,47.52766064,1653.90
13.04574849,47.52767268,1653.74
13.04576954,47.52763894,1654.70
13.04578251,47.52765445,1654.92
13.04580410,47.52762774,1656.02
13.04579720,47.52760602,1655.78
</coordinates></LineString>
<LineString><altitudeMode>absolute</altitudeMode><coordinates>
13.04517720,47.52768022,1639.73
13.04525720,47.52767942,1639.75
13.04528903,47.52767744,1638.59
13.04530428,47.52762803,1639.21
13.04535354,47.52762887,1640.68
13.04539368,47.52760337,1640.40
13.04542578,47.52762993,1641.70
13.04551166,47.52764273,1642.83
13.04556658,47.52771286,1644.24
13.04555133,47.52762622,1652.01
13.04555769,47.52766241,1652.69
13.04564130,47.52770415,1654.56
13.04566699,47.52768137,1654.83
13.04567797,47.52767535,1653.52
</coordinates></LineString>
<LineString><altitudeMode>absolute</altitudeMode><coordinates>
13.03936795,47.53313302,1752.98
13.03931327,47.53313136,1753.23
13.03932611,47.53312573,1752.28
13.03928890,47.53306166,1752.91
13.03930846,47.53305011,1754.40
13.03929060,47.53304099,1755.05
13.03931819,47.53302077,1756.04
13.03934449,47.53302113,1755.61
13.03927289,47.53298868,1761.85
13.03921952,47.53298039,1762.99
</coordinates></LineString>
<LineString><altitudeMode>absolute</altitudeMode><coordinates>
13.03936795,47.53313302,1752.98
13.03934932,47.53318030,1755.55
13.03938880,47.53319393,1753.68
13.03936795,47.53313302,1752.98
</coordinates></LineString>
<LineString><altitudeMode>absolute</altitudeMode><coordinates>
13.03715365,47.53544766,1713.45
13.03709617,47.53547835,1711.90
13.03702105,47.53548652,1711.63
13.03702604,47.53553105,1710.15
</coordinates></LineString>
<LineString><altitudeMode>absolute</altitudeMode><coordinates>
13.03680736,47.53556555,1712.87
13.03677686,47.53557466,1712.93
13.03676663,47.53555676,1715.52
</coordinates></LineString>
<LineString><altitudeMode>absolute</altitudeMode><coordinates>
13.03680736,47.53556555,1712.87
13.03689207,47.53555306,1703.51
13.03688681,47.53557294,1707.02
13.03690470,47.53555300,1708.09
13.03694468,47.53553200,1709.86
13.03697054,47.53551904,1710.13
13.03702604,47.53553105,1710.15
</coordinates></LineString>
<LineString><altitudeMode>absolute</altitudeMode><coordinates>
13.04472250,47.52743536,1626.85
13.04473586,47.52744773,1625.18
13.04476793,47.52746070,1622.55
</coordinates></LineString>
<LineString><altitudeMode>absolute</altitudeMode><coordinates>
13.04472250,47.52743536,1626.85
13.04471565,47.52741598,1624.39
13.04473933,47.52742214,1623.61
13.04474449,47.52744068,1623.60
13.04476793,47.52746070,1622.55
</coordinates></LineString>
<LineString><altitudeMode>absolute</altitudeMode><coordinates>
13.04476077,47.52742440,1621.52
13.04478784,47.52741118,1627.78
13.04485130,47.52743368,1629.91
13.04485519,47.52746488,1633.94
13.04488051,47.52748781,1634.79
13.04493143,47.52752251,1634.48
13.04499663,47.52758059,1634.94
13.04505658,47.52757972,1635.72
13.04515393,47.52764482,1636.72
13.04517461,47.52767117,1637.92
13.04517720,47.52768022,1639.73
</coordinates></LineString>
<LineString><altitudeMode>absolute</altitudeMode><coordinates>
13.04476077,47.52742440,1621.52
13.04480185,47.52744526,1621.13
13.04476793,47.52746070,1622.55
</coordinates></LineString>
<LineString><altitudeMode>absolute</altitudeMode><coordinates>
13.04483352,47.52735806,1613.65
13.04484644,47.52740723,1618.96
13.04476077,47.52742440,1621.52
</coordinates></LineString>
<LineString><altitudeMode>absolute</altitudeMode><coordinates>
13.04483352,47.52735806,1613.65
13.04480218,47.52734700,1614.65
13.04477487,47.52733817,1615.95
13.04477444,47.52732493,1615.84
13.04475536,47.52731264,1615.92
13.04470872,47.52732363,1615.99
13.04472455,47.52733029,1617.34
13.04469778,47.52732857,1619.02
13.04468426,47.52733131,1621.38
13.04465994,47.52734565,1623.07
13.04466203,47.52735748,1625.24
13.04466125,47.52736061,1630.25
13.04468200,47.52737060,1630.43
13.04469742,47.52738454,1629.49
13.04471446,47.52740147,1628.40
13.04473766,47.52740277,1627.41
13.04474590,47.52743126,1626.76
13.04472250,47.52743536,1626.85
</coordinates></LineString>
<LineString><altitudeMode>absolute</altitudeMode><coordinates>
13.04481589,47.52731412,1611.71
13.04483352,47.52735806,1613.65
</coordinates></LineString>
<LineString><altitudeMode>absolute</altitudeMode><coordinates>
13.04490886,47.52724345,1600.27
13.04492615,47.52725364,1604.86
13.04491531,47.52730574,1605.46
13.04481589,47.52731412,1611.71
</coordinates></LineString>
<LineString><altitudeMode>absolute</altitudeMode><coordinates>
13.04488535,47.52718969,1604.00
13.04491166,47.52716800,1604.42
13.04490562,47.52715908,1606.42
13.04493827,47.52717412,1607.83
13.04493549,47.52718451,1608.97
13.04493889,47.52723244,1611.15
13.04488322,47.52721125,1612.87
13.04487396,47.52722441,1613.57
13.04486217,47.52722349,1613.78
13.04483501,47.52719639,1614.21
13.04483014,47.52722753,1615.94
13.04487082,47.52724802,1615.81
13.04490918,47.52725614,1615.61
13.04492965,47.52725226,1615.57
13.04492468,47.52726441,1615.71
13.04496532,47.52727204,1614.33
13.04496125,47.52729563,1615.85
13.04493068,47.52730330,1617.11
13.04490489,47.52728945,1617.79
13.04488470,47.52730351,1617.12
13.04487110,47.52730498,1616.38
13.04485765,47.52731645,1615.35
13.04483814,47.52730874,1614.00
13.04481610,47.52732267,1612.39
13.04481589,47.52731412,1611.71
</coordinates></LineString>
<LineString><altitudeMode>absolute</altitudeMode><coordinates>
13.04488535,47.52718969,1604.00
13.04489115,47.52723361,1601.80
13.04490886,47.52724345,1600.27
</coordinates></LineString>
<LineString><altitudeMode>absolute</altitudeMode><coordinates>
13.04490886,47.52724345,1600.27
13.04492198,47.52722631,1602.82
13.04492067,47.52722592,1602.82
13.04492805,47.52719536,1602.53
13.04488535,47.52718969,1604.00
</coordinates></LineString>
<LineString><altitudeMode>absolute</altitudeMode><coordinates>
13.04545906,47.52781748,1514.05
13.04546338,47.52779776,1514.16
13.04544526,47.52779196,1515.45
13.04539341,47.52775724,1513.87
13.04536059,47.52774300,1512.23
13.04535145,47.52772080,1512.05
13.04531174,47.52770627,1510.83
13.04531810,47.52769603,1510.67
13.04529429,47.52767187,1510.79
13.04526975,47.52765282,1510.62
13.04521840,47.52767606,1510.65
13.04517489,47.52766731,1510.65
13.04514495,47.52767553,1510.79
13.04512052,47.52768240,1509.83
13.04506408,47.52767451,1507.91
13.04503629,47.52768942,1508.00
13.04504712,47.52773064,1508.06
13.04500264,47.52777271,1509.53
13.04499765,47.52782131,1510.39
</coordinates></LineString>
<LineString><altitudeMode>absolute</altitudeMode><coordinates>
13.04498691,47.52781348,1511.47
13.04493492,47.52773593,1518.80
13.04497011,47.52771511,1524.30
13.04497696,47.52769147,1525.22
13.04504177,47.52768142,1530.88
13.04504499,47.52767706,1532.99
13.04502698,47.52765048,1533.05
13.04514080,47.52762291,1544.12
13.04517763,47.52762920,1545.43
13.04521270,47.52761153,1542.87
</coordinates></LineString>
<LineString><altitudeMode>absolute</altitudeMode><coordinates>
13.04521270,47.52761153,1542.87
13.04525490,47.52761261,1551.56
13.04532151,47.52761510,1554.11
13.04534729,47.52760753,1554.40
13.04533903,47.52761549,1567.59
13.04523552,47.52756585,1578.78
13.04522161,47.52755041,1580.26
13.04520887,47.52756072,1581.08
13.04516352,47.52752980,1581.82
13.04518839,47.52752906,1583.29
13.04521923,47.52747865,1589.34
13.04516350,47.52743379,1591.39
13.04513197,47.52743865,1591.69
13.04507043,47.52740368,1593.51
13.04509399,47.52735954,1595.38
13.04505323,47.52731970,1596.69
13.04499777,47.52728555,1598.12
13.04499577,47.52725348,1598.85
13.04490886,47.52724345,1600.27
</coordinates></LineString>
<LineString><altitudeMode>absolute</altitudeMode><coordinates>
13.04498691,47.52781348,1511.47
13.04499765,47.52782131,1510.39
</coordinates></LineString>
<LineString><altitudeMode>absolute</altitudeMode><coordinates>
13.04697517,47.52916365,1743.30
13.04699181,47.52911264,1745.42
13.04697309,47.52910153,1749.33
13.04696235,47.52907237,1748.02
13.04694373,47.52906584,1747.19
13.04691793,47.52897344,1749.21
13.04686031,47.52895815,1748.29
13.04690037,47.52894902,1747.17
13.04693430,47.52892252,1741.07
13.04696342,47.52888972,1743.14
13.04696754,47.52887890,1741.41
</coordinates></LineString>
<LineString><altitudeMode>absolute</altitudeMode><coordinates>
13.04696754,47.52887890,1741.41
13.04692657,47.52885877,1740.94
13.04692433,47.52885828,1740.68
13.04690581,47.52884537,1740.78
13.04688298,47.52882707,1740.89
13.04687994,47.52881235,1741.26
13.04685860,47.52878940,1741.19
13.04687109,47.52874282,1741.60
13.04681374,47.52873816,1741.80
13.04678042,47.52873372,1741.39
13.04676460,47.52873759,1741.35
13.04670846,47.52872179,1741.68
13.04670025,47.52871031,1741.01
13.04667108,47.52870882,1741.87
13.04666505,47.52867794,1742.08
13.04664710,47.52861735,1745.29
13.04655837,47.52858488,1748.86
13.04655981,47.52854243,1749.92
</coordinates></LineString>
<LineString><altitudeMode>absolute</altitudeMode><coordinates>
13.04697517,47.52916365,1743.30
13.04698582,47.52919155,1741.70
13.04700781,47.52918985,1741.29
</coordinates></LineString>
<LineString><altitudeMode>absolute</altitudeMode><coordinates>
13.04700781,47.52918985,1741.29
13.04705615,47.52920480,1733.20
13.04704017,47.52920210,1722.97
13.04700201,47.52921009,1705.21
13.04699426,47.52923992,1699.77
13.04691480,47.52918296,1700.36
13.04687479,47.52916563,1700.15
13.04683662,47.52912008,1699.48
13.04687604,47.52909969,1700.12
13.04684926,47.52907665,1700.36
</coordinates></LineString>
<LineString><altitudeMode>absolute</altitudeMode><coordinates>
13.04684926,47.52907665,1700.36
13.04684750,47.52907050,1699.64
13.04687557,47.52903355,1692.63
13.04691942,47.52904050,1691.41
13.04691673,47.52903425,1688.51
13.04697136,47.52910519,1687.81
13.04699799,47.52912868,1687.24
13.04706126,47.52911716,1683.32
13.04703666,47.52906779,1682.57
13.04707729,47.52900405,1683.08
13.04709084,47.52898259,1683.28
13.04710639,47.52892878,1682.63
13.04715461,47.52883224,1685.41
13.04723469,47.52879392,1681.17
13.04726865,47.52873790,1684.45
13.04730220,47.52872173,1684.37
13.04733575,47.52870548,1684.32
13.04737963,47.52866168,1685.23
</coordinates></LineString>
<LineString><altitudeMode>absolute</altitudeMode><coordinates>
13.04697517,47.52916365,1743.30
13.04696795,47.52922211,1749.40
</coordinates></LineString>
<LineString><altitudeMode>absolute</altitudeMode><coordinates>
13.04696795,47.52922211,1749.40
13.04706160,47.52931558,1748.34
13.04707916,47.52938651,1750.41
13.04706835,47.52943780,1747.05
13.04693468,47.52948105,1749.13
13.04689774,47.52952416,1749.27
13.04677206,47.52950987,1748.97
13.04669882,47.52950349,1748.14
</coordinates></LineString>
<LineString><altitudeMode>absolute</altitudeMode><coordinates>
13.03697815,47.53549694,1715.46
13.03702604,47.53553105,1710.15
</coordinates></LineString>
<LineString><altitudeMode>absolute</altitudeMode><coordinates>
13.03697815,47.53549694,1715.46
13.03697553,47.53548862,1716.58
13.03694691,47.53549721,1717.01
13.03688297,47.53552986,1714.94
13.03688727,47.53550384,1714.59
13.03686651,47.53550448,1714.29
13.03686491,47.53551894,1714.06
13.03681385,47.53553426,1711.11
13.03680736,47.53556555,1712.87
</coordinates></LineString>
<LineString><altitudeMode>absolute</altitudeMode><coordinates>
13.03711552,47.53548318,1721.31
13.03712787,47.53546918,1720.59
13.03715365,47.53544766,1713.45
</coordinates></LineString>
<LineString><altitudeMode>absolute</altitudeMode><coordinates>
13.03711552,47.53548318,1721.31
13.03717517,47.53546576,1724.36
13.03721794,47.53546964,1726.17
13.03723964,47.53545777,1726.82
13.03725805,47.53543820,1722.99
</coordinates></LineString>
<LineString><altitudeMode>absolute</altitudeMode><coordinates>
13.03725805,47.53543820,1722.99
13.03721597,47.53546547,1721.94
13.03719704,47.53547063,1717.24
13.03715365,47.53544766,1713.45
</coordinates></LineString>
<LineString><altitudeMode>absolute</altitudeMode><coordinates>
13.03711552,47.53548318,1721.31
13.03707016,47.53545595,1718.56
13.03706156,47.53544438,1717.80
13.03704263,47.53546016,1717.33
13.03702263,47.53544425,1716.28
13.03697815,47.53549694,1715.46
</coordinates></LineString>
<LineString><altitudeMode>absolute</altitudeMode><coordinates>
13.04471126,47.52776630,1509.81
13.04471307,47.52773907,1509.66
13.04480731,47.52778783,1509.61
13.04486731,47.52780721,1508.67
13.04497553,47.52786223,1509.21
</coordinates></LineString>
<LineString><altitudeMode>absolute</altitudeMode><coordinates>
13.04497553,47.52786223,1509.21
13.04497081,47.52783921,1510.30
13.04499765,47.52782131,1510.39
</coordinates></LineString>
<LineString><altitudeMode>absolute</altitudeMode><coordinates>
13.04945956,47.52663286,1741.76
13.04954525,47.52663279,1733.26
13.04952346,47.52665086,1734.00
13.04952217,47.52667838,1732.50
13.04949487,47.52666954,1732.62
13.04945662,47.52670156,1732.50
13.04947202,47.52671973,1734.54
13.04945494,47.52673248,1734.68
13.04942946,47.52672449,1735.21
13.04939765,47.52674411,1734.84
13.04937145,47.52675194,1737.18
13.04934357,47.52676568,1737.95
13.04933960,47.52677614,1740.26
13.04931060,47.52676638,1739.77
</coordinates></LineString>
<LineString><altitudeMode>absolute</altitudeMode><coordinates>
13.04945956,47.52663286,1741.76
13.04940650,47.52664860,1741.34
13.04940477,47.52667368,1740.19
13.04938179,47.52668796,1742.24
13.04933990,47.52670353,1740.63
13.04936262,47.52671768,1740.88
13.04932579,47.52674360,1740.10
13.04930321,47.52675411,1739.11
13.04929829,47.52677580,1738.34
</coordinates></LineString>
<LineString><altitudeMode>absolute</altitudeMode><coordinates>
13.04945956,47.52663286,1741.76
13.04945015,47.52662874,1748.24
13.04941570,47.52664426,1746.81
13.04938769,47.52664702,1748.98
13.04934855,47.52666021,1749.42
13.04935953,47.52666841,1750.99
13.04932305,47.52667769,1750.34
13.04932898,47.52670055,1750.34
</coordinates></LineString>
<LineString><altitudeMode>absolute</altitudeMode><coordinates>
13.04932898,47.52670055,1750.34
13.04939184,47.52672862,1749.02
13.04940011,47.52672408,1748.24
13.04942518,47.52675042,1748.02
13.04944453,47.52678027,1750.64
</coordinates></LineString>
<LineString><altitudeMode>absolute</altitudeMode><coordinates>
13.04339947,47.52732649,1505.28
13.04336852,47.52734423,1501.09
13.04334844,47.52734118,1501.02
13.04332638,47.52738067,1498.89
13.04332984,47.52739108,1493.14
13.04332984,47.52739117,1493.14
</coordinates></LineString>
<LineString><altitudeMode>absolute</altitudeMode><coordinates>
13.04339947,47.52732649,1505.28
13.04347817,47.52735024,1505.37
13.04354815,47.52735116,1507.83
13.04360034,47.52736240,1509.04
</coordinates></LineString>
<LineString><altitudeMode>absolute</altitudeMode><coordinates>
13.04360034,47.52736240,1509.04
13.04368216,47.52736272,1511.81
13.04374001,47.52736136,1514.29
13.04378398,47.52739712,1512.20
13.04384606,47.52740331,1514.55
13.04389023,47.52740883,1514.77
13.04395537,47.52744683,1513.23
13.04407313,47.52746702,1515.31
13.04414746,47.52751526,1515.18
13.04423118,47.52752884,1515.82
13.04429951,47.52755637,1515.31
13.04434200,47.52759264,1515.52
13.04442938,47.52762949,1514.88
13.04446216,47.52764481,1515.20
13.04454653,47.52764823,1515.25
13.04462725,47.52770332,1515.26
13.04463562,47.52773550,1514.40
13.04465379,47.52777909,1511.12
13.04471126,47.52776630,1509.81
</coordinates></LineString>
<LineString><altitudeMode>absolute</altitudeMode><coordinates>
13.04324921,47.52740158,1496.86
13.04330586,47.52740012,1497.17
13.04332984,47.52739117,1493.14
</coordinates></LineString>
<LineString><altitudeMode>absolute</altitudeMode><coordinates>
13.04324921,47.52740158,1496.86
13.04329053,47.52733723,1501.48
13.04334911,47.52729818,1502.97
13.04339947,47.52732649,1505.28
</coordinates></LineString>
<LineString><altitudeMode>absolute</altitudeMode><coordinates>
13.04324091,47.52738542,1492.88
13.04332984,47.52739117,1493.14
</coordinates></LineString>
<LineString><altitudeMode>absolute</altitudeMode><coordinates>
13.04435988,47.52770506,1495.77
13.04440522,47.52772536,1495.64
13.04443301,47.52771045,1496.16
13.04447009,47.52772098,1500.35
13.04455922,47.52776056,1499.70
13.04456682,47.52774566,1505.35
13.04459271,47.52774962,1512.03
13.04461872,47.52773620,1511.18
13.04471126,47.52776630,1509.81
</coordinates></LineString>
<LineString><altitudeMode>absolute</altitudeMode><coordinates>
13.04409986,47.52764492,1491.06
13.04409986,47.52764501,1491.06
13.04411751,47.52766340,1493.09
13.04415086,47.52765596,1493.72
13.04416589,47.52768420,1495.08
13.04419274,47.52767314,1495.34
13.04421225,47.52768778,1495.92
13.04423943,47.52769293,1495.84
13.04427298,47.52767685,1496.19
13.04431560,47.52768820,1496.68
13.04435988,47.52770506,1495.77
</coordinates></LineString>
<LineString><altitudeMode>absolute</altitudeMode><coordinates>
13.04409986,47.52764492,1491.06
13.04414660,47.52763834,1490.42
13.04415150,47.52759955,1490.45
13.04418166,47.52759233,1491.41
13.04418909,47.52761765,1491.88
13.04423889,47.52763605,1492.55
13.04427713,47.52765812,1493.28
13.04429475,47.52765950,1493.14
13.04432659,47.52767120,1493.49
13.04434637,47.52770393,1494.20
13.04435988,47.52770506,1495.77
</coordinates></LineString>
<LineString><altitudeMode>absolute</altitudeMode><coordinates>
13.04376055,47.52763770,1484.40
13.04381131,47.52759456,1483.70
13.04384581,47.52760280,1482.63
13.04394923,47.52761194,1482.35
13.04397232,47.52760918,1488.25
13.04398746,47.52761646,1486.82
13.04400114,47.52763442,1489.77
13.04403958,47.52762968,1488.84
13.04408007,47.52763397,1490.43
13.04409986,47.52764492,1491.06
</coordinates></LineString>
<LineString><altitudeMode>absolute</altitudeMode><coordinates>
13.04334698,47.52724830,1459.00
13.04338144,47.52727552,1461.44
13.04340371,47.52730182,1479.84
13.04340833,47.52730972,1479.95
13.04343782,47.52729565,1480.38
13.04345380,47.52730519,1480.14
13.04348788,47.52731063,1479.99
13.04352328,47.52733031,1479.36
13.04350859,47.52734662,1480.13
13.04345082,47.52732107,1479.78
13.04343356,47.52734939,1482.02
13.04339629,47.52736198,1481.43
13.04335289,47.52735368,1481.56
13.04333785,47.52737574,1481.57
13.04335666,47.52740242,1481.57
13.04339801,47.52740862,1481.84
13.04341259,47.52742731,1481.90
13.04344311,47.52743899,1482.02
13.04348960,47.52748208,1481.44
13.04363342,47.52755886,1480.71
13.04372105,47.52759959,1482.04
13.04376055,47.52763770,1484.40
</coordinates></LineString>
<LineString><altitudeMode>absolute</altitudeMode><coordinates>
13.04325952,47.52723861,1457.64
13.04332229,47.52724778,1460.01
13.04334698,47.52724830,1459.00
</coordinates></LineString>
<LineString><altitudeMode>absolute</altitudeMode><coordinates>
13.04322079,47.52724407,1453.81
13.04325106,47.52725908,1453.95
13.04328880,47.52727664,1455.55
13.04334698,47.52724830,1459.00
</coordinates></LineString>
<LineString><altitudeMode>absolute</altitudeMode><coordinates>
13.04322079,47.52724407,1453.81
13.04325952,47.52723861,1457.64
</coordinates></LineString>
<LineString><altitudeMode>absolute</altitudeMode><coordinates>
13.04320423,47.52723569,1454.08
13.04322079,47.52724407,1453.81
</coordinates></LineString>
<LineString><altitudeMode>absolute</altitudeMode><coordinates>
13.04322326,47.52720281,1458.36
13.04326141,47.52721291,1458.08
13.04325952,47.52723870,1457.64
13.04325952,47.52723861,1457.64
</coordinates></LineString>
<LineString><altitudeMode>absolute</altitudeMode><coordinates>
13.04322326,47.52720281,1458.36
13.04320423,47.52723569,1454.08
</coordinates></LineString>
<LineString><altitudeMode>absolute</altitudeMode><coordinates>
13.04316551,47.52719103,1455.74
13.04316564,47.52719094,1455.73
13.04322326,47.52720281,1458.36
</coordinates></LineString>
<LineString><altitudeMode>absolute</altitudeMode><coordinates>
13.04316551,47.52719103,1455.74
13.04318305,47.52720159,1455.99
13.04320423,47.52723569,1454.08
</coordinates></LineString>
<LineString><altitudeMode>absolute</altitudeMode><coordinates>
13.04306123,47.52720851,1422.75
13.04307312,47.52721744,1441.78
13.04311386,47.52719375,1445.32
13.04314949,47.52718950,1453.26
13.04316551,47.52719103,1455.74
</coordinates></LineString>
<LineString><altitudeMode>absolute</altitudeMode><coordinates>
13.04329795,47.52710915,1414.75
13.04328736,47.52711536,1417.76
13.04330369,47.52714417,1418.55
13.04327636,47.52716458,1418.49
13.04324008,47.52717556,1419.16
13.04320744,47.52719939,1420.61
13.04316691,47.52719969,1421.55
13.04315120,47.52720419,1421.98
13.04311385,47.52720814,1423.30
13.04306123,47.52720851,1422.75
</coordinates></LineString>
<LineString><altitudeMode>absolute</altitudeMode><coordinates>
13.04338589,47.52723447,1408.66
13.04340094,47.52723347,1408.87
13.04336977,47.52722142,1408.63
13.04334265,47.52719693,1408.34
13.04330352,47.52720598,1409.06
13.04331180,47.52716896,1409.97
13.04330345,47.52714713,1409.98
13.04331674,47.52713260,1410.28
13.04337217,47.52711762,1410.89
13.04336984,47.52708015,1411.13
13.04333430,47.52707126,1411.44
13.04331585,47.52705313,1411.57
13.04329865,47.52706192,1411.66
13.04332377,47.52708305,1412.19
13.04331874,47.52709673,1415.81
13.04329795,47.52710915,1414.75
</coordinates></LineString>
<LineString><altitudeMode>absolute</altitudeMode><coordinates>
13.04339003,47.52724102,1411.13
13.04338589,47.52723447,1408.66
</coordinates></LineString>
<LineString><altitudeMode>absolute</altitudeMode><coordinates>
13.04350602,47.52735872,1407.12
13.04350936,47.52734384,1408.27
13.04348040,47.52731887,1410.28
13.04345367,47.52725156,1410.78
13.04343088,47.52726773,1410.72
13.04339003,47.52724102,1411.13
</coordinates></LineString>
<LineString><altitudeMode>absolute</altitudeMode><coordinates>
13.04366219,47.52744966,1400.96
13.04363576,47.52743886,1404.04
13.04366570,47.52742677,1404.25
13.04368185,47.52744271,1404.07
13.04371031,47.52741332,1403.36
13.04371857,47.52736631,1402.21
13.04367961,47.52741009,1401.73
13.04368567,47.52744718,1401.02
</coordinates></LineString>
<LineString><altitudeMode>absolute</altitudeMode><coordinates>
13.04368567,47.52744718,1401.02
13.04366219,47.52744966,1400.96
</coordinates></LineString>
<LineString><altitudeMode>absolute</altitudeMode><coordinates>
13.04366219,47.52744966,1400.96
13.04363445,47.52743839,1402.11
13.04362822,47.52739860,1403.42
13.04357622,47.52739654,1405.97
13.04353459,47.52740834,1406.85
13.04350602,47.52735872,1407.12
</coordinates></LineString>
<LineString><altitudeMode>absolute</altitudeMode><coordinates>
13.04344875,47.52744449,1491.79
13.04352500,47.52747692,1491.75
13.04353617,47.52751608,1490.70
13.04360298,47.52755915,1488.91
13.04363946,47.52757138,1488.90
13.04363686,47.52758411,1489.17
13.04366944,47.52758323,1489.39
13.04368678,47.52758866,1490.08
13.04369290,47.52756329,1492.85
13.04366093,47.52754439,1490.42
13.04372239,47.52757784,1489.12
13.04375924,47.52760501,1488.39
13.04376817,47.52757214,1488.82
13.04379307,47.52758498,1488.78
13.04380221,47.52761051,1484.44
13.04376055,47.52763770,1484.40
</coordinates></LineString>
<LineString><altitudeMode>absolute</altitudeMode><coordinates>
13.04344875,47.52744449,1491.79
13.04344878,47.52745079,1493.00
13.04340161,47.52744044,1494.49
13.04335526,47.52742220,1494.81
13.04332000,47.52743068,1495.06
13.04324921,47.52740158,1496.86
</coordinates></LineString>
<LineString><altitudeMode>absolute</altitudeMode><coordinates>
13.04324091,47.52738542,1492.88
13.04327070,47.52738107,1492.89
13.04328457,47.52737609,1493.01
13.04328600,47.52737692,1492.18
13.04329463,47.52736627,1492.21
13.04332815,47.52736873,1492.47
13.04334059,47.52735941,1492.40
13.04334737,47.52736978,1492.36
13.04336765,47.52737112,1492.14
13.04339539,47.52739319,1492.08
13.04344033,47.52742095,1492.42
13.04344875,47.52744449,1491.79
</coordinates></LineString>
<LineString><altitudeMode>absolute</altitudeMode><coordinates>
13.04313959,47.52737334,1488.86
13.04315168,47.52737688,1487.92
13.04312942,47.52738964,1486.89
13.04315550,47.52739557,1486.73
13.04317892,47.52740893,1485.98
13.04319660,47.52743353,1483.50
13.04323457,47.52743804,1485.88
13.04320568,47.52743233,1486.67
13.04322565,47.52743492,1487.67
13.04324056,47.52741619,1489.20
13.04322173,47.52740453,1489.76
13.04324941,47.52738890,1491.90
13.04324091,47.52738542,1492.88
</coordinates></LineString>
<LineString><altitudeMode>absolute</altitudeMode><coordinates>
13.04313959,47.52737334,1488.86
13.04312546,47.52737103,1489.26
13.04310466,47.52738741,1489.85
13.04307240,47.52739019,1491.87
13.04301809,47.52739673,1492.54
13.04296765,47.52741333,1490.51
13.04296617,47.52743886,1490.64
13.04293088,47.52744834,1489.37
13.04289476,47.52749073,1484.91
13.04290167,47.52750858,1483.72
13.04294336,47.52754132,1482.64
13.04294753,47.52755768,1482.95
13.04299110,47.52756148,1482.35
13.04300909,47.52760291,1482.24
13.04294402,47.52760198,1477.12
</coordinates></LineString>
<LineString><altitudeMode>absolute</altitudeMode><coordinates>
13.04294402,47.52760198,1477.12
13.04298144,47.52761036,1475.02
13.04301122,47.52759215,1474.84
13.04300835,47.52755143,1473.64
13.04297647,47.52752992,1472.59
13.04299247,47.52749609,1470.75
13.04295656,47.52748297,1470.45
13.04293551,47.52746659,1465.74
13.04296936,47.52742083,1458.36
13.04291912,47.52742519,1458.00
13.04286796,47.52741478,1457.71
13.04289169,47.52738756,1457.44
13.04287850,47.52737060,1455.98
13.04294321,47.52740239,1454.75
13.04296617,47.52739612,1452.47
13.04307973,47.52738258,1448.83
13.04309024,47.52742847,1447.47
13.04305176,47.52740577,1446.56
13.04302923,47.52742581,1446.67
13.04299431,47.52741100,1446.51
13.04298377,47.52738013,1445.69
13.04300165,47.52733859,1443.72
</coordinates></LineString>
<LineString><altitudeMode>absolute</altitudeMode><coordinates>
13.04300165,47.52733859,1443.72
13.04304792,47.52728045,1440.58
13.04300410,47.52725864,1435.47
13.04306123,47.52720851,1422.75
</coordinates></LineString>
<LineString><altitudeMode>absolute</altitudeMode><coordinates>
13.04313959,47.52737334,1488.86
13.04321016,47.52734764,1494.11
13.04324091,47.52738542,1492.88
</coordinates></LineString>
<LineString><altitudeMode>absolute</altitudeMode><coordinates>
13.04430095,47.52764989,1639.50
13.04437073,47.52768113,1639.00
13.04438479,47.52768524,1638.35
13.04441184,47.52769029,1638.13
13.04442036,47.52770069,1638.84
</coordinates></LineString>
<LineString><altitudeMode>absolute</altitudeMode><coordinates>
13.04442036,47.52770069,1638.84
13.04448183,47.52773387,1638.72
13.04448693,47.52771119,1638.65
13.04459908,47.52774630,1639.47
13.04457427,47.52774525,1638.78
13.04466373,47.52771537,1638.80
13.04473150,47.52773300,1638.76
13.04475174,47.52777824,1638.39
13.04487722,47.52780846,1643.18
13.04488674,47.52778477,1646.08
13.04487934,47.52776584,1647.06
13.04490172,47.52771412,1642.48
13.04496799,47.52774333,1638.61
13.04493214,47.52767856,1638.77
13.04490345,47.52761058,1639.03
13.04494177,47.52758028,1639.87
13.04504280,47.52762528,1638.51
13.04507802,47.52766404,1637.70
</coordinates></LineString>
<LineString><altitudeMode>absolute</altitudeMode><coordinates>
13.04507802,47.52766404,1637.70
13.04517720,47.52768022,1639.73
</coordinates></LineString>
<LineString><altitudeMode>absolute</altitudeMode><coordinates>
13.04407192,47.52771751,1648.71
13.04412165,47.52771260,1646.91
13.04409818,47.52769709,1646.76
13.04412528,47.52766866,1646.27
13.04412808,47.52767555,1644.24
13.04420852,47.52770257,1639.56
13.04426595,47.52771930,1639.71
13.04430095,47.52764989,1639.50
</coordinates></LineString>
<LineString><altitudeMode>absolute</altitudeMode><coordinates>
13.04407192,47.52771751,1648.71
13.04407482,47.52770380,1650.70
13.04404970,47.52768258,1650.85
13.04405875,47.52767509,1650.06
13.04404416,47.52766728,1649.91
13.04405054,47.52764201,1649.54
13.04401963,47.52763024,1646.99
13.04407696,47.52763554,1645.33
13.04409230,47.52760178,1643.24
13.04418769,47.52760521,1641.44
13.04421137,47.52760076,1640.32
13.04423413,47.52761410,1640.27
13.04425652,47.52764076,1639.00
13.04430095,47.52764989,1639.50
</coordinates></LineString>
<LineString><altitudeMode>absolute</altitudeMode><coordinates>
13.04326993,47.52712307,1414.08
13.04329795,47.52710915,1414.75
</coordinates></LineString>
<LineString><altitudeMode>absolute</altitudeMode><coordinates>
13.04338589,47.52723447,1408.66
13.04338346,47.52723893,1408.77
13.04339607,47.52726083,1408.80
13.04339011,47.52728881,1408.29
13.04336507,47.52731555,1407.78
13.04341019,47.52733117,1407.66
13.04342751,47.52736557,1407.91
13.04347448,47.52733155,1407.82
13.04350602,47.52735872,1407.12
</coordinates></LineString>
<LineString><altitudeMode>absolute</altitudeMode><coordinates>
13.04339003,47.52724102,1411.13
13.04333915,47.52723745,1411.72
13.04333410,47.52719085,1412.38
13.04334350,47.52718480,1412.43
13.04332669,47.52717587,1412.04
13.04331065,47.52717857,1412.08
13.04331348,47.52715612,1413.26
13.04328087,47.52714342,1413.27
13.04328056,47.52713018,1413.17
13.04326993,47.52712307,1414.08
</coordinates></LineString>
<LineString><altitudeMode>absolute</altitudeMode><coordinates>
13.04551551,47.52783941,1521.80
13.04557126,47.52781210,1523.09
13.04563973,47.52785709,1523.24
13.04565338,47.52784032,1523.94
13.04567420,47.52786281,1524.78
13.04569988,47.52785101,1525.79
13.04574434,47.52784862,1526.03
13.04571585,47.52790392,1526.86
13.04568738,47.52790497,1525.57
13.04571123,47.52794965,1522.20
</coordinates></LineString>
<LineString><altitudeMode>absolute</altitudeMode><coordinates>
13.04571123,47.52794965,1522.20
13.04571615,47.52788134,1521.37
13.04564509,47.52788112,1519.64
13.04563192,47.52786704,1518.27
13.04561746,47.52787381,1518.11
13.04561794,47.52783944,1516.42
13.04557864,47.52782447,1514.24
13.04559933,47.52780034,1514.32
13.04552664,47.52782574,1514.09
13.04545906,47.52781748,1514.05
</coordinates></LineString>
<LineString><altitudeMode>absolute</altitudeMode><coordinates>
13.04551551,47.52783941,1521.80
13.04547777,47.52785757,1520.32
13.04542808,47.52785043,1519.49
13.04539502,47.52782485,1519.37
13.04540142,47.52780993,1519.05
13.04547703,47.52780591,1516.58
13.04545906,47.52781748,1514.05
</coordinates></LineString>
<LineString><altitudeMode>absolute</altitudeMode><coordinates>
13.04551551,47.52783941,1521.80
13.04548619,47.52784899,1522.37
13.04548237,47.52786233,1521.49
13.04539752,47.52785746,1522.56
13.04537510,47.52786023,1522.60
13.04534898,47.52785160,1522.83
13.04532418,47.52784352,1522.90
13.04528848,47.52784238,1523.65
13.04523380,47.52781238,1523.58
13.04520421,47.52781853,1523.54
13.04518216,47.52783255,1524.28
13.04519157,47.52783316,1525.08
13.04521098,47.52784348,1525.32
13.04524028,47.52787017,1524.41
13.04521826,47.52786934,1523.66
13.04523026,47.52789312,1522.28
13.04517133,47.52789167,1518.52
13.04513946,47.52788402,1518.05
13.04516319,47.52784618,1516.42
13.04510874,47.52784210,1515.22
13.04514119,47.52787694,1513.47
13.04510595,47.52785996,1512.52
13.04506840,47.52787282,1509.38
13.04504178,47.52784195,1511.65
13.04498691,47.52781348,1511.47
</coordinates></LineString>
<LineString><altitudeMode>absolute</altitudeMode><coordinates>
13.04105539,47.52606385,1752.95
13.04099981,47.52607234,1751.93
13.04099970,47.52609322,1751.50
13.04099579,47.52611259,1751.11
13.04105374,47.52612969,1750.56
13.04110436,47.52614009,1750.94
13.04112026,47.52616637,1750.55
13.04111016,47.52621632,1750.46
13.04120472,47.52623152,1751.02
13.04112294,47.52627970,1750.47
13.04113505,47.52632913,1750.21
13.04122276,47.52634989,1747.31
13.04125823,47.52644974,1739.69
</coordinates></LineString>
<LineString><altitudeMode>absolute</altitudeMode><coordinates>
13.04125823,47.52644974,1739.69
13.04122890,47.52649172,1736.68
13.04128810,47.52650397,1736.14
13.04129621,47.52651788,1736.33
13.04126922,47.52655782,1736.39
13.04117084,47.52659879,1735.84
13.04120228,47.52661085,1735.79
13.04117332,47.52663942,1738.04
13.04113421,47.52664793,1738.35
13.04120217,47.52672792,1735.96
13.04127249,47.52673047,1735.93
13.04134250,47.52674129,1735.20
13.04148045,47.52668993,1737.56
13.04155892,47.52677684,1737.08
13.04162049,47.52677871,1737.96
13.04179280,47.52683951,1734.78
13.04182910,47.52682780,1731.38
13.04190999,47.52685699,1728.89
13.04193276,47.52685180,1726.26
13.04205410,47.52686863,1721.39
13.04209821,47.52687910,1715.34
</coordinates></LineString>
<LineString><altitudeMode>absolute</altitudeMode><coordinates>
13.04209821,47.52687910,1715.34
13.04220444,47.52684834,1714.05
13.04223727,47.52685871,1713.76
13.04223808,47.52682273,1714.26
13.04229200,47.52683742,1710.62
13.04230815,47.52682122,1710.98
13.04237806,47.52685616,1708.13
13.04247157,47.52683157,1707.31
13.04252713,47.52686303,1705.12
13.04255953,47.52690992,1700.62
13.04249287,47.52690194,1698.84
13.04250604,47.52692997,1696.41
13.04246431,47.52696589,1696.45
13.04252725,47.52698100,1693.20
13.04253932,47.52698525,1686.60
13.04255444,47.52700720,1683.89
13.04261979,47.52707562,1678.16
</coordinates></LineString>
<LineString><altitudeMode>absolute</altitudeMode><coordinates>
13.04261979,47.52707562,1678.16
13.04267976,47.52710274,1678.28
13.04272590,47.52708724,1676.55
13.04277098,47.52710034,1677.15
13.04280987,47.52709074,1676.25
13.04284916,47.52709519,1675.77
13.04281709,47.52714306,1675.58
13.04295361,47.52715862,1675.46
13.04297566,47.52718383,1675.53
13.04302417,47.52719393,1675.74
13.04304174,47.52722158,1674.63
13.04307284,47.52722850,1674.48
13.04307863,47.52725496,1674.67
13.04312409,47.52729353,1672.92
13.04318865,47.52730813,1672.53
13.04317129,47.52732484,1671.08
13.04327932,47.52737069,1668.38
13.04334689,47.52738282,1668.67
13.04337424,47.52740110,1667.76
13.04340524,47.52739983,1667.95
13.04343970,47.52744856,1667.79
13.04346774,47.52744490,1667.43
13.04350755,47.52745665,1662.54
</coordinates></LineString>
<LineString><altitudeMode>absolute</altitudeMode><coordinates>
13.04350755,47.52745665,1662.54
13.04350602,47.52747651,1662.42
13.04353031,47.52748772,1662.51
13.04355655,47.52753226,1660.47
13.04363116,47.52755522,1659.98
13.04366667,47.52756492,1658.58
13.04372659,47.52760058,1656.52
13.04379174,47.52764210,1656.17
13.04387321,47.52763764,1655.80
13.04384603,47.52759326,1656.16
13.04387854,47.52758374,1656.49
13.04391846,47.52762482,1652.29
13.04407192,47.52771751,1648.71
</coordinates></LineString>
<LineString><altitudeMode>absolute</altitudeMode><coordinates>
13.04095283,47.52598174,1752.97
13.04105345,47.52599839,1753.09
13.04105539,47.52606385,1752.95
</coordinates></LineString>
<LineString><altitudeMode>absolute</altitudeMode><coordinates>
13.04087279,47.52597992,1752.28
13.04086805,47.52602528,1754.44
13.04096921,47.52608064,1754.02
13.04105539,47.52606385,1752.95
</coordinates></LineString>
<LineString><altitudeMode>absolute</altitudeMode><coordinates>
13.04087279,47.52597992,1752.28
13.04090185,47.52599526,1753.21
13.04092899,47.52597989,1751.85
13.04095283,47.52598174,1752.97
</coordinates></LineString>
<LineString><altitudeMode>absolute</altitudeMode><coordinates>
13.04177629,47.52503496,1775.77
13.04177127,47.52509120,1774.85
13.04171470,47.52510481,1773.18
13.04169298,47.52509230,1772.92
13.04166623,47.52510795,1772.02
13.04163806,47.52510458,1771.75
13.04162231,47.52511358,1771.94
13.04157037,47.52509569,1770.34
13.04157482,47.52507246,1769.45
13.04162472,47.52504182,1768.90
13.04159861,47.52503291,1768.45
13.04156846,47.52503645,1768.58
13.04152079,47.52501800,1769.13
13.04147614,47.52501822,1767.75
13.04146604,47.52498629,1766.45
13.04145707,47.52495590,1760.09
13.04146537,47.52497215,1754.71
13.04143457,47.52494661,1754.54
13.04141008,47.52493701,1751.73
13.04144164,47.52491019,1752.14
13.04146894,47.52488339,1752.98
13.04144583,47.52485483,1752.47
13.04144886,47.52483401,1752.76
13.04141809,47.52481135,1753.25
13.04143630,47.52479312,1752.49
13.04143300,47.52477840,1751.45
13.04138385,47.52477819,1750.55
13.04136017,47.52484680,1753.61
13.04123976,47.52486616,1750.08
13.04119427,47.52487456,1749.84
</coordinates></LineString>
<LineString><altitudeMode>absolute</altitudeMode><coordinates>
13.04119427,47.52487456,1749.84
13.04121342,47.52493842,1746.48
13.04114794,47.52502368,1745.58
13.04121657,47.52504645,1748.85
13.04115209,47.52517241,1758.05
13.04113512,47.52519659,1757.98
13.04105616,47.52521558,1757.32
13.04101363,47.52528765,1757.80
13.04098269,47.52536559,1757.35
13.04099385,47.52539421,1756.88
13.04096589,47.52538510,1756.19
13.04093723,47.52543770,1756.31
13.04091683,47.52543609,1754.85
13.04090116,47.52546075,1754.96
13.04086859,47.52547936,1753.78
</coordinates></LineString>
<LineString><altitudeMode>absolute</altitudeMode><coordinates>
13.04086859,47.52547936,1753.78
13.04086354,47.52551491,1754.77
13.04084794,47.52551302,1754.20
13.04084571,47.52556571,1754.01
13.04080784,47.52556596,1755.01
13.04079741,47.52560340,1754.33
13.04072414,47.52565506,1754.08
13.04070374,47.52562150,1753.46
13.04066536,47.52564254,1753.73
13.04060134,47.52567060,1753.61
13.04062963,47.52570662,1753.51
13.04061890,47.52573074,1753.27
13.04064388,47.52574484,1752.96
13.04062344,47.52576582,1753.27
13.04067022,47.52579370,1753.96
13.04069819,47.52576700,1751.82
13.04074633,47.52570844,1753.28
13.04077787,47.52574641,1754.13
13.04082515,47.52572526,1753.56
13.04087973,47.52578288,1752.82
13.04084820,47.52581978,1752.53
13.04088858,47.52582002,1752.54
13.04089993,47.52585063,1752.74
13.04092979,47.52585501,1752.85
13.04093236,47.52593217,1753.46
13.04095283,47.52598174,1752.97
</coordinates></LineString>
<LineString><altitudeMode>absolute</altitudeMode><coordinates>
13.04177629,47.52503496,1775.77
13.04174943,47.52490357,1784.08
13.04177552,47.52487369,1783.76
13.04179044,47.52477245,1784.38
</coordinates></LineString>
<LineString><altitudeMode>absolute</altitudeMode><coordinates>
13.04179044,47.52477245,1784.38
13.04178373,47.52475290,1785.59
13.04177553,47.52473404,1785.82
13.04178686,47.52470472,1785.74
13.04180327,47.52470635,1785.06
13.04181755,47.52467960,1782.13
13.04190454,47.52461944,1781.68
</coordinates></LineString>
<LineString><altitudeMode>absolute</altitudeMode><coordinates>
13.04190454,47.52461944,1781.68
13.04192038,47.52466858,1779.63
13.04190007,47.52469324,1779.64
13.04193778,47.52472223,1779.31
13.04194943,47.52472351,1779.39
13.04203164,47.52475263,1779.05
13.04205718,47.52478744,1779.48
13.04211651,47.52478872,1778.61
13.04214473,47.52486578,1774.08
13.04214101,47.52493726,1774.94
13.04211424,47.52495336,1774.91
13.04210482,47.52501708,1774.20
13.04209383,47.52501969,1774.22
13.04208093,47.52503449,1773.46
13.04210317,47.52505791,1773.91
13.04203259,47.52508379,1773.32
13.04198676,47.52508732,1773.95
13.04198679,47.52509722,1774.98
13.04201939,47.52512451,1777.06
</coordinates></LineString>
<LineString><altitudeMode>absolute</altitudeMode><coordinates>
13.04201939,47.52512451,1777.06
13.04192911,47.52514069,1777.21
13.04187485,47.52509234,1776.80
13.04187045,47.52503558,1773.31
13.04177629,47.52503496,1775.77
</coordinates></LineString>
<LineString><altitudeMode>absolute</altitudeMode><coordinates>
13.03596348,47.53480432,1742.55
13.03593379,47.53482361,1740.44
13.03595556,47.53483829,1740.47
13.03600287,47.53485251,1740.80
13.03597927,47.53490079,1739.82
13.03594572,47.53493108,1738.85
13.03590277,47.53493898,1737.32
13.03590432,47.53495799,1737.30
13.03587123,47.53494753,1736.66
13.03585615,47.53494205,1736.26
13.03585123,47.53492784,1736.35
13.03586038,47.53491783,1736.62
13.03583237,47.53490997,1734.71
13.03580776,47.53491431,1734.38
13.03577183,47.53489426,1732.99
13.03574251,47.53490744,1731.84
13.03573380,47.53492709,1731.82
13.03571999,47.53493756,1731.06
13.03567250,47.53492477,1728.99
13.03565240,47.53491876,1728.18
13.03563236,47.53493588,1728.38
13.03560626,47.53493372,1727.19
13.03557851,47.53494377,1726.55
13.03555789,47.53493037,1726.85
13.03558273,47.53490200,1729.60
13.03559215,47.53483485,1734.01
13.03559215,47.53483485,1734.00
</coordinates></LineString>
<LineString><altitudeMode>absolute</altitudeMode><coordinates>
13.03596348,47.53480432,1742.55
13.03599208,47.53477845,1743.93
13.03601906,47.53479952,1743.83
13.03608955,47.53475150,1747.03
13.03614412,47.53477745,1750.13
13.03616621,47.53474823,1749.64
13.03618429,47.53476563,1749.52
13.03624056,47.53476390,1749.61
13.03628636,47.53476504,1749.99
13.03635862,47.53473002,1751.83
13.03639957,47.53477571,1752.27
13.03645629,47.53478676,1746.87
13.03642339,47.53480671,1747.33
13.03639547,47.53484646,1745.89
</coordinates></LineString>
<LineString><altitudeMode>absolute</altitudeMode><coordinates>
13.03590529,47.53478272,1742.29
13.03588052,47.53478050,1740.56
13.03585913,47.53476276,1740.00
13.03584816,47.53475763,1744.16
13.03583803,47.53474062,1744.36
13.03579956,47.53472476,1748.48
13.03580934,47.53474382,1755.33
</coordinates></LineString>
<LineString><altitudeMode>absolute</altitudeMode><coordinates>
13.03590529,47.53478272,1742.29
13.03596348,47.53480432,1742.55
</coordinates></LineString>
<LineString><altitudeMode>absolute</altitudeMode><coordinates>
13.03577360,47.53481511,1739.00
13.03567140,47.53485835,1739.24
13.03562364,47.53483125,1739.45
13.03554140,47.53483821,1738.49
13.03549333,47.53483397,1737.74
13.03548698,47.53485438,1733.01
13.03548698,47.53485438,1733.01
13.03554441,47.53484312,1733.00
13.03559215,47.53483485,1734.00
</coordinates></LineString>
<LineString><altitudeMode>absolute</altitudeMode><coordinates>
13.03577360,47.53481511,1739.00
13.03572117,47.53485983,1736.81
13.03567767,47.53483254,1735.87
13.03559215,47.53483485,1734.00
</coordinates></LineString>
<LineString><altitudeMode>absolute</altitudeMode><coordinates>
13.03577360,47.53481511,1739.00
13.03580953,47.53484200,1740.17
13.03590529,47.53478272,1742.29
</coordinates></LineString>
<LineString><altitudeMode>absolute</altitudeMode><coordinates>
13.04135403,47.52601766,1696.56
13.04136525,47.52600192,1696.79
13.04143590,47.52597038,1694.84
13.04151356,47.52595056,1693.14
13.04155403,47.52589492,1693.22
13.04153676,47.52587699,1692.21
13.04158182,47.52585148,1689.95
13.04159962,47.52582659,1691.27
</coordinates></LineString>
<LineString><altitudeMode>absolute</altitudeMode><coordinates>
13.04159962,47.52582659,1691.27
13.04162306,47.52582141,1693.29
13.04164493,47.52584050,1680.57
13.04171845,47.52582133,1680.97
13.04173766,47.52585117,1674.12
</coordinates></LineString>
<LineString><altitudeMode>absolute</altitudeMode><coordinates>
13.04173766,47.52585117,1674.12
13.04174052,47.52588856,1671.53
13.04172968,47.52590845,1658.65
13.04178517,47.52590615,1651.67
13.04182952,47.52588532,1646.76
13.04186445,47.52588564,1647.60
13.04190042,47.52590056,1630.68
13.04195472,47.52590518,1625.16
13.04200889,47.52586327,1624.76
13.04207999,47.52587700,1625.02
13.04213243,47.52583515,1615.30
13.04211892,47.52582673,1612.49
13.04214898,47.52581150,1582.34
</coordinates></LineString>
<LineString><altitudeMode>absolute</altitudeMode><coordinates>
13.04214898,47.52581150,1582.34
13.04222143,47.52579240,1587.74
13.04229438,47.52579931,1590.77
13.04234282,47.52581472,1589.64
13.04237020,47.52583579,1589.49
13.04239197,47.52581493,1583.49
13.04239387,47.52582450,1572.58
13.04246274,47.52584808,1562.88
13.04251040,47.52583477,1559.82
13.04253821,47.52581913,1561.01
13.04257162,47.52583176,1560.75
13.04252875,47.52587008,1556.98
13.04254304,47.52588589,1554.96
13.04255309,47.52592629,1548.31
</coordinates></LineString>
<LineString><altitudeMode>absolute</altitudeMode><coordinates>
13.04255309,47.52592629,1548.31
13.04257847,47.52593698,1542.99
13.04257773,47.52596036,1545.34
13.04266736,47.52596153,1547.52
13.04265955,47.52598920,1546.25
13.04269514,47.52603255,1546.14
13.04266787,47.52604064,1545.69
13.04270414,47.52605493,1546.53
13.04275383,47.52605128,1545.73
13.04275948,47.52605993,1540.70
13.04272258,47.52606263,1539.49
13.04269761,47.52609469,1535.44
13.04265474,47.52609728,1534.66
13.04257941,47.52611498,1535.95
13.04256454,47.52611833,1543.83
13.04254327,47.52616872,1542.55
13.04251781,47.52617098,1540.86
13.04251365,47.52622931,1535.62
13.04254950,47.52623343,1534.54
13.04255921,47.52625798,1529.80
</coordinates></LineString>
<LineString><altitudeMode>absolute</altitudeMode><coordinates>
13.04255921,47.52625798,1529.80
13.04260073,47.52630962,1522.25
13.04261576,47.52632356,1517.59
13.04261520,47.52637061,1517.50
13.04259873,47.52636709,1517.51
13.04258705,47.52640594,1517.33
13.04251372,47.52638813,1517.08
13.04249014,47.52636487,1515.99
13.04244270,47.52637225,1515.41
13.04240206,47.52633620,1511.07
13.04242872,47.52634097,1500.83
13.04244192,47.52637899,1498.35
13.04252279,47.52636552,1495.61
13.04252324,47.52638578,1495.43
13.04249738,47.52639523,1494.93
13.04250693,47.52641330,1494.85
13.04252943,47.52644419,1491.88
13.04252601,47.52648265,1486.49
13.04256619,47.52650610,1483.90
13.04255895,47.52655780,1482.95
13.04264109,47.52656020,1479.30
</coordinates></LineString>
<LineString><altitudeMode>absolute</altitudeMode><coordinates>
13.04264109,47.52656020,1479.30
13.04266253,47.52655903,1477.64
13.04275643,47.52658115,1476.04
13.04273798,47.52661287,1476.52
13.04277657,47.52662901,1474.90
13.04280000,47.52663112,1471.93
13.04278332,47.52666188,1471.58
13.04281124,47.52666820,1470.50
13.04280855,47.52669776,1469.90
13.04285552,47.52669586,1468.29
13.04285716,47.52670885,1468.83
13.04291851,47.52670594,1464.99
13.04290538,47.52674117,1466.39
13.04292332,47.52674111,1466.11
13.04292813,47.52677593,1464.89
13.04295501,47.52681409,1462.11
13.04297809,47.52683653,1454.07
13.04296860,47.52684528,1454.69
13.04300225,47.52685476,1453.69
13.04302714,47.52688218,1449.37
13.04305235,47.52691879,1444.28
13.04301599,47.52692842,1447.47
</coordinates></LineString>
<LineString><altitudeMode>absolute</altitudeMode><coordinates>
13.04301599,47.52692842,1447.47
13.04298940,47.52693229,1446.62
13.04296964,47.52695643,1445.46
13.04298298,47.52697645,1443.42
13.04300586,47.52699340,1438.32
13.04297688,47.52701891,1438.54
13.04297766,47.52703359,1437.66
13.04294927,47.52704318,1428.69
13.04297057,47.52702798,1429.19
13.04299628,47.52700826,1427.83
13.04302221,47.52697550,1426.60
13.04299632,47.52696435,1426.53
13.04301446,47.52694099,1426.03
13.04304602,47.52694603,1424.71
13.04309552,47.52695462,1420.83
13.04309906,47.52696295,1411.43
13.04316614,47.52697760,1409.30
13.04315927,47.52701941,1409.53
</coordinates></LineString>
<LineString><altitudeMode>absolute</altitudeMode><coordinates>
13.04315927,47.52701941,1409.53
13.04316843,47.52703037,1412.32
13.04320938,47.52706508,1412.86
13.04322627,47.52708624,1412.90
13.04325861,47.52710596,1413.25
13.04326993,47.52712307,1414.08
</coordinates></LineString>
<LineString><altitudeMode>absolute</altitudeMode><coordinates>
13.04131002,47.52610446,1699.94
13.04129371,47.52609275,1701.66
13.04128025,47.52607606,1703.33
13.04130542,47.52605300,1704.26
13.04133856,47.52601577,1704.59
13.04133201,47.52599191,1696.49
13.04135403,47.52601766,1696.56
</coordinates></LineString>
<LineString><altitudeMode>absolute</altitudeMode><coordinates>
13.04131002,47.52610446,1699.94
13.04133891,47.52608489,1699.51
13.04137382,47.52600729,1696.62
13.04135403,47.52601766,1696.56
</coordinates></LineString>
<LineString><altitudeMode>absolute</altitudeMode><coordinates>
13.04131002,47.52610446,1699.94
13.04124004,47.52607501,1706.73
13.04114747,47.52604913,1711.16
13.04114370,47.52602567,1712.57
13.04106871,47.52597733,1712.88
13.04100975,47.52603004,1713.05
13.04096812,47.52600279,1717.26
13.04093972,47.52599843,1722.78
13.04093848,47.52592129,1726.44
</coordinates></LineString>
<LineString><altitudeMode>absolute</altitudeMode><coordinates>
13.04093848,47.52592129,1726.44
13.04091944,47.52595093,1742.08
13.04088072,47.52596332,1748.08
13.04087279,47.52597992,1752.28
</coordinates></LineString>
<LineString><altitudeMode>absolute</altitudeMode><coordinates>
13.03997084,47.53272148,1766.12
13.04000216,47.53273309,1762.77
13.04005461,47.53266982,1759.00
13.04004361,47.53264786,1761.21
</coordinates></LineString>
<LineString><altitudeMode>absolute</altitudeMode><coordinates>
13.03997084,47.53272148,1766.12
13.03998913,47.53269408,1766.15
13.04004361,47.53264786,1761.21
</coordinates></LineString>
<LineString><altitudeMode>absolute</altitudeMode><coordinates>
13.03995326,47.53264056,1758.82
13.03989544,47.53273378,1765.79
13.03993521,47.53271142,1767.72
13.03997084,47.53272148,1766.12
</coordinates></LineString>
<LineString><altitudeMode>absolute</altitudeMode><coordinates>
13.03995326,47.53264056,1758.82
13.04000903,47.53261307,1760.93
13.04004361,47.53264786,1761.21
</coordinates></LineString>
<LineString><altitudeMode>absolute</altitudeMode><coordinates>
13.04004003,47.53271178,1747.18
13.04004141,47.53267824,1747.90
13.03995326,47.53264056,1758.82
</coordinates></LineString>
<LineString><altitudeMode>absolute</altitudeMode><coordinates>
13.04004003,47.53271178,1747.18
13.04012968,47.53266985,1748.33
13.04018505,47.53265298,1748.56
13.04034818,47.53265739,1750.23
13.04037253,47.53262802,1753.51
</coordinates></LineString>
<LineString><altitudeMode>absolute</altitudeMode><coordinates>
13.04568667,47.53043008,1757.76
13.04562758,47.53042565,1765.29
13.04560321,47.53041642,1766.51
13.04555359,47.53042880,1769.38
13.04552182,47.53046506,1768.91
13.04547132,47.53043676,1768.00
13.04540219,47.53043423,1768.07
13.04535708,47.53045776,1765.35
13.04530958,47.53053109,1762.76
13.04540227,47.53055004,1764.96
13.04533187,47.53059968,1759.82
13.04521736,47.53063147,1757.87
</coordinates></LineString>
<LineString><altitudeMode>absolute</altitudeMode><coordinates>
13.03669280,47.53538479,1724.78
13.03671680,47.53540401,1723.22
13.03675627,47.53539308,1722.20
13.03681401,47.53538039,1721.72
13.03684508,47.53537759,1722.54
</coordinates></LineString>
<LineString><altitudeMode>absolute</altitudeMode><coordinates>
13.03684508,47.53537759,1722.54
13.03685237,47.53540651,1719.79
13.03682537,47.53543214,1718.48
13.03681395,47.53547100,1719.17
13.03680997,47.53550288,1718.47
13.03678726,47.53550258,1718.03
13.03677939,47.53549984,1714.78
13.03679717,47.53552174,1713.87
</coordinates></LineString>
<LineString><altitudeMode>absolute</altitudeMode><coordinates>
13.03679717,47.53552174,1713.87
13.03676663,47.53555676,1715.52
</coordinates></LineString>
<LineString><altitudeMode>absolute</altitudeMode><coordinates>
13.03669280,47.53538479,1724.78
13.03670402,47.53536537,1725.72
13.03672938,47.53536958,1725.52
13.03673828,47.53534814,1724.40
13.03672006,47.53535206,1724.48
13.03670833,47.53534259,1727.08
13.03670909,47.53536833,1732.06
13.03670554,47.53533894,1734.02
13.03675177,47.53534288,1735.53
13.03675022,47.53529174,1734.88
13.03669658,47.53527292,1733.68
13.03673607,47.53526145,1732.69
13.03669461,47.53522951,1731.69
13.03673656,47.53521646,1731.88
13.03671473,47.53515688,1728.34
13.03673476,47.53515074,1728.38
13.03673535,47.53512772,1729.74
13.03672607,47.53509525,1730.74
13.03669294,47.53508920,1735.19
13.03670185,47.53507846,1734.67
13.03668749,47.53505365,1735.72
13.03668356,47.53504863,1736.54
13.03666273,47.53506196,1740.87
13.03670652,47.53506361,1743.05
</coordinates></LineString>
<LineString><altitudeMode>absolute</altitudeMode><coordinates>
13.03646395,47.53541786,1731.17
13.03649805,47.53542636,1730.65
13.03656206,47.53539164,1728.97
13.03658108,47.53539476,1727.57
13.03658941,47.53538509,1727.95
13.03663245,47.53540671,1725.27
13.03664433,47.53539116,1725.54
13.03664775,47.53540283,1724.94
13.03669280,47.53538479,1724.78
</coordinates></LineString>
<LineString><altitudeMode>absolute</altitudeMode><coordinates>
13.03646395,47.53541786,1731.17
13.03646915,47.53541021,1732.85
13.03647018,47.53538620,1733.05
13.03644339,47.53539195,1732.58
13.03642019,47.53537625,1731.69
13.03640871,47.53536355,1733.26
13.03642652,47.53534910,1735.93
13.03642867,47.53529874,1736.96
13.03641681,47.53526768,1738.84
13.03639384,47.53525648,1742.43
13.03637013,47.53526148,1742.95
13.03633842,47.53526381,1750.26
13.03633470,47.53523199,1750.29
13.03633012,47.53521940,1750.44
13.03633229,47.53520738,1751.13
13.03631388,47.53519870,1751.56
13.03631179,47.53517274,1751.67
13.03629671,47.53514603,1751.07
13.03631183,47.53510778,1751.10
13.03623527,47.53511195,1748.19
13.03623524,47.53509135,1748.77
13.03629456,47.53507563,1747.45
13.03631357,47.53505760,1748.67
13.03636559,47.53506308,1748.51
13.03641582,47.53503433,1747.07
13.03634140,47.53500975,1745.75
13.03637318,47.53498438,1745.68
13.03644136,47.53493768,1748.39
13.03647662,47.53492919,1747.45
</coordinates></LineString>
<LineString><altitudeMode>absolute</altitudeMode><coordinates>
13.03647662,47.53492919,1747.45
13.03651649,47.53491467,1747.49
</coordinates></LineString>
<LineString><altitudeMode>absolute</altitudeMode><coordinates>
13.03630848,47.53561019,1725.31
13.03629820,47.53557582,1724.75
13.03629807,47.53557582,1724.75
13.03635279,47.53560132,1727.34
13.03633477,47.53561775,1727.45
13.03630848,47.53561019,1725.31
</coordinates></LineString>
<LineString><altitudeMode>absolute</altitudeMode><coordinates>
13.03630848,47.53561019,1725.31
13.03633175,47.53561689,1732.95
13.03630985,47.53558403,1741.28
13.03632346,47.53557193,1742.12
13.03631878,47.53555862,1741.93
</coordinates></LineString>
<LineString><altitudeMode>absolute</altitudeMode><coordinates>
13.03631878,47.53555862,1741.93
13.03633250,47.53551855,1739.98
13.03636161,47.53546128,1736.09
13.03640197,47.53544793,1735.19
13.03640380,47.53543446,1734.92
13.03646395,47.53541786,1731.17
</coordinates></LineString>
<LineString><altitudeMode>absolute</altitudeMode><coordinates>
13.05324745,47.52901586,1746.06
13.05323248,47.52903621,1743.43
13.05324529,47.52906351,1739.99
13.05324529,47.52906360,1739.99
</coordinates></LineString>
<LineString><altitudeMode>absolute</altitudeMode><coordinates>
13.05324745,47.52901586,1746.06
13.05321979,47.52901674,1734.70
13.05322006,47.52901656,1734.69
13.05321998,47.52904023,1733.80
13.05321255,47.52904721,1740.04
13.05324501,47.52906378,1740.00
13.05324529,47.52906360,1739.99
</coordinates></LineString>
<LineString><altitudeMode>absolute</altitudeMode><coordinates>
13.05320391,47.52899685,1766.26
13.05321983,47.52899748,1767.44
13.05322119,47.52903620,1764.76
13.05325622,47.52901943,1758.89
13.05322868,47.52901707,1757.47
13.05320905,47.52901611,1756.70
13.05322592,47.52901261,1751.34
13.05324745,47.52901586,1746.06
</coordinates></LineString>
<LineString><altitudeMode>absolute</altitudeMode><coordinates>
13.05320391,47.52899685,1766.26
13.05323151,47.52905167,1765.84
13.05321060,47.52906742,1763.02
13.05320325,47.52908295,1748.42
</coordinates></LineString>
<LineString><altitudeMode>absolute</altitudeMode><coordinates>
13.05320325,47.52908295,1748.42
13.05323604,47.52907289,1746.05
13.05324529,47.52906360,1739.99
</coordinates></LineString>
<LineString><altitudeMode>absolute</altitudeMode><coordinates>
13.05475463,47.52742029,2016.33
13.05475463,47.52742029,2016.33
13.05476492,47.52742587,2017.49
13.05480340,47.52743777,2014.54
13.05482481,47.52744794,2011.88
13.05480525,47.52745975,2010.49
13.05478327,47.52746847,2010.58
13.05468278,47.52747342,2011.54
13.05465438,47.52747249,2011.65
13.05470022,47.52747255,2013.68
13.05472816,47.52746780,2013.40
13.05470825,47.52745649,2015.75
13.05471420,47.52745002,2016.46
13.05473422,47.52743317,2017.27
13.05475463,47.52742029,2016.33
</coordinates></LineString>
<LineString><altitudeMode>absolute</altitudeMode><coordinates>
13.04204060,47.52840172,2057.35
13.04203438,47.52832243,2063.64
13.04203431,47.52828167,2065.15
13.04218517,47.52832977,2061.83
13.04223315,47.52836479,2060.31
13.04220061,47.52835388,2060.79
13.04219912,47.52836529,2060.34
13.04219680,47.52838117,2055.29
13.04213596,47.52838823,2055.33
13.04211605,47.52839140,2057.25
13.04204060,47.52840172,2057.35
</coordinates></LineString>
<LineString><altitudeMode>absolute</altitudeMode><coordinates>
13.04165888,47.52873408,2065.02
13.04170265,47.52880736,2067.48
13.04162503,47.52879739,2071.84
13.04162409,47.52878343,2072.17
13.04164535,47.52874762,2065.37
13.04165888,47.52873408,2065.02
</coordinates></LineString>
<LineString><altitudeMode>absolute</altitudeMode><coordinates>
13.04165888,47.52873408,2065.02
13.04176824,47.52871570,2061.77
13.04188360,47.52869680,2059.53
13.04197630,47.52867264,2054.04
13.04198892,47.52866935,2050.38
</coordinates></LineString>
<LineString><altitudeMode>absolute</altitudeMode><coordinates>
13.04198892,47.52866935,2050.38
13.04202676,47.52865560,2050.10
13.04206153,47.52863514,2047.30
13.04207454,47.52856769,2049.85
13.04207714,47.52852634,2047.42
13.04204060,47.52840172,2057.35
</coordinates></LineString>
<LineString><altitudeMode>absolute</altitudeMode><coordinates>
13.04703192,47.51832911,2057.89
13.04692535,47.51828744,2062.87
13.04695900,47.51826839,2068.66
13.04696279,47.51825217,2060.95
13.04697109,47.51827544,2060.89
13.04703192,47.51832911,2057.89
</coordinates></LineString>
<LineString><altitudeMode>absolute</altitudeMode><coordinates>
13.04700627,47.52041918,2084.59
13.04694961,47.52045682,2079.99
13.04701154,47.52044906,2081.46
13.04703394,47.52044305,2082.89
13.04700627,47.52041918,2084.59
</coordinates></LineString>
<LineString><altitudeMode>absolute</altitudeMode><coordinates>
13.05897205,47.53251098,1992.00
13.05893371,47.53251303,1983.47
13.05893593,47.53253565,1983.81
13.05894510,47.53254994,1983.47
13.05896888,47.53255367,1983.19
13.05897348,47.53256239,1983.16
13.05897542,47.53258168,1972.53
13.05899187,47.53258240,1962.11
13.05897709,47.53259763,1946.35
13.05900163,47.53259157,1939.47
13.05899938,47.53260926,1929.17
13.05894869,47.53262558,1929.46
</coordinates></LineString>
<LineString><altitudeMode>absolute</altitudeMode><coordinates>
13.05894869,47.53262558,1929.46
13.05891538,47.53263537,1926.42
13.05888787,47.53263175,1925.46
13.05888038,47.53262236,1924.95
13.05885259,47.53261928,1922.65
13.05883112,47.53262494,1921.76
13.05881889,47.53261817,1919.94
13.05880351,47.53264238,1920.02
13.05877923,47.53264152,1919.87
</coordinates></LineString>
<LineString><altitudeMode>absolute</altitudeMode><coordinates>
13.05877923,47.53264152,1919.87
13.05877442,47.53267105,1919.82
</coordinates></LineString>
<LineString><altitudeMode>absolute</altitudeMode><coordinates>
13.05877442,47.53267105,1919.82
13.05877196,47.53267640,1914.55
13.05874825,47.53265998,1904.10
13.05873992,47.53262304,1897.43
13.05866319,47.53265000,1897.92
13.05865874,47.53262994,1897.52
13.05865365,47.53262410,1896.04
13.05861122,47.53261798,1889.24
13.05859040,47.53263841,1892.29
</coordinates></LineString>
<LineString><altitudeMode>absolute</altitudeMode><coordinates>
13.05859040,47.53263841,1892.29
13.05858545,47.53259982,1891.57
13.05860104,47.53257714,1891.12
13.05861406,47.53256980,1891.88
13.05861978,47.53255892,1891.62
13.05863741,47.53256002,1888.87
13.05863783,47.53254860,1888.37
13.05864665,47.53254353,1889.52
13.05864128,47.53252725,1889.66
13.05865118,47.53252903,1880.66
13.05867090,47.53250930,1880.60
13.05867571,47.53251955,1873.01
13.05868646,47.53248032,1873.34
13.05867724,47.53245659,1870.53
13.05865557,47.53246027,1868.85
</coordinates></LineString>
<LineString><altitudeMode>absolute</altitudeMode><coordinates>
13.05865557,47.53246027,1868.85
13.05862274,47.53243542,1856.35
13.05851931,47.53241927,1821.49
13.05852246,47.53236623,1815.90
13.05854692,47.53234433,1815.99
13.05852707,47.53227012,1763.76
13.05855896,47.53232402,1752.40
</coordinates></LineString>
<LineString><altitudeMode>absolute</altitudeMode><coordinates>
13.05855896,47.53232402,1752.40
13.05859497,47.53226281,1752.55
13.05867760,47.53221274,1750.71
13.05865569,47.53215856,1752.65
13.05870567,47.53215436,1744.86
13.05870816,47.53213011,1746.07
13.05875137,47.53214011,1744.96
13.05874862,47.53215698,1740.41
13.05877396,47.53217235,1740.77
13.05880777,47.53217436,1741.61
13.05887386,47.53215838,1744.38
13.05891591,47.53218528,1744.92
13.05897104,47.53219656,1737.08
13.05898307,47.53212604,1737.64
13.05900372,47.53209930,1737.04
13.05900924,47.53206862,1737.05
13.05902484,47.53204567,1736.55
13.05902166,47.53202726,1737.17
13.05905283,47.53192071,1735.75
13.05904747,47.53186096,1736.51
13.05912369,47.53180448,1735.12
13.05910954,47.53176302,1737.24
13.05917334,47.53170831,1736.34
13.05920032,47.53170454,1734.77
13.05921121,47.53166864,1734.37
13.05930347,47.53162773,1736.09
13.05934627,47.53159129,1732.94
13.05928065,47.53158001,1732.73
13.05926549,47.53153711,1732.90
</coordinates></LineString>
<LineString><altitudeMode>absolute</altitudeMode><coordinates>
13.05926549,47.53153711,1732.90
13.05925267,47.53150305,1730.80
13.05927283,47.53147136,1730.37
13.05929080,47.53141651,1728.69
13.05929419,47.53138957,1732.38
13.05932120,47.53138850,1734.38
</coordinates></LineString>
<LineString><altitudeMode>absolute</altitudeMode><coordinates>
13.04386668,47.52636668,2052.00
13.04382399,47.52637495,2050.26
13.04379952,47.52637580,2049.98
13.04373130,47.52634890,2048.73
13.04369716,47.52632753,2049.38
13.04368715,47.52628947,2049.76
13.04365444,47.52627587,2048.24
13.04359242,47.52622883,2046.00
13.04354998,47.52616961,2044.59
13.04348203,47.52617133,2042.65
13.04338521,47.52617787,2042.56
13.04339583,47.52621387,2041.47
13.04338283,47.52621670,2039.66
13.04338782,47.52622543,2037.66
13.04338396,47.52622221,2036.43
13.04337767,47.52622336,2035.11
13.04338474,47.52622969,2033.45
13.04337352,47.52620278,2033.30
</coordinates></LineString>
<LineString><altitudeMode>absolute</altitudeMode><coordinates>
13.04320002,47.53896672,1970.00
13.04320002,47.53896672,1943.45
13.04319587,47.53894622,1943.32
13.04321887,47.53898171,1941.40
13.04329942,47.53898110,1935.94
13.04340817,47.53903326,1928.65
13.04342574,47.53904661,1926.20
13.04346473,47.53908084,1925.78
13.04348942,47.53911023,1926.31
</coordinates></LineString>
<LineString><altitudeMode>absolute</altitudeMode><coordinates>
13.04348942,47.53911023,1926.31
13.04353614,47.53916151,1926.31
13.04359365,47.53920532,1919.79
</coordinates></LineString>
<LineString><altitudeMode>absolute</altitudeMode><coordinates>
13.04359365,47.53920532,1919.79
13.04359603,47.53919484,1916.18
13.04364430,47.53922266,1913.64
13.04376465,47.53926664,1896.50
13.04380776,47.53934008,1894.63
13.04384802,47.53936156,1891.15
13.04387303,47.53940014,1890.99
13.04393231,47.53946045,1885.76
13.04392510,47.53948273,1885.85
13.04394625,47.53948228,1886.25
13.04399117,47.53953569,1885.77
13.04401165,47.53956744,1884.95
13.04401303,47.53959815,1884.77
13.04405550,47.53966393,1878.76
13.04408831,47.53969995,1872.29
13.04406703,47.53970030,1871.76
13.04401769,47.53976218,1856.44
13.04413046,47.53975996,1852.66
</coordinates></LineString>
<LineString><altitudeMode>absolute</altitudeMode><coordinates>
13.04413046,47.53975996,1852.66
13.04416526,47.53973896,1849.66
</coordinates></LineString>
<LineString><altitudeMode>absolute</altitudeMode><coordinates>
13.04416526,47.53973896,1849.66
13.04418328,47.53972955,1830.13
13.04424788,47.53977214,1816.22
</coordinates></LineString>
<LineString><altitudeMode>absolute</altitudeMode><coordinates>
13.05470006,47.53521664,1880.00
13.05471757,47.53523898,1876.00
13.05476893,47.53521187,1873.30
13.05485979,47.53523429,1870.29
13.05496395,47.53524181,1864.74
13.05496243,47.53521101,1863.63
13.05507191,47.53521107,1849.17
13.05513527,47.53519379,1842.09
13.05521964,47.53518676,1826.66
13.05521468,47.53516283,1825.07
13.05524661,47.53512225,1810.14
13.05530951,47.53512449,1809.23
13.05534118,47.53510514,1802.93
13.05537921,47.53509733,1803.12
13.05540745,47.53510977,1801.83
13.05549891,47.53512995,1795.24
13.05554834,47.53515167,1793.40
13.05561448,47.53513803,1792.74
13.05562875,47.53513314,1792.76
13.05557675,47.53510554,1791.89
13.05563123,47.53506606,1787.52
13.05564455,47.53505782,1770.28
13.05571074,47.53506822,1763.24
13.05575451,47.53504160,1754.54
</coordinates></LineString>
<LineString><altitudeMode>absolute</altitudeMode><coordinates>
13.05575451,47.53504160,1754.54
13.05575782,47.53503464,1753.96
13.05578677,47.53501372,1753.45
13.05585903,47.53500333,1751.25
13.05585832,47.53497246,1750.13
13.05592791,47.53493008,1749.58
13.05597048,47.53488221,1733.90
13.05600255,47.53483768,1732.58
13.05600840,47.53486981,1732.64
13.05604596,47.53491058,1732.22
13.05602509,47.53498284,1734.18
13.05600389,47.53500984,1731.28
13.05598311,47.53501857,1730.34
13.05597016,47.53497696,1714.96
13.05601354,47.53496798,1713.54
13.05603406,47.53495924,1709.13
13.05612391,47.53494070,1707.32
</coordinates></LineString>
<LineString><altitudeMode>absolute</altitudeMode><coordinates>
13.05612391,47.53494070,1707.32
13.05617410,47.53498123,1706.58
13.05620991,47.53500820,1705.34
13.05620957,47.53501738,1705.19
13.05619851,47.53498929,1702.60
13.05619128,47.53499088,1698.56
13.05622469,47.53499289,1692.19
13.05630686,47.53502379,1691.41
13.05632441,47.53503066,1691.02
13.05628649,47.53503200,1691.29
13.05631451,47.53505038,1690.23
13.05634463,47.53509840,1690.23
13.05636014,47.53511729,1688.24
13.05633512,47.53512910,1686.16
13.05638501,47.53513823,1682.50
13.05641119,47.53513444,1682.56
13.05644511,47.53514780,1682.14
13.05647099,47.53516659,1681.36
13.05649691,47.53515569,1680.28
13.05649691,47.53515569,1675.41
13.05653053,47.53512324,1675.34
13.05652335,47.53509810,1674.37
13.05653372,47.53506210,1673.92
13.05654776,47.53503463,1669.76
13.05657524,47.53503527,1670.66
13.05658408,47.53501887,1670.81
13.05659742,47.53501018,1670.83
13.05660527,47.53499925,1660.12
13.05661644,47.53497739,1660.20
13.05664221,47.53498485,1659.25
13.05665181,47.53498042,1654.23
13.05667881,47.53497233,1654.91
13.05670968,47.53499643,1652.81
13.05674795,47.53498205,1653.17
13.05674983,47.53498505,1649.37
13.05680644,47.53494543,1648.00
13.05683047,47.53493855,1647.72
13.05683884,47.53497117,1647.72
13.05686096,47.53494428,1646.43
13.05684505,47.53493232,1644.80
13.05684340,47.53491951,1643.54
13.05687523,47.53492491,1642.78
13.05689428,47.53491992,1641.97
13.05691346,47.53493302,1641.31
13.05693021,47.53492206,1640.65
13.05697579,47.53493993,1638.78
13.05703333,47.53494684,1625.91
13.05704605,47.53496929,1627.12
</coordinates></LineString>
<LineString><altitudeMode>absolute</altitudeMode><coordinates>
13.04963336,47.53326663,1932.00
13.04967746,47.53326342,1922.83
13.04968264,47.53327053,1921.16
13.04968264,47.53327053,1914.92
13.04972860,47.53327095,1909.98
13.04973959,47.53327204,1897.96
13.04973903,47.53325475,1897.41
13.04973487,47.53323786,1895.81
13.04974687,47.53322969,1894.57
13.04975072,47.53321905,1893.62
13.04976256,47.53321871,1891.43
13.04977981,47.53321927,1889.17
13.04978593,47.53321902,1885.84
13.04977398,47.53322232,1883.91
13.04978081,47.53322460,1877.35
13.04980573,47.53322241,1872.88
13.04982081,47.53321718,1870.91
13.04982081,47.53321718,1866.22
13.04982211,47.53319993,1866.73
13.04985174,47.53321438,1865.27
13.04987159,47.53322003,1863.66
13.04987521,47.53323718,1863.49
13.04988145,47.53324080,1859.99
13.04988145,47.53324080,1857.61
13.04988006,47.53326048,1857.92
13.04988006,47.53326048,1846.52
13.04990732,47.53325258,1846.52
13.04990855,47.53325890,1839.73
</coordinates></LineString>
<LineString><altitudeMode>absolute</altitudeMode><coordinates>
13.04990855,47.53325890,1839.73
13.04990855,47.53325890,1839.73
13.04991317,47.53325970,1838.49
13.04990851,47.53325989,1818.44
13.04986806,47.53328313,1817.22
13.04990325,47.53331937,1807.34
13.04994290,47.53332499,1806.80
13.04996801,47.53334296,1806.36
13.04999609,47.53335991,1803.23
13.05003031,47.53336139,1794.21
13.05005996,47.53335362,1784.58
13.05007182,47.53335643,1776.87
13.05009620,47.53334037,1777.37
13.05011187,47.53336917,1780.66
</coordinates></LineString>
<LineString><altitudeMode>absolute</altitudeMode><coordinates>
13.05316668,47.52945001,2012.00
13.05318000,47.52946337,2010.51
13.05317326,47.52945525,2009.38
13.05317180,47.52946602,2006.58
13.05314576,47.52944794,2003.65
13.05313613,47.52943536,2002.15
13.05310712,47.52942947,1999.58
13.05311673,47.52940669,1998.31
13.05308710,47.52942121,1996.68
13.05307389,47.52941919,1993.61
13.05306972,47.52942425,1992.36
13.05309642,47.52940985,1991.57
13.05307157,47.52944236,1986.97
13.05310702,47.52944648,1985.46
13.05311974,47.52942249,1982.75
13.05311055,47.52943727,1980.47
13.05311320,47.52941599,1978.06
13.05311642,47.52940434,1975.81
13.05311141,47.52941056,1976.19
</coordinates></LineString>
<LineString><altitudeMode>absolute</altitudeMode><coordinates>
13.05311141,47.52941056,1976.19
13.05311153,47.52939661,1974.92
13.05313126,47.52936959,1967.69
</coordinates></LineString>
<LineString><altitudeMode>absolute</altitudeMode><coordinates>
13.05313126,47.52936959,1967.69
13.05309107,47.52936423,1965.84
13.05308128,47.52935938,1963.35
13.05305140,47.52934466,1962.27
13.05304313,47.52933489,1962.40
13.05303669,47.52932236,1961.16
13.05300568,47.52932013,1958.19
13.05300630,47.52932140,1959.85
13.05300524,47.52931058,1956.81
13.05301745,47.52928568,1954.70
13.05301827,47.52926725,1953.33
13.05301392,47.52925908,1952.25
13.05305812,47.52923868,1946.84
13.05305812,47.52923868,1946.84
13.05303907,47.52922918,1946.70
13.05302385,47.52921695,1945.85
</coordinates></LineString>
<LineString><altitudeMode>absolute</altitudeMode><coordinates>
13.05302385,47.52921695,1945.85
13.05304106,47.52919709,1945.22
13.05300173,47.52918643,1941.31
13.05300527,47.52916256,1939.59
13.05303427,47.52915063,1941.97
13.05304589,47.52912743,1941.38
13.05309460,47.52912520,1938.12
13.05312125,47.52910883,1938.84
13.05312630,47.52910522,1932.98
13.05314573,47.52908999,1932.60
13.05316274,47.52908641,1932.66
13.05316708,47.52909818,1933.05
13.05319824,47.52907846,1930.87
13.05324268,47.52908749,1930.03
13.05322182,47.52907661,1913.22
13.05321474,47.52905265,1915.64
</coordinates></LineString>
<LineString><altitudeMode>absolute</altitudeMode><coordinates>
13.05321474,47.52905265,1915.64
13.05319500,47.52904034,1909.11
13.05318328,47.52902305,1902.90
13.05314475,47.52902311,1897.63
13.05312436,47.52901053,1896.10
13.05310782,47.52901952,1892.79
13.05308992,47.52902929,1891.95
13.05306800,47.52903648,1893.03
13.05305433,47.52904317,1890.03
13.05300396,47.52906517,1884.11
13.05300937,47.52907696,1880.37
13.05299920,47.52909326,1880.81
13.05300419,47.52911287,1879.19
13.05299282,47.52911483,1876.72
13.05299624,47.52909771,1866.55
13.05297181,47.52905419,1849.39
13.05301350,47.52903006,1848.40
13.05303227,47.52903983,1840.73
13.05306582,47.52902717,1828.41
13.05302885,47.52902438,1822.14
13.05306476,47.52901977,1813.45
13.05313236,47.52904927,1802.20
</coordinates></LineString>
<LineString><altitudeMode>absolute</altitudeMode><coordinates>
13.05313236,47.52904927,1802.20
13.05318166,47.52901663,1779.46
13.05320391,47.52899685,1766.26
</coordinates></LineString>
<LineString><altitudeMode>absolute</altitudeMode><coordinates>
13.05423332,47.52735170,2058.00
13.05422710,47.52737967,2055.30
13.05422488,47.52737162,2034.58
13.05424296,47.52737832,2032.51
13.05429083,47.52738813,2027.87
13.05439034,47.52738082,2022.41
13.05447243,47.52735593,2023.37
13.05446196,47.52735180,2025.58
13.05447126,47.52736617,2031.65
13.05449705,47.52737642,2032.59
13.05453775,47.52736073,2032.43
13.05457589,47.52734977,2025.74
13.05463610,47.52731318,2019.20
13.05472670,47.52738149,2017.92
13.05475760,47.52739389,2017.39
13.05475141,47.52740674,2016.51
13.05475463,47.52742029,2016.33
</coordinates></LineString>
<LineString><altitudeMode>absolute</altitudeMode><coordinates>
13.04198998,47.52847302,2089.40
13.04200060,47.52854114,2084.11
13.04197139,47.52852625,2083.59
13.04194901,47.52848519,2082.99
13.04200955,47.52844330,2079.40
13.04212069,47.52839148,2055.36
13.04206025,47.52839846,2055.40
13.04204060,47.52840172,2057.35
</coordinates></LineString>
<LineString><altitudeMode>absolute</altitudeMode><coordinates>
13.04747658,47.51782252,2132.00
13.04746350,47.51782419,2131.54
13.04745374,47.51783671,2131.36
13.04743229,47.51784912,2131.26
13.04743274,47.51786227,2130.32
13.04739152,47.51787047,2124.67
13.04737639,47.51785942,2117.66
13.04736390,47.51786298,2112.18
13.04735258,47.51786738,2103.61
13.04737867,47.51788015,2103.40
13.04738656,47.51788245,2099.90
13.04738539,47.51788171,2097.59
13.04737871,47.51788267,2079.10
13.04742304,47.51791240,2078.09
13.04740129,47.51793282,2074.28
13.04737534,47.51796630,2070.09
13.04738361,47.51803708,2064.04
13.04735423,47.51804846,2062.75
13.04734712,47.51806471,2061.10
13.04730886,47.51810761,2057.81
13.04720098,47.51816192,2054.93
13.04712452,47.51822856,2052.80
13.04708510,47.51827423,2051.84
13.04708955,47.51827952,2053.63
13.04703192,47.51832911,2057.89
</coordinates></LineString>
<LineString><altitudeMode>absolute</altitudeMode><coordinates>
13.04805590,47.52010898,2134.00
13.04805402,47.52011660,2132.63
13.04804918,47.52012542,2131.09
13.04802352,47.52013308,2129.94
13.04798996,47.52016041,2129.11
13.04801579,47.52017686,2127.99
13.04805023,47.52020796,2126.80
13.04798379,47.52020520,2125.86
13.04791475,47.52022922,2121.82
13.04787751,47.52024488,2120.58
13.04782130,47.52018084,2118.89
13.04781559,47.52017013,2118.99
13.04774035,47.52019296,2116.72
13.04768679,47.52021158,2116.49
13.04773615,47.52024535,2116.89
13.04764553,47.52029258,2113.59
13.04763566,47.52028998,2103.93
13.04759405,47.52028378,2098.70
13.04761306,47.52025468,2093.91
13.04758626,47.52023596,2093.02
13.04751742,47.52024045,2092.53
13.04750353,47.52023887,2089.01
13.04747756,47.52025507,2090.21
13.04749995,47.52031385,2089.72
13.04747287,47.52035973,2086.93
13.04741375,47.52038158,2088.76
13.04737374,47.52032133,2088.14
13.04731774,47.52036276,2086.56
13.04724757,47.52036364,2085.95
13.04719638,47.52034342,2086.48
13.04715833,47.52037381,2086.31
13.04711802,47.52037169,2087.89
13.04706832,47.52040809,2089.62
13.04702197,47.52036114,2089.29
13.04700627,47.52041918,2084.59
</coordinates></LineString>
<LineString><altitudeMode>absolute</altitudeMode><coordinates>
13.08096673,47.49613337,1710.00
13.08097162,47.49627985,1706.83
13.08104109,47.49624268,1703.86
13.08105006,47.49625507,1701.40
</coordinates></LineString>
<LineString><altitudeMode>absolute</altitudeMode><coordinates>
13.08104109,47.49624268,1703.86
13.08100510,47.49623542,1700.37
13.08103876,47.49625182,1695.36
13.08123533,47.49637047,1691.51
13.08132112,47.49651210,1697.04
13.08111253,47.49645012,1695.84
13.08102479,47.49648213,1691.85
13.08101116,47.49656118,1676.52
13.08095895,47.49666009,1663.09
13.08105025,47.49680380,1653.84
13.08115047,47.49692470,1659.45
13.08116074,47.49709828,1664.62
13.08108090,47.49721590,1650.73
13.08104014,47.49731429,1643.07
13.08107376,47.49746998,1633.37
13.08130680,47.49754254,1627.83
13.08153604,47.49756636,1615.14
13.08174840,47.49749207,1604.32
13.08181431,47.49750541,1600.41
13.08200156,47.49745339,1587.16
13.08219922,47.49737814,1578.83
13.08240106,47.49731925,1579.99
13.08257884,47.49724303,1567.61
13.08268884,47.49719025,1568.50
13.08293999,47.49727958,1572.27
13.08302395,47.49734424,1568.20
13.08306110,47.49732291,1567.22
13.08316410,47.49736773,1560.52
13.08323952,47.49739680,1557.75
13.08330227,47.49746407,1554.87
13.08331966,47.49762103,1544.77
13.08329387,47.49770563,1542.02
13.08330540,47.49784116,1540.16
13.08315093,47.49796294,1538.92
13.08299990,47.49815784,1540.20
13.08283040,47.49823626,1539.12
13.08269914,47.49839882,1536.22
13.08257736,47.49855615,1537.60
13.08239076,47.49868845,1534.38
13.08224490,47.49878499,1535.45
</coordinates></LineString>
<LineString><altitudeMode>absolute</altitudeMode><coordinates>
13.08239076,47.49868845,1534.38
13.08223119,47.49875687,1538.46
13.08231678,47.49895528,1546.37
13.08208729,47.49912394,1549.50
13.08208445,47.49927857,1554.11
13.08217193,47.49938856,1551.16
13.08221336,47.49946871,1546.55
13.08209152,47.49955818,1541.63
13.08208658,47.49960993,1541.02
13.08187116,47.49970963,1537.91
13.08195177,47.49974202,1539.28
13.08201106,47.49992604,1534.83
13.08200132,47.50014985,1534.40
13.08183407,47.50018088,1540.22
13.08177055,47.50021491,1543.46
13.08182421,47.50041495,1543.46
13.08201074,47.50053991,1539.26
13.08197069,47.50069887,1529.32
13.08185666,47.50069795,1530.68
13.08175325,47.50072249,1524.68
13.08174380,47.50075977,1523.07
13.08180705,47.50086422,1524.17
13.08196412,47.50098113,1514.83
13.08218727,47.50113603,1519.94
13.08240380,47.50120660,1519.94
13.08258428,47.50134100,1519.94
13.08264179,47.50144625,1521.69
13.08283269,47.50154618,1529.79
13.08293016,47.50159721,1524.86
13.08308123,47.50160199,1524.46
13.08309765,47.50165805,1523.68
13.08326018,47.50166905,1527.21
13.08336248,47.50174787,1526.39
13.08343840,47.50189465,1520.10
13.08351463,47.50193453,1516.72
13.08360116,47.50180082,1518.14
13.08371459,47.50189135,1518.37
13.08383954,47.50186968,1520.26
13.08392774,47.50191264,1519.69
13.08408153,47.50205441,1515.53
13.08427220,47.50210583,1516.61
13.08420972,47.50222437,1523.74
13.08438490,47.50230046,1524.56
13.08427095,47.50245405,1531.14
13.08410004,47.50257105,1539.67
13.08430847,47.50262726,1540.26
13.08450272,47.50274452,1545.15
13.08463554,47.50280226,1545.56
13.08473197,47.50278317,1537.17
13.08497794,47.50276767,1532.87
13.08510239,47.50271225,1534.25
13.08507976,47.50260785,1535.48
13.08518397,47.50257593,1537.31
13.08528992,47.50256546,1534.05
13.08528391,47.50238747,1530.56
13.08531019,47.50229297,1524.88
13.08540012,47.50218613,1516.00
13.08553822,47.50210952,1505.12
13.08571967,47.50206405,1502.02
13.08573037,47.50224465,1502.02
13.08572027,47.50235057,1502.22
13.08594263,47.50245102,1503.98
13.08600135,47.50250140,1503.61
13.08611004,47.50270046,1503.20
13.08623829,47.50269387,1493.51
13.08643062,47.50263778,1482.05
13.08640072,47.50271512,1478.99
13.08643617,47.50282495,1478.99
13.08646997,47.50295086,1480.48
13.08656434,47.50312368,1479.77
13.08677389,47.50323336,1476.61
13.08698303,47.50334681,1475.55
13.08710619,47.50348402,1474.30
13.08740950,47.50339964,1481.39
13.08758284,47.50351177,1485.89
13.08791308,47.50362922,1485.40
13.08808445,47.50344833,1485.81
13.08822454,47.50352166,1487.92
13.08807803,47.50351526,1493.32
13.08798561,47.50358085,1493.84
13.08796973,47.50374750,1491.57
13.08815024,47.50388180,1491.21
13.08836105,47.50404441,1487.83
13.08811852,47.50411523,1484.32
13.08786588,47.50417193,1481.86
13.08772415,47.50419467,1481.09
13.08764137,47.50427275,1480.53
13.08752183,47.50428452,1479.58
13.08759975,47.50441324,1476.85
13.08741718,47.50450756,1477.15
13.08735988,47.50463717,1473.40
13.08740394,47.50464897,1472.45
13.08746666,47.50468070,1472.45
13.08754436,47.50474976,1475.58
13.08775299,47.50486293,1477.34
13.08789758,47.50500643,1482.52
13.08808824,47.50513892,1487.65
13.08821006,47.50504620,1493.79
13.08830432,47.50491909,1501.85
13.08844685,47.50489978,1505.20
13.08854117,47.50473066,1503.08
13.08861557,47.50457236,1504.05
13.08892639,47.50466914,1506.76
13.08919138,47.50469660,1507.11
13.08936279,47.50474507,1506.62
13.08960303,47.50473000,1499.28
13.08970016,47.50472496,1495.86
13.08996198,47.50475209,1492.70
13.09020178,47.50477111,1493.33
13.09032690,47.50476330,1494.16
13.09046828,47.50478653,1491.83
13.09046762,47.50470571,1494.41
13.09057514,47.50466305,1493.92
13.09077086,47.50475153,1486.03
13.09079176,47.50479408,1484.22
13.09087403,47.50490208,1469.20
13.09089452,47.50493751,1466.01
13.09085955,47.50509260,1461.99
13.09101615,47.50519051,1449.89
13.09115293,47.50524551,1447.34
13.09136557,47.50524473,1443.35
13.09139188,47.50534308,1439.09
13.09159661,47.50540677,1434.22
13.09144690,47.50549597,1429.63
13.09127325,47.50555670,1419.71
13.09123335,47.50573403,1410.41
13.09131302,47.50588814,1401.55
13.09140775,47.50603712,1397.39
13.09164140,47.50606125,1397.39
13.09184712,47.50595112,1399.82
13.09191761,47.50594068,1400.68
13.09211989,47.50591075,1400.68
13.09218791,47.50601267,1401.98
13.09239757,47.50607204,1396.42
13.09260892,47.50601904,1394.34
13.09289644,47.50607737,1396.32
13.09307592,47.50618195,1387.24
13.09311630,47.50622194,1376.18
13.09325940,47.50625294,1379.86
13.09344169,47.50614430,1367.99
13.09353208,47.50601703,1355.27
13.09347800,47.50597393,1351.19
13.09361207,47.50584739,1361.59
13.09366218,47.50579829,1362.53
13.09385210,47.50571371,1357.29
13.09393169,47.50566104,1353.02
13.09417711,47.50564263,1346.25
13.09430710,47.50548165,1346.25
13.09438822,47.50540516,1344.59
13.09464775,47.50544799,1346.35
13.09475944,47.50547360,1346.98
13.09491803,47.50550575,1349.85
13.09497782,47.50552699,1353.03
13.09523344,47.50557893,1358.42
13.09544590,47.50551686,1356.89
13.09550847,47.50536583,1353.82
13.09553146,47.50531042,1352.69
13.09553552,47.50521645,1345.64
13.09561973,47.50514254,1348.62
13.09572128,47.50520604,1345.04
13.09573368,47.50519005,1339.81
13.09584768,47.50526915,1321.57
13.09597310,47.50540351,1311.78
13.09600020,47.50526745,1314.47
13.09617545,47.50530528,1309.70
13.09639117,47.50541018,1306.89
13.09650958,47.50554740,1304.72
13.09656174,47.50557013,1302.44
13.09670390,47.50558311,1306.38
13.09666212,47.50564774,1306.10
13.09674584,47.50571959,1309.41
13.09684738,47.50587911,1315.31
13.09692992,47.50589910,1322.15
13.09712213,47.50593811,1325.09
13.09728430,47.50587133,1324.59
13.09745145,47.50585071,1326.16
13.09758096,47.50570268,1320.31
13.09778774,47.50560704,1313.07
13.09803950,47.50556352,1308.91
13.09819161,47.50570903,1312.77
13.09831212,47.50582864,1313.33
13.09853354,47.50575762,1321.55
13.09856061,47.50571767,1321.97
13.09868086,47.50565335,1308.69
13.09870586,47.50571504,1307.94
13.09877475,47.50569387,1305.04
13.09887320,47.50561901,1310.24
13.09894524,47.50558043,1311.33
13.09916660,47.50549268,1317.24
13.09921450,47.50533555,1326.72
13.09942853,47.50526694,1336.20
13.09957152,47.50527147,1341.70
13.09976540,47.50520926,1350.29
13.09997315,47.50529963,1358.18
13.10010899,47.50545080,1362.72
13.10025109,47.50554269,1363.24
13.10049220,47.50562129,1361.83
13.10070688,47.50572967,1360.78
13.10095885,47.50579072,1359.37
13.10103659,47.50587389,1357.24
13.10104676,47.50599329,1357.70
13.10106748,47.50606319,1363.46
13.10113473,47.50607267,1363.92
13.10118333,47.50606547,1368.08
13.10136820,47.50597675,1374.97
13.10147732,47.50608113,1371.69
13.10138214,47.50616477,1365.44
13.10140482,47.50623534,1361.17
13.10151465,47.50630896,1362.39
13.10155418,47.50631745,1364.19
13.10163257,47.50627978,1368.04
13.10175845,47.50630211,1369.42
13.10190512,47.50627494,1357.97
13.10214902,47.50621374,1357.28
13.10223595,47.50624460,1363.71
13.10233807,47.50621902,1363.71
13.10241068,47.50618666,1368.65
13.10251310,47.50624838,1374.14
13.10250596,47.50628452,1379.72
13.10252415,47.50631776,1383.27
13.10262115,47.50644498,1395.70
13.10271022,47.50644259,1398.56
13.10292667,47.50640235,1406.08
13.10311925,47.50633202,1408.10
13.10320294,47.50624999,1420.86
13.10327565,47.50624453,1427.66
13.10339659,47.50639671,1433.90
13.10346701,47.50645484,1429.82
13.10354319,47.50655931,1426.83
13.10344118,47.50665930,1415.09
13.10343882,47.50671371,1413.00
13.10358982,47.50678720,1418.38
13.10369548,47.50689189,1419.61
13.10371399,47.50691262,1424.29
13.10388091,47.50704577,1429.86
13.10389753,47.50708195,1430.75
13.10406064,47.50719911,1439.88
13.10409075,47.50723695,1443.34
13.10418024,47.50732247,1455.85
13.10420631,47.50736547,1462.22
13.10427488,47.50747863,1466.64
</coordinates></LineString>
<LineString><altitudeMode>absolute</altitudeMode><coordinates>
13.06436673,47.53001669,2025.00
13.06428204,47.53005782,2019.30
13.06421386,47.53004416,2018.01
13.06418902,47.53005472,2016.46
13.06418674,47.53005531,2012.47
13.06416450,47.53007113,2013.65
13.06412542,47.53007182,2005.04
13.06413372,47.53002319,2003.74
13.06417654,47.53001834,2002.50
13.06415259,47.52997249,2003.98
13.06420418,47.52994979,2005.24
13.06420255,47.52994697,2003.48
13.06428479,47.52996158,2003.28
13.06428479,47.52996158,1998.88
13.06421279,47.52996136,1997.11
13.06419918,47.52996635,1990.42
13.06417730,47.52997966,1984.84
13.06415476,47.52995687,1985.37
13.06421556,47.52992208,1985.65
</coordinates></LineString>
<LineString><altitudeMode>absolute</altitudeMode><coordinates>
13.06428479,47.52996158,1998.88
13.06434412,47.52996304,1999.37
13.06437831,47.52997279,1999.15
13.06438993,47.52996750,1998.84
13.06445274,47.52995389,1998.22
13.06452239,47.52996398,1997.54
13.06455019,47.52995950,1998.35
13.06456183,47.52996077,1997.40
13.06456477,47.52994948,1996.44
13.06458243,47.52994249,1995.50
13.06460530,47.52994936,1992.20
13.06460530,47.52994936,1969.00
13.06460530,47.52994936,1956.80
</coordinates></LineString>
<LineString><altitudeMode>absolute</altitudeMode><coordinates>
13.06460530,47.52994936,1969.00
13.06457466,47.52994794,1961.87
13.06451547,47.52997133,1934.86
</coordinates></LineString>
<LineString><altitudeMode>absolute</altitudeMode><coordinates>
13.06451547,47.52997133,1934.86
13.06451286,47.53000980,1933.51
13.06448870,47.53001290,1932.98
13.06449883,47.53001928,1933.16
13.06449212,47.53003536,1932.98
13.06447024,47.53003427,1932.23
13.06446290,47.53004612,1931.96
13.06449363,47.53005950,1931.52
13.06449145,47.53006100,1931.80
13.06445470,47.53007747,1931.24
13.06445959,47.53008196,1931.10
13.06441219,47.53009556,1929.85
13.06436731,47.53013089,1928.12
13.06433955,47.53013060,1927.92
13.06430799,47.53012521,1927.15
13.06426679,47.53011848,1926.48
13.06424520,47.53012019,1925.09
13.06421547,47.53011951,1923.90
13.06420116,47.53012907,1923.58
13.06419192,47.53012037,1923.44
13.06417683,47.53012605,1923.01
13.06417547,47.53011604,1922.20
13.06419306,47.53011112,1915.39
13.06422488,47.53011651,1915.74
13.06419162,47.53015015,1911.31
13.06421800,47.53016616,1909.38
13.06421933,47.53015880,1906.10
</coordinates></LineString>
<LineString><altitudeMode>absolute</altitudeMode><coordinates>
13.06421933,47.53015880,1906.10
13.06423445,47.53017769,1899.93
</coordinates></LineString>
<LineString><altitudeMode>absolute</altitudeMode><coordinates>
13.06423445,47.53017769,1899.93
13.06424762,47.53018088,1899.46
</coordinates></LineString>
<LineString><altitudeMode>absolute</altitudeMode><coordinates>
13.06424762,47.53018088,1899.46
13.06425162,47.53018769,1899.02
</coordinates></LineString>
<LineString><altitudeMode>absolute</altitudeMode><coordinates>
13.06425162,47.53018769,1899.02
13.06425988,47.53019062,1899.30
</coordinates></LineString>
<LineString><altitudeMode>absolute</altitudeMode><coordinates>
13.06425988,47.53019062,1899.30
13.06426454,47.53019772,1899.41
</coordinates></LineString>
<LineString><altitudeMode>absolute</altitudeMode><coordinates>
13.06426454,47.53019772,1899.41
13.06425962,47.53020124,1899.20
</coordinates></LineString>
<LineString><altitudeMode>absolute</altitudeMode><coordinates>
13.06425962,47.53020124,1899.20
13.06425316,47.53020725,1899.02
</coordinates></LineString>
<LineString><altitudeMode>absolute</altitudeMode><coordinates>
13.06425316,47.53020725,1899.02
13.06424516,47.53022601,1898.70
</coordinates></LineString>
<LineString><altitudeMode>absolute</altitudeMode><coordinates>
13.06424516,47.53022601,1898.70
13.06425096,47.53023096,1898.80
</coordinates></LineString>
<LineString><altitudeMode>absolute</altitudeMode><coordinates>
13.06425096,47.53023096,1898.80
13.06427120,47.53024417,1898.40
</coordinates></LineString>
<LineString><altitudeMode>absolute</altitudeMode><coordinates>
13.06427120,47.53024417,1898.40
13.06431237,47.53025171,1898.81
</coordinates></LineString>
<LineString><altitudeMode>absolute</altitudeMode><coordinates>
13.06431237,47.53025171,1898.81
13.06432656,47.53025249,1898.62
</coordinates></LineString>
<LineString><altitudeMode>absolute</altitudeMode><coordinates>
13.06432656,47.53025249,1898.62
13.06434111,47.53025066,1898.31
</coordinates></LineString>
<LineString><altitudeMode>absolute</altitudeMode><coordinates>
13.06434111,47.53025066,1898.31
13.06435616,47.53026037,1896.76
</coordinates></LineString>
<LineString><altitudeMode>absolute</altitudeMode><coordinates>
13.06435616,47.53026037,1896.76
13.06436593,47.53023695,1895.81
</coordinates></LineString>
<LineString><altitudeMode>absolute</altitudeMode><coordinates>
13.06436593,47.53023695,1895.81
13.06433595,47.53021404,1894.10
</coordinates></LineString>
<LineString><altitudeMode>absolute</altitudeMode><coordinates>
13.06435616,47.53026037,1896.76
13.06437820,47.53026812,1896.35
</coordinates></LineString>
<LineString><altitudeMode>absolute</altitudeMode><coordinates>
13.06437820,47.53026812,1896.35
13.06437570,47.53027815,1896.19
</coordinates></LineString>
<LineString><altitudeMode>absolute</altitudeMode><coordinates>
13.06437570,47.53027815,1896.19
13.06436129,47.53028358,1896.45
</coordinates></LineString>
<LineString><altitudeMode>absolute</altitudeMode><coordinates>
13.06436129,47.53028358,1896.45
13.06435550,47.53028915,1896.32
</coordinates></LineString>
<LineString><altitudeMode>absolute</altitudeMode><coordinates>
13.06435550,47.53028915,1896.32
13.06435274,47.53029558,1896.06
</coordinates></LineString>
<LineString><altitudeMode>absolute</altitudeMode><coordinates>
13.06435274,47.53029558,1896.06
13.06434089,47.53029619,1895.99
</coordinates></LineString>
<LineString><altitudeMode>absolute</altitudeMode><coordinates>
13.03806665,47.53930002,1977.30
13.03806185,47.53927195,1977.05
13.03806751,47.53920573,1966.90
13.03806751,47.53920573,1946.90
13.03803681,47.53919882,1931.54
13.03803681,47.53919882,1911.41
13.03803873,47.53919354,1911.41
13.03803873,47.53919354,1891.41
13.03805181,47.53919565,1891.41
13.03802631,47.53919162,1887.55
13.03800963,47.53913653,1886.76
13.03804705,47.53910955,1884.83
13.03804705,47.53910955,1848.63
13.03806137,47.53910673,1848.63
13.03806137,47.53910673,1832.23
13.03811671,47.53912289,1831.94
13.03815631,47.53912303,1827.08
</coordinates></LineString>
<LineString><altitudeMode>absolute</altitudeMode><coordinates>
13.03815631,47.53912303,1827.08
13.03815937,47.53912290,1825.60
13.03815937,47.53912290,1803.60
13.03818357,47.53914743,1800.43
13.03813264,47.53914116,1796.40
13.03813264,47.53914116,1782.23
13.03812532,47.53913797,1780.21
13.03813044,47.53911107,1778.02
</coordinates></LineString>
<LineString><altitudeMode>absolute</altitudeMode><coordinates>
13.03812532,47.53913797,1780.21
13.03812066,47.53916678,1779.04
13.03809678,47.53915485,1779.04
13.03806918,47.53913593,1779.04
13.03806918,47.53913593,1777.81
13.03806178,47.53910647,1777.10
13.03806178,47.53910647,1768.90
13.03809531,47.53908761,1765.94
13.03809531,47.53908761,1753.56
13.03817402,47.53906853,1752.11
13.03818690,47.53904742,1751.75
13.03821579,47.53906034,1747.59
13.03823019,47.53906958,1743.68
13.03824272,47.53906152,1743.68
</coordinates></LineString>
<LineString><altitudeMode>absolute</altitudeMode><coordinates>
13.03824272,47.53906152,1743.68
13.03825041,47.53908684,1743.22
13.03823089,47.53911135,1744.23
13.03824160,47.53914122,1745.97
13.03831334,47.53923792,1745.02
13.03830671,47.53921630,1745.10
13.03832337,47.53922901,1744.42
13.03841154,47.53922728,1731.39
13.03842548,47.53920970,1731.46
13.03840550,47.53918272,1729.41
13.03843033,47.53917613,1729.73
13.03844117,47.53918810,1730.38
13.03848418,47.53918218,1728.70
13.03852937,47.53917854,1720.41
13.03855880,47.53920532,1718.88
13.03855867,47.53921936,1718.23
13.03854275,47.53923303,1717.70
13.03859914,47.53923525,1718.17
13.03860560,47.53922601,1718.35
</coordinates></LineString>
<LineString><altitudeMode>absolute</altitudeMode><coordinates>
13.03860560,47.53922601,1718.35
13.03859278,47.53921697,1718.25
13.03865950,47.53920245,1712.40
13.03866992,47.53921163,1712.81
13.03869606,47.53920920,1698.65
13.03869358,47.53921851,1688.63
13.03869871,47.53933045,1691.73
13.03870504,47.53933533,1687.61
13.03870245,47.53935121,1686.02
13.03870245,47.53935121,1667.82
13.03878518,47.53936333,1667.82
13.03876664,47.53938677,1667.56
13.03882334,47.53936993,1668.05
13.03883368,47.53936362,1667.71
13.03885063,47.53935096,1665.44
13.03890415,47.53933028,1655.94
13.03892724,47.53937386,1656.30
13.03893091,47.53938598,1636.65
13.03893091,47.53938598,1620.91
</coordinates></LineString>
<LineString><altitudeMode>absolute</altitudeMode><coordinates>
13.03893091,47.53938598,1620.91
13.03893990,47.53933035,1619.58
13.03893902,47.53931117,1618.89
13.03900359,47.53929373,1615.36
13.03904538,47.53921706,1609.69
13.03910885,47.53918620,1607.31
13.03910885,47.53918620,1596.38
13.03918918,47.53918452,1594.18
13.03920256,47.53916774,1593.49
13.03933118,47.53917876,1576.58
13.03940284,47.53911718,1571.95
13.03944201,47.53912153,1570.22
13.03949198,47.53907866,1568.93
13.03950686,47.53908251,1568.76
13.03955038,47.53906283,1568.21
13.03964486,47.53900569,1566.87
13.03964417,47.53899928,1565.53
</coordinates></LineString>
<LineString><altitudeMode>absolute</altitudeMode><coordinates>
13.03964417,47.53899928,1565.53
13.03971418,47.53893929,1565.53
13.03976055,47.53889320,1565.53
13.03976055,47.53889320,1560.83
13.03980635,47.53883019,1560.83
13.03980635,47.53883019,1555.53
13.03981826,47.53877460,1555.53
13.03981826,47.53877460,1535.83
13.03988365,47.53876699,1535.83
13.03988365,47.53876699,1534.43
13.03987960,47.53867613,1534.43
13.03987756,47.53863101,1535.31
13.03988528,47.53860208,1531.14
13.03991302,47.53852805,1531.14
13.03992312,47.53852471,1525.20
</coordinates></LineString>
<LineString><altitudeMode>absolute</altitudeMode><coordinates>
13.04716671,47.52805552,2015.00
13.04710592,47.52802893,2006.55
13.04708304,47.52806562,2004.46
13.04710350,47.52808000,2002.56
13.04707584,47.52808763,2000.74
13.04706843,47.52810829,1999.47
</coordinates></LineString>
<LineString><altitudeMode>absolute</altitudeMode><coordinates>
13.04674997,47.52808334,2022.00
13.04673526,47.52806815,2006.24
13.04673615,47.52804423,2006.61
13.04673514,47.52804646,2004.63
</coordinates></LineString>
<LineString><altitudeMode>absolute</altitudeMode><coordinates>
13.05899938,47.53260926,1929.17
13.05899718,47.53256810,1928.10
13.05900646,47.53255431,1928.97
13.05902392,47.53255280,1934.43
</coordinates></LineString>
<LineString><altitudeMode>absolute</altitudeMode><coordinates>
13.05859040,47.53263841,1892.29
13.05859040,47.53263841,1892.29
</coordinates></LineString>
<LineString><altitudeMode>absolute</altitudeMode><coordinates>
13.05859040,47.53263841,1892.29
13.05858816,47.53268472,1888.16
</coordinates></LineString>
<LineString><altitudeMode>absolute</altitudeMode><coordinates>
13.05855896,47.53232402,1752.40
13.05855701,47.53233370,1752.41
13.05854491,47.53236985,1738.40
13.05860055,47.53240679,1735.44
</coordinates></LineString>
<LineString><altitudeMode>absolute</altitudeMode><coordinates>
13.05860055,47.53240679,1735.44
13.05860776,47.53242374,1733.19
</coordinates></LineString>
<LineString><altitudeMode>absolute</altitudeMode><coordinates>
13.05860776,47.53242374,1733.19
13.05865269,47.53240533,1727.74
</coordinates></LineString>
<LineString><altitudeMode>absolute</altitudeMode><coordinates>
13.05865269,47.53240533,1727.74
13.05867701,47.53235472,1729.12
</coordinates></LineString>
<LineString><altitudeMode>absolute</altitudeMode><coordinates>
13.05867701,47.53235472,1729.12
13.05874721,47.53236437,1727.27
</coordinates></LineString>
<LineString><altitudeMode>absolute</altitudeMode><coordinates>
13.05874721,47.53236437,1727.27
13.05874294,47.53238265,1726.88
</coordinates></LineString>
<LineString><altitudeMode>absolute</altitudeMode><coordinates>
13.05874294,47.53238265,1726.88
13.05876583,47.53239267,1724.72
</coordinates></LineString>
<LineString><altitudeMode>absolute</altitudeMode><coordinates>
13.05876583,47.53239267,1724.72
13.05876939,47.53240767,1724.66
</coordinates></LineString>
<LineString><altitudeMode>absolute</altitudeMode><coordinates>
13.05876939,47.53240767,1724.66
13.05877092,47.53242389,1725.57
</coordinates></LineString>
<LineString><altitudeMode>absolute</altitudeMode><coordinates>
13.05877092,47.53242389,1725.57
13.05878239,47.53242615,1725.47
</coordinates></LineString>
<LineString><altitudeMode>absolute</altitudeMode><coordinates>
13.05878239,47.53242615,1725.47
13.05879973,47.53242078,1726.16
</coordinates></LineString>
<LineString><altitudeMode>absolute</altitudeMode><coordinates>
13.05879973,47.53242078,1726.16
13.05880022,47.53241827,1725.68
</coordinates></LineString>
<LineString><altitudeMode>absolute</altitudeMode><coordinates>
13.05880022,47.53241827,1725.68
13.05883539,47.53240861,1724.48
</coordinates></LineString>
<LineString><altitudeMode>absolute</altitudeMode><coordinates>
13.05883539,47.53240861,1724.48
13.05884538,47.53240086,1724.27
</coordinates></LineString>
<LineString><altitudeMode>absolute</altitudeMode><coordinates>
13.05884538,47.53240086,1724.27
13.05886636,47.53240481,1724.88
</coordinates></LineString>
<LineString><altitudeMode>absolute</altitudeMode><coordinates>
13.05886636,47.53240481,1724.88
13.05893139,47.53236704,1722.28
</coordinates></LineString>
<LineString><altitudeMode>absolute</altitudeMode><coordinates>
13.05893139,47.53236704,1722.28
13.05896228,47.53236909,1719.84
</coordinates></LineString>
<LineString><altitudeMode>absolute</altitudeMode><coordinates>
13.05896228,47.53236909,1719.84
13.05897621,47.53236600,1716.50
</coordinates></LineString>
<LineString><altitudeMode>absolute</altitudeMode><coordinates>
13.05874721,47.53236437,1727.27
13.05876580,47.53237179,1725.05
</coordinates></LineString>
<LineString><altitudeMode>absolute</altitudeMode><coordinates>
13.05876580,47.53237179,1725.05
13.05879679,47.53237439,1722.76
13.05881868,47.53237908,1722.19
13.05881331,47.53239482,1721.74
</coordinates></LineString>
<LineString><altitudeMode>absolute</altitudeMode><coordinates>
13.05917334,47.53170831,1736.34
13.05914315,47.53167667,1737.73
</coordinates></LineString>
<LineString><altitudeMode>absolute</altitudeMode><coordinates>
13.05914315,47.53167667,1737.73
13.05914724,47.53167035,1738.89
</coordinates></LineString>
<LineString><altitudeMode>absolute</altitudeMode><coordinates>
13.05914724,47.53167035,1738.89
13.05915370,47.53166452,1739.89
</coordinates></LineString>
<LineString><altitudeMode>absolute</altitudeMode><coordinates>
13.05915370,47.53166452,1739.89
13.05916346,47.53165938,1741.14
</coordinates></LineString>
<LineString><altitudeMode>absolute</altitudeMode><coordinates>
13.05916346,47.53165938,1741.14
13.05915050,47.53164323,1741.19
</coordinates></LineString>
<LineString><altitudeMode>absolute</altitudeMode><coordinates>
13.05932488,47.53134645,1731.22
13.05928442,47.53133037,1728.26
</coordinates></LineString>
<LineString><altitudeMode>absolute</altitudeMode><coordinates>
13.05928442,47.53133037,1728.26
13.05925877,47.53134479,1727.29
</coordinates></LineString>
<LineString><altitudeMode>absolute</altitudeMode><coordinates>
13.05925877,47.53134479,1727.29
13.05924554,47.53136139,1727.33
</coordinates></LineString>
<LineString><altitudeMode>absolute</altitudeMode><coordinates>
13.05921564,47.53126424,1732.22
13.05916735,47.53123346,1732.28
</coordinates></LineString>
<LineString><altitudeMode>absolute</altitudeMode><coordinates>
13.05916735,47.53123346,1732.28
13.05914662,47.53121196,1732.58
</coordinates></LineString>
<LineString><altitudeMode>absolute</altitudeMode><coordinates>
13.05878552,47.53073271,1732.58
13.05879099,47.53069960,1733.84
</coordinates></LineString>
<LineString><altitudeMode>absolute</altitudeMode><coordinates>
13.05879099,47.53069960,1733.84
13.05877326,47.53067240,1733.61
13.05876976,47.53066640,1733.89
</coordinates></LineString>
<LineString><altitudeMode>absolute</altitudeMode><coordinates>
13.05876976,47.53066640,1733.89
13.05876037,47.53066543,1733.96
</coordinates></LineString>
<LineString><altitudeMode>absolute</altitudeMode><coordinates>
13.05879099,47.53069960,1733.84
13.05879463,47.53071613,1736.40
</coordinates></LineString>
<LineString><altitudeMode>absolute</altitudeMode><coordinates>
13.05879463,47.53071613,1736.40
13.05873963,47.53070179,1736.71
</coordinates></LineString>
<LineString><altitudeMode>absolute</altitudeMode><coordinates>
13.05873963,47.53070179,1736.71
13.05872370,47.53066895,1736.94
</coordinates></LineString>
<LineString><altitudeMode>absolute</altitudeMode><coordinates>
13.05872370,47.53066895,1736.94
13.05871337,47.53066094,1733.80
</coordinates></LineString>
<LineString><altitudeMode>absolute</altitudeMode><coordinates>
13.05871337,47.53066094,1733.80
13.05867549,47.53065751,1732.19
</coordinates></LineString>
<LineString><altitudeMode>absolute</altitudeMode><coordinates>
13.05900279,47.53067403,1701.57
13.05905891,47.53067264,1700.86
</coordinates></LineString>
<LineString><altitudeMode>absolute</altitudeMode><coordinates>
13.05905891,47.53067264,1700.86
13.05908330,47.53069222,1700.40
</coordinates></LineString>
<LineString><altitudeMode>absolute</altitudeMode><coordinates>
13.05908330,47.53069222,1700.40
13.05912657,47.53068243,1700.11
</coordinates></LineString>
<LineString><altitudeMode>absolute</altitudeMode><coordinates>
13.05912657,47.53068243,1700.11
13.05914208,47.53070852,1700.08
</coordinates></LineString>
<LineString><altitudeMode>absolute</altitudeMode><coordinates>
13.05914208,47.53070852,1700.08
13.05922840,47.53070980,1698.60
</coordinates></LineString>
<LineString><altitudeMode>absolute</altitudeMode><coordinates>
13.05922840,47.53070980,1698.60
13.05922929,47.53072520,1698.98
</coordinates></LineString>
<LineString><altitudeMode>absolute</altitudeMode><coordinates>
13.05922929,47.53072520,1698.98
13.05928120,47.53072257,1699.22
</coordinates></LineString>
<LineString><altitudeMode>absolute</altitudeMode><coordinates>
13.05897104,47.53219656,1737.08
13.05894001,47.53221628,1738.99
</coordinates></LineString>
<LineString><altitudeMode>absolute</altitudeMode><coordinates>
13.05894001,47.53221628,1738.99
13.05895741,47.53225617,1734.56
</coordinates></LineString>
<LineString><altitudeMode>absolute</altitudeMode><coordinates>
13.05895741,47.53225617,1734.56
13.05892303,47.53229500,1734.23
</coordinates></LineString>
<LineString><altitudeMode>absolute</altitudeMode><coordinates>
13.05892303,47.53229500,1734.23
13.05892987,47.53231464,1733.62
</coordinates></LineString>
<LineString><altitudeMode>absolute</altitudeMode><coordinates>
13.05892987,47.53231464,1733.62
13.05890565,47.53233016,1735.04
</coordinates></LineString>
<LineString><altitudeMode>absolute</altitudeMode><coordinates>
13.05890565,47.53233016,1735.04
13.05887311,47.53243048,1736.61
</coordinates></LineString>
<LineString><altitudeMode>absolute</altitudeMode><coordinates>
13.05887311,47.53243048,1736.61
13.05888424,47.53248178,1737.89
</coordinates></LineString>
<LineString><altitudeMode>absolute</altitudeMode><coordinates>
13.05888424,47.53248178,1737.89
13.05888033,47.53247973,1738.02
</coordinates></LineString>
<LineString><altitudeMode>absolute</altitudeMode><coordinates>
13.05888033,47.53247973,1738.02
13.05887740,47.53249426,1737.79
</coordinates></LineString>
<LineString><altitudeMode>absolute</altitudeMode><coordinates>
13.05887740,47.53249426,1737.79
13.05886645,47.53249938,1737.67
</coordinates></LineString>
<LineString><altitudeMode>absolute</altitudeMode><coordinates>
13.05886645,47.53249938,1737.67
13.05886033,47.53250324,1737.32
</coordinates></LineString>
<LineString><altitudeMode>absolute</altitudeMode><coordinates>
13.05886033,47.53250324,1737.32
13.05884679,47.53249932,1737.45
</coordinates></LineString>
<LineString><altitudeMode>absolute</altitudeMode><coordinates>
13.05884679,47.53249932,1737.45
13.05885287,47.53251094,1737.55
</coordinates></LineString>
<LineString><altitudeMode>absolute</altitudeMode><coordinates>
13.05928120,47.53072257,1699.22
13.05933127,47.53068715,1702.22
13.05929809,47.53066095,1702.69
13.05925826,47.53059197,1704.76
13.05924420,47.53056960,1702.64
</coordinates></LineString>
<LineString><altitudeMode>absolute</altitudeMode><coordinates>
13.05928120,47.53072257,1699.22
13.05925289,47.53074108,1698.44
</coordinates></LineString>
<LineString><altitudeMode>absolute</altitudeMode><coordinates>
13.05925289,47.53074108,1698.44
13.05927864,47.53077778,1697.98
</coordinates></LineString>
<LineString><altitudeMode>absolute</altitudeMode><coordinates>
13.05927864,47.53077778,1697.98
13.05921171,47.53079104,1696.42
</coordinates></LineString>
<LineString><altitudeMode>absolute</altitudeMode><coordinates>
13.05921171,47.53079104,1696.42
13.05919721,47.53081329,1695.44
</coordinates></LineString>
<LineString><altitudeMode>absolute</altitudeMode><coordinates>
13.05919721,47.53081329,1695.44
13.05914485,47.53081357,1694.31
</coordinates></LineString>
<LineString><altitudeMode>absolute</altitudeMode><coordinates>
13.05914485,47.53081357,1694.31
13.05909438,47.53083827,1692.64
</coordinates></LineString>
<LineString><altitudeMode>absolute</altitudeMode><coordinates>
13.05909438,47.53083827,1692.64
13.05908025,47.53083237,1692.50
</coordinates></LineString>
<LineString><altitudeMode>absolute</altitudeMode><coordinates>
13.05908025,47.53083237,1692.50
13.05908151,47.53085578,1691.40
</coordinates></LineString>
<LineString><altitudeMode>absolute</altitudeMode><coordinates>
13.05908151,47.53085578,1691.40
13.05906140,47.53086777,1691.06
</coordinates></LineString>
<LineString><altitudeMode>absolute</altitudeMode><coordinates>
13.05906140,47.53086777,1691.06
13.05908042,47.53087826,1690.47
</coordinates></LineString>
<LineString><altitudeMode>absolute</altitudeMode><coordinates>
13.05908042,47.53087826,1690.47
13.05903318,47.53088025,1689.50
</coordinates></LineString>
<LineString><altitudeMode>absolute</altitudeMode><coordinates>
13.05930892,47.53022363,1723.99
13.05929505,47.53017471,1728.54
</coordinates></LineString>
<LineString><altitudeMode>absolute</altitudeMode><coordinates>
13.05929505,47.53017471,1728.54
13.05930349,47.53016190,1731.14
</coordinates></LineString>
<LineString><altitudeMode>absolute</altitudeMode><coordinates>
13.05930349,47.53016190,1731.14
13.05932285,47.53009447,1736.05
</coordinates></LineString>
<LineString><altitudeMode>absolute</altitudeMode><coordinates>
13.05932285,47.53009447,1736.05
13.05932277,47.53007512,1737.58
</coordinates></LineString>
<LineString><altitudeMode>absolute</altitudeMode><coordinates>
13.05967612,47.53007300,1737.81
13.05973010,47.53005043,1738.79
</coordinates></LineString>
<LineString><altitudeMode>absolute</altitudeMode><coordinates>
13.05973010,47.53005043,1738.79
13.05978816,47.53005402,1738.45
</coordinates></LineString>
<LineString><altitudeMode>absolute</altitudeMode><coordinates>
13.05978816,47.53005402,1738.45
13.05996387,47.53003423,1739.35
</coordinates></LineString>
<LineString><altitudeMode>absolute</altitudeMode><coordinates>
13.05996387,47.53003423,1739.35
13.06000368,47.53001754,1740.35
</coordinates></LineString>
<LineString><altitudeMode>absolute</altitudeMode><coordinates>
13.06000368,47.53001754,1740.35
13.06006931,47.53002126,1740.35
</coordinates></LineString>
<LineString><altitudeMode>absolute</altitudeMode><coordinates>
13.06006931,47.53002126,1740.35
13.06009071,47.53002828,1740.01
</coordinates></LineString>
<LineString><altitudeMode>absolute</altitudeMode><coordinates>
13.06009071,47.53002828,1740.01
13.06012109,47.53000414,1740.97
</coordinates></LineString>
<LineString><altitudeMode>absolute</altitudeMode><coordinates>
13.06012109,47.53000414,1740.97
13.06011781,47.52999229,1741.31
</coordinates></LineString>
<LineString><altitudeMode>absolute</altitudeMode><coordinates>
13.06011781,47.52999229,1741.31
13.06013751,47.52996968,1742.31
13.06026647,47.52993479,1743.53
</coordinates></LineString>
<LineString><altitudeMode>absolute</altitudeMode><coordinates>
13.06026647,47.52993479,1743.53
13.06029533,47.52997028,1742.70
</coordinates></LineString>
<LineString><altitudeMode>absolute</altitudeMode><coordinates>
13.06029533,47.52997028,1742.70
13.06031764,47.52998488,1742.01
13.06035051,47.52997967,1741.48
</coordinates></LineString>
<LineString><altitudeMode>absolute</altitudeMode><coordinates>
13.06035051,47.52997967,1741.48
13.06034887,47.53000259,1741.23
</coordinates></LineString>
<LineString><altitudeMode>absolute</altitudeMode><coordinates>
13.06034887,47.53000259,1741.23
13.06039477,47.53002244,1740.08
</coordinates></LineString>
<LineString><altitudeMode>absolute</altitudeMode><coordinates>
13.06039477,47.53002244,1740.08
13.06035780,47.53004161,1738.87
</coordinates></LineString>
<LineString><altitudeMode>absolute</altitudeMode><coordinates>
13.05930178,47.53030557,1717.76
13.05933045,47.53035312,1712.81
</coordinates></LineString>
<LineString><altitudeMode>absolute</altitudeMode><coordinates>
13.05933045,47.53035312,1712.81
13.05928372,47.53037716,1711.64
</coordinates></LineString>
<LineString><altitudeMode>absolute</altitudeMode><coordinates>
13.05928372,47.53037716,1711.64
13.05934945,47.53042867,1706.45
</coordinates></LineString>
<LineString><altitudeMode>absolute</altitudeMode><coordinates>
13.05934945,47.53042867,1706.45
13.05933191,47.53043575,1704.70
</coordinates></LineString>
<LineString><altitudeMode>absolute</altitudeMode><coordinates>
13.05933191,47.53043575,1704.70
13.05936508,47.53045152,1703.78
</coordinates></LineString>
<LineString><altitudeMode>absolute</altitudeMode><coordinates>
13.05936508,47.53045152,1703.78
13.05948948,47.53047558,1701.28
</coordinates></LineString>
<LineString><altitudeMode>absolute</altitudeMode><coordinates>
13.05948948,47.53047558,1701.28
13.05958883,47.53059172,1688.55
</coordinates></LineString>
<LineString><altitudeMode>absolute</altitudeMode><coordinates>
13.05958883,47.53059172,1688.55
13.05959242,47.53060249,1687.95
</coordinates></LineString>
<LineString><altitudeMode>absolute</altitudeMode><coordinates>
13.05959242,47.53060249,1687.95
13.05954328,47.53063414,1687.26
</coordinates></LineString>
<LineString><altitudeMode>absolute</altitudeMode><coordinates>
13.05954328,47.53063414,1687.26
13.05954398,47.53065854,1685.63
</coordinates></LineString>
<LineString><altitudeMode>absolute</altitudeMode><coordinates>
13.05954398,47.53065854,1685.63
13.05956539,47.53067240,1684.26
</coordinates></LineString>
<LineString><altitudeMode>absolute</altitudeMode><coordinates>
13.05956539,47.53067240,1684.26
13.05956803,47.53070160,1684.02
</coordinates></LineString>
<LineString><altitudeMode>absolute</altitudeMode><coordinates>
13.05956803,47.53070160,1684.02
13.05958678,47.53070848,1683.19
</coordinates></LineString>
<LineString><altitudeMode>absolute</altitudeMode><coordinates>
13.05958678,47.53070848,1683.19
13.05962341,47.53073097,1681.72
</coordinates></LineString>
<LineString><altitudeMode>absolute</altitudeMode><coordinates>
13.05962341,47.53073097,1681.72
13.05967395,47.53074406,1680.81
</coordinates></LineString>
<LineString><altitudeMode>absolute</altitudeMode><coordinates>
13.05967395,47.53074406,1680.81
13.05974501,47.53078423,1680.49
</coordinates></LineString>
<LineString><altitudeMode>absolute</altitudeMode><coordinates>
13.05974501,47.53078423,1680.49
13.05976029,47.53076982,1680.48
</coordinates></LineString>
<LineString><altitudeMode>absolute</altitudeMode><coordinates>
13.05976029,47.53076982,1680.48
13.05978583,47.53076890,1680.64
</coordinates></LineString>
<LineString><altitudeMode>absolute</altitudeMode><coordinates>
13.05978583,47.53076890,1680.64
13.05978960,47.53075682,1680.76
</coordinates></LineString>
<LineString><altitudeMode>absolute</altitudeMode><coordinates>
13.05978960,47.53075682,1680.76
13.05976403,47.53074055,1681.74
</coordinates></LineString>
<LineString><altitudeMode>absolute</altitudeMode><coordinates>
13.05976403,47.53074055,1681.74
13.05982295,47.53070285,1683.75
</coordinates></LineString>
<LineString><altitudeMode>absolute</altitudeMode><coordinates>
13.05927079,47.53030991,1718.06
13.05924123,47.53030095,1717.43
</coordinates></LineString>
<LineString><altitudeMode>absolute</altitudeMode><coordinates>
13.05924123,47.53030095,1717.43
13.05921040,47.53031194,1716.75
</coordinates></LineString>
<LineString><altitudeMode>absolute</altitudeMode><coordinates>
13.05921040,47.53031194,1716.75
13.05920772,47.53029075,1716.37
</coordinates></LineString>
<LineString><altitudeMode>absolute</altitudeMode><coordinates>
13.05920772,47.53029075,1716.37
13.05922231,47.53029514,1714.13
</coordinates></LineString>
<LineString><altitudeMode>absolute</altitudeMode><coordinates>
13.05922231,47.53029514,1714.13
13.05920237,47.53028112,1714.63
</coordinates></LineString>
<LineString><altitudeMode>absolute</altitudeMode><coordinates>
13.05920237,47.53028112,1714.63
13.05919548,47.53025167,1714.56
</coordinates></LineString>
<LineString><altitudeMode>absolute</altitudeMode><coordinates>
13.05919548,47.53025167,1714.56
13.05919956,47.53023842,1716.32
</coordinates></LineString>
<LineString><altitudeMode>absolute</altitudeMode><coordinates>
13.05919956,47.53023842,1716.32
13.05914454,47.53022085,1715.13
</coordinates></LineString>
<LineString><altitudeMode>absolute</altitudeMode><coordinates>
13.05914454,47.53022085,1715.13
13.05913355,47.53020536,1716.43
</coordinates></LineString>
<LineString><altitudeMode>absolute</altitudeMode><coordinates>
13.05913355,47.53020536,1716.43
13.05908172,47.53019144,1716.88
</coordinates></LineString>
<LineString><altitudeMode>absolute</altitudeMode><coordinates>
13.05908172,47.53019144,1716.88
13.05907038,47.53017820,1718.64
</coordinates></LineString>
<LineString><altitudeMode>absolute</altitudeMode><coordinates>
13.05907038,47.53017820,1718.64
13.05903090,47.53012480,1719.50
</coordinates></LineString>
<LineString><altitudeMode>absolute</altitudeMode><coordinates>
13.05903318,47.53088025,1689.50
13.05901677,47.53090355,1687.30
</coordinates></LineString>
<LineString><altitudeMode>absolute</altitudeMode><coordinates>
13.05901677,47.53090355,1687.30
13.05898200,47.53089900,1686.21
</coordinates></LineString>
<LineString><altitudeMode>absolute</altitudeMode><coordinates>
13.05898200,47.53089900,1686.21
13.05896533,47.53088972,1685.20
</coordinates></LineString>
<LineString><altitudeMode>absolute</altitudeMode><coordinates>
13.05896533,47.53088972,1685.20
13.05895276,47.53089563,1683.28
</coordinates></LineString>
<LineString><altitudeMode>absolute</altitudeMode><coordinates>
13.05895276,47.53089563,1683.28
13.05889296,47.53091036,1682.71
</coordinates></LineString>
<LineString><altitudeMode>absolute</altitudeMode><coordinates>
13.05889296,47.53091036,1682.71
13.05886014,47.53092825,1682.75
</coordinates></LineString>
<LineString><altitudeMode>absolute</altitudeMode><coordinates>
13.05886014,47.53092825,1682.75
13.05880581,47.53092796,1682.81
</coordinates></LineString>
<LineString><altitudeMode>absolute</altitudeMode><coordinates>
13.05880581,47.53092796,1682.81
13.05879569,47.53091438,1682.51
</coordinates></LineString>
<LineString><altitudeMode>absolute</altitudeMode><coordinates>
13.05879569,47.53091438,1682.51
13.05876592,47.53091082,1682.65
</coordinates></LineString>
<LineString><altitudeMode>absolute</altitudeMode><coordinates>
13.05876592,47.53091082,1682.65
13.05874295,47.53090341,1681.71
</coordinates></LineString>
<LineString><altitudeMode>absolute</altitudeMode><coordinates>
13.05874295,47.53090341,1681.71
13.05873375,47.53088967,1681.08
</coordinates></LineString>
<LineString><altitudeMode>absolute</altitudeMode><coordinates>
13.05873375,47.53088967,1681.08
13.05874358,47.53087535,1680.89
</coordinates></LineString>
<LineString><altitudeMode>absolute</altitudeMode><coordinates>
13.05874358,47.53087535,1680.89
13.05872015,47.53085866,1680.72
</coordinates></LineString>
<LineString><altitudeMode>absolute</altitudeMode><coordinates>
13.05872015,47.53085866,1680.72
13.05870318,47.53085775,1679.67
</coordinates></LineString>
<LineString><altitudeMode>absolute</altitudeMode><coordinates>
13.05870318,47.53085775,1679.67
13.05868920,47.53084410,1676.34
</coordinates></LineString>
<LineString><altitudeMode>absolute</altitudeMode><coordinates>
13.05843634,47.53042373,1739.96
13.05844551,47.53040571,1740.94
</coordinates></LineString>
<LineString><altitudeMode>absolute</altitudeMode><coordinates>
13.05844551,47.53040571,1740.94
13.05840522,47.53041358,1742.43
</coordinates></LineString>
<LineString><altitudeMode>absolute</altitudeMode><coordinates>
13.05840522,47.53041358,1742.43
13.05837046,47.53038348,1737.41
</coordinates></LineString>
<LineString><altitudeMode>absolute</altitudeMode><coordinates>
13.05982295,47.53070285,1683.75
13.05986702,47.53068938,1685.74
</coordinates></LineString>
<LineString><altitudeMode>absolute</altitudeMode><coordinates>
13.05986702,47.53068938,1685.74
13.05986339,47.53066907,1686.43
</coordinates></LineString>
<LineString><altitudeMode>absolute</altitudeMode><coordinates>
13.05986339,47.53066907,1686.43
13.05992723,47.53067807,1687.03
</coordinates></LineString>
<LineString><altitudeMode>absolute</altitudeMode><coordinates>
13.05986339,47.53066907,1686.43
13.05992614,47.53066447,1687.15
</coordinates></LineString>
<LineString><altitudeMode>absolute</altitudeMode><coordinates>
13.05992614,47.53066447,1687.15
13.05995971,47.53059710,1693.60
</coordinates></LineString>
<LineString><altitudeMode>absolute</altitudeMode><coordinates>
13.05877396,47.53217235,1740.77
13.05880113,47.53214536,1738.37
</coordinates></LineString>
<LineString><altitudeMode>absolute</altitudeMode><coordinates>
13.05880113,47.53214536,1738.37
13.05879869,47.53211788,1735.73
</coordinates></LineString>
<LineString><altitudeMode>absolute</altitudeMode><coordinates>
13.05879869,47.53211788,1735.73
13.05882501,47.53210302,1728.64
</coordinates></LineString>
<LineString><altitudeMode>absolute</altitudeMode><coordinates>
13.05882501,47.53210302,1728.64
13.05884391,47.53211306,1728.07
13.05885627,47.53210931,1728.25
13.05889936,47.53211544,1729.39
</coordinates></LineString>
<LineString><altitudeMode>absolute</altitudeMode><coordinates>
13.05889936,47.53211544,1729.39
13.05889969,47.53213173,1728.76
</coordinates></LineString>
<LineString><altitudeMode>absolute</altitudeMode><coordinates>
13.05889969,47.53213173,1728.76
13.05889397,47.53213902,1724.32
</coordinates></LineString>
<LineString><altitudeMode>absolute</altitudeMode><coordinates>
13.05889397,47.53213902,1724.32
13.05896246,47.53214449,1711.69
</coordinates></LineString>
<LineString><altitudeMode>absolute</altitudeMode><coordinates>
13.05896246,47.53214449,1711.69
13.05899045,47.53213849,1711.05
</coordinates></LineString>
<LineString><altitudeMode>absolute</altitudeMode><coordinates>
13.05899045,47.53213849,1711.05
13.05903858,47.53213418,1697.36
</coordinates></LineString>
<LineString><altitudeMode>absolute</altitudeMode><coordinates>
13.05903858,47.53213418,1697.36
13.05914433,47.53216674,1687.37
</coordinates></LineString>
<LineString><altitudeMode>absolute</altitudeMode><coordinates>
13.05914433,47.53216674,1687.37
13.05913886,47.53214946,1684.56
13.05917851,47.53209758,1685.34
13.05918392,47.53205529,1685.57
</coordinates></LineString>
<LineString><altitudeMode>absolute</altitudeMode><coordinates>
13.05913886,47.53214946,1684.56
13.05911377,47.53215588,1683.88
13.05915717,47.53216093,1682.53
13.05923962,47.53213020,1668.26
13.05924997,47.53210176,1662.95
13.05925631,47.53208477,1663.35
13.05925084,47.53205300,1652.68
13.05930092,47.53206042,1651.80
13.05934084,47.53202645,1648.82
13.05933033,47.53199793,1647.11
</coordinates></LineString>
<LineString><altitudeMode>absolute</altitudeMode><coordinates>
13.05915717,47.53216093,1682.53
13.05915587,47.53218538,1682.60
13.05914404,47.53220354,1682.94
</coordinates></LineString>
<LineString><altitudeMode>absolute</altitudeMode><coordinates>
13.05914404,47.53220354,1682.94
13.05912668,47.53220567,1680.99
13.05911464,47.53223319,1679.97
</coordinates></LineString>
<LineString><altitudeMode>absolute</altitudeMode><coordinates>
13.05911464,47.53223319,1679.97
13.05911181,47.53225959,1681.68
</coordinates></LineString>
<LineString><altitudeMode>absolute</altitudeMode><coordinates>
13.05911181,47.53225959,1681.68
13.05909888,47.53230383,1680.51
</coordinates></LineString>
<LineString><altitudeMode>absolute</altitudeMode><coordinates>
13.05909888,47.53230383,1680.51
13.05909565,47.53232294,1682.12
</coordinates></LineString>
<LineString><altitudeMode>absolute</altitudeMode><coordinates>
13.05909565,47.53232294,1682.12
13.05907226,47.53233028,1680.83
13.05907416,47.53235074,1680.03
</coordinates></LineString>
<LineString><altitudeMode>absolute</altitudeMode><coordinates>
13.05907416,47.53235074,1680.03
13.05905842,47.53235236,1680.71
13.05905144,47.53237240,1681.37
</coordinates></LineString>
<LineString><altitudeMode>absolute</altitudeMode><coordinates>
13.05885287,47.53251094,1737.55
13.05884150,47.53253469,1738.58
13.05881065,47.53258204,1738.87
13.05893876,47.53258132,1727.09
</coordinates></LineString>
<LineString><altitudeMode>absolute</altitudeMode><coordinates>
13.05881065,47.53258204,1738.87
13.05883557,47.53260900,1736.73
</coordinates></LineString>
<LineString><altitudeMode>absolute</altitudeMode><coordinates>
13.05883557,47.53260900,1736.73
13.05883964,47.53266432,1735.15
</coordinates></LineString>
<LineString><altitudeMode>absolute</altitudeMode><coordinates>
13.05881065,47.53258204,1738.87
13.05880571,47.53258267,1741.70
</coordinates></LineString>
<LineString><altitudeMode>absolute</altitudeMode><coordinates>
13.05880571,47.53258267,1741.70
13.05879105,47.53260195,1743.07
</coordinates></LineString>
<LineString><altitudeMode>absolute</altitudeMode><coordinates>
13.05933033,47.53199793,1647.11
13.05937836,47.53195285,1639.88
13.05944599,47.53190244,1631.19
</coordinates></LineString>
<LineString><altitudeMode>absolute</altitudeMode><coordinates>
13.05944599,47.53190244,1631.19
13.05944084,47.53186555,1630.94
</coordinates></LineString>
<LineString><altitudeMode>absolute</altitudeMode><coordinates>
13.05944084,47.53186555,1630.94
13.05946934,47.53187467,1628.58
</coordinates></LineString>
<LineString><altitudeMode>absolute</altitudeMode><coordinates>
13.05946934,47.53187467,1628.58
13.05950483,47.53185250,1622.03
</coordinates></LineString>
<LineString><altitudeMode>absolute</altitudeMode><coordinates>
13.05950483,47.53185250,1622.03
13.05955376,47.53186260,1613.18
</coordinates></LineString>
<LineString><altitudeMode>absolute</altitudeMode><coordinates>
13.05955376,47.53186260,1613.18
13.05955615,47.53187686,1609.22
</coordinates></LineString>
<LineString><altitudeMode>absolute</altitudeMode><coordinates>
13.05955615,47.53187686,1609.22
13.05960468,47.53187606,1600.78
</coordinates></LineString>
<LineString><altitudeMode>absolute</altitudeMode><coordinates>
13.05960468,47.53187606,1600.78
13.05965087,47.53188080,1599.07
13.05965686,47.53191662,1598.38
13.05967582,47.53196095,1598.11
13.05958373,47.53199007,1602.56
</coordinates></LineString>
<LineString><altitudeMode>absolute</altitudeMode><coordinates>
13.05992723,47.53067807,1687.03
13.06000757,47.53067916,1686.12
13.06009861,47.53067836,1687.45
13.06029609,47.53064121,1692.79
13.06043218,47.53066178,1694.55
13.06050505,47.53063116,1696.97
13.06063232,47.53057743,1699.99
13.06074497,47.53057439,1700.48
13.06087668,47.53056600,1701.87
13.06093174,47.53054641,1703.91
13.06098392,47.53055468,1704.37
13.06099559,47.53053355,1707.80
13.06105272,47.53047953,1709.22
13.06104820,47.53042547,1714.53
13.06107560,47.53042467,1714.43
13.06103754,47.53041926,1718.61
13.06095307,47.53042566,1716.57
13.06089674,47.53043622,1714.66
13.06088071,47.53042776,1714.73
</coordinates></LineString>
<LineString><altitudeMode>absolute</altitudeMode><coordinates>
13.06107560,47.53042467,1714.43
13.06111245,47.53044158,1715.56
</coordinates></LineString>
<LineString><altitudeMode>absolute</altitudeMode><coordinates>
13.06111245,47.53044158,1715.56
13.06111988,47.53034803,1722.69
</coordinates></LineString>
<LineString><altitudeMode>absolute</altitudeMode><coordinates>
13.06111988,47.53034803,1722.69
13.06117909,47.53028434,1728.32
</coordinates></LineString>
<LineString><altitudeMode>absolute</altitudeMode><coordinates>
13.06117909,47.53028434,1728.32
13.06121374,47.53027079,1729.32
</coordinates></LineString>
<LineString><altitudeMode>absolute</altitudeMode><coordinates>
13.06121374,47.53027079,1729.32
13.06117964,47.53023710,1730.56
</coordinates></LineString>
<LineString><altitudeMode>absolute</altitudeMode><coordinates>
13.06117964,47.53023710,1730.56
13.06119483,47.53022161,1731.79
</coordinates></LineString>
<LineString><altitudeMode>absolute</altitudeMode><coordinates>
13.06119483,47.53022161,1731.79
13.06119544,47.53019787,1732.71
</coordinates></LineString>
<LineString><altitudeMode>absolute</altitudeMode><coordinates>
13.06119544,47.53019787,1732.71
13.06115751,47.53019957,1734.30
</coordinates></LineString>
<LineString><altitudeMode>absolute</altitudeMode><coordinates>
13.06115751,47.53019957,1734.30
13.06102859,47.53013953,1738.60
</coordinates></LineString>
<LineString><altitudeMode>absolute</altitudeMode><coordinates>
13.06102859,47.53013953,1738.60
13.06095882,47.53008220,1738.25
</coordinates></LineString>
<LineString><altitudeMode>absolute</altitudeMode><coordinates>
13.06095882,47.53008220,1738.25
13.06092491,47.53005796,1738.39
13.06089366,47.53004420,1738.74
13.06085451,47.53002491,1739.88
</coordinates></LineString>
<LineString><altitudeMode>absolute</altitudeMode><coordinates>
13.06121374,47.53027079,1729.32
13.06123797,47.53029100,1727.90
</coordinates></LineString>
<LineString><altitudeMode>absolute</altitudeMode><coordinates>
13.06123797,47.53029100,1727.90
13.06132013,47.53030058,1725.72
</coordinates></LineString>
<LineString><altitudeMode>absolute</altitudeMode><coordinates>
13.06132013,47.53030058,1725.72
13.06136416,47.53033138,1722.84
</coordinates></LineString>
<LineString><altitudeMode>absolute</altitudeMode><coordinates>
13.06136416,47.53033138,1722.84
13.06140655,47.53032040,1723.95
</coordinates></LineString>
<LineString><altitudeMode>absolute</altitudeMode><coordinates>
13.05958373,47.53199007,1602.56
13.05956762,47.53199817,1602.64
13.05955356,47.53201188,1604.43
13.05951263,47.53200489,1601.66
13.05952057,47.53205991,1598.47
13.05950469,47.53206522,1595.85
13.05949478,47.53208899,1593.70
13.05953859,47.53211502,1590.23
13.05952914,47.53214086,1592.47
13.05957733,47.53215985,1593.60
13.05957150,47.53217037,1592.70
13.05957802,47.53224193,1590.05
13.05957470,47.53227085,1589.33
</coordinates></LineString>
<LineString><altitudeMode>absolute</altitudeMode><coordinates>
13.05944084,47.53186555,1630.94
13.05947537,47.53184813,1631.43
13.05952731,47.53186638,1635.88
13.05956234,47.53184610,1638.39
13.05957265,47.53182944,1638.64
13.05958866,47.53180974,1636.25
13.05950617,47.53179115,1628.64
13.05951628,47.53175830,1626.40
13.05952602,47.53173219,1621.85
13.05955678,47.53173028,1619.33
13.05956084,47.53171370,1618.31
13.05957951,47.53170115,1617.91
13.05956914,47.53167965,1617.93
13.05957806,47.53167566,1616.59
</coordinates></LineString>
<LineString><altitudeMode>absolute</altitudeMode><coordinates>
13.05944084,47.53186555,1630.94
13.05949471,47.53190353,1632.63
</coordinates></LineString>
<LineString><altitudeMode>absolute</altitudeMode><coordinates>
13.05949471,47.53190353,1632.63
13.05948401,47.53190929,1632.18
</coordinates></LineString>
<LineString><altitudeMode>absolute</altitudeMode><coordinates>
13.05957470,47.53227085,1589.33
13.05953118,47.53229072,1577.45
13.05948844,47.53231105,1565.56
13.05950410,47.53231159,1552.26
13.05956777,47.53233624,1549.88
13.05960710,47.53230739,1549.32
13.05963277,47.53230656,1539.53
13.05964594,47.53226665,1534.91
13.05966809,47.53228926,1526.83
13.05969711,47.53230936,1526.62
13.05971900,47.53232089,1523.40
13.05971560,47.53230860,1519.82
13.05971506,47.53225847,1515.42
</coordinates></LineString>
<LineString><altitudeMode>absolute</altitudeMode><coordinates>
13.05903090,47.53012480,1719.50
13.05901110,47.53008541,1721.22
13.05899344,47.53006352,1720.70
13.05898218,47.53004101,1722.59
13.05893300,47.53002722,1722.29
13.05887451,47.52999563,1723.49
</coordinates></LineString>
<LineString><altitudeMode>absolute</altitudeMode><coordinates>
13.05959242,47.53060249,1687.95
13.05960057,47.53065149,1685.08
</coordinates></LineString>
<LineString><altitudeMode>absolute</altitudeMode><coordinates>
13.05960057,47.53065149,1685.08
13.05956911,47.53067588,1680.48
</coordinates></LineString>
<LineString><altitudeMode>absolute</altitudeMode><coordinates>
13.05956911,47.53067588,1680.48
13.05952700,47.53066869,1679.36
</coordinates></LineString>
<LineString><altitudeMode>absolute</altitudeMode><coordinates>
13.05952700,47.53066869,1679.36
13.05951408,47.53066586,1671.34
</coordinates></LineString>
<LineString><altitudeMode>absolute</altitudeMode><coordinates>
13.05951408,47.53066586,1671.34
13.05954670,47.53060630,1673.96
</coordinates></LineString>
<LineString><altitudeMode>absolute</altitudeMode><coordinates>
13.05954670,47.53060630,1673.96
13.05959608,47.53056791,1677.63
</coordinates></LineString>
<LineString><altitudeMode>absolute</altitudeMode><coordinates>
13.05959608,47.53056791,1677.63
13.05955920,47.53051968,1679.68
</coordinates></LineString>
<LineString><altitudeMode>absolute</altitudeMode><coordinates>
13.05955920,47.53051968,1679.68
13.05961310,47.53051007,1680.23
</coordinates></LineString>
<LineString><altitudeMode>absolute</altitudeMode><coordinates>
13.05961310,47.53051007,1680.23
13.05966428,47.53049851,1681.76
</coordinates></LineString>
<LineString><altitudeMode>absolute</altitudeMode><coordinates>
13.05966428,47.53049851,1681.76
13.05971795,47.53051670,1680.89
</coordinates></LineString>
<LineString><altitudeMode>absolute</altitudeMode><coordinates>
13.05971795,47.53051670,1680.89
13.05976822,47.53051899,1680.79
</coordinates></LineString>
<LineString><altitudeMode>absolute</altitudeMode><coordinates>
13.05976822,47.53051899,1680.79
13.05980436,47.53046120,1683.77
</coordinates></LineString>
<LineString><altitudeMode>absolute</altitudeMode><coordinates>
13.05980436,47.53046120,1683.77
13.05987301,47.53044428,1683.92
</coordinates></LineString>
<LineString><altitudeMode>absolute</altitudeMode><coordinates>
13.05987301,47.53044428,1683.92
13.05995367,47.53035026,1688.66
</coordinates></LineString>
<LineString><altitudeMode>absolute</altitudeMode><coordinates>
13.05995367,47.53035026,1688.66
13.05997751,47.53028767,1691.90
</coordinates></LineString>
<LineString><altitudeMode>absolute</altitudeMode><coordinates>
13.05997751,47.53028767,1691.90
13.06003129,47.53026672,1693.10
</coordinates></LineString>
<LineString><altitudeMode>absolute</altitudeMode><coordinates>
13.06003129,47.53026672,1693.10
13.06008510,47.53020554,1696.29
</coordinates></LineString>
<LineString><altitudeMode>absolute</altitudeMode><coordinates>
13.06008510,47.53020554,1696.29
13.06018112,47.53014886,1699.93
</coordinates></LineString>
<LineString><altitudeMode>absolute</altitudeMode><coordinates>
13.06018112,47.53014886,1699.93
13.06024082,47.53009003,1702.89
</coordinates></LineString>
<LineString><altitudeMode>absolute</altitudeMode><coordinates>
13.06024082,47.53009003,1702.89
13.06029422,47.53007959,1703.25
</coordinates></LineString>
<LineString><altitudeMode>absolute</altitudeMode><coordinates>
13.06029422,47.53007959,1703.25
13.06033519,47.53010710,1702.53
</coordinates></LineString>
<LineString><altitudeMode>absolute</altitudeMode><coordinates>
13.06033519,47.53010710,1702.53
13.06036737,47.53008110,1703.10
</coordinates></LineString>
<LineString><altitudeMode>absolute</altitudeMode><coordinates>
13.06036737,47.53008110,1703.10
13.06044682,47.53013868,1700.62
</coordinates></LineString>
<LineString><altitudeMode>absolute</altitudeMode><coordinates>
13.06044682,47.53013868,1700.62
13.06051810,47.53011172,1702.55
</coordinates></LineString>
<LineString><altitudeMode>absolute</altitudeMode><coordinates>
13.06051810,47.53011172,1702.55
13.06062243,47.53006382,1705.65
</coordinates></LineString>
<LineString><altitudeMode>absolute</altitudeMode><coordinates>
13.06062243,47.53006382,1705.65
13.06059527,47.53005454,1705.94
</coordinates></LineString>
<LineString><altitudeMode>absolute</altitudeMode><coordinates>
13.06059527,47.53005454,1705.94
13.06060001,47.53002709,1699.95
</coordinates></LineString>
<LineString><altitudeMode>absolute</altitudeMode><coordinates>
13.06060001,47.53002709,1699.95
13.06058913,47.53000126,1699.57
</coordinates></LineString>
<LineString><altitudeMode>absolute</altitudeMode><coordinates>
13.06058913,47.53000126,1699.57
13.06065260,47.53000584,1699.66
</coordinates></LineString>
<LineString><altitudeMode>absolute</altitudeMode><coordinates>
13.06065260,47.53000584,1699.66
13.06070049,47.52998622,1700.10
</coordinates></LineString>
<LineString><altitudeMode>absolute</altitudeMode><coordinates>
13.06070049,47.52998622,1700.10
13.06071592,47.52994968,1701.24
</coordinates></LineString>
<LineString><altitudeMode>absolute</altitudeMode><coordinates>
13.06071592,47.52994968,1701.24
13.06078561,47.52993358,1702.05
</coordinates></LineString>
<LineString><altitudeMode>absolute</altitudeMode><coordinates>
13.06078561,47.52993358,1702.05
13.06084739,47.52990457,1704.40
</coordinates></LineString>
<LineString><altitudeMode>absolute</altitudeMode><coordinates>
13.06084739,47.52990457,1704.40
13.06083884,47.52987707,1704.68
</coordinates></LineString>
<LineString><altitudeMode>absolute</altitudeMode><coordinates>
13.06083884,47.52987707,1704.68
13.06081385,47.52989546,1703.79
13.06085580,47.52987115,1702.48
</coordinates></LineString>
<LineString><altitudeMode>absolute</altitudeMode><coordinates>
13.06085580,47.52987115,1702.48
13.06087637,47.52985008,1703.34
</coordinates></LineString>
<LineString><altitudeMode>absolute</altitudeMode><coordinates>
13.06087637,47.52985008,1703.34
13.06090010,47.52984788,1705.48
</coordinates></LineString>
<LineString><altitudeMode>absolute</altitudeMode><coordinates>
13.06090010,47.52984788,1705.48
13.06094266,47.52984302,1697.99
</coordinates></LineString>
<LineString><altitudeMode>absolute</altitudeMode><coordinates>
13.06094266,47.52984302,1697.99
13.06093450,47.52982290,1697.83
13.06096032,47.52980021,1694.60
</coordinates></LineString>
<LineString><altitudeMode>absolute</altitudeMode><coordinates>
13.06096032,47.52980021,1694.60
13.06093937,47.52977736,1691.38
</coordinates></LineString>
<LineString><altitudeMode>absolute</altitudeMode><coordinates>
13.06093937,47.52977736,1691.38
13.06097846,47.52977667,1684.23
</coordinates></LineString>
<LineString><altitudeMode>absolute</altitudeMode><coordinates>
13.05971506,47.53225847,1515.42
13.05974450,47.53223845,1516.82
</coordinates></LineString>
<LineString><altitudeMode>absolute</altitudeMode><coordinates>
13.05974450,47.53223845,1516.82
13.05974542,47.53220625,1516.17
</coordinates></LineString>
<LineString><altitudeMode>absolute</altitudeMode><coordinates>
13.05974542,47.53220625,1516.17
13.05976533,47.53218886,1512.29
</coordinates></LineString>
<LineString><altitudeMode>absolute</altitudeMode><coordinates>
13.05976533,47.53218886,1512.29
13.05979174,47.53215727,1508.87
</coordinates></LineString>
<LineString><altitudeMode>absolute</altitudeMode><coordinates>
13.05979174,47.53215727,1508.87
13.05977405,47.53214348,1510.44
13.05975308,47.53213196,1510.18
</coordinates></LineString>
<LineString><altitudeMode>absolute</altitudeMode><coordinates>
13.05975308,47.53213196,1510.18
13.05973759,47.53212675,1504.99
</coordinates></LineString>
<LineString><altitudeMode>absolute</altitudeMode><coordinates>
13.05973759,47.53212675,1504.99
13.05972783,47.53213199,1504.16
</coordinates></LineString>
<LineString><altitudeMode>absolute</altitudeMode><coordinates>
13.05972783,47.53213199,1504.16
13.05970252,47.53213390,1502.34
</coordinates></LineString>
<LineString><altitudeMode>absolute</altitudeMode><coordinates>
13.05970252,47.53213390,1502.34
13.05963196,47.53215205,1502.28
</coordinates></LineString>
<LineString><altitudeMode>absolute</altitudeMode><coordinates>
13.05963196,47.53215205,1502.28
13.05961570,47.53215708,1502.27
</coordinates></LineString>
<LineString><altitudeMode>absolute</altitudeMode><coordinates>
13.05961570,47.53215708,1502.27
13.05966511,47.53216467,1502.00
</coordinates></LineString>
<LineString><altitudeMode>absolute</altitudeMode><coordinates>
13.06097846,47.52977667,1684.23
13.06097308,47.52981087,1683.10
</coordinates></LineString>
<LineString><altitudeMode>absolute</altitudeMode><coordinates>
13.06097308,47.52981087,1683.10
13.06094282,47.52981719,1682.42
</coordinates></LineString>
<LineString><altitudeMode>absolute</altitudeMode><coordinates>
13.06094282,47.52981719,1682.42
13.06087301,47.52983329,1681.87
</coordinates></LineString>
<LineString><altitudeMode>absolute</altitudeMode><coordinates>
13.06087301,47.52983329,1681.87
13.06084914,47.52984989,1682.12
</coordinates></LineString>
<LineString><altitudeMode>absolute</altitudeMode><coordinates>
13.06084914,47.52984989,1682.12
13.06083420,47.52983362,1682.72
</coordinates></LineString>
<LineString><altitudeMode>absolute</altitudeMode><coordinates>
13.06083420,47.52983362,1682.72
13.06081180,47.52986465,1681.54
</coordinates></LineString>
<LineString><altitudeMode>absolute</altitudeMode><coordinates>
13.06081180,47.52986465,1681.54
13.06072065,47.52991530,1679.39
</coordinates></LineString>
<LineString><altitudeMode>absolute</altitudeMode><coordinates>
13.06072065,47.52991530,1679.39
13.06070162,47.52990166,1679.95
</coordinates></LineString>
<LineString><altitudeMode>absolute</altitudeMode><coordinates>
13.06070162,47.52990166,1679.95
13.06064321,47.52988600,1680.32
</coordinates></LineString>
<LineString><altitudeMode>absolute</altitudeMode><coordinates>
13.06064321,47.52988600,1680.32
13.06059756,47.52987362,1680.38
</coordinates></LineString>
<LineString><altitudeMode>absolute</altitudeMode><coordinates>
13.06059756,47.52987362,1680.38
13.06059228,47.52991232,1679.49
</coordinates></LineString>
<LineString><altitudeMode>absolute</altitudeMode><coordinates>
13.06059228,47.52991232,1679.49
13.06057387,47.52994692,1678.48
</coordinates></LineString>
<LineString><altitudeMode>absolute</altitudeMode><coordinates>
13.06057387,47.52994692,1678.48
13.06055138,47.52994789,1678.44
</coordinates></LineString>
<LineString><altitudeMode>absolute</altitudeMode><coordinates>
13.06055138,47.52994789,1678.44
13.06054552,47.52996992,1676.80
</coordinates></LineString>
<LineString><altitudeMode>absolute</altitudeMode><coordinates>
13.06054552,47.52996992,1676.80
13.06048753,47.53001843,1674.35
</coordinates></LineString>
<LineString><altitudeMode>absolute</altitudeMode><coordinates>
13.06048753,47.53001843,1674.35
13.06047745,47.53004670,1673.39
</coordinates></LineString>
<LineString><altitudeMode>absolute</altitudeMode><coordinates>
13.06047745,47.53004670,1673.39
13.06050119,47.53004773,1671.30
</coordinates></LineString>
<LineString><altitudeMode>absolute</altitudeMode><coordinates>
13.06050119,47.53004773,1671.30
13.06047132,47.53005793,1670.35
</coordinates></LineString>
<LineString><altitudeMode>absolute</altitudeMode><coordinates>
13.06047132,47.53005793,1670.35
13.06048589,47.53009147,1668.78
</coordinates></LineString>
<LineString><altitudeMode>absolute</altitudeMode><coordinates>
13.05890983,47.53062243,1702.85
13.05888294,47.53065257,1703.65
</coordinates></LineString>
<LineString><altitudeMode>absolute</altitudeMode><coordinates>
13.05905144,47.53237240,1681.37
13.05904705,47.53241930,1681.99
13.05903367,47.53245066,1682.13
13.05900768,47.53251779,1685.79
13.05900542,47.53256437,1687.18
13.05897431,47.53261531,1690.25
</coordinates></LineString>
<LineString><altitudeMode>absolute</altitudeMode><coordinates>
13.05966511,47.53216467,1502.00
13.05967716,47.53216586,1502.05
13.05970991,47.53219638,1501.31
13.05973276,47.53221827,1501.30
13.05976105,47.53223288,1499.95
13.05981210,47.53225732,1499.99
13.05982623,47.53227052,1497.58
13.05982648,47.53227790,1496.56
13.05984782,47.53228663,1496.10
13.05982815,47.53230105,1496.07
13.05985914,47.53231463,1498.03
13.05984726,47.53232333,1497.57
13.05982443,47.53234085,1496.32
13.05983182,47.53234935,1493.34
13.05983179,47.53237526,1492.42
13.05986219,47.53239404,1490.90
13.05988109,47.53242208,1483.92
</coordinates></LineString>
<LineString><altitudeMode>absolute</altitudeMode><coordinates>
13.05988109,47.53242208,1483.92
13.05987052,47.53242028,1483.44
13.05986935,47.53244842,1477.56
13.05984826,47.53246543,1474.66
13.05983730,47.53248540,1467.69
13.05984768,47.53246326,1466.25
13.05983656,47.53243338,1466.61
13.05980524,47.53244311,1467.71
13.05980773,47.53244423,1469.79
13.05977931,47.53244744,1469.65
13.05975525,47.53244037,1468.05
13.05975153,47.53243671,1468.32
13.05973430,47.53246818,1467.22
13.05972803,47.53245062,1466.03
13.05972653,47.53245168,1463.95
13.05969890,47.53244077,1463.02
13.05968726,47.53247171,1463.28
13.05967803,47.53248082,1466.18
13.05966085,47.53249250,1465.85
13.05959334,47.53246409,1465.65
13.05959052,47.53245045,1465.71
13.05955814,47.53244955,1465.22
13.05953532,47.53245933,1465.01
13.05949758,47.53247048,1464.64
13.05944343,47.53246515,1463.57
13.05943308,47.53247199,1463.19
13.05941861,47.53247886,1463.44
13.05937856,47.53250545,1461.57
13.05937163,47.53253133,1460.25
13.05944039,47.53255472,1459.91
13.05943857,47.53258241,1457.80
13.05941630,47.53258833,1457.42
13.05945451,47.53260409,1456.94
13.05945229,47.53262835,1455.72
13.05943531,47.53262752,1455.63
13.05942709,47.53264502,1454.86
13.05939303,47.53267513,1452.77
13.05931635,47.53270074,1450.75
13.05927333,47.53269992,1449.39
13.05925406,47.53271435,1449.04
13.05926375,47.53274349,1447.54
13.05919483,47.53273179,1446.97
13.05919519,47.53273630,1447.01
13.05913592,47.53274033,1445.79
13.05909653,47.53275263,1444.73
13.05904032,47.53271685,1445.56
13.05906480,47.53271232,1445.82
13.05906463,47.53272788,1445.27
13.05909591,47.53273714,1444.49
13.05914286,47.53276466,1444.41
13.05913700,47.53278642,1443.18
13.05914618,47.53278982,1443.21
</coordinates></LineString>
<LineString><altitudeMode>absolute</altitudeMode><coordinates>
13.05909653,47.53275263,1444.73
13.05910756,47.53276352,1444.45
</coordinates></LineString>
<LineString><altitudeMode>absolute</altitudeMode><coordinates>
13.05941630,47.53258833,1457.42
13.05939554,47.53259986,1457.69
</coordinates></LineString>
<LineString><altitudeMode>absolute</altitudeMode><coordinates>
13.05973430,47.53246818,1467.22
13.05971861,47.53247926,1467.38
</coordinates></LineString>
<LineString><altitudeMode>absolute</altitudeMode><coordinates>
13.05852781,47.53037525,1713.71
13.05849589,47.53040135,1709.64
</coordinates></LineString>
<LineString><altitudeMode>absolute</altitudeMode><coordinates>
13.05855189,47.53041390,1713.81
13.05855596,47.53037564,1718.00
</coordinates></LineString>
<LineString><altitudeMode>absolute</altitudeMode><coordinates>
13.06072065,47.52991530,1679.39
13.06068491,47.52992594,1678.44
</coordinates></LineString>
<LineString><altitudeMode>absolute</altitudeMode><coordinates>
13.06068491,47.52992594,1678.44
13.06071107,47.52994798,1678.08
</coordinates></LineString>
<LineString><altitudeMode>absolute</altitudeMode><coordinates>
13.06071107,47.52994798,1678.08
13.06077743,47.52992841,1679.17
</coordinates></LineString>
<LineString><altitudeMode>absolute</altitudeMode><coordinates>
13.06077743,47.52992841,1679.17
13.06084926,47.52993313,1677.96
</coordinates></LineString>
<LineString><altitudeMode>absolute</altitudeMode><coordinates>
13.06084926,47.52993313,1677.96
13.06096622,47.52997533,1676.55
</coordinates></LineString>
<LineString><altitudeMode>absolute</altitudeMode><coordinates>
13.06096622,47.52997533,1676.55
13.06105283,47.52997941,1676.32
</coordinates></LineString>
<LineString><altitudeMode>absolute</altitudeMode><coordinates>
13.06105283,47.52997941,1676.32
13.06104997,47.53001715,1674.81
</coordinates></LineString>
<LineString><altitudeMode>absolute</altitudeMode><coordinates>
13.06104997,47.53001715,1674.81
13.06103405,47.53004172,1673.27
</coordinates></LineString>
<LineString><altitudeMode>absolute</altitudeMode><coordinates>
13.06103405,47.53004172,1673.27
13.06104420,47.53006924,1672.32
</coordinates></LineString>
<LineString><altitudeMode>absolute</altitudeMode><coordinates>
13.06104420,47.53006924,1672.32
13.06102360,47.53007654,1671.88
</coordinates></LineString>
<LineString><altitudeMode>absolute</altitudeMode><coordinates>
13.06102360,47.53007654,1671.88
13.06097564,47.53007654,1671.84
</coordinates></LineString>
<LineString><altitudeMode>absolute</altitudeMode><coordinates>
13.06097564,47.53007654,1671.84
13.06092815,47.53007088,1672.99
</coordinates></LineString>
<LineString><altitudeMode>absolute</altitudeMode><coordinates>
13.06092815,47.53007088,1672.99
13.06092849,47.53010121,1672.13
</coordinates></LineString>
<LineString><altitudeMode>absolute</altitudeMode><coordinates>
13.06092849,47.53010121,1672.13
13.06088655,47.53011445,1671.29
</coordinates></LineString>
<LineString><altitudeMode>absolute</altitudeMode><coordinates>
13.06088655,47.53011445,1671.29
13.06086362,47.53016337,1668.85
</coordinates></LineString>
<LineString><altitudeMode>absolute</altitudeMode><coordinates>
13.06086362,47.53016337,1668.85
13.06081882,47.53016063,1669.26
</coordinates></LineString>
<LineString><altitudeMode>absolute</altitudeMode><coordinates>
13.06081882,47.53016063,1669.26
13.06084196,47.53019954,1668.17
</coordinates></LineString>
<LineString><altitudeMode>absolute</altitudeMode><coordinates>
13.06084196,47.53019954,1668.17
13.06086404,47.53021692,1668.84
</coordinates></LineString>
<LineString><altitudeMode>absolute</altitudeMode><coordinates>
13.06086404,47.53021692,1668.84
13.06085740,47.53024560,1672.30
</coordinates></LineString>
<LineString><altitudeMode>absolute</altitudeMode><coordinates>
13.06085740,47.53024560,1672.30
13.06087540,47.53025490,1672.20
</coordinates></LineString>
<LineString><altitudeMode>absolute</altitudeMode><coordinates>
13.06087540,47.53025490,1672.20
13.06081101,47.53026794,1671.74
</coordinates></LineString>
<LineString><altitudeMode>absolute</altitudeMode><coordinates>
13.06081101,47.53026794,1671.74
13.06078673,47.53027428,1671.59
</coordinates></LineString>
<LineString><altitudeMode>absolute</altitudeMode><coordinates>
13.06078673,47.53027428,1671.59
13.06077606,47.53028247,1671.05
</coordinates></LineString>
<LineString><altitudeMode>absolute</altitudeMode><coordinates>
13.06077606,47.53028247,1671.05
13.06073943,47.53030317,1669.88
</coordinates></LineString>
<LineString><altitudeMode>absolute</altitudeMode><coordinates>
13.06073943,47.53030317,1669.88
13.06069281,47.53032416,1668.77
</coordinates></LineString>
<LineString><altitudeMode>absolute</altitudeMode><coordinates>
13.06069281,47.53032416,1668.77
13.06066795,47.53032455,1668.69
13.06066104,47.53032102,1668.78
</coordinates></LineString>
<LineString><altitudeMode>absolute</altitudeMode><coordinates>
13.06066104,47.53032102,1668.78
13.06061848,47.53032578,1668.36
</coordinates></LineString>
<LineString><altitudeMode>absolute</altitudeMode><coordinates>
13.06061848,47.53032578,1668.36
13.06059807,47.53033885,1667.95
</coordinates></LineString>
<LineString><altitudeMode>absolute</altitudeMode><coordinates>
13.05712060,47.52996007,1700.32
13.05708505,47.52995479,1700.70
</coordinates></LineString>
<LineString><altitudeMode>absolute</altitudeMode><coordinates>
13.05650394,47.53032080,1736.24
13.05647464,47.53042721,1743.87
</coordinates></LineString>
<LineString><altitudeMode>absolute</altitudeMode><coordinates>
13.05515262,47.53033847,1738.22
13.05534609,47.53023017,1734.69
</coordinates></LineString>
<LineString><altitudeMode>absolute</altitudeMode><coordinates>
13.05515262,47.53033847,1738.22
13.05521819,47.53020002,1737.11
</coordinates></LineString>
<LineString><altitudeMode>absolute</altitudeMode><coordinates>
13.05820617,47.53020927,1730.58
13.05825393,47.53014988,1728.62
</coordinates></LineString>
<LineString><altitudeMode>absolute</altitudeMode><coordinates>
13.05452558,47.53033314,1735.58
13.05446797,47.53035691,1734.18
13.05436180,47.53038597,1732.04
13.05430073,47.53042066,1731.43
13.05425146,47.53039481,1730.61
13.05421950,47.53040038,1730.15
13.05413409,47.53041054,1728.02
13.05408141,47.53044834,1727.56
13.05402818,47.53048667,1727.09
</coordinates></LineString>
<LineString><altitudeMode>absolute</altitudeMode><coordinates>
13.05413409,47.53041054,1728.02
13.05411161,47.53040053,1732.06
13.05407567,47.53036285,1731.84
13.05401936,47.53037665,1730.88
13.05398172,47.53039203,1733.32
13.05388339,47.53041403,1734.73
13.05376184,47.53033098,1734.28
13.05371388,47.53033079,1735.41
13.05367648,47.53032908,1736.41
13.05355954,47.53032952,1738.64
13.05355057,47.53039236,1738.61
13.05354790,47.53043236,1739.05
13.05351022,47.53042353,1738.06
13.05343388,47.53047946,1736.06
13.05347066,47.53050168,1736.51
13.05343293,47.53056628,1736.25
13.05348361,47.53057551,1735.48
13.05349409,47.53060466,1736.35
13.05349758,47.53069686,1738.71
13.05346381,47.53078735,1740.18
13.05342549,47.53083187,1743.20
13.05338475,47.53090578,1741.62
13.05335259,47.53102086,1740.24
13.05329048,47.53106939,1743.26
13.05326376,47.53107694,1744.58
13.05321946,47.53109635,1745.56
13.05320631,47.53111061,1746.29
13.05324242,47.53116872,1744.69
13.05322292,47.53121833,1744.76
13.05319987,47.53127751,1744.47
13.05316975,47.53128339,1744.56
13.05313501,47.53131384,1745.41
13.05316508,47.53134504,1745.41
13.05317419,47.53137525,1747.04
13.05313825,47.53141657,1747.77
13.05313956,47.53143144,1747.88
13.05316056,47.53145267,1746.76
13.05314805,47.53148207,1746.57
13.05312983,47.53153278,1745.10
13.05315564,47.53153537,1744.97
13.05316161,47.53155356,1744.91
13.05312971,47.53158982,1745.19
13.05305098,47.53159893,1747.39
13.05305049,47.53157282,1746.77
13.05301335,47.53158182,1746.11
13.05300521,47.53159707,1745.75
13.05297772,47.53158229,1745.74
13.05293977,47.53158480,1744.88
13.05288206,47.53157509,1744.78
13.05284937,47.53159325,1745.27
13.05282493,47.53158222,1745.44
13.05276561,47.53160911,1750.75
13.05265805,47.53162546,1756.45
13.05262967,47.53163127,1759.00
13.05258955,47.53163824,1762.01
</coordinates></LineString>
<LineString><altitudeMode>absolute</altitudeMode><coordinates>
13.05282493,47.53158222,1745.44
13.05281166,47.53159612,1746.11
13.05277034,47.53161782,1746.14
13.05275213,47.53163596,1746.01
13.05275806,47.53165523,1746.23
13.05270854,47.53168633,1746.28
13.05268594,47.53168667,1746.70
13.05265216,47.53170922,1746.84
13.05263829,47.53171762,1747.39
13.05265558,47.53174221,1747.03
13.05264017,47.53175662,1747.06
13.05261260,47.53175120,1747.67
13.05258768,47.53176410,1749.00
13.05253229,47.53176711,1748.35
</coordinates></LineString>
<LineString><altitudeMode>absolute</altitudeMode><coordinates>
13.05349409,47.53060466,1736.35
13.05357902,47.53056786,1730.46
</coordinates></LineString>
<LineString><altitudeMode>absolute</altitudeMode><coordinates>
13.05357902,47.53056786,1730.46
13.05360378,47.53054137,1733.06
13.05363069,47.53053238,1730.78
</coordinates></LineString>
<LineString><altitudeMode>absolute</altitudeMode><coordinates>
13.05363069,47.53053238,1730.78
13.05361218,47.53051182,1731.01
</coordinates></LineString>
<LineString><altitudeMode>absolute</altitudeMode><coordinates>
13.05361218,47.53051182,1731.01
13.05363484,47.53049547,1731.74
</coordinates></LineString>
<LineString><altitudeMode>absolute</altitudeMode><coordinates>
13.05363484,47.53049547,1731.74
13.05360348,47.53049215,1731.90
</coordinates></LineString>
<LineString><altitudeMode>absolute</altitudeMode><coordinates>
13.05360348,47.53049215,1731.90
13.05362145,47.53047689,1730.45
</coordinates></LineString>
<LineString><altitudeMode>absolute</altitudeMode><coordinates>
13.05355954,47.53032952,1738.64
13.05357079,47.53027680,1741.85
</coordinates></LineString>
<LineString><altitudeMode>absolute</altitudeMode><coordinates>
13.05357079,47.53027680,1741.85
13.05354343,47.53021209,1741.95
</coordinates></LineString>
<LineString><altitudeMode>absolute</altitudeMode><coordinates>
13.05354343,47.53021209,1741.95
13.05352291,47.53018502,1743.19
</coordinates></LineString>
<LineString><altitudeMode>absolute</altitudeMode><coordinates>
13.05352291,47.53018502,1743.19
13.05350020,47.53017041,1746.30
</coordinates></LineString>
<LineString><altitudeMode>absolute</altitudeMode><coordinates>
13.05350020,47.53017041,1746.30
13.05346323,47.53015341,1748.76
</coordinates></LineString>
<LineString><altitudeMode>absolute</altitudeMode><coordinates>
13.05983656,47.53243338,1466.61
13.05980156,47.53239176,1467.52
</coordinates></LineString>
<LineString><altitudeMode>absolute</altitudeMode><coordinates>
13.05980156,47.53239176,1467.52
13.05978741,47.53238270,1466.77
</coordinates></LineString>
<LineString><altitudeMode>absolute</altitudeMode><coordinates>
13.05978741,47.53238270,1466.77
13.05982047,47.53236517,1461.67
</coordinates></LineString>
<LineString><altitudeMode>absolute</altitudeMode><coordinates>
13.05982047,47.53236517,1461.67
13.05983189,47.53231146,1457.59
</coordinates></LineString>
<LineString><altitudeMode>absolute</altitudeMode><coordinates>
13.05983189,47.53231146,1457.59
13.05984508,47.53231052,1451.08
</coordinates></LineString>
<LineString><altitudeMode>absolute</altitudeMode><coordinates>
13.05984508,47.53231052,1451.08
13.05986890,47.53227358,1451.20
</coordinates></LineString>
<LineString><altitudeMode>absolute</altitudeMode><coordinates>
13.05580953,47.53090517,1734.97
13.05584728,47.53090455,1733.79
</coordinates></LineString>
<LineString><altitudeMode>absolute</altitudeMode><coordinates>
13.05584728,47.53090455,1733.79
13.05584336,47.53093535,1733.37
</coordinates></LineString>
<LineString><altitudeMode>absolute</altitudeMode><coordinates>
13.05584336,47.53093535,1733.37
13.05586655,47.53096562,1730.16
</coordinates></LineString>
<LineString><altitudeMode>absolute</altitudeMode><coordinates>
13.05586655,47.53096562,1730.16
13.05588694,47.53098909,1729.86
</coordinates></LineString>
<LineString><altitudeMode>absolute</altitudeMode><coordinates>
13.05588694,47.53098909,1729.86
13.05584883,47.53101022,1731.33
</coordinates></LineString>
<LineString><altitudeMode>absolute</altitudeMode><coordinates>
13.05584883,47.53101022,1731.33
13.05582928,47.53102501,1731.99
</coordinates></LineString>
<LineString><altitudeMode>absolute</altitudeMode><coordinates>
13.05582928,47.53102501,1731.99
13.05581945,47.53103924,1732.75
</coordinates></LineString>
<LineString><altitudeMode>absolute</altitudeMode><coordinates>
13.05576433,47.53088803,1734.42
13.05573938,47.53086907,1735.72
</coordinates></LineString>
<LineString><altitudeMode>absolute</altitudeMode><coordinates>
13.05573938,47.53086907,1735.72
13.05571767,47.53089219,1736.28
</coordinates></LineString>
<LineString><altitudeMode>absolute</altitudeMode><coordinates>
13.05571767,47.53089219,1736.28
13.05569163,47.53090281,1737.07
</coordinates></LineString>
<LineString><altitudeMode>absolute</altitudeMode><coordinates>
13.05569163,47.53090281,1737.07
13.05567657,47.53091147,1738.77
</coordinates></LineString>
<LineString><altitudeMode>absolute</altitudeMode><coordinates>
13.05567657,47.53091147,1738.77
13.05564508,47.53090787,1739.87
</coordinates></LineString>
<LineString><altitudeMode>absolute</altitudeMode><coordinates>
13.05564508,47.53090787,1739.87
13.05560697,47.53088923,1740.46
</coordinates></LineString>
<LineString><altitudeMode>absolute</altitudeMode><coordinates>
13.05282493,47.53158222,1745.44
13.05282432,47.53162018,1743.75
13.05287473,47.53160799,1736.51
13.05287748,47.53159112,1735.62
13.05290429,47.53158492,1729.36
13.05289303,47.53155881,1727.69
13.05288809,47.53160606,1724.53
13.05291593,47.53163290,1723.45
13.05291980,47.53166104,1723.29
13.05295301,47.53171514,1722.53
13.05288547,47.53171993,1720.04
13.05293191,47.53172531,1709.64
</coordinates></LineString>
<LineString><altitudeMode>absolute</altitudeMode><coordinates>
13.05319987,47.53127751,1744.47
13.05324210,47.53128525,1744.11
</coordinates></LineString>
<LineString><altitudeMode>absolute</altitudeMode><coordinates>
13.05324210,47.53128525,1744.11
13.05328972,47.53128372,1740.98
</coordinates></LineString>
<LineString><altitudeMode>absolute</altitudeMode><coordinates>
13.05328972,47.53128372,1740.98
13.05330820,47.53125470,1742.11
</coordinates></LineString>
<LineString><altitudeMode>absolute</altitudeMode><coordinates>
13.05330820,47.53125470,1742.11
13.05331690,47.53124936,1741.65
</coordinates></LineString>
<LineString><altitudeMode>absolute</altitudeMode><coordinates>
13.05262967,47.53163127,1759.00
13.05267866,47.53162860,1762.09
</coordinates></LineString>
<LineString><altitudeMode>absolute</altitudeMode><coordinates>
13.06016263,47.53172713,1722.93
13.06020923,47.53177831,1728.83
13.06020694,47.53181156,1731.58
13.06022206,47.53188794,1733.54
13.06034648,47.53188294,1725.90
13.06042697,47.53190149,1729.95
13.06046728,47.53193978,1729.20
</coordinates></LineString>
<LineString><altitudeMode>absolute</altitudeMode><coordinates>
13.06034648,47.53188294,1725.90
13.06038158,47.53192187,1727.43
</coordinates></LineString>
<LineString><altitudeMode>absolute</altitudeMode><coordinates>
13.06038158,47.53192187,1727.43
13.06040918,47.53193007,1724.91
</coordinates></LineString>
<LineString><altitudeMode>absolute</altitudeMode><coordinates>
13.06608329,47.53596667,1950.00
13.06606555,47.53597924,1948.15
13.06602354,47.53602326,1945.89
13.06603508,47.53609256,1943.49
13.06603215,47.53609629,1943.22
13.06601952,47.53612181,1942.17
13.06599394,47.53614531,1940.44
13.06600756,47.53616516,1937.81
13.06599609,47.53618800,1938.64
13.06600987,47.53619256,1937.96
13.06603213,47.53620139,1938.57
13.06610609,47.53621029,1938.77
</coordinates></LineString>
<LineString><altitudeMode>absolute</altitudeMode><coordinates>
13.06599609,47.53618800,1938.64
13.06595394,47.53617793,1938.03
</coordinates></LineString>
<LineString><altitudeMode>absolute</altitudeMode><coordinates>
13.06595394,47.53617793,1938.03
13.06589321,47.53617070,1939.43
</coordinates></LineString>
<LineString><altitudeMode>absolute</altitudeMode><coordinates>
13.06589321,47.53617070,1939.43
13.06584673,47.53615561,1938.55
</coordinates></LineString>
<LineString><altitudeMode>absolute</altitudeMode><coordinates>
13.06599609,47.53618800,1938.64
13.06599534,47.53617584,1937.88
13.06599865,47.53617617,1935.13
13.06598701,47.53617471,1933.04
</coordinates></LineString>
<LineString><altitudeMode>absolute</altitudeMode><coordinates>
13.06598701,47.53617471,1933.04
13.06584304,47.53613314,1918.23
</coordinates></LineString>
<LineString><altitudeMode>absolute</altitudeMode><coordinates>
13.06598701,47.53617471,1933.04
13.06602334,47.53615868,1902.41
</coordinates></LineString>
<LineString><altitudeMode>absolute</altitudeMode><coordinates>
13.04958337,47.52131665,2072.00
13.04953413,47.52132967,2070.61
13.04950955,47.52141941,2064.51
13.04948177,47.52147734,2063.84
13.04948523,47.52148784,2063.92
13.04940640,47.52151808,2062.30
13.04942248,47.52157873,2055.68
13.04942130,47.52163207,2053.01
13.04931693,47.52165234,2052.37
13.04932478,47.52169495,2049.06
</coordinates></LineString>
<LineString><altitudeMode>absolute</altitudeMode><coordinates>
13.04932478,47.52169495,2049.06
13.04931403,47.52166957,2047.45
13.04928470,47.52165467,2046.74
13.04924000,47.52169225,2045.54
13.04921169,47.52177149,2040.74
13.04920898,47.52178008,2040.54
13.04914877,47.52178446,2039.21
13.04914187,47.52181655,2036.77
13.04909955,47.52185453,2034.28
13.04902695,47.52188137,2029.75
13.04900173,47.52189506,2029.17
13.04900307,47.52195925,2027.92
13.04909424,47.52202973,2020.84
</coordinates></LineString>
<LineString><altitudeMode>absolute</altitudeMode><coordinates>
13.04900307,47.52195925,2027.92
13.04897025,47.52184135,2020.03
</coordinates></LineString>
<LineString><altitudeMode>absolute</altitudeMode><coordinates>
13.04932478,47.52169495,2049.06
13.04938219,47.52166587,2045.13
13.04942316,47.52160700,2046.04
13.04952515,47.52163294,2045.49
13.04955310,47.52172088,2042.86
13.04964314,47.52173609,2042.08
13.04968190,47.52173333,2041.64
13.04970766,47.52171928,2041.54
13.04974381,47.52172952,2041.24
13.04978729,47.52171749,2040.16
13.04983292,47.52171943,2040.87
13.04990770,47.52170883,2043.28
13.04997533,47.52168343,2045.01
13.05001180,47.52168504,2045.02
13.05000884,47.52168598,2045.01
</coordinates></LineString>
<LineString><altitudeMode>absolute</altitudeMode><coordinates>
13.04978729,47.52171749,2040.16
13.04979923,47.52176106,2030.96
13.04982587,47.52178419,2028.04
13.04983507,47.52186209,2028.20
13.04987500,47.52184927,2024.56
13.04992715,47.52183288,2019.84
13.04993059,47.52182970,2010.95
13.04989973,47.52186283,2002.42
13.04987708,47.52187199,1998.21
13.04990598,47.52189146,1998.44
13.04989760,47.52189879,1998.17
13.04990647,47.52190695,1998.20
13.04985277,47.52189704,1995.81
13.04978191,47.52189853,1980.18
13.04979347,47.52188757,1981.70
13.04981939,47.52185859,1983.53
</coordinates></LineString>
<LineString><altitudeMode>absolute</altitudeMode><coordinates>
13.04993059,47.52182970,2010.95
13.04988083,47.52181383,2010.31
</coordinates></LineString>
<LineString><altitudeMode>absolute</altitudeMode><coordinates>
13.04988083,47.52181383,2010.31
13.04986751,47.52180047,2010.71
</coordinates></LineString>
<LineString><altitudeMode>absolute</altitudeMode><coordinates>
13.04986751,47.52180047,2010.71
13.04984595,47.52180496,2010.48
</coordinates></LineString>
<LineString><altitudeMode>absolute</altitudeMode><coordinates>
13.04298338,47.52773331,2090.00
13.04309491,47.52774934,2083.12
13.04320930,47.52773861,2076.38
13.04321934,47.52777234,2075.59
13.04328549,47.52777608,2069.35
13.04334091,47.52777559,2068.82
13.04338537,47.52776267,2067.44
13.04345738,47.52780889,2066.02
13.04369538,47.52783257,2062.27
13.04372159,47.52787792,2061.05
13.04378429,47.52792803,2061.17
13.04391387,47.52793393,2059.62
13.04390889,47.52789641,2061.75
13.04393797,47.52787558,2059.51
13.04397369,47.52783660,2057.21
13.04391570,47.52780267,2059.49
13.04394163,47.52777702,2060.80
13.04397940,47.52779395,2061.96
13.04400018,47.52782094,2060.03
13.04408581,47.52780828,2059.93
13.04413615,47.52785881,2062.37
</coordinates></LineString>
<LineString><altitudeMode>absolute</altitudeMode><coordinates>
13.04393797,47.52787558,2059.51
13.04401723,47.52787333,2055.85
</coordinates></LineString>
<LineString><altitudeMode>absolute</altitudeMode><coordinates>
13.04391570,47.52780267,2059.49
13.04388963,47.52782841,2058.18
13.04379760,47.52779877,2055.28
13.04375298,47.52780539,2053.67
13.04370430,47.52776757,2054.10
13.04367032,47.52773460,2054.67
13.04369600,47.52771938,2053.83
13.04375638,47.52771762,2048.51
13.04370234,47.52769168,2045.97
</coordinates></LineString>
<LineString><altitudeMode>absolute</altitudeMode><coordinates>
13.04369600,47.52771938,2053.83
13.04370884,47.52768145,2054.66
13.04369172,47.52764876,2056.33
13.04369852,47.52764447,2057.03
13.04376440,47.52761644,2052.34
13.04374344,47.52758323,2047.49
</coordinates></LineString>
<LineString><altitudeMode>absolute</altitudeMode><coordinates>
13.04369852,47.52764447,2057.03
13.04369852,47.52764447,2057.93
13.04368225,47.52763555,2059.61
13.04363120,47.52759716,2056.80
13.04355162,47.52765060,2055.73
13.04345180,47.52767337,2051.69
13.04339844,47.52764690,2052.08
13.04337995,47.52756560,2045.44
13.04331813,47.52755600,2044.99
</coordinates></LineString>
<LineString><altitudeMode>absolute</altitudeMode><coordinates>
13.04345180,47.52767337,2051.69
13.04341956,47.52765059,2050.24
13.04338134,47.52769241,2053.94
13.04326223,47.52765853,2048.60
</coordinates></LineString>
<LineString><altitudeMode>absolute</altitudeMode><coordinates>
13.04365444,47.52627587,2048.24
13.04372805,47.52625418,2050.26
13.04377661,47.52626662,2050.45
</coordinates></LineString>
<LineString><altitudeMode>absolute</altitudeMode><coordinates>
13.04348203,47.52617133,2042.65
13.04338296,47.52611700,2048.03
13.04335295,47.52609867,2049.32
</coordinates></LineString>
<LineString><altitudeMode>absolute</altitudeMode><coordinates>
13.04348203,47.52617133,2042.65
13.04338196,47.52629722,2052.69
</coordinates></LineString>
<LineString><altitudeMode>absolute</altitudeMode><coordinates>
13.04338521,47.52617787,2042.56
13.04332878,47.52620912,2045.85
</coordinates></LineString>
<LineString><altitudeMode>absolute</altitudeMode><coordinates>
13.04337352,47.52620278,2033.30
13.04337300,47.52623822,2032.88
</coordinates></LineString>
<LineString><altitudeMode>absolute</altitudeMode><coordinates>
13.04327401,47.52625651,2025.24
13.04324916,47.52626382,2024.39
13.04318745,47.52627978,2022.16
13.04308219,47.52628464,2017.17
13.04301763,47.52630216,2015.19
13.04300998,47.52627234,2014.39
13.04295567,47.52628221,2013.54
13.04293747,47.52625004,2012.56
13.04291634,47.52624311,2012.81
13.04290951,47.52620169,2011.85
13.04286069,47.52618196,2011.60
13.04284688,47.52616031,2013.46
13.04286242,47.52614969,2014.96
13.04282808,47.52614433,2017.19
13.04285392,47.52605335,2019.86
13.04282673,47.52605217,2019.37
13.04282195,47.52601996,2018.93
13.04283892,47.52601368,2016.80
13.04285793,47.52600267,2016.46
</coordinates></LineString>
<LineString><altitudeMode>absolute</altitudeMode><coordinates>
13.04318745,47.52627978,2022.16
13.04319816,47.52628842,2020.12
</coordinates></LineString>
<LineString><altitudeMode>absolute</altitudeMode><coordinates>
13.04286069,47.52618196,2011.60
13.04286477,47.52622244,2008.53
13.04287027,47.52621740,2007.02
13.04287824,47.52623176,2005.88
</coordinates></LineString>
<LineString><altitudeMode>absolute</altitudeMode><coordinates>
13.04282673,47.52605217,2019.37
13.04283632,47.52605152,2020.20
13.04282028,47.52605764,2021.33
13.04279830,47.52604142,2022.77
</coordinates></LineString>
<LineString><altitudeMode>absolute</altitudeMode><coordinates>
13.04279830,47.52604142,2022.77
13.04274032,47.52603216,2024.81
13.04273785,47.52605227,2025.93
</coordinates></LineString>
<LineString><altitudeMode>absolute</altitudeMode><coordinates>
13.04282808,47.52614433,2017.19
13.04281595,47.52617058,2018.79
13.04277384,47.52618831,2020.28
</coordinates></LineString>
<LineString><altitudeMode>absolute</altitudeMode><coordinates>
13.05030005,47.52313338,2075.00
13.05029408,47.52310448,2074.38
13.05022090,47.52310044,2071.57
13.05010922,47.52313157,2071.71
13.05008230,47.52311599,2070.56
13.04993837,47.52306010,2070.75
13.04981055,47.52306809,2075.12
13.04984309,47.52299306,2069.98
13.04990857,47.52298247,2065.91
13.04987650,47.52295529,2066.40
13.04977326,47.52300258,2065.96
13.04976122,47.52308714,2058.87
13.04969213,47.52312321,2058.25
13.04974304,47.52313695,2057.46
13.04980936,47.52318973,2041.09
13.04975994,47.52316108,2039.33
13.04970160,47.52315091,2040.88
13.04969905,47.52311235,2044.78
13.04966525,47.52313895,2045.66
13.04957032,47.52304061,2048.15
13.04950817,47.52295406,2048.32
13.04947279,47.52288723,2048.69
13.04939705,47.52283403,2051.22
13.04937869,47.52274517,2051.85
13.04948645,47.52270525,2059.49
13.04956452,47.52265250,2063.89
13.04970056,47.52260208,2066.69
13.04967508,47.52256934,2065.14
13.04967155,47.52251745,2063.94
13.04972128,47.52249472,2062.63
13.04975174,47.52249731,2060.01
13.04975174,47.52249731,2053.01
</coordinates></LineString>
<LineString><altitudeMode>absolute</altitudeMode><coordinates>
13.04937869,47.52274517,2051.85
13.04935452,47.52269140,2053.24
13.04930598,47.52262119,2058.71
13.04929639,47.52260384,2057.93
13.04920961,47.52261208,2054.16
13.04914407,47.52262051,2056.15
13.04904448,47.52262997,2058.74
13.04900202,47.52260009,2057.40
13.04902947,47.52257627,2058.38
13.04904230,47.52256353,2051.70
13.04905970,47.52257075,2046.94
13.04910225,47.52251227,2035.91
13.04906039,47.52252352,2036.12
13.04903536,47.52252130,2036.21
13.04902493,47.52249808,2036.17
13.04897090,47.52250085,2036.56
13.04892383,47.52248394,2037.79
13.04866189,47.52254418,2029.54
13.04861712,47.52254081,2027.24
13.04856320,47.52255456,2024.76
13.04852424,47.52253770,2025.15
13.04851161,47.52254522,2024.17
13.04848550,47.52253650,2024.88
13.04841054,47.52249815,2024.32
13.04831925,47.52252026,2021.56
13.04826537,47.52250090,2021.27
13.04825539,47.52254788,2018.03
13.04819177,47.52250469,2013.43
13.04822298,47.52244034,2010.44
13.04827029,47.52243988,2008.63
</coordinates></LineString>
<LineString><altitudeMode>absolute</altitudeMode><coordinates>
13.04914407,47.52262051,2056.15
13.04914407,47.52262051,2056.95
13.04919631,47.52255877,2067.14
13.04917037,47.52253817,2065.36
13.04911075,47.52251241,2068.74
13.04907057,47.52251407,2068.11
13.04900197,47.52261215,2072.67
13.04897851,47.52262858,2072.10
13.04897177,47.52265996,2070.02
13.04891972,47.52267014,2069.63
13.04895095,47.52264116,2068.67
13.04892642,47.52264713,2067.67
13.04894069,47.52268498,2065.63
13.04891609,47.52273559,2063.81
13.04890101,47.52276251,2063.81
</coordinates></LineString>
<LineString><altitudeMode>absolute</altitudeMode><coordinates>
13.04891972,47.52267014,2069.63
13.04878405,47.52268898,2077.72
</coordinates></LineString>
<LineString><altitudeMode>absolute</altitudeMode><coordinates>
13.04956452,47.52265250,2063.89
13.04957256,47.52262213,2060.25
13.04959808,47.52257874,2060.25
</coordinates></LineString>
<LineString><altitudeMode>absolute</altitudeMode><coordinates>
13.04993837,47.52306010,2070.75
13.04990776,47.52295051,2069.19
</coordinates></LineString>
<LineString><altitudeMode>absolute</altitudeMode><coordinates>
13.04726668,47.52283330,2140.00
13.04706406,47.52277352,2134.59
13.04708155,47.52272460,2137.01
13.04708569,47.52269524,2139.64
</coordinates></LineString>
<LineString><altitudeMode>absolute</altitudeMode><coordinates>
13.04706406,47.52277352,2134.59
13.04696517,47.52272468,2137.91
13.04689182,47.52265370,2139.75
</coordinates></LineString>
<LineString><altitudeMode>absolute</altitudeMode><coordinates>
13.04706406,47.52277352,2134.59
13.04697267,47.52285565,2137.91
13.04693779,47.52291471,2142.25
</coordinates></LineString>
<LineString><altitudeMode>absolute</altitudeMode><coordinates>
13.04346473,47.53908084,1925.78
13.04347245,47.53906270,1922.15
13.04348698,47.53903298,1921.08
13.04349680,47.53904044,1919.77
13.04351635,47.53903646,1917.10
13.04362016,47.53901411,1911.57
</coordinates></LineString>
<LineString><altitudeMode>absolute</altitudeMode><coordinates>
13.04321887,47.53898171,1941.40
13.04324777,47.53906202,1942.69
13.04324238,47.53911052,1943.74
</coordinates></LineString>
<LineString><altitudeMode>absolute</altitudeMode><coordinates>
13.04324777,47.53906202,1942.69
13.04328528,47.53907876,1945.15
</coordinates></LineString>
<LineString><altitudeMode>absolute</altitudeMode><coordinates>
13.04359365,47.53920532,1919.79
13.04352639,47.53919869,1919.63
13.04348466,47.53923442,1918.42
13.04352602,47.53925501,1917.74
</coordinates></LineString>
<LineString><altitudeMode>absolute</altitudeMode><coordinates>
13.04401165,47.53956744,1884.95
13.04401165,47.53956744,1880.05
</coordinates></LineString>
<LineString><altitudeMode>absolute</altitudeMode><coordinates>
13.04348466,47.53923442,1918.42
13.04345752,47.53924241,1915.02
</coordinates></LineString>
<LineString><altitudeMode>absolute</altitudeMode><coordinates>
13.04345752,47.53924241,1915.02
13.04343901,47.53924345,1914.92
13.04341836,47.53926640,1914.01
13.04341836,47.53926640,1912.81
13.04338423,47.53927662,1911.50
13.04337484,47.53926449,1911.21
13.04329948,47.53924368,1908.22
13.04329295,47.53925490,1907.95
13.04327169,47.53926192,1907.30
13.04324629,47.53928011,1905.83
13.04319339,47.53928758,1905.25
13.04317681,47.53929395,1904.82
13.04317439,47.53930561,1904.47
13.04314711,47.53931369,1904.23
13.04314439,47.53931545,1900.99
13.04305823,47.53925234,1900.99
</coordinates></LineString>
<LineString><altitudeMode>absolute</altitudeMode><coordinates>
13.04314439,47.53931545,1900.99
13.04318191,47.53933201,1899.77
13.04315781,47.53934762,1899.68
13.04320131,47.53937842,1898.14
13.04320131,47.53937842,1885.49
</coordinates></LineString>
<LineString><altitudeMode>absolute</altitudeMode><coordinates>
13.04441203,47.54012461,1778.51
13.04443779,47.54017877,1780.94
</coordinates></LineString>
<LineString><altitudeMode>absolute</altitudeMode><coordinates>
13.04452463,47.54023064,1769.07
13.04450650,47.54026786,1769.07
</coordinates></LineString>
<LineString><altitudeMode>absolute</altitudeMode><coordinates>
13.04452463,47.54023064,1769.07
13.04454130,47.54020771,1769.07
</coordinates></LineString>
<LineString><altitudeMode>absolute</altitudeMode><coordinates>
13.04514851,47.54056352,1744.77
13.04516990,47.54056019,1740.69
</coordinates></LineString>
<LineString><altitudeMode>absolute</altitudeMode><coordinates>
13.04498297,47.54048052,1760.79
13.04496222,47.54044156,1761.52
13.04499260,47.54038584,1764.45
13.04497538,47.54037736,1767.61
</coordinates></LineString>
<LineString><altitudeMode>absolute</altitudeMode><coordinates>
13.04492831,47.54062446,1758.29
13.04494799,47.54060635,1756.34
13.04484219,47.54058547,1764.07
</coordinates></LineString>
<LineString><altitudeMode>absolute</altitudeMode><coordinates>
13.04495763,47.54081509,1763.25
13.04496934,47.54086110,1764.84
13.04495762,47.54088681,1763.63
13.04496209,47.54091685,1762.54
</coordinates></LineString>
<LineString><altitudeMode>absolute</altitudeMode><coordinates>
13.04542924,47.54085850,1716.94
13.04535875,47.54086000,1716.94
13.04536951,47.54080286,1716.94
</coordinates></LineString>
<LineString><altitudeMode>absolute</altitudeMode><coordinates>
13.04561173,47.54103258,1716.70
13.04561173,47.54103258,1713.20
</coordinates></LineString>
<LineString><altitudeMode>absolute</altitudeMode><coordinates>
13.04546228,47.54087751,1715.54
13.04546228,47.54087751,1711.94
</coordinates></LineString>
<LineString><altitudeMode>absolute</altitudeMode><coordinates>
13.04429146,47.53975074,1811.27
13.04427522,47.53973364,1811.62
13.04422444,47.53967347,1811.76
13.04423783,47.53964221,1811.63
13.04419528,47.53955726,1811.81
13.04415927,47.53937848,1811.81
13.04417462,47.53938378,1811.55
13.04416313,47.53930691,1811.55
13.04409263,47.53921231,1814.06
</coordinates></LineString>
<LineString><altitudeMode>absolute</altitudeMode><coordinates>
13.03979998,47.53605003,1971.00
13.03979186,47.53603981,1970.12
13.03982667,47.53600415,1970.05
13.03987735,47.53602058,1968.30
13.03996563,47.53610127,1962.39
13.03998509,47.53614597,1960.52
13.04001288,47.53616318,1960.65
13.04001523,47.53616088,1961.30
13.04007251,47.53614638,1959.31
13.04012032,47.53609348,1958.44
13.04011353,47.53605836,1958.88
13.04014614,47.53606045,1957.81
13.04018187,47.53603586,1955.20
13.04028599,47.53605141,1950.62
13.04032740,47.53604924,1950.42
13.04032757,47.53603035,1948.95
13.04033347,47.53602190,1941.66
13.04035003,47.53601237,1942.00
13.04035588,47.53599088,1937.04
13.04033762,47.53598877,1936.75
13.04032803,47.53600732,1933.93
13.04032340,47.53600688,1932.25
13.04032264,47.53602720,1931.93
13.04036471,47.53602135,1929.33
13.04037866,47.53602159,1928.22
</coordinates></LineString>
<LineString><altitudeMode>absolute</altitudeMode><coordinates>
13.04032757,47.53603035,1948.95
13.04038080,47.53604601,1950.68
13.04032656,47.53604311,1954.52
</coordinates></LineString>
<LineString><altitudeMode>absolute</altitudeMode><coordinates>
13.04038080,47.53604601,1950.68
13.04038112,47.53607310,1951.10
</coordinates></LineString>
<LineString><altitudeMode>absolute</altitudeMode><coordinates>
13.04038080,47.53604601,1950.68
13.04037796,47.53603319,1948.15
</coordinates></LineString>
<LineString><altitudeMode>absolute</altitudeMode><coordinates>
13.04028599,47.53605141,1950.62
13.04028280,47.53606215,1951.73
13.04028722,47.53609327,1957.02
</coordinates></LineString>
<LineString><altitudeMode>absolute</altitudeMode><coordinates>
13.04028599,47.53605141,1950.62
13.04025234,47.53602744,1956.42
</coordinates></LineString>
<LineString><altitudeMode>absolute</altitudeMode><coordinates>
13.04011353,47.53605836,1958.88
13.04008005,47.53606166,1960.78
</coordinates></LineString>
<LineString><altitudeMode>absolute</altitudeMode><coordinates>
13.04012032,47.53609348,1958.44
13.04002543,47.53609411,1962.08
</coordinates></LineString>
<LineString><altitudeMode>absolute</altitudeMode><coordinates>
13.04001523,47.53616088,1961.30
13.04002669,47.53624197,1960.30
13.04003279,47.53627798,1959.54
13.04003472,47.53630816,1958.08
</coordinates></LineString>
<LineString><altitudeMode>absolute</altitudeMode><coordinates>
13.03982667,47.53600415,1970.05
13.03981180,47.53601829,1974.51
</coordinates></LineString>
<LineString><altitudeMode>absolute</altitudeMode><coordinates>
13.04001288,47.53616318,1960.65
13.03994919,47.53619998,1968.03
13.03993203,47.53623271,1969.22
</coordinates></LineString>
<LineString><altitudeMode>absolute</altitudeMode><coordinates>
13.03888328,47.53071667,2130.00
13.03886070,47.53072006,2128.78
13.03885223,47.53072631,2128.70
13.03883077,47.53073170,2128.39
13.03882796,47.53072877,2128.01
13.03881154,47.53072732,2127.67
13.03879798,47.53072025,2127.79
13.03878295,47.53072449,2126.03
13.03877380,47.53070958,2126.87
13.03874769,47.53071507,2125.42
13.03874175,47.53072478,2125.00
13.03874175,47.53072478,2118.24
13.03869989,47.53072847,2120.07
13.03867530,47.53074659,2119.83
13.03861041,47.53074458,2117.01
13.03861041,47.53074458,2113.15
13.03858997,47.53074396,2113.71
13.03856661,47.53075399,2113.15
13.03855894,47.53075665,2111.75
13.03856037,47.53076451,2112.20
13.03853312,47.53077205,2111.60
13.03852848,47.53078583,2111.18
13.03851139,47.53078095,2109.63
13.03850076,47.53078472,2109.63
13.03847868,47.53077094,2109.02
13.03844521,47.53077801,2107.79
13.03841944,47.53077415,2096.57
13.03836148,47.53075363,2088.04
13.03836026,47.53074722,2079.82
13.03837138,47.53075902,2081.67
13.03837804,47.53077974,2072.86
13.03837971,47.53080641,2056.03
13.03837004,47.53085555,2040.88
</coordinates></LineString>
<LineString><altitudeMode>absolute</altitudeMode><coordinates>
13.03836026,47.53074722,2079.82
13.03834930,47.53071329,2084.42
13.03834930,47.53071329,2069.51
13.03835753,47.53069580,2069.15
13.03833752,47.53070139,2067.20
13.03833752,47.53070139,2041.96
</coordinates></LineString>
<LineString><altitudeMode>absolute</altitudeMode><coordinates>
13.03841944,47.53077415,2096.57
13.03837374,47.53078822,2092.52
13.03835606,47.53081698,2090.52
13.03838968,47.53084185,2091.52
13.03838757,47.53085216,2091.21
13.03838622,47.53087392,2089.18
13.03840540,47.53091555,2089.69
13.03836950,47.53093770,2087.13
13.03836673,47.53097976,2085.43
13.03835754,47.53102658,2082.98
13.03839470,47.53101354,2082.98
13.03845406,47.53103921,2083.44
13.03848187,47.53107730,2080.60
13.03848187,47.53107730,2069.40
13.03849907,47.53109703,2069.76
13.03849256,47.53119338,2070.51
13.03847879,47.53126315,2064.83
13.03849273,47.53130280,2065.38
13.03847726,47.53132908,2067.59
13.03845859,47.53135945,2068.78
13.03841241,47.53139006,2067.38
13.03841072,47.53143170,2066.90
13.03846114,47.53148349,2061.70
13.03858285,47.53146542,2064.39
13.03871571,47.53145851,2063.51
13.03880750,47.53144478,2067.43
13.03884770,47.53144277,2068.66
13.03889259,47.53142896,2069.86
13.03893528,47.53137804,2073.32
13.03903200,47.53141380,2074.34
13.03905781,47.53140587,2080.21
13.03910985,47.53132137,2086.82
13.03919717,47.53133141,2090.37
13.03922975,47.53134834,2091.55
13.03928334,47.53134368,2094.10
13.03930830,47.53137254,2092.44
13.03932767,47.53138412,2092.61
13.03937755,47.53138624,2094.45
13.03940710,47.53140600,2093.78
13.03945684,47.53138705,2095.26
13.03951214,47.53140041,2092.05
13.03953490,47.53140998,2086.18
13.03957857,47.53140767,2077.61
13.03958286,47.53140297,2076.82
</coordinates></LineString>
<LineString><altitudeMode>absolute</altitudeMode><coordinates>
13.03958286,47.53140297,2076.82
13.03951965,47.53137004,2075.44
13.03946346,47.53134838,2079.52
13.03942593,47.53133937,2083.96
13.03940975,47.53133846,2084.46
13.03939820,47.53130272,2085.62
13.03936520,47.53128614,2086.17
13.03934560,47.53126664,2085.00
13.03931551,47.53122914,2084.16
13.03931531,47.53120241,2087.03
13.03930936,47.53118396,2089.13
13.03929396,47.53115859,2088.60
</coordinates></LineString>
<LineString><altitudeMode>absolute</altitudeMode><coordinates>
13.03931531,47.53120241,2087.03
13.03929659,47.53119840,2086.77
13.03928571,47.53119453,2085.67
13.03927569,47.53120327,2085.67
13.03923151,47.53121565,2083.15
</coordinates></LineString>
<LineString><altitudeMode>absolute</altitudeMode><coordinates>
13.03838757,47.53085216,2091.21
13.03847434,47.53085905,2073.17
</coordinates></LineString>
<LineString><altitudeMode>absolute</altitudeMode><coordinates>
13.03836950,47.53093770,2087.13
13.03835122,47.53093253,2087.00
13.03832252,47.53091125,2081.87
</coordinates></LineString>
<LineString><altitudeMode>absolute</altitudeMode><coordinates>
13.03928334,47.53134368,2094.10
13.03929455,47.53132453,2093.13
13.03928377,47.53131417,2096.01
</coordinates></LineString>
<LineString><altitudeMode>absolute</altitudeMode><coordinates>
13.03958286,47.53140297,2076.82
13.03961413,47.53136976,2075.23
13.03963300,47.53138377,2072.21
13.03966038,47.53140142,2071.18
</coordinates></LineString>
<LineString><altitudeMode>absolute</altitudeMode><coordinates>
13.03963300,47.53138377,2072.21
13.03957858,47.53136448,2072.62
</coordinates></LineString>
<LineString><altitudeMode>absolute</altitudeMode><coordinates>
13.03835606,47.53081698,2090.52
13.03826829,47.53076230,2084.23
13.03822692,47.53076348,2083.10
13.03824453,47.53072608,2081.51
13.03817637,47.53069054,2080.94
13.03813732,47.53067952,2080.67
13.03809632,47.53067072,2079.49
13.03809535,47.53065406,2077.93
13.03811267,47.53063150,2082.83
13.03805852,47.53059773,2081.86
13.03805852,47.53059773,2076.96
</coordinates></LineString>
<LineString><altitudeMode>absolute</altitudeMode><coordinates>
13.03805852,47.53059773,2081.86
13.03805037,47.53059894,2080.51
13.03799840,47.53060669,2078.19
</coordinates></LineString>
<LineString><altitudeMode>absolute</altitudeMode><coordinates>
13.04264996,47.53385003,1978.00
13.04268495,47.53385252,1973.48
</coordinates></LineString>
<LineString><altitudeMode>absolute</altitudeMode><coordinates>
13.04268495,47.53385252,1973.48
13.04271480,47.53384646,1970.93
</coordinates></LineString>
<LineString><altitudeMode>absolute</altitudeMode><coordinates>
13.04271480,47.53384646,1970.93
13.04273354,47.53387854,1970.36
</coordinates></LineString>
<LineString><altitudeMode>absolute</altitudeMode><coordinates>
13.04273354,47.53387854,1970.36
13.04267518,47.53387944,1967.57
</coordinates></LineString>
<LineString><altitudeMode>absolute</altitudeMode><coordinates>
13.04267518,47.53387944,1967.57
13.04266595,47.53389161,1966.63
</coordinates></LineString>
<LineString><altitudeMode>absolute</altitudeMode><coordinates>
13.04266595,47.53389161,1966.63
13.04269265,47.53388837,1961.61
</coordinates></LineString>
<LineString><altitudeMode>absolute</altitudeMode><coordinates>
13.04269265,47.53388837,1961.61
13.04272852,47.53389924,1954.72
</coordinates></LineString>
<LineString><altitudeMode>absolute</altitudeMode><coordinates>
13.04272852,47.53389924,1954.72
13.04273985,47.53393021,1948.58
</coordinates></LineString>
<LineString><altitudeMode>absolute</altitudeMode><coordinates>
13.04273985,47.53393021,1948.58
13.04275584,47.53394686,1940.12
</coordinates></LineString>
<LineString><altitudeMode>absolute</altitudeMode><coordinates>
13.04275584,47.53394686,1940.12
13.04277742,47.53393841,1938.50
</coordinates></LineString>
<LineString><altitudeMode>absolute</altitudeMode><coordinates>
13.04273985,47.53393021,1948.58
13.04273985,47.53393021,1948.58
13.04274575,47.53395038,1947.55
</coordinates></LineString>
<LineString><altitudeMode>absolute</altitudeMode><coordinates>
13.04266595,47.53389161,1966.63
13.04266595,47.53389161,1966.63
</coordinates></LineString>
<LineString><altitudeMode>absolute</altitudeMode><coordinates>
13.04266595,47.53389161,1966.63
13.04265124,47.53390863,1965.16
</coordinates></LineString>
<LineString><altitudeMode>absolute</altitudeMode><coordinates>
13.04265124,47.53390863,1965.16
13.04265599,47.53391294,1964.01
</coordinates></LineString>
<LineString><altitudeMode>absolute</altitudeMode><coordinates>
13.04268495,47.53385252,1973.48
13.04268495,47.53385252,1973.48
13.04264394,47.53382626,1973.47
</coordinates></LineString>
<LineString><altitudeMode>absolute</altitudeMode><coordinates>
13.04271480,47.53384646,1970.93
13.04271480,47.53384646,1970.93
13.04273119,47.53385232,1970.35
</coordinates></LineString>
<LineString><altitudeMode>absolute</altitudeMode><coordinates>
13.04273119,47.53385232,1970.35
13.04272667,47.53384531,1973.72
13.04273484,47.53384365,1974.19
</coordinates></LineString>
<LineString><altitudeMode>absolute</altitudeMode><coordinates>
13.04286169,47.53156005,2044.00
13.04290526,47.53158167,2039.32
13.04293250,47.53154254,2037.48
13.04301528,47.53152452,2033.38
13.04304521,47.53144485,2026.74
13.04311228,47.53145634,2024.53
13.04325722,47.53146026,2030.10
</coordinates></LineString>
<LineString><altitudeMode>absolute</altitudeMode><coordinates>
13.04293250,47.53154254,2037.48
13.04300363,47.53159459,2033.63
13.04305819,47.53162819,2029.88
13.04305819,47.53162819,2028.98
13.04321403,47.53161762,2027.74
</coordinates></LineString>
<LineString><altitudeMode>absolute</altitudeMode><coordinates>
13.04300363,47.53159459,2033.63
13.04296405,47.53159779,2044.83
</coordinates></LineString>
<LineString><altitudeMode>absolute</altitudeMode><coordinates>
13.09298338,47.54635002,1601.00
13.09298338,47.54635002,1551.00
</coordinates></LineString>
<LineString><altitudeMode>absolute</altitudeMode><coordinates>
13.03466663,47.53647163,2007.00
13.03466560,47.53648502,2003.12
13.03462160,47.53649948,1999.43
13.03459923,47.53651511,1997.11
13.03458906,47.53652420,1995.64
13.03453316,47.53654421,1991.51
13.03453206,47.53655238,1991.02
</coordinates></LineString>
<LineString><altitudeMode>absolute</altitudeMode><coordinates>
13.03497163,47.53627836,2025.00
13.03489756,47.53620888,2013.23
13.03481740,47.53612796,1998.87
13.03482539,47.53613818,1996.74
13.03484001,47.53609191,1999.08
13.03487097,47.53608479,1994.64
</coordinates></LineString>
<LineString><altitudeMode>absolute</altitudeMode><coordinates>
13.03484001,47.53609191,1999.08
13.03492189,47.53608035,2003.65
</coordinates></LineString>
<LineString><altitudeMode>absolute</altitudeMode><coordinates>
13.03482539,47.53613818,1996.74
13.03478961,47.53617824,1994.20
13.03479786,47.53620285,1995.57
13.03479511,47.53621603,1992.55
</coordinates></LineString>
<LineString><altitudeMode>absolute</altitudeMode><coordinates>
13.03811666,47.53608333,1968.00
13.03811538,47.53610706,1966.15
13.03811982,47.53620153,1954.48
13.03811266,47.53620483,1945.22
13.03816885,47.53618023,1938.54
13.03817584,47.53619592,1932.18
13.03816324,47.53618814,1929.54
13.03815997,47.53619025,1928.37
13.03812991,47.53619837,1905.15
13.03810747,47.53616577,1901.55
13.03807381,47.53621676,1897.97
13.03804973,47.53629238,1897.52
13.03800048,47.53630180,1897.38
13.03800048,47.53630180,1894.48
</coordinates></LineString>
<LineString><altitudeMode>absolute</altitudeMode><coordinates>
13.03804973,47.53629238,1897.52
13.03800442,47.53628522,1897.52
</coordinates></LineString>
<LineString><altitudeMode>absolute</altitudeMode><coordinates>
13.03817584,47.53619592,1932.18
13.03819247,47.53620610,1932.18
13.03819247,47.53620610,1927.78
13.03819861,47.53624094,1927.78
</coordinates></LineString>
<LineString><altitudeMode>absolute</altitudeMode><coordinates>
13.03772167,47.53641670,1954.00
13.03774846,47.53641446,1951.20
13.03772133,47.53642228,1947.91
13.03771327,47.53640306,1946.47
13.03770499,47.53638654,1945.06
</coordinates></LineString>
<LineString><altitudeMode>absolute</altitudeMode><coordinates>
13.03771327,47.53640306,1946.47
13.03772077,47.53636234,1947.61
13.03770952,47.53631841,1948.75
13.03770472,47.53632607,1949.71
13.03768575,47.53631441,1947.64
13.03768467,47.53626868,1947.82
</coordinates></LineString>
<LineString><altitudeMode>absolute</altitudeMode><coordinates>
13.05735926,47.53485348,1492.22
13.05731857,47.53481121,1490.07
13.05736068,47.53473256,1472.58
13.05732422,47.53470882,1464.77
13.05737663,47.53468910,1453.03
13.05739601,47.53467881,1451.92
13.05739601,47.53467881,1434.88
13.05743641,47.53466429,1418.65
13.05746622,47.53469530,1404.30
13.05748560,47.53466710,1403.24
13.05753050,47.53469261,1391.11
13.05756707,47.53472787,1379.82
13.05758271,47.53466776,1369.75
13.05761881,47.53466162,1356.54
13.05764156,47.53462853,1355.60
13.05767281,47.53459172,1351.49
13.05778843,47.53455174,1342.70
13.05781871,47.53450546,1331.65
13.05783457,47.53451482,1330.37
13.05789118,47.53451479,1320.79
13.05792832,47.53451650,1319.61
13.05793994,47.53451112,1318.10
13.05795228,47.53451870,1311.63
13.05799788,47.53451102,1311.51
13.05803450,47.53451227,1307.98
13.05806567,47.53451037,1305.36
13.05808311,47.53453811,1302.93
13.05811096,47.53456126,1297.61
13.05809517,47.53457134,1287.34
13.05813350,47.53454436,1290.83
</coordinates></LineString>
<LineString><altitudeMode>absolute</altitudeMode><coordinates>
13.05813350,47.53454436,1290.83
13.05817692,47.53453799,1286.05
13.05817641,47.53452673,1284.55
13.05823539,47.53453439,1281.27
13.05828382,47.53450020,1271.77
13.05827423,47.53448996,1264.15
13.05832002,47.53448768,1264.09
13.05834856,47.53447773,1255.07
13.05840505,47.53449155,1254.28
13.05843643,47.53454130,1245.99
13.05852705,47.53453789,1233.14
13.05856234,47.53456431,1232.45
13.05861924,47.53460676,1230.38
13.05873357,47.53461607,1220.41
13.05875070,47.53462356,1218.44
13.05878302,47.53460809,1216.58
13.05881219,47.53459194,1214.74
13.05883464,47.53456316,1212.20
13.05885646,47.53453735,1215.39
13.05891837,47.53451581,1222.35
13.05894552,47.53449674,1225.39
13.05896729,47.53447201,1225.67
13.05898555,47.53446692,1221.58
13.05900884,47.53443717,1220.86
13.05902119,47.53443378,1214.52
13.05909683,47.53443632,1210.52
13.05912557,47.53443896,1205.13
13.05910053,47.53444763,1199.31
13.05906100,47.53448907,1190.54
13.05901707,47.53446601,1180.67
13.05901707,47.53446601,1176.67
</coordinates></LineString>
<LineString><altitudeMode>absolute</altitudeMode><coordinates>
13.05901707,47.53446601,1180.67
13.05897921,47.53445871,1181.46
13.05899911,47.53449189,1180.62
13.05901153,47.53451892,1181.06
13.05906162,47.53454082,1184.20
13.05905954,47.53456832,1185.08
13.05908809,47.53455081,1187.34
13.05912547,47.53453155,1187.28
13.05917527,47.53451431,1184.85
13.05917527,47.53451431,1180.90
13.05914553,47.53452793,1180.85
13.05917583,47.53457821,1179.68
13.05919079,47.53459430,1178.25
13.05917119,47.53459253,1169.81
13.05917881,47.53460912,1169.50
13.05919179,47.53464993,1160.00
13.05922087,47.53469361,1160.66
13.05928393,47.53468442,1145.69
</coordinates></LineString>
<LineString><altitudeMode>absolute</altitudeMode><coordinates>
13.05928393,47.53468442,1145.69
13.05935725,47.53473911,1145.69
13.05940608,47.53476972,1143.35
13.05947491,47.53478042,1140.15
13.05963321,47.53479705,1129.30
13.05966456,47.53482602,1128.67
13.05967009,47.53481657,1128.11
13.05971794,47.53479462,1125.70
13.05972002,47.53481013,1124.66
13.05972786,47.53482466,1124.24
13.05974971,47.53483376,1122.24
13.05977433,47.53483291,1122.07
13.05977240,47.53485277,1121.84
13.05974998,47.53486265,1120.32
13.05975857,47.53484228,1119.74
13.05979804,47.53485635,1118.45
</coordinates></LineString>
<LineString><altitudeMode>absolute</altitudeMode><coordinates>
13.05979804,47.53485635,1118.45
13.05982850,47.53488449,1109.74
13.05985484,47.53490500,1103.55
13.05988229,47.53494272,1100.63
13.05990262,47.53498230,1099.89
13.05992969,47.53499041,1090.24
13.05998175,47.53497671,1076.50
13.06001274,47.53492918,1072.30
13.06001260,47.53490038,1070.30
13.06002074,47.53487794,1065.25
13.05999104,47.53484027,1061.67
13.06000322,47.53482689,1057.74
13.06004506,47.53481302,1053.25
13.06004097,47.53479414,1049.73
13.06004447,47.53478206,1038.60
13.06007517,47.53476386,1032.56
13.06009423,47.53475509,1024.43
</coordinates></LineString>
<LineString><altitudeMode>absolute</altitudeMode><coordinates>
13.06004506,47.53481302,1053.25
13.06005998,47.53480823,1051.71
13.06006758,47.53481835,1050.10
13.06007261,47.53482617,1046.30
13.06009292,47.53481581,1041.04
</coordinates></LineString>
<LineString><altitudeMode>absolute</altitudeMode><coordinates>
13.05720377,47.53481836,1519.77
13.05719303,47.53480333,1519.66
13.05714018,47.53480603,1523.36
13.05713585,47.53477590,1524.38
13.05712256,47.53476884,1525.21
13.05700590,47.53466446,1536.16
</coordinates></LineString>
<LineString><altitudeMode>absolute</altitudeMode><coordinates>
13.05806567,47.53451037,1305.36
13.05806634,47.53449562,1304.63
13.05804890,47.53446797,1302.20
13.05804439,47.53446034,1297.92
13.05804127,47.53440476,1290.55
13.05800284,47.53440897,1288.99
13.05799257,47.53440277,1285.98
13.05801922,47.53439008,1284.73
13.05800156,47.53435748,1283.62
13.05799524,47.53432354,1279.68
13.05807202,47.53430945,1270.79
13.05805934,47.53429673,1269.42
13.05806933,47.53427800,1269.07
13.05809629,47.53425686,1267.75
13.05812161,47.53423318,1266.76
13.05817355,47.53420130,1266.85
13.05821154,47.53417630,1265.93
13.05822917,47.53416661,1263.29
13.05822113,47.53413606,1259.59
13.05827165,47.53410281,1254.28
13.05829274,47.53410020,1254.63
13.05832950,47.53409443,1241.28
13.05837782,47.53407041,1241.28
13.05839342,47.53406177,1242.47
13.05843755,47.53411525,1239.00
13.05840977,47.53413700,1238.55
13.05839876,47.53414735,1240.12
13.05837876,47.53416365,1242.65
13.05837842,47.53417661,1243.01
13.05843126,47.53414529,1238.88
13.05843693,47.53415375,1236.19
</coordinates></LineString>
<LineString><altitudeMode>absolute</altitudeMode><coordinates>
13.03821664,47.53303333,2040.00
13.03831009,47.53302881,2037.29
13.03833109,47.53302503,2034.96
13.03842325,47.53308320,2030.53
13.03848534,47.53303954,2033.25
13.03870163,47.53299735,2041.52
13.03875915,47.53299051,2045.34
</coordinates></LineString>
<LineString><altitudeMode>absolute</altitudeMode><coordinates>
13.03875915,47.53299051,2045.34
13.03880112,47.53299447,2045.12
13.03885025,47.53290271,2045.12
</coordinates></LineString>
<LineString><altitudeMode>absolute</altitudeMode><coordinates>
13.03885025,47.53290271,2045.12
13.03887316,47.53285478,2041.89
13.03893041,47.53281977,2045.52
</coordinates></LineString>
<LineString><altitudeMode>absolute</altitudeMode><coordinates>
13.04153332,47.53786664,1985.00
13.04165230,47.53792941,1980.41
13.04172030,47.53789458,1978.69
13.04172030,47.53789458,1977.29
13.04175987,47.53787042,1976.44
13.04175190,47.53780982,1973.98
</coordinates></LineString>
<LineString><altitudeMode>absolute</altitudeMode><coordinates>
13.05888335,47.53079997,2025.00
13.05884127,47.53078801,2021.44
13.05884127,47.53078801,1964.74
13.05882946,47.53081282,1963.69
13.05883028,47.53082660,1959.48
13.05880594,47.53083816,1957.07
13.05879269,47.53082993,1956.76
13.05879269,47.53082993,1944.90
13.05879269,47.53082993,1943.66
</coordinates></LineString>
<LineString><altitudeMode>absolute</altitudeMode><coordinates>
13.05879269,47.53082993,1944.90
13.05874103,47.53086163,1944.90
13.05874103,47.53086163,1927.46
13.05864487,47.53085730,1927.96
13.05862922,47.53087098,1928.86
13.05861978,47.53086398,1929.05
</coordinates></LineString>
<LineString><altitudeMode>absolute</altitudeMode><coordinates>
13.05861978,47.53086398,1929.05
13.05866359,47.53086850,1920.36
13.05870321,47.53088204,1888.55
</coordinates></LineString>
<LineString><altitudeMode>absolute</altitudeMode><coordinates>
13.05870321,47.53088204,1888.55
13.05870321,47.53088204,1869.39
13.05870696,47.53086330,1869.25
13.05870696,47.53086330,1856.06
13.05872808,47.53087050,1856.34
13.05872808,47.53087050,1848.91
13.05871147,47.53088875,1849.29
</coordinates></LineString>
<LineString><altitudeMode>absolute</altitudeMode><coordinates>
13.05870321,47.53088204,1888.55
13.05870321,47.53088204,1835.15
</coordinates></LineString>
<LineString><altitudeMode>absolute</altitudeMode><coordinates>
13.05870321,47.53088204,1835.15
13.05870258,47.53086305,1848.51
13.05868964,47.53082863,1845.64
13.05868964,47.53082863,1836.40
13.05867483,47.53080517,1836.35
13.05867483,47.53080517,1827.60
13.05868587,47.53076873,1829.44
13.05863513,47.53077561,1828.32
</coordinates></LineString>
<LineString><altitudeMode>absolute</altitudeMode><coordinates>
13.05870321,47.53088204,1835.15
13.05865241,47.53090134,1834.85
13.05864410,47.53092846,1833.28
13.05861528,47.53094624,1830.90
13.05859667,47.53091389,1831.04
13.05855449,47.53094818,1825.72
13.05853448,47.53096098,1825.16
13.05853448,47.53096098,1797.36
13.05845522,47.53099896,1794.99
13.05845522,47.53099896,1784.79
13.05846015,47.53108147,1782.84
13.05846015,47.53108147,1775.44
13.05845265,47.53110816,1774.22
13.05840643,47.53111493,1773.91
13.05840453,47.53112336,1773.55
13.05842487,47.53113747,1773.58
13.05842487,47.53113747,1769.88
13.05844022,47.53115690,1768.58
13.05838879,47.53118248,1770.73
</coordinates></LineString>
<LineString><altitudeMode>absolute</altitudeMode><coordinates>
13.04994290,47.53332499,1806.80
13.04994290,47.53332499,1796.17
</coordinates></LineString>
<LineString><altitudeMode>absolute</altitudeMode><coordinates>
13.04961147,47.53346638,1832.63
13.04960378,47.53346220,1831.46
13.04959261,47.53346966,1830.42
13.04959109,47.53346406,1814.03
13.04965300,47.53342849,1813.41
13.04973691,47.53343738,1813.27
</coordinates></LineString>
<LineString><altitudeMode>absolute</altitudeMode><coordinates>
13.04959109,47.53346406,1814.03
13.04955573,47.53342512,1813.15
</coordinates></LineString>
<LineString><altitudeMode>absolute</altitudeMode><coordinates>
13.04959109,47.53346406,1814.03
13.04954723,47.53351100,1814.84
</coordinates></LineString>
<LineString><altitudeMode>absolute</altitudeMode><coordinates>
13.04959109,47.53346406,1814.03
13.04958913,47.53346663,1818.38
13.04956107,47.53349252,1819.82
13.04953696,47.53354070,1813.14
13.04952213,47.53347836,1810.25
13.04954305,47.53347332,1810.61
13.04955579,47.53346292,1810.51
</coordinates></LineString>
<LineString><altitudeMode>absolute</altitudeMode><coordinates>
13.04953696,47.53354070,1813.14
13.04961015,47.53356274,1812.29
13.04957254,47.53362373,1816.83
13.04954827,47.53362260,1816.89
13.04953813,47.53365950,1817.81
13.04954040,47.53365567,1819.11
13.04954438,47.53367023,1818.82
13.04954334,47.53367309,1818.44
13.04956499,47.53368416,1819.30
13.04958709,47.53370812,1816.87
13.04957618,47.53372278,1816.32
</coordinates></LineString>
<LineString><altitudeMode>absolute</altitudeMode><coordinates>
13.04942297,47.53383058,1830.26
13.04929249,47.53383412,1839.31
13.04934453,47.53386389,1851.61
</coordinates></LineString>
<LineString><altitudeMode>absolute</altitudeMode><coordinates>
13.04929249,47.53383412,1839.31
13.04926468,47.53386748,1840.89
13.04928398,47.53388806,1841.43
13.04926195,47.53392304,1840.20
13.04926754,47.53391576,1837.66
13.04927560,47.53395279,1831.93
13.04922835,47.53400148,1833.55
</coordinates></LineString>
<LineString><altitudeMode>absolute</altitudeMode><coordinates>
13.04927560,47.53395279,1831.93
13.04927497,47.53395521,1830.48
13.04926916,47.53397950,1830.10
13.04928736,47.53397954,1827.62
13.04932083,47.53389750,1826.46
</coordinates></LineString>
<LineString><altitudeMode>absolute</altitudeMode><coordinates>
13.04928736,47.53397954,1827.62
13.04926684,47.53400978,1827.98
13.04930207,47.53401992,1828.94
</coordinates></LineString>
<LineString><altitudeMode>absolute</altitudeMode><coordinates>
13.04926684,47.53400978,1827.98
13.04922261,47.53400570,1827.10
13.04922925,47.53399142,1826.38
13.04920074,47.53399345,1836.39
</coordinates></LineString>
<LineString><altitudeMode>absolute</altitudeMode><coordinates>
13.04922925,47.53399142,1826.38
13.04923820,47.53399022,1818.45
</coordinates></LineString>
<LineString><altitudeMode>absolute</altitudeMode><coordinates>
13.04922925,47.53399142,1826.38
13.04927892,47.53402439,1820.73
</coordinates></LineString>
<LineString><altitudeMode>absolute</altitudeMode><coordinates>
13.04926684,47.53400978,1827.98
13.04928667,47.53400877,1828.44
13.04928021,47.53401820,1833.02
13.04931975,47.53402319,1834.19
13.04926093,47.53404001,1830.13
</coordinates></LineString>
<LineString><altitudeMode>absolute</altitudeMode><coordinates>
13.04931975,47.53402319,1834.19
13.04931520,47.53400620,1837.87
13.04934058,47.53400987,1838.09
13.04930179,47.53404889,1838.56
13.04921465,47.53398037,1846.15
</coordinates></LineString>
<LineString><altitudeMode>absolute</altitudeMode><coordinates>
13.04930179,47.53404889,1838.56
13.04919399,47.53409673,1834.74
13.04915219,47.53417052,1830.26
</coordinates></LineString>
<LineString><altitudeMode>absolute</altitudeMode><coordinates>
13.04919399,47.53409673,1834.74
13.04921068,47.53408738,1841.19
13.04920214,47.53412053,1844.84
13.04917084,47.53413332,1845.12
13.04916121,47.53413153,1838.11
13.04911937,47.53415251,1833.64
</coordinates></LineString>
<LineString><altitudeMode>absolute</altitudeMode><coordinates>
13.04916121,47.53413153,1838.11
13.04909691,47.53410974,1845.13
13.04909577,47.53409020,1847.73
13.04902865,47.53414097,1854.99
13.04904632,47.53418051,1854.95
13.04895083,47.53419346,1853.97
13.04894993,47.53420352,1851.86
13.04891755,47.53420603,1851.48
13.04886676,47.53420310,1849.47
13.04877133,47.53419338,1852.39
13.04874778,47.53420836,1855.49
13.04869457,47.53420296,1855.25
13.04866950,47.53421261,1855.18
</coordinates></LineString>
<LineString><altitudeMode>absolute</altitudeMode><coordinates>
13.04877133,47.53419338,1852.39
13.04876955,47.53415879,1853.10
13.04873969,47.53415441,1859.29
</coordinates></LineString>
<LineString><altitudeMode>absolute</altitudeMode><coordinates>
13.04877133,47.53419338,1852.39
13.04880246,47.53418500,1851.51
13.04896688,47.53416926,1834.78
13.04893488,47.53418293,1835.11
13.04889554,47.53416516,1836.61
13.04887681,47.53418302,1837.11
13.04885144,47.53416855,1836.34
13.04885149,47.53414921,1835.16
13.04878243,47.53413759,1833.05
13.04879255,47.53415504,1838.50
13.04874421,47.53415062,1838.38
13.04873925,47.53414820,1838.91
13.04872593,47.53416354,1841.68
</coordinates></LineString>
<LineString><altitudeMode>absolute</altitudeMode><coordinates>
13.04896688,47.53416926,1834.78
13.04898017,47.53417632,1833.01
13.04901573,47.53416334,1832.28
13.04903030,47.53419679,1831.81
13.04907170,47.53420911,1831.98
13.04909740,47.53418948,1829.79
13.04912809,47.53417173,1829.55
</coordinates></LineString>
<LineString><altitudeMode>absolute</altitudeMode><coordinates>
13.05007182,47.53335643,1776.87
13.05011088,47.53336357,1773.64
</coordinates></LineString>
<LineString><altitudeMode>absolute</altitudeMode><coordinates>
13.05011088,47.53336357,1773.64
13.05016272,47.53338461,1772.49
</coordinates></LineString>
<LineString><altitudeMode>absolute</altitudeMode><coordinates>
13.05016272,47.53338461,1772.49
13.05014636,47.53339216,1772.76
</coordinates></LineString>
<LineString><altitudeMode>absolute</altitudeMode><coordinates>
13.05014636,47.53339216,1772.76
13.05013929,47.53341453,1773.04
</coordinates></LineString>
<LineString><altitudeMode>absolute</altitudeMode><coordinates>
13.05013929,47.53341453,1773.04
13.05013106,47.53342852,1773.12
</coordinates></LineString>
<LineString><altitudeMode>absolute</altitudeMode><coordinates>
13.05013106,47.53342852,1773.12
13.05013113,47.53344454,1773.51
</coordinates></LineString>
<LineString><altitudeMode>absolute</altitudeMode><coordinates>
13.05013113,47.53344454,1773.51
13.05011647,47.53344924,1772.88
</coordinates></LineString>
<LineString><altitudeMode>absolute</altitudeMode><coordinates>
13.05011647,47.53344924,1772.88
13.05011425,47.53345919,1772.77
</coordinates></LineString>
<LineString><altitudeMode>absolute</altitudeMode><coordinates>
13.05011425,47.53345919,1772.77
13.05008746,47.53346125,1773.00
</coordinates></LineString>
<LineString><altitudeMode>absolute</altitudeMode><coordinates>
13.05008746,47.53346125,1773.00
13.05008231,47.53347124,1773.21
</coordinates></LineString>
<LineString><altitudeMode>absolute</altitudeMode><coordinates>
13.05008231,47.53347124,1773.21
13.05010104,47.53348209,1770.59
</coordinates></LineString>
<LineString><altitudeMode>absolute</altitudeMode><coordinates>
13.05010104,47.53348209,1770.59
13.05010923,47.53347611,1786.09
</coordinates></LineString>
<LineString><altitudeMode>absolute</altitudeMode><coordinates>
13.05010104,47.53348209,1770.59
13.05007466,47.53349838,1771.57
</coordinates></LineString>
<LineString><altitudeMode>absolute</altitudeMode><coordinates>
13.05007466,47.53349838,1771.57
13.05006484,47.53349452,1771.70
</coordinates></LineString>
<LineString><altitudeMode>absolute</altitudeMode><coordinates>
13.05006484,47.53349452,1771.70
13.05004367,47.53349551,1772.56
13.05002460,47.53350113,1772.92
</coordinates></LineString>
<LineString><altitudeMode>absolute</altitudeMode><coordinates>
13.04812189,47.53148641,1733.51
13.04807122,47.53144811,1733.68
13.04806764,47.53146956,1733.39
13.04807652,47.53146296,1732.73
</coordinates></LineString>
<LineString><altitudeMode>absolute</altitudeMode><coordinates>
13.04802336,47.53116637,1751.61
13.04800017,47.53119684,1759.39
</coordinates></LineString>
<LineString><altitudeMode>absolute</altitudeMode><coordinates>
13.04779074,47.53081840,1750.92
13.04775075,47.53077551,1754.56
13.04766297,47.53080281,1758.30
13.04764595,47.53076032,1760.60
</coordinates></LineString>
<LineString><altitudeMode>absolute</altitudeMode><coordinates>
13.04793644,47.53055848,1750.25
13.04798148,47.53060136,1750.60
</coordinates></LineString>
<LineString><altitudeMode>absolute</altitudeMode><coordinates>
13.04802938,47.53056016,1756.58
13.04800137,47.53056319,1755.93
13.04798892,47.53057630,1755.41
13.04793939,47.53059363,1757.10
13.04792075,47.53055174,1758.00
13.04794527,47.53055342,1757.72
</coordinates></LineString>
<LineString><altitudeMode>absolute</altitudeMode><coordinates>
13.04821147,47.53050477,1764.74
13.04821037,47.53049494,1760.47
</coordinates></LineString>
<LineString><altitudeMode>absolute</altitudeMode><coordinates>
13.04833366,47.53050577,1767.07
13.04833648,47.53051580,1767.33
13.04835028,47.53051622,1766.91
</coordinates></LineString>
<LineString><altitudeMode>absolute</altitudeMode><coordinates>
13.05013430,47.53318724,1780.73
13.05017316,47.53316028,1783.57
</coordinates></LineString>
<LineString><altitudeMode>absolute</altitudeMode><coordinates>
13.05011085,47.53313519,1786.54
13.05009886,47.53310016,1789.24
13.04996421,47.53313396,1788.80
</coordinates></LineString>
<LineString><altitudeMode>absolute</altitudeMode><coordinates>
13.05011085,47.53313519,1786.54
13.04996762,47.53306689,1795.31
</coordinates></LineString>
<LineString><altitudeMode>absolute</altitudeMode><coordinates>
13.04921741,47.53246986,1756.22
13.04921313,47.53246340,1755.24
13.04921505,47.53243670,1753.38
</coordinates></LineString>
<LineString><altitudeMode>absolute</altitudeMode><coordinates>
13.04911700,47.53236863,1756.84
13.04909235,47.53235615,1758.07
13.04907581,47.53236496,1759.33
13.04895711,47.53235187,1771.38
</coordinates></LineString>
<LineString><altitudeMode>absolute</altitudeMode><coordinates>
13.04797804,47.53201126,1752.44
13.04794643,47.53202872,1753.84
13.04793412,47.53202401,1753.88
13.04790086,47.53202866,1752.81
13.04790709,47.53203642,1753.29
13.04786687,47.53207821,1758.20
</coordinates></LineString>
<LineString><altitudeMode>absolute</altitudeMode><coordinates>
13.04794643,47.53202872,1753.84
13.04797670,47.53206172,1753.29
13.04799222,47.53206225,1753.27
</coordinates></LineString>
<LineString><altitudeMode>absolute</altitudeMode><coordinates>
13.04761975,47.53052124,1741.96
13.04759430,47.53054465,1741.30
13.04756461,47.53052147,1750.18
</coordinates></LineString>
<LineString><altitudeMode>absolute</altitudeMode><coordinates>
13.04807455,47.53175213,1752.44
13.04816148,47.53177980,1745.19
13.04813257,47.53178911,1740.60
13.04816324,47.53176102,1740.98
13.04817533,47.53175043,1738.03
13.04818645,47.53174063,1738.74
13.04818338,47.53173410,1738.70
13.04822341,47.53171147,1735.52
13.04822492,47.53170295,1733.29
13.04825116,47.53169053,1734.37
13.04827146,47.53166973,1732.54
13.04829089,47.53166547,1731.74
13.04826039,47.53162446,1730.85
</coordinates></LineString>
<LineString><altitudeMode>absolute</altitudeMode><coordinates>
13.04825116,47.53169053,1734.37
13.04821903,47.53168269,1736.61
13.04824633,47.53167380,1734.44
13.04821096,47.53163874,1733.74
13.04817562,47.53163507,1735.54
13.04816474,47.53159899,1733.69
13.04816830,47.53158546,1733.15
13.04817229,47.53156735,1733.11
13.04816336,47.53155748,1733.65
13.04815105,47.53154557,1733.78
13.04810958,47.53154235,1736.86
</coordinates></LineString>
<LineString><altitudeMode>absolute</altitudeMode><coordinates>
13.04817562,47.53163507,1735.54
13.04815543,47.53167792,1740.08
13.04813617,47.53165987,1741.46
13.04808936,47.53167905,1743.93
13.04804207,47.53167518,1746.83
13.04802738,47.53169509,1750.27
13.04801038,47.53169840,1752.12
</coordinates></LineString>
<LineString><altitudeMode>absolute</altitudeMode><coordinates>
13.04807455,47.53175213,1752.44
13.04805867,47.53178282,1749.46
13.04806332,47.53176472,1739.96
</coordinates></LineString>
<LineString><altitudeMode>absolute</altitudeMode><coordinates>
13.04825927,47.53206275,1736.98
13.04814699,47.53208082,1731.34
13.04816392,47.53209721,1730.86
13.04812019,47.53212625,1727.36
13.04815121,47.53213524,1726.36
13.04808294,47.53215261,1723.33
13.04807532,47.53220026,1720.79
13.04803211,47.53221915,1716.99
13.04802024,47.53221660,1713.95
</coordinates></LineString>
<LineString><altitudeMode>absolute</altitudeMode><coordinates>
13.04803211,47.53221915,1716.99
13.04804416,47.53224167,1718.68
13.04805699,47.53224332,1718.21
13.04805218,47.53227600,1717.07
</coordinates></LineString>
<LineString><altitudeMode>absolute</altitudeMode><coordinates>
13.04808294,47.53215261,1723.33
13.04807453,47.53213933,1721.97
13.04812872,47.53210768,1721.88
13.04812183,47.53215354,1719.02
13.04808852,47.53218492,1715.26
</coordinates></LineString>
<LineString><altitudeMode>absolute</altitudeMode><coordinates>
13.04812183,47.53215354,1719.02
13.04809873,47.53213183,1716.82
13.04805795,47.53210279,1717.17
13.04814294,47.53205384,1722.25
</coordinates></LineString>
<LineString><altitudeMode>absolute</altitudeMode><coordinates>
13.04825927,47.53206275,1736.98
13.04831036,47.53208225,1741.03
13.04832106,47.53209467,1743.24
13.04835222,47.53210348,1742.12
13.04839153,47.53214338,1743.59
</coordinates></LineString>
<LineString><altitudeMode>absolute</altitudeMode><coordinates>
13.04843209,47.53191695,1755.88
13.04847256,47.53190774,1755.97
</coordinates></LineString>
<LineString><altitudeMode>absolute</altitudeMode><coordinates>
13.04787048,47.53095734,1728.12
13.04787249,47.53096772,1727.88
</coordinates></LineString>
<LineString><altitudeMode>absolute</altitudeMode><coordinates>
13.04787249,47.53096772,1727.88
13.04784557,47.53098778,1729.09
13.04779394,47.53101858,1729.17
13.04782215,47.53109599,1723.54
13.04781053,47.53109048,1717.18
13.04783831,47.53109042,1716.77
13.04781757,47.53114432,1715.95
</coordinates></LineString>
<LineString><altitudeMode>absolute</altitudeMode><coordinates>
13.04748598,47.53063513,1740.56
13.04749110,47.53068336,1755.47
</coordinates></LineString>
<LineString><altitudeMode>absolute</altitudeMode><coordinates>
13.04690217,47.53050686,1747.24
13.04695387,47.53056713,1743.81
13.04693571,47.53057311,1743.98
</coordinates></LineString>
<LineString><altitudeMode>absolute</altitudeMode><coordinates>
13.04653463,47.52994629,1749.54
13.04654904,47.52994105,1746.08
</coordinates></LineString>
<LineString><altitudeMode>absolute</altitudeMode><coordinates>
13.04649082,47.52985241,1749.07
13.04655219,47.52985274,1744.04
</coordinates></LineString>
<LineString><altitudeMode>absolute</altitudeMode><coordinates>
13.04767330,47.53083952,1748.42
13.04762146,47.53084746,1745.94
</coordinates></LineString>
<LineString><altitudeMode>absolute</altitudeMode><coordinates>
13.04762146,47.53084746,1745.94
13.04756389,47.53088778,1774.97
</coordinates></LineString>
<LineString><altitudeMode>absolute</altitudeMode><coordinates>
13.04792216,47.53109356,1753.27
13.04785057,47.53109648,1750.51
</coordinates></LineString>
<LineString><altitudeMode>absolute</altitudeMode><coordinates>
13.04785057,47.53109648,1750.51
13.04783325,47.53108709,1763.49
</coordinates></LineString>
<LineString><altitudeMode>absolute</altitudeMode><coordinates>
13.04568984,47.53035923,1757.15
13.04562396,47.53035505,1756.07
</coordinates></LineString>
<LineString><altitudeMode>absolute</altitudeMode><coordinates>
13.04735785,47.53050427,1697.75
13.04739955,47.53054043,1700.79
13.04728115,47.53062678,1713.88
</coordinates></LineString>
<LineString><altitudeMode>absolute</altitudeMode><coordinates>
13.04739955,47.53054043,1700.79
13.04743527,47.53055166,1695.79
13.04745262,47.53055681,1695.83
13.04746917,47.53054756,1695.67
13.04747346,47.53055735,1695.76
13.04744460,47.53056892,1695.60
13.04747626,47.53058556,1695.43
</coordinates></LineString>
<LineString><altitudeMode>absolute</altitudeMode><coordinates>
13.04729265,47.53038879,1703.72
13.04723423,47.53036971,1703.90
13.04720306,47.53034686,1701.41
13.04714260,47.53027195,1709.53
13.04690853,47.53027103,1720.99
13.04686299,47.53023453,1720.33
13.04686966,47.53026946,1709.56
</coordinates></LineString>
<LineString><altitudeMode>absolute</altitudeMode><coordinates>
13.04686299,47.53023453,1720.33
13.04686325,47.53024524,1721.12
13.04680935,47.53023343,1726.17
</coordinates></LineString>
<LineString><altitudeMode>absolute</altitudeMode><coordinates>
13.04426310,47.53104334,1754.25
13.04427020,47.53105957,1759.04
</coordinates></LineString>
<LineString><altitudeMode>absolute</altitudeMode><coordinates>
13.04442613,47.53091466,1753.28
13.04444862,47.53086348,1753.71
</coordinates></LineString>
<LineString><altitudeMode>absolute</altitudeMode><coordinates>
13.04430146,47.53101943,1747.52
13.04427990,47.53102743,1747.40
</coordinates></LineString>
<LineString><altitudeMode>absolute</altitudeMode><coordinates>
13.04427990,47.53102743,1747.40
13.04427946,47.53102859,1748.40
</coordinates></LineString>
<LineString><altitudeMode>absolute</altitudeMode><coordinates>
13.04430146,47.53101943,1747.52
13.04428274,47.53100840,1748.02
</coordinates></LineString>
<LineString><altitudeMode>absolute</altitudeMode><coordinates>
13.04428274,47.53100840,1748.02
13.04428247,47.53100849,1749.61
</coordinates></LineString>
<LineString><altitudeMode>absolute</altitudeMode><coordinates>
13.04429921,47.53094776,1747.51
13.04426034,47.53091408,1748.89
13.04423704,47.53092592,1750.98
</coordinates></LineString>
<LineString><altitudeMode>absolute</altitudeMode><coordinates>
13.04426034,47.53091408,1748.89
13.04424902,47.53088266,1750.33
</coordinates></LineString>
<LineString><altitudeMode>absolute</altitudeMode><coordinates>
13.04432189,47.53092385,1744.14
13.04431731,47.53091109,1744.52
</coordinates></LineString>
<LineString><altitudeMode>absolute</altitudeMode><coordinates>
13.04433231,47.53095076,1743.12
13.04432352,47.53098714,1741.90
</coordinates></LineString>
<LineString><altitudeMode>absolute</altitudeMode><coordinates>
13.04438001,47.53095085,1740.53
13.04437427,47.53096569,1737.98
</coordinates></LineString>
<LineString><altitudeMode>absolute</altitudeMode><coordinates>
13.04438232,47.53097447,1742.55
13.04439673,47.53100837,1743.07
</coordinates></LineString>
<LineString><altitudeMode>absolute</altitudeMode><coordinates>
13.04436906,47.53091998,1745.22
13.04436714,47.53091086,1745.19
</coordinates></LineString>
<LineString><altitudeMode>absolute</altitudeMode><coordinates>
13.04437628,47.53105463,1753.01
13.04434258,47.53106755,1752.60
</coordinates></LineString>
<LineString><altitudeMode>absolute</altitudeMode><coordinates>
13.04488555,47.53074000,1767.08
13.04501276,47.53075621,1766.14
</coordinates></LineString>
<LineString><altitudeMode>absolute</altitudeMode><coordinates>
13.04501276,47.53075621,1766.14
13.04501025,47.53077380,1765.44
13.04509306,47.53078350,1765.65
</coordinates></LineString>
<LineString><altitudeMode>absolute</altitudeMode><coordinates>
13.04509306,47.53078350,1765.65
13.04510588,47.53078533,1766.41
</coordinates></LineString>
<LineString><altitudeMode>absolute</altitudeMode><coordinates>
13.04510588,47.53078533,1766.41
13.04514519,47.53080022,1768.36
</coordinates></LineString>
<LineString><altitudeMode>absolute</altitudeMode><coordinates>
13.04514519,47.53080022,1768.36
13.04512673,47.53082132,1770.52
</coordinates></LineString>
<LineString><altitudeMode>absolute</altitudeMode><coordinates>
13.04512673,47.53082132,1770.52
13.04515727,47.53082895,1770.66
</coordinates></LineString>
<LineString><altitudeMode>absolute</altitudeMode><coordinates>
13.04515727,47.53082895,1770.66
13.04514415,47.53084942,1770.94
</coordinates></LineString>
<LineString><altitudeMode>absolute</altitudeMode><coordinates>
13.04487820,47.53054119,1763.65
13.04494576,47.53054280,1762.00
</coordinates></LineString>
<LineString><altitudeMode>absolute</altitudeMode><coordinates>
13.04494576,47.53054280,1762.00
13.04503092,47.53040351,1769.60
13.04501346,47.53037658,1769.80
</coordinates></LineString>
<LineString><altitudeMode>absolute</altitudeMode><coordinates>
13.04501346,47.53037658,1769.80
13.04503299,47.53035856,1769.98
13.04504554,47.53034995,1771.28
</coordinates></LineString>
<LineString><altitudeMode>absolute</altitudeMode><coordinates>
13.04661922,47.53018367,1750.60
13.04655937,47.53018877,1749.38
</coordinates></LineString>
<LineString><altitudeMode>absolute</altitudeMode><coordinates>
13.04655937,47.53018877,1749.38
13.04652162,47.53018228,1746.61
13.04651859,47.53019932,1745.03
13.04651960,47.53020798,1744.66
13.04652815,47.53021028,1735.78
13.04656464,47.53021145,1731.82
13.04659447,47.53020593,1725.63
13.04660855,47.53021678,1724.84
13.04663373,47.53023638,1723.81
13.04661679,47.53024176,1722.38
13.04666033,47.53025717,1713.59
13.04668061,47.53025850,1713.84
13.04671312,47.53025951,1713.18
</coordinates></LineString>
<LineString><altitudeMode>absolute</altitudeMode><coordinates>
13.04353838,47.53139910,1757.65
13.04354735,47.53137586,1760.11
13.04349310,47.53131977,1762.92
</coordinates></LineString>
<LineString><altitudeMode>absolute</altitudeMode><coordinates>
13.04354735,47.53137586,1760.11
13.04360654,47.53133853,1763.85
</coordinates></LineString>
<LineString><altitudeMode>absolute</altitudeMode><coordinates>
13.03872471,47.53331179,1756.68
13.03874427,47.53330025,1757.75
13.03879265,47.53330719,1756.08
13.03882833,47.53330151,1755.16
</coordinates></LineString>
<LineString><altitudeMode>absolute</altitudeMode><coordinates>
13.03872471,47.53331179,1756.68
13.03870935,47.53332107,1750.44
</coordinates></LineString>
<LineString><altitudeMode>absolute</altitudeMode><coordinates>
13.03834255,47.53366159,1744.80
13.03841840,47.53361591,1752.40
13.03842990,47.53352136,1755.23
13.03848055,47.53345294,1760.53
13.03852405,47.53348356,1756.10
13.03854145,47.53346595,1752.94
</coordinates></LineString>
<LineString><altitudeMode>absolute</altitudeMode><coordinates>
13.03852405,47.53348356,1756.10
13.03858399,47.53345471,1757.80
</coordinates></LineString>
<LineString><altitudeMode>absolute</altitudeMode><coordinates>
13.03802954,47.53385303,1733.50
13.03807945,47.53382221,1740.04
</coordinates></LineString>
<LineString><altitudeMode>absolute</altitudeMode><coordinates>
13.03759509,47.53404428,1742.14
13.03758363,47.53406639,1740.03
13.03747292,47.53407071,1740.68
13.03743497,47.53408014,1742.45
13.03738012,47.53408289,1742.42
</coordinates></LineString>
<LineString><altitudeMode>absolute</altitudeMode><coordinates>
13.03733004,47.53401490,1754.20
13.03726727,47.53395957,1762.17
</coordinates></LineString>
<LineString><altitudeMode>absolute</altitudeMode><coordinates>
13.03724490,47.53410685,1752.01
13.03708267,47.53410317,1760.05
13.03708012,47.53409665,1760.14
13.03702922,47.53409686,1762.62
</coordinates></LineString>
<LineString><altitudeMode>absolute</altitudeMode><coordinates>
13.03722292,47.53409036,1747.22
13.03724304,47.53413876,1741.39
13.03721850,47.53416606,1738.50
</coordinates></LineString>
<LineString><altitudeMode>absolute</altitudeMode><coordinates>
13.04084234,47.53253895,1756.15
13.04092627,47.53259717,1751.66
13.04087410,47.53261751,1750.52
</coordinates></LineString>
<LineString><altitudeMode>absolute</altitudeMode><coordinates>
13.04048409,47.53268283,1755.29
13.04044883,47.53269492,1756.67
13.04036564,47.53269530,1762.66
</coordinates></LineString>
<LineString><altitudeMode>absolute</altitudeMode><coordinates>
13.04050176,47.53276826,1759.20
13.04045697,47.53280079,1764.67
</coordinates></LineString>
<LineString><altitudeMode>absolute</altitudeMode><coordinates>
13.04053408,47.53282442,1762.02
13.04060259,47.53277601,1761.97
</coordinates></LineString>
<LineString><altitudeMode>absolute</altitudeMode><coordinates>
13.04053408,47.53282442,1762.02
13.04053833,47.53284249,1767.70
</coordinates></LineString>
<LineString><altitudeMode>absolute</altitudeMode><coordinates>
13.04057708,47.53279024,1752.19
13.04062794,47.53278742,1752.30
13.04058352,47.53278865,1774.57
</coordinates></LineString>
<LineString><altitudeMode>absolute</altitudeMode><coordinates>
13.03995494,47.53277376,1741.89
13.03993282,47.53277203,1740.84
13.03994103,47.53280124,1739.55
13.03992055,47.53283031,1738.10
13.03995106,47.53284937,1736.08
13.03994921,47.53289901,1733.17
13.03995940,47.53292150,1731.95
13.03987548,47.53297712,1726.73
13.03987367,47.53298986,1725.23
13.03980814,47.53300125,1722.91
13.03978244,47.53301359,1722.39
13.03978664,47.53304713,1721.89
13.03978475,47.53305844,1720.64
13.03977534,47.53307214,1720.00
13.03979022,47.53308634,1719.61
13.03979285,47.53309439,1719.49
</coordinates></LineString>
<LineString><altitudeMode>absolute</altitudeMode><coordinates>
13.03705491,47.53426638,1741.76
13.03702673,47.53424538,1738.18
</coordinates></LineString>
<LineString><altitudeMode>absolute</altitudeMode><coordinates>
13.03705491,47.53426638,1741.76
13.03712439,47.53423823,1738.92
13.03714450,47.53421932,1739.74
13.03714990,47.53424191,1737.33
</coordinates></LineString>
<LineString><altitudeMode>absolute</altitudeMode><coordinates>
13.03712439,47.53423823,1738.92
13.03714966,47.53423767,1740.99
13.03710657,47.53424935,1742.83
13.03710264,47.53425154,1743.73
13.03709101,47.53424981,1744.93
</coordinates></LineString>
<LineString><altitudeMode>absolute</altitudeMode><coordinates>
13.03710264,47.53425154,1743.73
13.03711996,47.53424301,1744.40
</coordinates></LineString>
<LineString><altitudeMode>absolute</altitudeMode><coordinates>
13.03710264,47.53425154,1743.73
13.03708567,47.53423613,1744.33
</coordinates></LineString>
<LineString><altitudeMode>absolute</altitudeMode><coordinates>
13.03689015,47.53427723,1744.19
13.03684219,47.53427695,1748.74
13.03677458,47.53423737,1753.94
</coordinates></LineString>
<LineString><altitudeMode>absolute</altitudeMode><coordinates>
13.03675817,47.53432077,1747.32
13.03671588,47.53430772,1756.12
</coordinates></LineString>
<LineString><altitudeMode>absolute</altitudeMode><coordinates>
13.03667825,47.53435468,1750.56
13.03669351,47.53432669,1752.48
13.03670886,47.53431777,1751.44
13.03669057,47.53430225,1754.14
13.03680513,47.53428387,1759.05
</coordinates></LineString>
<LineString><altitudeMode>absolute</altitudeMode><coordinates>
13.03649379,47.53438751,1749.77
13.03649228,47.53438173,1750.80
13.03644103,47.53436645,1753.40
</coordinates></LineString>
<LineString><altitudeMode>absolute</altitudeMode><coordinates>
13.03641074,47.53445520,1751.00
13.03638699,47.53446145,1753.50
13.03634448,47.53447197,1755.46
</coordinates></LineString>
<LineString><altitudeMode>absolute</altitudeMode><coordinates>
13.03638699,47.53446145,1753.50
13.03646182,47.53445733,1754.71
</coordinates></LineString>
<LineString><altitudeMode>absolute</altitudeMode><coordinates>
13.03638699,47.53446145,1753.50
13.03643131,47.53448453,1754.16
</coordinates></LineString>
<LineString><altitudeMode>absolute</altitudeMode><coordinates>
13.03631053,47.53447364,1751.31
13.03624143,47.53443826,1753.29
</coordinates></LineString>
<LineString><altitudeMode>absolute</altitudeMode><coordinates>
13.03749270,47.53500391,1748.03
13.03749866,47.53496883,1753.45
</coordinates></LineString>
<LineString><altitudeMode>absolute</altitudeMode><coordinates>
13.03744049,47.53514267,1745.80
13.03743770,47.53519247,1745.77
13.03746252,47.53518966,1746.10
13.03749935,47.53518894,1756.59
</coordinates></LineString>
<LineString><altitudeMode>absolute</altitudeMode><coordinates>
13.03746252,47.53518966,1746.10
13.03748629,47.53516856,1741.63
</coordinates></LineString>
<LineString><altitudeMode>absolute</altitudeMode><coordinates>
13.03715373,47.53481553,1755.64
13.03720993,47.53478725,1759.29
13.03724310,47.53477072,1759.86
13.03721775,47.53474518,1760.13
13.03716352,47.53474200,1758.81
</coordinates></LineString>
<LineString><altitudeMode>absolute</altitudeMode><coordinates>
13.03721775,47.53474518,1760.13
13.03723757,47.53473013,1761.00
13.03721114,47.53470142,1760.50
13.03721970,47.53467511,1760.72
13.03722376,47.53468373,1759.64
13.03727039,47.53468408,1765.09
</coordinates></LineString>
<LineString><altitudeMode>absolute</altitudeMode><coordinates>
13.03722376,47.53468373,1759.64
13.03725738,47.53467666,1755.46
13.03723710,47.53470025,1755.07
13.03727879,47.53473659,1755.18
13.03730859,47.53475348,1754.66
</coordinates></LineString>
<LineString><altitudeMode>absolute</altitudeMode><coordinates>
13.03727879,47.53473659,1755.18
13.03729136,47.53472025,1752.63
13.03731861,47.53472342,1753.91
13.03730774,47.53472638,1753.39
13.03731258,47.53474968,1754.46
13.03734457,47.53477551,1753.94
13.03729932,47.53479517,1753.40
13.03730695,47.53480789,1754.66
13.03731644,47.53480662,1755.99
</coordinates></LineString>
<LineString><altitudeMode>absolute</altitudeMode><coordinates>
13.03730695,47.53480789,1754.66
13.03729049,47.53480410,1756.38
</coordinates></LineString>
<LineString><altitudeMode>absolute</altitudeMode><coordinates>
13.03731861,47.53472342,1753.91
13.03732727,47.53471205,1753.54
13.03730073,47.53469342,1751.37
13.03727747,47.53469716,1750.71
13.03729790,47.53473008,1747.66
13.03729177,47.53474483,1746.69
</coordinates></LineString>
<LineString><altitudeMode>absolute</altitudeMode><coordinates>
13.03732727,47.53471205,1753.54
13.03740118,47.53471134,1756.97
13.03744415,47.53473133,1757.85
13.03748790,47.53470895,1759.50
13.03754448,47.53470965,1758.42
13.03759329,47.53470850,1753.18
</coordinates></LineString>
<LineString><altitudeMode>absolute</altitudeMode><coordinates>
13.03604395,47.53490504,1756.36
13.03605224,47.53494298,1753.42
13.03603542,47.53494845,1753.50
13.03599648,47.53499502,1750.79
13.03594777,47.53500787,1748.86
13.03594702,47.53498860,1747.02
</coordinates></LineString>
<LineString><altitudeMode>absolute</altitudeMode><coordinates>
13.03716221,47.53485194,1760.24
13.03717867,47.53486644,1759.83
</coordinates></LineString>
<LineString><altitudeMode>absolute</altitudeMode><coordinates>
13.03713614,47.53485248,1754.27
13.03712470,47.53488135,1752.73
13.03710566,47.53488597,1752.43
13.03709055,47.53488841,1752.29
13.03707941,47.53490937,1751.68
</coordinates></LineString>
<LineString><altitudeMode>absolute</altitudeMode><coordinates>
13.03687894,47.53487273,1753.56
13.03693211,47.53488300,1759.35
</coordinates></LineString>
<LineString><altitudeMode>absolute</altitudeMode><coordinates>
13.03677098,47.53501333,1749.17
13.03675379,47.53499684,1749.66
</coordinates></LineString>
<LineString><altitudeMode>absolute</altitudeMode><coordinates>
13.03677098,47.53501333,1749.17
13.03674752,47.53503677,1750.16
</coordinates></LineString>
<LineString><altitudeMode>absolute</altitudeMode><coordinates>
13.03678266,47.53498869,1750.98
13.03678828,47.53499851,1751.77
</coordinates></LineString>
<LineString><altitudeMode>absolute</altitudeMode><coordinates>
13.03673763,47.53505244,1746.22
13.03677244,47.53505241,1752.33
</coordinates></LineString>
<LineString><altitudeMode>absolute</altitudeMode><coordinates>
13.03670569,47.53511425,1741.56
13.03667813,47.53511927,1740.88
</coordinates></LineString>
<LineString><altitudeMode>absolute</altitudeMode><coordinates>
13.03671183,47.53514918,1750.59
13.03669670,47.53515585,1755.74
</coordinates></LineString>
<LineString><altitudeMode>absolute</altitudeMode><coordinates>
13.03675394,47.53518509,1753.90
13.03679943,47.53517651,1754.56
</coordinates></LineString>
<LineString><altitudeMode>absolute</altitudeMode><coordinates>
13.03675177,47.53534288,1735.53
13.03673083,47.53532695,1737.10
</coordinates></LineString>
<LineString><altitudeMode>absolute</altitudeMode><coordinates>
13.03675177,47.53534288,1735.53
13.03676727,47.53533676,1735.94
</coordinates></LineString>
<LineString><altitudeMode>absolute</altitudeMode><coordinates>
13.03671680,47.53540401,1723.22
13.03668395,47.53542243,1722.92
13.03668756,47.53543257,1717.02
</coordinates></LineString>
<LineString><altitudeMode>absolute</altitudeMode><coordinates>
13.03668395,47.53542243,1722.92
13.03670701,47.53545621,1731.77
</coordinates></LineString>
<LineString><altitudeMode>absolute</altitudeMode><coordinates>
13.03681401,47.53538039,1721.72
13.03687150,47.53536734,1721.23
</coordinates></LineString>
<LineString><altitudeMode>absolute</altitudeMode><coordinates>
13.03684508,47.53537759,1722.54
13.03688318,47.53538562,1726.96
</coordinates></LineString>
<LineString><altitudeMode>absolute</altitudeMode><coordinates>
13.03665562,47.53544813,1744.92
13.03666004,47.53544731,1741.35
</coordinates></LineString>
<LineString><altitudeMode>absolute</altitudeMode><coordinates>
13.03670569,47.53556966,1718.18
13.03665727,47.53559619,1716.80
</coordinates></LineString>
<LineString><altitudeMode>absolute</altitudeMode><coordinates>
13.03665727,47.53559619,1716.80
13.03663445,47.53559876,1715.79
13.03662919,47.53559013,1715.35
13.03663038,47.53558682,1695.30
13.03666909,47.53556075,1657.51
13.03672544,47.53552492,1656.81
</coordinates></LineString>
<LineString><altitudeMode>absolute</altitudeMode><coordinates>
13.03672544,47.53552492,1656.81
13.03681967,47.53555631,1654.98
13.03685602,47.53552940,1654.05
</coordinates></LineString>
<LineString><altitudeMode>absolute</altitudeMode><coordinates>
13.03672544,47.53552492,1656.81
13.03666387,47.53551549,1654.80
</coordinates></LineString>
<LineString><altitudeMode>absolute</altitudeMode><coordinates>
13.03666387,47.53551549,1654.80
13.03663508,47.53553570,1652.87
</coordinates></LineString>
<LineString><altitudeMode>absolute</altitudeMode><coordinates>
13.03663508,47.53553570,1652.87
13.03660616,47.53553439,1651.66
</coordinates></LineString>
<LineString><altitudeMode>absolute</altitudeMode><coordinates>
13.03660616,47.53553439,1651.66
13.03659106,47.53554367,1650.72
</coordinates></LineString>
<LineString><altitudeMode>absolute</altitudeMode><coordinates>
13.03659106,47.53554367,1650.72
13.03657811,47.53559168,1646.60
</coordinates></LineString>
<LineString><altitudeMode>absolute</altitudeMode><coordinates>
13.03657811,47.53559168,1646.60
13.03658599,47.53559757,1645.61
</coordinates></LineString>
<LineString><altitudeMode>absolute</altitudeMode><coordinates>
13.03658599,47.53559757,1645.61
13.03656762,47.53559870,1644.69
</coordinates></LineString>
<LineString><altitudeMode>absolute</altitudeMode><coordinates>
13.03656762,47.53559870,1644.69
13.03655475,47.53559794,1643.92
</coordinates></LineString>
<LineString><altitudeMode>absolute</altitudeMode><coordinates>
13.03658599,47.53559757,1645.61
13.03658517,47.53561250,1644.92
</coordinates></LineString>
<LineString><altitudeMode>absolute</altitudeMode><coordinates>
13.03658517,47.53561250,1644.92
13.03662365,47.53559606,1643.11
</coordinates></LineString>
<LineString><altitudeMode>absolute</altitudeMode><coordinates>
13.03685602,47.53552940,1654.05
13.03689965,47.53552448,1632.01
</coordinates></LineString>
<LineString><altitudeMode>absolute</altitudeMode><coordinates>
13.03689965,47.53552448,1632.01
13.03691869,47.53549493,1635.33
</coordinates></LineString>
<LineString><altitudeMode>absolute</altitudeMode><coordinates>
13.03691869,47.53549493,1635.33
13.03698760,47.53547155,1646.17
</coordinates></LineString>
<LineString><altitudeMode>absolute</altitudeMode><coordinates>
13.03689965,47.53552448,1632.01
13.03684559,47.53560931,1631.36
</coordinates></LineString>
<LineString><altitudeMode>absolute</altitudeMode><coordinates>
13.03684559,47.53560931,1631.36
13.03686642,47.53565997,1629.39
</coordinates></LineString>
<LineString><altitudeMode>absolute</altitudeMode><coordinates>
13.03686642,47.53565997,1629.39
13.03681187,47.53572949,1624.91
</coordinates></LineString>
<LineString><altitudeMode>absolute</altitudeMode><coordinates>
13.03681187,47.53572949,1624.91
13.03671234,47.53567991,1621.90
</coordinates></LineString>
<LineString><altitudeMode>absolute</altitudeMode><coordinates>
13.03671234,47.53567991,1621.90
13.03659978,47.53569085,1616.89
</coordinates></LineString>
<LineString><altitudeMode>absolute</altitudeMode><coordinates>
13.03659978,47.53569085,1616.89
13.03659509,47.53565658,1615.74
</coordinates></LineString>
<LineString><altitudeMode>absolute</altitudeMode><coordinates>
13.03659509,47.53565658,1615.74
13.03655108,47.53563225,1614.38
</coordinates></LineString>
<LineString><altitudeMode>absolute</altitudeMode><coordinates>
13.03655108,47.53563225,1614.38
13.03656446,47.53561214,1615.07
</coordinates></LineString>
<LineString><altitudeMode>absolute</altitudeMode><coordinates>
13.03656446,47.53561214,1615.07
13.03651695,47.53556778,1608.86
</coordinates></LineString>
<LineString><altitudeMode>absolute</altitudeMode><coordinates>
13.03651695,47.53556778,1608.86
13.03648611,47.53562853,1606.98
</coordinates></LineString>
<LineString><altitudeMode>absolute</altitudeMode><coordinates>
13.03648611,47.53562853,1606.98
13.03645162,47.53567680,1606.10
</coordinates></LineString>
<LineString><altitudeMode>absolute</altitudeMode><coordinates>
13.03645162,47.53567680,1606.10
13.03638879,47.53564783,1606.27
</coordinates></LineString>
<LineString><altitudeMode>absolute</altitudeMode><coordinates>
13.03638879,47.53564783,1606.27
13.03629144,47.53562159,1602.94
</coordinates></LineString>
<LineString><altitudeMode>absolute</altitudeMode><coordinates>
13.04739300,47.53038411,1669.58
13.04739864,47.53038250,1665.07
13.04737111,47.53040479,1663.92
13.04736693,47.53041705,1653.40
13.04733779,47.53044328,1651.04
13.04739318,47.53043648,1610.36
13.04746881,47.53041780,1605.41
13.04750422,47.53041219,1597.09
</coordinates></LineString>
<LineString><altitudeMode>absolute</altitudeMode><coordinates>
13.04739300,47.53038411,1669.58
13.04743804,47.53035905,1646.96
</coordinates></LineString>
<LineString><altitudeMode>absolute</altitudeMode><coordinates>
13.04739318,47.53043648,1610.36
13.04740865,47.53043504,1615.10
13.04744455,47.53043412,1614.86
13.04754086,47.53044521,1611.44
13.04751719,47.53038856,1612.96
13.04757042,47.53037912,1612.91
13.04759527,47.53038971,1609.53
13.04758439,47.53037855,1590.94
</coordinates></LineString>
<LineString><altitudeMode>absolute</altitudeMode><coordinates>
13.04759527,47.53038971,1609.53
13.04762510,47.53039139,1601.25
13.04763863,47.53038145,1599.30
13.04768829,47.53037852,1600.34
13.04770743,47.53037111,1599.48
13.04775928,47.53040250,1598.50
13.04778630,47.53039765,1596.35
13.04779416,47.53042936,1596.07
13.04776751,47.53042774,1595.91
13.04776142,47.53044500,1594.28
13.04776487,47.53048088,1570.91
13.04778944,47.53051000,1570.07
13.04780883,47.53050295,1570.52
13.04783264,47.53051658,1568.94
13.04786953,47.53044244,1556.39
13.04789541,47.53045412,1556.71
13.04788870,47.53042378,1554.70
13.04796515,47.53041491,1552.02
13.04796459,47.53032978,1553.56
13.04799901,47.53031533,1549.98
13.04798002,47.53027227,1548.82
</coordinates></LineString>
<LineString><altitudeMode>absolute</altitudeMode><coordinates>
13.04737547,47.53030166,1666.08
13.04744065,47.53039977,1667.53
</coordinates></LineString>
<LineString><altitudeMode>absolute</altitudeMode><coordinates>
13.04737547,47.53030166,1666.08
13.04750768,47.53031552,1662.25
</coordinates></LineString>
<LineString><altitudeMode>absolute</altitudeMode><coordinates>
13.04737547,47.53030166,1666.08
13.04739393,47.53026247,1663.43
13.04731696,47.53021706,1661.91
13.04730371,47.53014089,1663.10
13.04733934,47.53019396,1663.50
13.04734863,47.53019430,1672.06
</coordinates></LineString>
<LineString><altitudeMode>absolute</altitudeMode><coordinates>
13.04730371,47.53014089,1663.10
13.04717875,47.53008927,1661.44
13.04710931,47.53010222,1661.24
13.04704111,47.53010340,1661.14
</coordinates></LineString>
<LineString><altitudeMode>absolute</altitudeMode><coordinates>
13.04710931,47.53010222,1661.24
13.04713562,47.53003410,1663.62
13.04714582,47.52997056,1666.47
</coordinates></LineString>
<LineString><altitudeMode>absolute</altitudeMode><coordinates>
13.04836341,47.53047739,1760.57
13.04838584,47.53046733,1761.96
13.04843580,47.53047799,1762.21
</coordinates></LineString>
<LineString><altitudeMode>absolute</altitudeMode><coordinates>
13.04838584,47.53046733,1761.96
13.04839585,47.53046975,1768.54
</coordinates></LineString>
<LineString><altitudeMode>absolute</altitudeMode><coordinates>
13.04832777,47.53039607,1748.29
13.04833432,47.53038781,1740.81
</coordinates></LineString>
<LineString><altitudeMode>absolute</altitudeMode><coordinates>
13.04795225,47.53042612,1724.56
13.04796175,47.53039569,1727.17
</coordinates></LineString>
<LineString><altitudeMode>absolute</altitudeMode><coordinates>
13.04796175,47.53039569,1727.17
13.04801004,47.53040110,1729.79
</coordinates></LineString>
<LineString><altitudeMode>absolute</altitudeMode><coordinates>
13.04801004,47.53040110,1729.79
13.04799648,47.53036208,1732.24
</coordinates></LineString>
<LineString><altitudeMode>absolute</altitudeMode><coordinates>
13.04799648,47.53036208,1732.24
13.04805766,47.53036393,1732.07
</coordinates></LineString>
<LineString><altitudeMode>absolute</altitudeMode><coordinates>
13.04805766,47.53036393,1732.07
13.04811757,47.53034975,1734.07
</coordinates></LineString>
<LineString><altitudeMode>absolute</altitudeMode><coordinates>
13.04811757,47.53034975,1734.07
13.04814497,47.53034535,1733.99
</coordinates></LineString>
<LineString><altitudeMode>absolute</altitudeMode><coordinates>
13.04814497,47.53034535,1733.99
13.04813171,47.53033748,1733.41
</coordinates></LineString>
<LineString><altitudeMode>absolute</altitudeMode><coordinates>
13.04813171,47.53033748,1733.41
13.04814300,47.53033056,1731.39
</coordinates></LineString>
<LineString><altitudeMode>absolute</altitudeMode><coordinates>
13.04814300,47.53033056,1731.39
13.04811091,47.53029654,1729.06
</coordinates></LineString>
<LineString><altitudeMode>absolute</altitudeMode><coordinates>
13.04811091,47.53029654,1729.06
13.04809570,47.53028765,1728.91
</coordinates></LineString>
<LineString><altitudeMode>absolute</altitudeMode><coordinates>
13.04809570,47.53028765,1728.91
13.04806576,47.53028156,1732.40
</coordinates></LineString>
<LineString><altitudeMode>absolute</altitudeMode><coordinates>
13.04806576,47.53028156,1732.40
13.04803731,47.53027855,1735.07
</coordinates></LineString>
<LineString><altitudeMode>absolute</altitudeMode><coordinates>
13.04803731,47.53027855,1735.07
13.04803124,47.53026315,1735.64
</coordinates></LineString>
<LineString><altitudeMode>absolute</altitudeMode><coordinates>
13.04814497,47.53034535,1733.99
13.04815155,47.53035428,1734.45
</coordinates></LineString>
<LineString><altitudeMode>absolute</altitudeMode><coordinates>
13.04815155,47.53035428,1734.45
13.04818090,47.53035101,1735.99
</coordinates></LineString>
<LineString><altitudeMode>absolute</altitudeMode><coordinates>
13.04818090,47.53035101,1735.99
13.04823933,47.53036613,1736.79
</coordinates></LineString>
<LineString><altitudeMode>absolute</altitudeMode><coordinates>
13.04823933,47.53036613,1736.79
13.04825769,47.53035825,1737.41
</coordinates></LineString>
<LineString><altitudeMode>absolute</altitudeMode><coordinates>
13.04825769,47.53035825,1737.41
13.04831451,47.53036678,1737.47
</coordinates></LineString>
<LineString><altitudeMode>absolute</altitudeMode><coordinates>
13.04831451,47.53036678,1737.47
13.04830558,47.53036042,1740.29
</coordinates></LineString>
<LineString><altitudeMode>absolute</altitudeMode><coordinates>
13.04830558,47.53036042,1740.29
13.04838136,47.53036612,1745.83
</coordinates></LineString>
<LineString><altitudeMode>absolute</altitudeMode><coordinates>
13.04838136,47.53036612,1745.83
13.04844340,47.53039138,1748.61
</coordinates></LineString>
<LineString><altitudeMode>absolute</altitudeMode><coordinates>
13.04767476,47.53040304,1722.19
13.04766310,47.53040941,1723.79
</coordinates></LineString>
<LineString><altitudeMode>absolute</altitudeMode><coordinates>
13.04766310,47.53040941,1723.79
13.04769150,47.53041376,1724.98
</coordinates></LineString>
<LineString><altitudeMode>absolute</altitudeMode><coordinates>
13.04769150,47.53041376,1724.98
13.04771442,47.53041208,1726.75
</coordinates></LineString>
<LineString><altitudeMode>absolute</altitudeMode><coordinates>
13.04766310,47.53040941,1723.79
13.04765385,47.53039008,1723.17
</coordinates></LineString>
<LineString><altitudeMode>absolute</altitudeMode><coordinates>
13.04765385,47.53039008,1723.17
13.04760596,47.53038468,1722.69
</coordinates></LineString>
<LineString><altitudeMode>absolute</altitudeMode><coordinates>
13.04706160,47.52931558,1748.34
13.04700506,47.52932829,1744.18
13.04701140,47.52933650,1742.41
13.04695405,47.52933876,1739.24
13.04692417,47.52935625,1732.66
</coordinates></LineString>
<LineString><altitudeMode>absolute</altitudeMode><coordinates>
13.04695405,47.52933876,1739.24
13.04694812,47.52934451,1740.99
</coordinates></LineString>
<LineString><altitudeMode>absolute</altitudeMode><coordinates>
13.04646031,47.52965087,1746.62
13.04643538,47.52971028,1748.91
13.04645445,47.52972636,1738.83
13.04642613,47.52974477,1738.99
13.04643386,47.52974778,1732.00
</coordinates></LineString>
<LineString><altitudeMode>absolute</altitudeMode><coordinates>
13.04642613,47.52974477,1738.99
13.04643397,47.52975543,1739.76
13.04638673,47.52981465,1739.83
13.04638244,47.52984085,1741.97
13.04642259,47.52982237,1744.00
13.04638873,47.52984329,1748.66
</coordinates></LineString>
<LineString><altitudeMode>absolute</altitudeMode><coordinates>
13.04638673,47.52981465,1739.83
13.04635516,47.52980610,1739.05
</coordinates></LineString>
<LineString><altitudeMode>absolute</altitudeMode><coordinates>
13.04638673,47.52981465,1739.83
13.04635922,47.52983631,1726.53
</coordinates></LineString>
<LineString><altitudeMode>absolute</altitudeMode><coordinates>
13.04643297,47.52991487,1748.58
13.04638753,47.52990059,1750.98
13.04636660,47.52995963,1751.87
13.04634234,47.52996884,1750.07
13.04634345,47.53000701,1746.48
</coordinates></LineString>
<LineString><altitudeMode>absolute</altitudeMode><coordinates>
13.04634234,47.52996884,1750.07
13.04636038,47.52993406,1749.14
</coordinates></LineString>
<LineString><altitudeMode>absolute</altitudeMode><coordinates>
13.04634234,47.52996884,1750.07
13.04623289,47.52994673,1754.66
13.04623585,47.52993859,1758.11
13.04630527,47.53001905,1775.77
</coordinates></LineString>
<LineString><altitudeMode>absolute</altitudeMode><coordinates>
13.04623585,47.52993859,1758.11
13.04621858,47.52993848,1757.25
13.04623384,47.52994621,1740.57
</coordinates></LineString>
<LineString><altitudeMode>absolute</altitudeMode><coordinates>
13.04694373,47.52906584,1747.19
13.04696509,47.52905235,1736.08
13.04694745,47.52907994,1727.68
13.04691759,47.52910058,1725.97
13.04689369,47.52913239,1719.51
</coordinates></LineString>
<LineString><altitudeMode>absolute</altitudeMode><coordinates>
13.04694745,47.52907994,1727.68
13.04688319,47.52906805,1727.43
13.04686972,47.52905153,1726.92
13.04693072,47.52903674,1724.61
</coordinates></LineString>
<LineString><altitudeMode>absolute</altitudeMode><coordinates>
13.04686972,47.52905153,1726.92
13.04683496,47.52906111,1725.51
13.04692927,47.52911887,1725.14
</coordinates></LineString>
<LineString><altitudeMode>absolute</altitudeMode><coordinates>
13.04696342,47.52888972,1743.14
13.04699590,47.52892744,1745.58
13.04703914,47.52893636,1745.27
13.04709010,47.52892382,1748.51
13.04711507,47.52895601,1748.97
13.04713522,47.52894304,1749.25
13.04716826,47.52894045,1749.34
13.04722407,47.52889740,1743.72
</coordinates></LineString>
<LineString><altitudeMode>absolute</altitudeMode><coordinates>
13.04693430,47.52892252,1741.07
13.04695862,47.52892959,1737.00
</coordinates></LineString>
<LineString><altitudeMode>absolute</altitudeMode><coordinates>
13.04695862,47.52892959,1737.00
13.04697051,47.52895985,1736.89
</coordinates></LineString>
<LineString><altitudeMode>absolute</altitudeMode><coordinates>
13.04695862,47.52892959,1737.00
13.04698970,47.52894038,1735.06
13.04694348,47.52895795,1733.08
13.04693287,47.52895021,1733.23
13.04692611,47.52896782,1732.92
13.04691746,47.52897181,1732.93
13.04693001,47.52898435,1732.89
</coordinates></LineString>
<LineString><altitudeMode>absolute</altitudeMode><coordinates>
13.04698970,47.52894038,1735.06
13.04702198,47.52894066,1730.74
13.04701305,47.52895922,1726.08
</coordinates></LineString>
<LineString><altitudeMode>absolute</altitudeMode><coordinates>
13.04886828,47.52861558,1742.59
13.04885738,47.52867658,1742.99
13.04878623,47.52874295,1744.07
13.04891706,47.52879755,1742.61
</coordinates></LineString>
<LineString><altitudeMode>absolute</altitudeMode><coordinates>
13.04621780,47.52836816,1756.18
13.04618596,47.52837769,1760.06
13.04616079,47.52837213,1759.80
13.04612727,47.52841970,1758.14
13.04603590,47.52844739,1756.91
13.04604236,47.52843445,1756.31
13.04601244,47.52845302,1756.75
13.04592286,47.52843953,1755.83
13.04582017,47.52851453,1756.80
</coordinates></LineString>
<LineString><altitudeMode>absolute</altitudeMode><coordinates>
13.04878623,47.52874295,1744.07
13.04875713,47.52885053,1741.76
13.04872772,47.52889466,1741.58
</coordinates></LineString>
<LineString><altitudeMode>absolute</altitudeMode><coordinates>
13.04872772,47.52889466,1741.58
13.04874478,47.52891852,1738.03
13.04881663,47.52889752,1741.19
</coordinates></LineString>
<LineString><altitudeMode>absolute</altitudeMode><coordinates>
13.04874478,47.52891852,1738.03
13.04875126,47.52888696,1736.23
13.04878657,47.52888432,1730.11
13.04877726,47.52892025,1731.50
13.04867613,47.52893895,1729.76
13.04861727,47.52891023,1728.66
13.04856607,47.52889371,1726.78
13.04850525,47.52893586,1720.29
</coordinates></LineString>
<LineString><altitudeMode>absolute</altitudeMode><coordinates>
13.04850525,47.52893586,1720.29
13.04848578,47.52896666,1716.48
13.04848533,47.52898231,1714.09
</coordinates></LineString>
<LineString><altitudeMode>absolute</altitudeMode><coordinates>
13.04848533,47.52898231,1714.09
13.04846985,47.52899132,1706.02
13.04836244,47.52896771,1702.30
</coordinates></LineString>
<LineString><altitudeMode>absolute</altitudeMode><coordinates>
13.04836244,47.52896771,1702.30
13.04822216,47.52896020,1697.32
</coordinates></LineString>
<LineString><altitudeMode>absolute</altitudeMode><coordinates>
13.04822216,47.52896020,1697.32
13.04811680,47.52894941,1692.39
13.04806081,47.52891876,1689.88
13.04795767,47.52891628,1684.16
</coordinates></LineString>
<LineString><altitudeMode>absolute</altitudeMode><coordinates>
13.04795767,47.52891628,1684.16
13.04795451,47.52890489,1684.19
</coordinates></LineString>
<LineString><altitudeMode>absolute</altitudeMode><coordinates>
13.04687109,47.52874282,1741.60
13.04689412,47.52877021,1741.49
13.04691549,47.52878866,1742.82
</coordinates></LineString>
<LineString><altitudeMode>absolute</altitudeMode><coordinates>
13.04691549,47.52878866,1742.82
13.04694428,47.52876126,1748.00
</coordinates></LineString>
<LineString><altitudeMode>absolute</altitudeMode><coordinates>
13.04687994,47.52881235,1741.26
13.04690555,47.52880604,1741.14
</coordinates></LineString>
<LineString><altitudeMode>absolute</altitudeMode><coordinates>
13.04681374,47.52873816,1741.80
13.04681266,47.52865616,1748.28
</coordinates></LineString>
<LineString><altitudeMode>absolute</altitudeMode><coordinates>
13.04664710,47.52861735,1745.29
13.04658069,47.52863835,1745.25
</coordinates></LineString>
<LineString><altitudeMode>absolute</altitudeMode><coordinates>
13.04660715,47.52840530,1749.32
13.04650949,47.52838410,1748.11
</coordinates></LineString>
<LineString><altitudeMode>absolute</altitudeMode><coordinates>
13.04657490,47.52828291,1750.13
13.04649951,47.52822358,1753.79
</coordinates></LineString>
<LineString><altitudeMode>absolute</altitudeMode><coordinates>
13.04690486,47.52835224,1750.31
13.04687295,47.52838877,1749.91
</coordinates></LineString>
<LineString><altitudeMode>absolute</altitudeMode><coordinates>
13.04737686,47.52839627,1749.08
13.04746417,47.52840280,1748.53
</coordinates></LineString>
<LineString><altitudeMode>absolute</altitudeMode><coordinates>
13.04755122,47.52825167,1749.61
13.04743506,47.52821721,1748.10
</coordinates></LineString>
<LineString><altitudeMode>absolute</altitudeMode><coordinates>
13.04803607,47.52795668,1748.24
13.04805286,47.52800538,1752.37
</coordinates></LineString>
<LineString><altitudeMode>absolute</altitudeMode><coordinates>
13.04862140,47.52801487,1746.06
13.04868047,47.52799464,1746.42
</coordinates></LineString>
<LineString><altitudeMode>absolute</altitudeMode><coordinates>
13.04868047,47.52799464,1746.42
13.04871400,47.52797560,1750.84
</coordinates></LineString>
<LineString><altitudeMode>absolute</altitudeMode><coordinates>
13.04870258,47.52811155,1745.71
13.04871342,47.52813801,1749.21
</coordinates></LineString>
<LineString><altitudeMode>absolute</altitudeMode><coordinates>
13.04840360,47.52833835,1739.68
13.04843117,47.52833306,1737.82
</coordinates></LineString>
<LineString><altitudeMode>absolute</altitudeMode><coordinates>
13.04843117,47.52833306,1737.82
13.04844585,47.52830973,1736.41
</coordinates></LineString>
<LineString><altitudeMode>absolute</altitudeMode><coordinates>
13.04881663,47.52889752,1741.19
13.04892723,47.52888869,1741.19
</coordinates></LineString>
<LineString><altitudeMode>absolute</altitudeMode><coordinates>
13.04861727,47.52891023,1728.66
13.04864633,47.52897561,1753.18
</coordinates></LineString>
<LineString><altitudeMode>absolute</altitudeMode><coordinates>
13.04848533,47.52898231,1714.09
13.04851024,47.52902332,1720.67
</coordinates></LineString>
<LineString><altitudeMode>absolute</altitudeMode><coordinates>
13.04699426,47.52923992,1699.77
13.04699211,47.52928353,1700.89
13.04702250,47.52929511,1701.90
13.04698792,47.52932818,1703.71
</coordinates></LineString>
<LineString><altitudeMode>absolute</altitudeMode><coordinates>
13.04702250,47.52929511,1701.90
13.04699156,47.52929459,1704.81
13.04699455,47.52932136,1708.44
13.04692461,47.52932296,1708.93
13.04684922,47.52934966,1728.56
</coordinates></LineString>
<LineString><altitudeMode>absolute</altitudeMode><coordinates>
13.04692461,47.52932296,1708.93
13.04692176,47.52937123,1708.88
</coordinates></LineString>
<LineString><altitudeMode>absolute</altitudeMode><coordinates>
13.04699426,47.52923992,1699.77
13.04697524,47.52932616,1697.20
13.04696859,47.52934441,1696.37
13.04692122,47.52937851,1689.92
13.04698279,47.52941286,1693.08
13.04707553,47.52946276,1686.44
13.04706913,47.52952411,1681.07
</coordinates></LineString>
<LineString><altitudeMode>absolute</altitudeMode><coordinates>
13.04707553,47.52946276,1686.44
13.04705551,47.52942237,1687.25
13.04707043,47.52938888,1683.52
13.04705574,47.52935165,1681.44
13.04700751,47.52930881,1681.36
</coordinates></LineString>
<LineString><altitudeMode>absolute</altitudeMode><coordinates>
13.04665823,47.52826417,1750.29
13.04669202,47.52825233,1755.17
13.04669367,47.52823994,1755.75
</coordinates></LineString>
<LineString><altitudeMode>absolute</altitudeMode><coordinates>
13.04669367,47.52823994,1755.75
13.04668990,47.52820208,1759.54
13.04670422,47.52819549,1760.02
</coordinates></LineString>
<LineString><altitudeMode>absolute</altitudeMode><coordinates>
13.04670422,47.52819549,1760.02
13.04669230,47.52817306,1761.03
</coordinates></LineString>
<LineString><altitudeMode>absolute</altitudeMode><coordinates>
13.04669230,47.52817306,1761.03
13.04671657,47.52816006,1762.22
</coordinates></LineString>
<LineString><altitudeMode>absolute</altitudeMode><coordinates>
13.04671657,47.52816006,1762.22
13.04674398,47.52815900,1762.86
</coordinates></LineString>
<LineString><altitudeMode>absolute</altitudeMode><coordinates>
13.04674398,47.52815900,1762.86
13.04677044,47.52816890,1763.40
</coordinates></LineString>
<LineString><altitudeMode>absolute</altitudeMode><coordinates>
13.04776873,47.52785755,1719.33
13.04774895,47.52787836,1724.18
</coordinates></LineString>
<LineString><altitudeMode>absolute</altitudeMode><coordinates>
13.04774895,47.52787836,1724.18
13.04772607,47.52791505,1722.53
</coordinates></LineString>
<LineString><altitudeMode>absolute</altitudeMode><coordinates>
13.04772607,47.52791505,1722.53
13.04769422,47.52791063,1721.63
13.04770150,47.52792903,1718.82
13.04770649,47.52794855,1715.01
</coordinates></LineString>
<LineString><altitudeMode>absolute</altitudeMode><coordinates>
13.04770649,47.52794855,1715.01
13.04773048,47.52797514,1715.16
</coordinates></LineString>
<LineString><altitudeMode>absolute</altitudeMode><coordinates>
13.04770649,47.52794855,1715.01
13.04764121,47.52793925,1709.13
</coordinates></LineString>
<LineString><altitudeMode>absolute</altitudeMode><coordinates>
13.04783838,47.52775976,1715.32
13.04785969,47.52779413,1740.24
</coordinates></LineString>
<LineString><altitudeMode>absolute</altitudeMode><coordinates>
13.04814266,47.52747591,1724.37
13.04819052,47.52751092,1739.87
</coordinates></LineString>
<LineString><altitudeMode>absolute</altitudeMode><coordinates>
13.04835325,47.52742173,1730.76
13.04836357,47.52740148,1733.00
13.04840633,47.52741624,1741.65
</coordinates></LineString>
<LineString><altitudeMode>absolute</altitudeMode><coordinates>
13.04864302,47.52729960,1739.36
13.04870675,47.52729718,1743.19
</coordinates></LineString>
<LineString><altitudeMode>absolute</altitudeMode><coordinates>
13.04875434,47.52724634,1738.83
13.04872470,47.52727886,1739.94
</coordinates></LineString>
<LineString><altitudeMode>absolute</altitudeMode><coordinates>
13.04910680,47.52690977,1741.78
13.04917386,47.52692476,1742.36
</coordinates></LineString>
<LineString><altitudeMode>absolute</altitudeMode><coordinates>
13.04706126,47.52911716,1683.32
13.04708468,47.52914491,1682.39
</coordinates></LineString>
<LineString><altitudeMode>absolute</altitudeMode><coordinates>
13.04733575,47.52870548,1684.32
13.04738113,47.52869635,1676.56
</coordinates></LineString>
<LineString><altitudeMode>absolute</altitudeMode><coordinates>
13.04733575,47.52870548,1684.32
13.04733955,47.52865677,1697.30
</coordinates></LineString>
<LineString><altitudeMode>absolute</altitudeMode><coordinates>
13.04753817,47.52856045,1684.34
13.04753539,47.52853872,1710.98
</coordinates></LineString>
<LineString><altitudeMode>absolute</altitudeMode><coordinates>
13.04753817,47.52856045,1684.34
13.04754751,47.52853415,1686.49
13.04756598,47.52852349,1684.89
13.04759464,47.52855673,1683.55
13.04762470,47.52856993,1681.00
13.04766280,47.52859947,1675.93
13.04774065,47.52860682,1673.76
13.04779485,47.52855681,1671.91
13.04786261,47.52857461,1665.73
13.04788425,47.52857498,1666.46
13.04788700,47.52856891,1666.39
13.04793271,47.52852938,1666.33
13.04797605,47.52851797,1663.33
13.04803299,47.52849419,1660.25
13.04818615,47.52845190,1652.43
13.04826945,47.52848418,1647.47
13.04833794,47.52844296,1645.59
13.04843178,47.52836312,1642.46
13.04840593,47.52832228,1642.12
13.04839862,47.52829723,1642.93
13.04838726,47.52828822,1643.12
13.04839373,47.52828221,1643.98
13.04841746,47.52825850,1642.62
13.04844383,47.52829269,1640.46
13.04849482,47.52825388,1638.02
13.04855528,47.52822152,1634.10
13.04861674,47.52819782,1631.62
13.04858506,47.52816723,1631.93
13.04858165,47.52814809,1632.36
13.04856149,47.52812553,1638.82
</coordinates></LineString>
<LineString><altitudeMode>absolute</altitudeMode><coordinates>
13.04855528,47.52822152,1634.10
13.04858909,47.52820536,1631.37
13.04860260,47.52821729,1630.29
13.04859496,47.52824406,1629.91
</coordinates></LineString>
<LineString><altitudeMode>absolute</altitudeMode><coordinates>
13.04687557,47.52903355,1692.63
13.04686840,47.52900139,1693.98
13.04685551,47.52897283,1692.09
13.04686364,47.52895425,1692.53
13.04694400,47.52887238,1701.37
</coordinates></LineString>
<LineString><altitudeMode>absolute</altitudeMode><coordinates>
13.04686364,47.52895425,1692.53
13.04695545,47.52897210,1690.66
</coordinates></LineString>
<LineString><altitudeMode>absolute</altitudeMode><coordinates>
13.04790673,47.52753641,1708.65
13.04788297,47.52752512,1708.37
</coordinates></LineString>
<LineString><altitudeMode>absolute</altitudeMode><coordinates>
13.04788297,47.52752512,1708.37
13.04787845,47.52751442,1708.49
13.04787785,47.52751252,1709.20
13.04789526,47.52749464,1710.44
</coordinates></LineString>
<LineString><altitudeMode>absolute</altitudeMode><coordinates>
13.04780784,47.52758413,1704.74
13.04778303,47.52757228,1707.32
</coordinates></LineString>
<LineString><altitudeMode>absolute</altitudeMode><coordinates>
13.04731827,47.52752324,1717.23
13.04731819,47.52755410,1714.65
</coordinates></LineString>
<LineString><altitudeMode>absolute</altitudeMode><coordinates>
13.04727349,47.52746273,1721.74
13.04733476,47.52749419,1722.63
</coordinates></LineString>
<LineString><altitudeMode>absolute</altitudeMode><coordinates>
13.04726026,47.52746106,1722.76
13.04731623,47.52734567,1732.70
</coordinates></LineString>
<LineString><altitudeMode>absolute</altitudeMode><coordinates>
13.04701962,47.52760175,1707.65
13.04705869,47.52749056,1718.92
</coordinates></LineString>
<LineString><altitudeMode>absolute</altitudeMode><coordinates>
13.04669773,47.52747605,1699.19
13.04668347,47.52747022,1677.25
</coordinates></LineString>
<LineString><altitudeMode>absolute</altitudeMode><coordinates>
13.04908769,47.52690197,1748.01
13.04907139,47.52690097,1747.16
</coordinates></LineString>
<LineString><altitudeMode>absolute</altitudeMode><coordinates>
13.04908769,47.52690197,1748.01
13.04908891,47.52689767,1747.65
13.04910466,47.52693160,1743.49
</coordinates></LineString>
<LineString><altitudeMode>absolute</altitudeMode><coordinates>
13.04908891,47.52689767,1747.65
13.04912558,47.52690127,1747.27
13.04912856,47.52689979,1750.85
</coordinates></LineString>
<LineString><altitudeMode>absolute</altitudeMode><coordinates>
13.04912558,47.52690127,1747.27
13.04911986,47.52692663,1745.32
</coordinates></LineString>
<LineString><altitudeMode>absolute</altitudeMode><coordinates>
13.04912558,47.52690127,1747.27
13.04914044,47.52687317,1748.63
</coordinates></LineString>
<LineString><altitudeMode>absolute</altitudeMode><coordinates>
13.04921368,47.52685768,1749.95
13.04917847,47.52681128,1751.45
</coordinates></LineString>
<LineString><altitudeMode>absolute</altitudeMode><coordinates>
13.04921368,47.52685768,1749.95
13.04921765,47.52683670,1749.30
13.04923534,47.52676105,1735.58
</coordinates></LineString>
<LineString><altitudeMode>absolute</altitudeMode><coordinates>
13.04932898,47.52670055,1750.34
13.04932046,47.52665803,1750.11
</coordinates></LineString>
<LineString><altitudeMode>absolute</altitudeMode><coordinates>
13.04932046,47.52665803,1750.11
13.04928585,47.52665645,1750.90
13.04924872,47.52665438,1752.19
</coordinates></LineString>
<LineString><altitudeMode>absolute</altitudeMode><coordinates>
13.04924872,47.52665438,1752.19
13.04924039,47.52667862,1752.17
</coordinates></LineString>
<LineString><altitudeMode>absolute</altitudeMode><coordinates>
13.04924872,47.52665438,1752.19
13.04931674,47.52664384,1766.54
</coordinates></LineString>
<LineString><altitudeMode>absolute</altitudeMode><coordinates>
13.04931060,47.52676638,1739.77
13.04919390,47.52676430,1738.16
</coordinates></LineString>
<LineString><altitudeMode>absolute</altitudeMode><coordinates>
13.04931060,47.52676638,1739.77
13.04935080,47.52676409,1738.85
</coordinates></LineString>
<LineString><altitudeMode>absolute</altitudeMode><coordinates>
13.04914632,47.52685780,1731.70
13.04917151,47.52681638,1734.66
</coordinates></LineString>
<LineString><altitudeMode>absolute</altitudeMode><coordinates>
13.04899770,47.52698557,1734.38
13.04900670,47.52696871,1732.70
</coordinates></LineString>
<LineString><altitudeMode>absolute</altitudeMode><coordinates>
13.04895205,47.52705219,1728.91
13.04899238,47.52705377,1732.81
</coordinates></LineString>
<LineString><altitudeMode>absolute</altitudeMode><coordinates>
13.04880831,47.52718822,1725.04
13.04884906,47.52717137,1729.20
</coordinates></LineString>
<LineString><altitudeMode>absolute</altitudeMode><coordinates>
13.04880831,47.52718822,1725.04
13.04873614,47.52723559,1726.10
</coordinates></LineString>
<LineString><altitudeMode>absolute</altitudeMode><coordinates>
13.04876424,47.52723013,1725.18
13.04870634,47.52723670,1729.57
</coordinates></LineString>
<LineString><altitudeMode>absolute</altitudeMode><coordinates>
13.04860648,47.52725687,1714.32
13.04850378,47.52729633,1717.84
</coordinates></LineString>
<LineString><altitudeMode>absolute</altitudeMode><coordinates>
13.04856535,47.52729108,1714.11
13.04855430,47.52726687,1717.49
</coordinates></LineString>
<LineString><altitudeMode>absolute</altitudeMode><coordinates>
13.04847572,47.52732942,1713.07
13.04848949,47.52731273,1719.28
</coordinates></LineString>
<LineString><altitudeMode>absolute</altitudeMode><coordinates>
13.04830242,47.52738100,1708.30
13.04834173,47.52733497,1713.36
</coordinates></LineString>
<LineString><altitudeMode>absolute</altitudeMode><coordinates>
13.04819297,47.52733378,1708.87
13.04824233,47.52735712,1714.93
</coordinates></LineString>
<LineString><altitudeMode>absolute</altitudeMode><coordinates>
13.04819297,47.52733378,1708.87
13.04817690,47.52735528,1705.75
</coordinates></LineString>
<LineString><altitudeMode>absolute</altitudeMode><coordinates>
13.04807896,47.52736307,1711.91
13.04820479,47.52730537,1718.19
</coordinates></LineString>
<LineString><altitudeMode>absolute</altitudeMode><coordinates>
13.04805311,47.52736865,1716.61
13.04796528,47.52741575,1722.22
</coordinates></LineString>
<LineString><altitudeMode>absolute</altitudeMode><coordinates>
13.04805311,47.52736865,1716.61
13.04805236,47.52741039,1710.45
</coordinates></LineString>
<LineString><altitudeMode>absolute</altitudeMode><coordinates>
13.04805311,47.52736865,1716.61
13.04806467,47.52731513,1718.10
13.04805260,47.52730728,1719.23
</coordinates></LineString>
<LineString><altitudeMode>absolute</altitudeMode><coordinates>
13.04639871,47.52743946,1684.03
13.04627826,47.52742031,1678.15
</coordinates></LineString>
<LineString><altitudeMode>absolute</altitudeMode><coordinates>
13.04616882,47.52735482,1678.36
13.04618288,47.52731610,1693.37
</coordinates></LineString>
<LineString><altitudeMode>absolute</altitudeMode><coordinates>
13.04599921,47.52730370,1675.89
13.04595189,47.52733295,1653.17
</coordinates></LineString>
<LineString><altitudeMode>absolute</altitudeMode><coordinates>
13.04587357,47.52718818,1679.05
13.04583517,47.52716341,1680.81
</coordinates></LineString>
<LineString><altitudeMode>absolute</altitudeMode><coordinates>
13.04579432,47.52727582,1668.46
13.04594226,47.52725252,1677.68
</coordinates></LineString>
<LineString><altitudeMode>absolute</altitudeMode><coordinates>
13.04580324,47.52726095,1668.35
13.04574569,47.52722955,1668.73
</coordinates></LineString>
<LineString><altitudeMode>absolute</altitudeMode><coordinates>
13.04574569,47.52722955,1668.73
13.04573932,47.52719345,1670.93
</coordinates></LineString>
<LineString><altitudeMode>absolute</altitudeMode><coordinates>
13.04573932,47.52719345,1670.93
13.04574584,47.52713597,1677.96
</coordinates></LineString>
<LineString><altitudeMode>absolute</altitudeMode><coordinates>
13.04573932,47.52719345,1670.93
13.04566429,47.52713899,1670.56
</coordinates></LineString>
<LineString><altitudeMode>absolute</altitudeMode><coordinates>
13.04566429,47.52713899,1670.56
13.04566886,47.52717353,1668.38
</coordinates></LineString>
<LineString><altitudeMode>absolute</altitudeMode><coordinates>
13.04566429,47.52713899,1670.56
13.04575617,47.52713336,1677.61
</coordinates></LineString>
<LineString><altitudeMode>absolute</altitudeMode><coordinates>
13.04566429,47.52713899,1670.56
13.04566454,47.52713225,1674.17
13.04566037,47.52710167,1677.09
</coordinates></LineString>
<LineString><altitudeMode>absolute</altitudeMode><coordinates>
13.04566037,47.52710167,1677.09
13.04562128,47.52704521,1679.95
</coordinates></LineString>
<LineString><altitudeMode>absolute</altitudeMode><coordinates>
13.04562128,47.52704521,1679.95
13.04562762,47.52702822,1679.66
</coordinates></LineString>
<LineString><altitudeMode>absolute</altitudeMode><coordinates>
13.04562762,47.52702822,1679.66
13.04560799,47.52698110,1672.35
</coordinates></LineString>
<LineString><altitudeMode>absolute</altitudeMode><coordinates>
13.04566429,47.52713899,1670.56
13.04562883,47.52712813,1669.84
</coordinates></LineString>
<LineString><altitudeMode>absolute</altitudeMode><coordinates>
13.04562883,47.52712813,1669.84
13.04563338,47.52710562,1671.27
</coordinates></LineString>
<LineString><altitudeMode>absolute</altitudeMode><coordinates>
13.04563338,47.52710562,1671.27
13.04562791,47.52708474,1671.86
13.04560366,47.52707965,1671.15
</coordinates></LineString>
<LineString><altitudeMode>absolute</altitudeMode><coordinates>
13.04560366,47.52707965,1671.15
13.04557904,47.52707365,1667.55
</coordinates></LineString>
<LineString><altitudeMode>absolute</altitudeMode><coordinates>
13.04557904,47.52707365,1667.55
13.04564281,47.52695911,1684.18
</coordinates></LineString>
<LineString><altitudeMode>absolute</altitudeMode><coordinates>
13.04575752,47.52727942,1663.73
13.04571785,47.52724213,1663.29
</coordinates></LineString>
<LineString><altitudeMode>absolute</altitudeMode><coordinates>
13.04571953,47.52742932,1662.15
13.04568551,47.52740471,1665.32
</coordinates></LineString>
<LineString><altitudeMode>absolute</altitudeMode><coordinates>
13.04577894,47.52747532,1656.94
13.04576072,47.52742210,1656.45
</coordinates></LineString>
<LineString><altitudeMode>absolute</altitudeMode><coordinates>
13.04715461,47.52883224,1685.41
13.04715803,47.52867590,1701.69
</coordinates></LineString>
<LineString><altitudeMode>absolute</altitudeMode><coordinates>
13.04715803,47.52867590,1701.69
13.04716680,47.52870080,1700.95
</coordinates></LineString>
<LineString><altitudeMode>absolute</altitudeMode><coordinates>
13.04716680,47.52870080,1700.95
13.04724273,47.52870965,1701.50
</coordinates></LineString>
<LineString><altitudeMode>absolute</altitudeMode><coordinates>
13.04724273,47.52870965,1701.50
13.04726499,47.52872191,1695.47
</coordinates></LineString>
<LineString><altitudeMode>absolute</altitudeMode><coordinates>
13.04724273,47.52870965,1701.50
13.04731965,47.52871348,1705.77
</coordinates></LineString>
<LineString><altitudeMode>absolute</altitudeMode><coordinates>
13.04731965,47.52871348,1705.77
13.04730596,47.52869219,1705.96
</coordinates></LineString>
<LineString><altitudeMode>absolute</altitudeMode><coordinates>
13.04730596,47.52869219,1705.96
13.04739826,47.52865732,1710.00
</coordinates></LineString>
<LineString><altitudeMode>absolute</altitudeMode><coordinates>
13.04739826,47.52865732,1710.00
13.04741228,47.52864109,1712.57
</coordinates></LineString>
<LineString><altitudeMode>absolute</altitudeMode><coordinates>
13.04741228,47.52864109,1712.57
13.04745055,47.52863364,1714.14
</coordinates></LineString>
<LineString><altitudeMode>absolute</altitudeMode><coordinates>
13.04745055,47.52863364,1714.14
13.04748279,47.52864193,1715.75
</coordinates></LineString>
<LineString><altitudeMode>absolute</altitudeMode><coordinates>
13.04748279,47.52864193,1715.75
13.04748879,47.52866282,1717.52
</coordinates></LineString>
<LineString><altitudeMode>absolute</altitudeMode><coordinates>
13.04738467,47.52844707,1738.96
13.04739306,47.52845387,1736.34
</coordinates></LineString>
<LineString><altitudeMode>absolute</altitudeMode><coordinates>
13.04751568,47.52834672,1740.91
13.04754639,47.52828164,1747.36
</coordinates></LineString>
<LineString><altitudeMode>absolute</altitudeMode><coordinates>
13.04755323,47.52836211,1737.84
13.04756551,47.52834999,1737.64
13.04763207,47.52838937,1734.62
13.04762840,47.52839516,1734.39
</coordinates></LineString>
<LineString><altitudeMode>absolute</altitudeMode><coordinates>
13.04762840,47.52839516,1734.39
13.04766414,47.52845956,1728.37
</coordinates></LineString>
<LineString><altitudeMode>absolute</altitudeMode><coordinates>
13.04751205,47.52826180,1696.40
13.04757946,47.52823901,1697.07
</coordinates></LineString>
<LineString><altitudeMode>absolute</altitudeMode><coordinates>
13.04746043,47.52858585,1696.70
13.04731895,47.52870717,1687.29
</coordinates></LineString>
<LineString><altitudeMode>absolute</altitudeMode><coordinates>
13.04746425,47.52852941,1696.87
13.04744780,47.52852895,1693.43
13.04743625,47.52855017,1692.34
</coordinates></LineString>
<LineString><altitudeMode>absolute</altitudeMode><coordinates>
13.04743625,47.52855017,1692.34
13.04738185,47.52858037,1690.95
</coordinates></LineString>
<LineString><altitudeMode>absolute</altitudeMode><coordinates>
13.04738185,47.52858037,1690.95
13.04733751,47.52852230,1686.72
</coordinates></LineString>
<LineString><altitudeMode>absolute</altitudeMode><coordinates>
13.04733751,47.52852230,1686.72
13.04729853,47.52854854,1684.99
</coordinates></LineString>
<LineString><altitudeMode>absolute</altitudeMode><coordinates>
13.04729853,47.52854854,1684.99
13.04727995,47.52854462,1686.10
</coordinates></LineString>
<LineString><altitudeMode>absolute</altitudeMode><coordinates>
13.04727995,47.52854462,1686.10
13.04726148,47.52852325,1685.30
</coordinates></LineString>
<LineString><altitudeMode>absolute</altitudeMode><coordinates>
13.04726148,47.52852325,1685.30
13.04722432,47.52851137,1684.84
</coordinates></LineString>
<LineString><altitudeMode>absolute</altitudeMode><coordinates>
13.04752491,47.52835578,1735.77
13.04753031,47.52833896,1736.61
</coordinates></LineString>
<LineString><altitudeMode>absolute</altitudeMode><coordinates>
13.04753031,47.52833896,1736.61
13.04754368,47.52833307,1738.30
</coordinates></LineString>
<LineString><altitudeMode>absolute</altitudeMode><coordinates>
13.04754368,47.52833307,1738.30
13.04752278,47.52832002,1737.97
</coordinates></LineString>
<LineString><altitudeMode>absolute</altitudeMode><coordinates>
13.04748729,47.52839932,1728.72
13.04749332,47.52841931,1727.34
</coordinates></LineString>
<LineString><altitudeMode>absolute</altitudeMode><coordinates>
13.04749332,47.52841931,1727.34
13.04748688,47.52842802,1726.32
13.04749676,47.52843764,1725.07
</coordinates></LineString>
<LineString><altitudeMode>absolute</altitudeMode><coordinates>
13.04749676,47.52843764,1725.07
13.04761915,47.52849749,1721.81
</coordinates></LineString>
<LineString><altitudeMode>absolute</altitudeMode><coordinates>
13.04761915,47.52849749,1721.81
13.04766979,47.52853633,1719.83
13.04764565,47.52854959,1719.46
</coordinates></LineString>
<LineString><altitudeMode>absolute</altitudeMode><coordinates>
13.04766979,47.52853633,1719.83
13.04767423,47.52852425,1720.13
</coordinates></LineString>
<LineString><altitudeMode>absolute</altitudeMode><coordinates>
13.04767423,47.52852425,1720.13
13.04772965,47.52853087,1708.35
</coordinates></LineString>
<LineString><altitudeMode>absolute</altitudeMode><coordinates>
13.04772965,47.52853087,1708.35
13.04775487,47.52853499,1702.43
</coordinates></LineString>
<LineString><altitudeMode>absolute</altitudeMode><coordinates>
13.04772965,47.52853087,1708.35
13.04778438,47.52852748,1713.34
</coordinates></LineString>
<LineString><altitudeMode>absolute</altitudeMode><coordinates>
13.04772965,47.52853087,1708.35
13.04769609,47.52851860,1708.13
13.04768035,47.52855603,1707.04
13.04766092,47.52856056,1705.41
13.04763551,47.52857938,1704.46
</coordinates></LineString>
<LineString><altitudeMode>absolute</altitudeMode><coordinates>
13.04763551,47.52857938,1704.46
13.04763047,47.52859703,1705.64
13.04760249,47.52858494,1705.60
13.04758763,47.52860233,1704.09
</coordinates></LineString>
<LineString><altitudeMode>absolute</altitudeMode><coordinates>
13.04758763,47.52860233,1704.09
13.04749468,47.52860803,1699.82
</coordinates></LineString>
<LineString><altitudeMode>absolute</altitudeMode><coordinates>
13.04749468,47.52860803,1699.82
13.04737128,47.52863958,1685.97
</coordinates></LineString>
<LineString><altitudeMode>absolute</altitudeMode><coordinates>
13.04758763,47.52860233,1704.09
13.04756008,47.52860366,1698.85
13.04752808,47.52859591,1698.29
13.04751324,47.52859134,1697.10
</coordinates></LineString>
<LineString><altitudeMode>absolute</altitudeMode><coordinates>
13.04761915,47.52849749,1721.81
13.04762627,47.52847395,1723.69
</coordinates></LineString>
<LineString><altitudeMode>absolute</altitudeMode><coordinates>
13.04762627,47.52847395,1723.69
13.04763825,47.52845903,1727.77
</coordinates></LineString>
<LineString><altitudeMode>absolute</altitudeMode><coordinates>
13.04763825,47.52845903,1727.77
13.04761533,47.52843939,1728.61
</coordinates></LineString>
<LineString><altitudeMode>absolute</altitudeMode><coordinates>
13.04761533,47.52843939,1728.61
13.04766215,47.52842372,1729.89
13.04763765,47.52838569,1751.81
</coordinates></LineString>
<LineString><altitudeMode>absolute</altitudeMode><coordinates>
13.04975407,47.52688074,1747.36
13.04978359,47.52689078,1745.78
</coordinates></LineString>
<LineString><altitudeMode>absolute</altitudeMode><coordinates>
13.04978359,47.52689078,1745.78
13.04979685,47.52689856,1744.31
</coordinates></LineString>
<LineString><altitudeMode>absolute</altitudeMode><coordinates>
13.04979685,47.52689856,1744.31
13.04983847,47.52693346,1740.50
</coordinates></LineString>
<LineString><altitudeMode>absolute</altitudeMode><coordinates>
13.04983847,47.52693346,1740.50
13.04987875,47.52691138,1740.10
</coordinates></LineString>
<LineString><altitudeMode>absolute</altitudeMode><coordinates>
13.04987875,47.52691138,1740.10
13.04989706,47.52692978,1744.15
</coordinates></LineString>
<LineString><altitudeMode>absolute</altitudeMode><coordinates>
13.04965737,47.52696278,1736.50
13.04968215,47.52694637,1734.61
</coordinates></LineString>
<LineString><altitudeMode>absolute</altitudeMode><coordinates>
13.04968215,47.52694637,1734.61
13.04972149,47.52693534,1733.74
</coordinates></LineString>
<LineString><altitudeMode>absolute</altitudeMode><coordinates>
13.04972149,47.52693534,1733.74
13.04966064,47.52691037,1734.03
</coordinates></LineString>
<LineString><altitudeMode>absolute</altitudeMode><coordinates>
13.04966064,47.52691037,1734.03
13.04968247,47.52687700,1732.96
</coordinates></LineString>
<LineString><altitudeMode>absolute</altitudeMode><coordinates>
13.04963227,47.52698035,1736.59
13.04961475,47.52700137,1754.02
</coordinates></LineString>
<LineString><altitudeMode>absolute</altitudeMode><coordinates>
13.04963227,47.52698035,1736.59
13.04968729,47.52702636,1736.27
</coordinates></LineString>
<LineString><altitudeMode>absolute</altitudeMode><coordinates>
13.04968729,47.52702636,1736.27
13.04968740,47.52705570,1735.89
</coordinates></LineString>
<LineString><altitudeMode>absolute</altitudeMode><coordinates>
13.04968740,47.52705570,1735.89
13.04972328,47.52705199,1735.02
</coordinates></LineString>
<LineString><altitudeMode>absolute</altitudeMode><coordinates>
13.04941107,47.52691224,1738.07
13.04940576,47.52689794,1740.68
</coordinates></LineString>
<LineString><altitudeMode>absolute</altitudeMode><coordinates>
13.04940576,47.52689794,1740.68
13.04938762,47.52690708,1742.27
</coordinates></LineString>
<LineString><altitudeMode>absolute</altitudeMode><coordinates>
13.04938762,47.52690708,1742.27
13.04937423,47.52689533,1743.56
</coordinates></LineString>
<LineString><altitudeMode>absolute</altitudeMode><coordinates>
13.04918072,47.52686873,1730.13
13.04925373,47.52684541,1730.18
</coordinates></LineString>
<LineString><altitudeMode>absolute</altitudeMode><coordinates>
13.04925373,47.52684541,1730.18
13.04926589,47.52682546,1729.28
</coordinates></LineString>
<LineString><altitudeMode>absolute</altitudeMode><coordinates>
13.04926589,47.52682546,1729.28
13.04924287,47.52680509,1730.67
13.04919831,47.52677419,1729.92
</coordinates></LineString>
<LineString><altitudeMode>absolute</altitudeMode><coordinates>
13.04919831,47.52677419,1729.92
13.04924883,47.52676605,1761.90
</coordinates></LineString>
<LineString><altitudeMode>absolute</altitudeMode><coordinates>
13.04924287,47.52680509,1730.67
13.04926573,47.52678694,1730.21
</coordinates></LineString>
<LineString><altitudeMode>absolute</altitudeMode><coordinates>
13.04932701,47.52687545,1728.59
13.04931478,47.52690791,1729.69
</coordinates></LineString>
<LineString><altitudeMode>absolute</altitudeMode><coordinates>
13.04931478,47.52690791,1729.69
13.04931770,47.52691524,1729.89
</coordinates></LineString>
<LineString><altitudeMode>absolute</altitudeMode><coordinates>
13.04931770,47.52691524,1729.89
13.04929810,47.52692427,1729.89
</coordinates></LineString>
<LineString><altitudeMode>absolute</altitudeMode><coordinates>
13.04929810,47.52692427,1729.89
13.04929171,47.52694621,1728.85
</coordinates></LineString>
<LineString><altitudeMode>absolute</altitudeMode><coordinates>
13.04929171,47.52694621,1728.85
13.04926765,47.52696433,1729.45
</coordinates></LineString>
<LineString><altitudeMode>absolute</altitudeMode><coordinates>
13.04926765,47.52696433,1729.45
13.04928543,47.52698650,1728.79
</coordinates></LineString>
<LineString><altitudeMode>absolute</altitudeMode><coordinates>
13.04928543,47.52698650,1728.79
13.04927802,47.52699645,1730.15
</coordinates></LineString>
<LineString><altitudeMode>absolute</altitudeMode><coordinates>
13.04927802,47.52699645,1730.15
13.04931129,47.52700548,1730.80
</coordinates></LineString>
<LineString><altitudeMode>absolute</altitudeMode><coordinates>
13.04927802,47.52699645,1730.15
13.04926689,47.52699195,1731.81
</coordinates></LineString>
<LineString><altitudeMode>absolute</altitudeMode><coordinates>
13.04950294,47.52695700,1728.59
13.04952573,47.52695505,1728.34
</coordinates></LineString>
<LineString><altitudeMode>absolute</altitudeMode><coordinates>
13.04952573,47.52695505,1728.34
13.04954423,47.52692180,1732.43
</coordinates></LineString>
<LineString><altitudeMode>absolute</altitudeMode><coordinates>
13.04954423,47.52692180,1732.43
13.04957206,47.52692740,1732.97
</coordinates></LineString>
<LineString><altitudeMode>absolute</altitudeMode><coordinates>
13.04722432,47.52851137,1684.84
13.04716505,47.52850451,1684.82
</coordinates></LineString>
<LineString><altitudeMode>absolute</altitudeMode><coordinates>
13.04716505,47.52850451,1684.82
13.04715615,47.52851534,1685.00
</coordinates></LineString>
<LineString><altitudeMode>absolute</altitudeMode><coordinates>
13.04715615,47.52851534,1685.00
13.04712120,47.52850836,1685.06
</coordinates></LineString>
<LineString><altitudeMode>absolute</altitudeMode><coordinates>
13.04712120,47.52850836,1685.06
13.04708125,47.52849301,1685.18
</coordinates></LineString>
<LineString><altitudeMode>absolute</altitudeMode><coordinates>
13.04708125,47.52849301,1685.18
13.04708583,47.52848427,1686.07
</coordinates></LineString>
<LineString><altitudeMode>absolute</altitudeMode><coordinates>
13.04708583,47.52848427,1686.07
13.04705351,47.52845996,1686.76
</coordinates></LineString>
<LineString><altitudeMode>absolute</altitudeMode><coordinates>
13.04705351,47.52845996,1686.76
13.04701571,47.52844033,1685.92
</coordinates></LineString>
<LineString><altitudeMode>absolute</altitudeMode><coordinates>
13.04701571,47.52844033,1685.92
13.04700467,47.52843015,1684.82
</coordinates></LineString>
<LineString><altitudeMode>absolute</altitudeMode><coordinates>
13.04700467,47.52843015,1684.82
13.04697332,47.52842647,1684.16
</coordinates></LineString>
<LineString><altitudeMode>absolute</altitudeMode><coordinates>
13.04697332,47.52842647,1684.16
13.04693425,47.52842653,1682.49
</coordinates></LineString>
<LineString><altitudeMode>absolute</altitudeMode><coordinates>
13.04693425,47.52842653,1682.49
13.04691640,47.52841353,1682.49
</coordinates></LineString>
<LineString><altitudeMode>absolute</altitudeMode><coordinates>
13.04691640,47.52841353,1682.49
13.04688950,47.52844385,1682.29
</coordinates></LineString>
<LineString><altitudeMode>absolute</altitudeMode><coordinates>
13.04688950,47.52844385,1682.29
13.04683881,47.52844227,1681.56
</coordinates></LineString>
<LineString><altitudeMode>absolute</altitudeMode><coordinates>
13.04683881,47.52844227,1681.56
13.04683538,47.52844158,1681.59
</coordinates></LineString>
<LineString><altitudeMode>absolute</altitudeMode><coordinates>
13.04683538,47.52844158,1681.59
13.04683793,47.52843019,1681.07
</coordinates></LineString>
<LineString><altitudeMode>absolute</altitudeMode><coordinates>
13.04683793,47.52843019,1681.07
13.04680864,47.52841044,1680.14
</coordinates></LineString>
<LineString><altitudeMode>absolute</altitudeMode><coordinates>
13.04680864,47.52841044,1680.14
13.04680135,47.52840267,1679.76
</coordinates></LineString>
<LineString><altitudeMode>absolute</altitudeMode><coordinates>
13.04680135,47.52840267,1679.76
13.04673837,47.52838872,1680.24
</coordinates></LineString>
<LineString><altitudeMode>absolute</altitudeMode><coordinates>
13.04673837,47.52838872,1680.24
13.04672502,47.52838310,1679.64
</coordinates></LineString>
<LineString><altitudeMode>absolute</altitudeMode><coordinates>
13.04672502,47.52838310,1679.64
13.04667640,47.52838659,1679.77
</coordinates></LineString>
<LineString><altitudeMode>absolute</altitudeMode><coordinates>
13.04667640,47.52838659,1679.77
13.04665788,47.52839878,1678.80
</coordinates></LineString>
<LineString><altitudeMode>absolute</altitudeMode><coordinates>
13.04665788,47.52839878,1678.80
13.04664353,47.52840951,1678.00
13.04663881,47.52841510,1680.89
</coordinates></LineString>
<LineString><altitudeMode>absolute</altitudeMode><coordinates>
13.04664353,47.52840951,1678.00
13.04664011,47.52840496,1673.71
</coordinates></LineString>
<LineString><altitudeMode>absolute</altitudeMode><coordinates>
13.04664011,47.52840496,1673.71
13.04658995,47.52839267,1672.85
</coordinates></LineString>
<LineString><altitudeMode>absolute</altitudeMode><coordinates>
13.04658995,47.52839267,1672.85
13.04656345,47.52838017,1673.67
</coordinates></LineString>
<LineString><altitudeMode>absolute</altitudeMode><coordinates>
13.04656345,47.52838017,1673.67
13.04655609,47.52836717,1673.33
</coordinates></LineString>
<LineString><altitudeMode>absolute</altitudeMode><coordinates>
13.04655609,47.52836717,1673.33
13.04653611,47.52837565,1672.17
</coordinates></LineString>
<LineString><altitudeMode>absolute</altitudeMode><coordinates>
13.04653611,47.52837565,1672.17
13.04652180,47.52838171,1670.78
</coordinates></LineString>
<LineString><altitudeMode>absolute</altitudeMode><coordinates>
13.04652180,47.52838171,1670.78
13.04651097,47.52839430,1666.25
</coordinates></LineString>
<LineString><altitudeMode>absolute</altitudeMode><coordinates>
13.04664011,47.52840496,1673.71
13.04667424,47.52841256,1673.04
</coordinates></LineString>
<LineString><altitudeMode>absolute</altitudeMode><coordinates>
13.04667424,47.52841256,1673.04
13.04669427,47.52844556,1671.79
</coordinates></LineString>
<LineString><altitudeMode>absolute</altitudeMode><coordinates>
13.04669427,47.52844556,1671.79
13.04672107,47.52844305,1671.30
</coordinates></LineString>
<LineString><altitudeMode>absolute</altitudeMode><coordinates>
13.04672107,47.52844305,1671.30
13.04674812,47.52844792,1670.12
</coordinates></LineString>
<LineString><altitudeMode>absolute</altitudeMode><coordinates>
13.04674812,47.52844792,1670.12
13.04676609,47.52846847,1670.19
</coordinates></LineString>
<LineString><altitudeMode>absolute</altitudeMode><coordinates>
13.04676609,47.52846847,1670.19
13.04679721,47.52846405,1669.90
</coordinates></LineString>
<LineString><altitudeMode>absolute</altitudeMode><coordinates>
13.04679721,47.52846405,1669.90
13.04680411,47.52849648,1668.13
</coordinates></LineString>
<LineString><altitudeMode>absolute</altitudeMode><coordinates>
13.04680411,47.52849648,1668.13
13.04683622,47.52851565,1666.00
</coordinates></LineString>
<LineString><altitudeMode>absolute</altitudeMode><coordinates>
13.04683622,47.52851565,1666.00
13.04686222,47.52853085,1665.91
</coordinates></LineString>
<LineString><altitudeMode>absolute</altitudeMode><coordinates>
13.04686222,47.52853085,1665.91
13.04691242,47.52856374,1665.76
</coordinates></LineString>
<LineString><altitudeMode>absolute</altitudeMode><coordinates>
13.04691242,47.52856374,1665.76
13.04691477,47.52857197,1665.21
</coordinates></LineString>
<LineString><altitudeMode>absolute</altitudeMode><coordinates>
13.04691477,47.52857197,1665.21
13.04709253,47.52865076,1667.31
</coordinates></LineString>
<LineString><altitudeMode>absolute</altitudeMode><coordinates>
13.04748879,47.52866282,1717.52
13.04750136,47.52869291,1716.54
</coordinates></LineString>
<LineString><altitudeMode>absolute</altitudeMode><coordinates>
13.04750136,47.52869291,1716.54
13.04758740,47.52867287,1728.91
</coordinates></LineString>
<LineString><altitudeMode>absolute</altitudeMode><coordinates>
13.04750136,47.52869291,1716.54
13.04749095,47.52869075,1712.32
</coordinates></LineString>
<LineString><altitudeMode>absolute</altitudeMode><coordinates>
13.04749095,47.52869075,1712.32
13.04745580,47.52870347,1710.07
</coordinates></LineString>
<LineString><altitudeMode>absolute</altitudeMode><coordinates>
13.04745580,47.52870347,1710.07
13.04743897,47.52873099,1706.21
</coordinates></LineString>
<LineString><altitudeMode>absolute</altitudeMode><coordinates>
13.04743897,47.52873099,1706.21
13.04736914,47.52875095,1703.73
</coordinates></LineString>
<LineString><altitudeMode>absolute</altitudeMode><coordinates>
13.04736914,47.52875095,1703.73
13.04734387,47.52874449,1702.94
</coordinates></LineString>
<LineString><altitudeMode>absolute</altitudeMode><coordinates>
13.04734387,47.52874449,1702.94
13.04733142,47.52873627,1702.78
</coordinates></LineString>
<LineString><altitudeMode>absolute</altitudeMode><coordinates>
13.04733142,47.52873627,1702.78
13.04730831,47.52871824,1703.08
</coordinates></LineString>
<LineString><altitudeMode>absolute</altitudeMode><coordinates>
13.04750136,47.52869291,1716.54
13.04752746,47.52870199,1716.67
</coordinates></LineString>
<LineString><altitudeMode>absolute</altitudeMode><coordinates>
13.04752746,47.52870199,1716.67
13.04754483,47.52867790,1731.57
</coordinates></LineString>
<LineString><altitudeMode>absolute</altitudeMode><coordinates>
13.04752746,47.52870199,1716.67
13.04755193,47.52868702,1707.57
</coordinates></LineString>
<LineString><altitudeMode>absolute</altitudeMode><coordinates>
13.04752746,47.52870199,1716.67
13.04756362,47.52869073,1715.08
</coordinates></LineString>
<LineString><altitudeMode>absolute</altitudeMode><coordinates>
13.04756362,47.52869073,1715.08
13.04756307,47.52868046,1708.41
</coordinates></LineString>
<LineString><altitudeMode>absolute</altitudeMode><coordinates>
13.04756362,47.52869073,1715.08
13.04758704,47.52868627,1727.65
</coordinates></LineString>
<LineString><altitudeMode>absolute</altitudeMode><coordinates>
13.04842082,47.52819305,1742.13
13.04847218,47.52821237,1734.44
13.04846831,47.52818054,1733.71
</coordinates></LineString>
<LineString><altitudeMode>absolute</altitudeMode><coordinates>
13.04847218,47.52821237,1734.44
13.04849643,47.52823915,1732.26
</coordinates></LineString>
<LineString><altitudeMode>absolute</altitudeMode><coordinates>
13.04849643,47.52823915,1732.26
13.04849423,47.52825189,1732.70
</coordinates></LineString>
<LineString><altitudeMode>absolute</altitudeMode><coordinates>
13.04849423,47.52825189,1732.70
13.04851809,47.52827137,1731.36
</coordinates></LineString>
<LineString><altitudeMode>absolute</altitudeMode><coordinates>
13.04851809,47.52827137,1731.36
13.04852701,47.52830293,1731.36
13.04852757,47.52830932,1731.47
13.04851727,47.52830411,1731.36
</coordinates></LineString>
<LineString><altitudeMode>absolute</altitudeMode><coordinates>
13.04851727,47.52830411,1731.36
13.04851121,47.52831346,1730.11
</coordinates></LineString>
<LineString><altitudeMode>absolute</altitudeMode><coordinates>
13.04851121,47.52831346,1730.11
13.04848666,47.52832689,1729.06
13.04844379,47.52832230,1725.57
</coordinates></LineString>
<LineString><altitudeMode>absolute</altitudeMode><coordinates>
13.04844379,47.52832230,1725.57
13.04844983,47.52833851,1725.94
13.04840501,47.52831129,1727.89
</coordinates></LineString>
<LineString><altitudeMode>absolute</altitudeMode><coordinates>
13.04844983,47.52833851,1725.94
13.04846256,47.52834286,1725.84
13.04847726,47.52836921,1724.91
13.04847618,47.52838395,1725.13
</coordinates></LineString>
<LineString><altitudeMode>absolute</altitudeMode><coordinates>
13.04847618,47.52838395,1725.13
13.04844538,47.52841204,1713.12
</coordinates></LineString>
<LineString><altitudeMode>absolute</altitudeMode><coordinates>
13.04349894,47.53129854,1717.58
13.04352390,47.53132776,1717.14
</coordinates></LineString>
<LineString><altitudeMode>absolute</altitudeMode><coordinates>
13.04349894,47.53129854,1717.58
13.04354863,47.53129498,1720.60
</coordinates></LineString>
<LineString><altitudeMode>absolute</altitudeMode><coordinates>
13.04354863,47.53129498,1720.60
13.04361562,47.53128722,1723.04
</coordinates></LineString>
<LineString><altitudeMode>absolute</altitudeMode><coordinates>
13.04361562,47.53128722,1723.04
13.04361353,47.53124336,1723.80
</coordinates></LineString>
<LineString><altitudeMode>absolute</altitudeMode><coordinates>
13.04361353,47.53124336,1723.80
13.04366275,47.53123826,1724.38
</coordinates></LineString>
<LineString><altitudeMode>absolute</altitudeMode><coordinates>
13.04366275,47.53123826,1724.38
13.04366359,47.53120849,1724.67
</coordinates></LineString>
<LineString><altitudeMode>absolute</altitudeMode><coordinates>
13.04366359,47.53120849,1724.67
13.04369603,47.53118637,1724.87
</coordinates></LineString>
<LineString><altitudeMode>absolute</altitudeMode><coordinates>
13.04369603,47.53118637,1724.87
13.04368019,47.53118358,1724.32
</coordinates></LineString>
<LineString><altitudeMode>absolute</altitudeMode><coordinates>
13.04368019,47.53118358,1724.32
13.04363219,47.53117745,1719.97
</coordinates></LineString>
<LineString><altitudeMode>absolute</altitudeMode><coordinates>
13.04363219,47.53117745,1719.97
13.04363308,47.53116433,1717.85
</coordinates></LineString>
<LineString><altitudeMode>absolute</altitudeMode><coordinates>
13.04363219,47.53117745,1719.97
13.04366403,47.53115730,1721.96
</coordinates></LineString>
<LineString><altitudeMode>absolute</altitudeMode><coordinates>
13.04366403,47.53115730,1721.96
13.04368246,47.53112612,1722.71
</coordinates></LineString>
<LineString><altitudeMode>absolute</altitudeMode><coordinates>
13.04368246,47.53112612,1722.71
13.04369598,47.53113769,1722.26
</coordinates></LineString>
<LineString><altitudeMode>absolute</altitudeMode><coordinates>
13.04369598,47.53113769,1722.26
13.04372145,47.53114244,1723.03
</coordinates></LineString>
<LineString><altitudeMode>absolute</altitudeMode><coordinates>
13.04345533,47.53130662,1709.03
13.04349257,47.53130914,1708.66
</coordinates></LineString>
<LineString><altitudeMode>absolute</altitudeMode><coordinates>
13.04340191,47.53136042,1707.87
13.04345603,47.53136269,1707.46
</coordinates></LineString>
<LineString><altitudeMode>absolute</altitudeMode><coordinates>
13.04345603,47.53136269,1707.46
13.04352068,47.53136775,1711.63
</coordinates></LineString>
<LineString><altitudeMode>absolute</altitudeMode><coordinates>
13.04345603,47.53136269,1707.46
13.04336144,47.53139806,1707.37
</coordinates></LineString>
<LineString><altitudeMode>absolute</altitudeMode><coordinates>
13.04322307,47.53135691,1710.53
13.04318028,47.53135708,1709.73
</coordinates></LineString>
<LineString><altitudeMode>absolute</altitudeMode><coordinates>
13.04318028,47.53135708,1709.73
13.04316445,47.53135402,1708.06
13.04314739,47.53137695,1707.49
</coordinates></LineString>
<LineString><altitudeMode>absolute</altitudeMode><coordinates>
13.04483055,47.53078640,1758.40
13.04482825,47.53082325,1756.51
13.04480248,47.53081939,1754.26
13.04480931,47.53084659,1753.01
13.04478515,47.53086022,1752.41
13.04480538,47.53087739,1750.70
13.04481461,47.53089699,1749.74
13.04479905,47.53090113,1748.59
13.04479800,47.53089715,1732.63
13.04474550,47.53090463,1731.12
13.04472967,47.53092325,1728.60
13.04470523,47.53091933,1729.47
13.04469967,47.53090456,1729.41
</coordinates></LineString>
<LineString><altitudeMode>absolute</altitudeMode><coordinates>
13.04470523,47.53091933,1729.47
13.04469123,47.53094221,1730.26
</coordinates></LineString>
<LineString><altitudeMode>absolute</altitudeMode><coordinates>
13.04472967,47.53092325,1728.60
13.04472447,47.53094161,1726.84
</coordinates></LineString>
<LineString><altitudeMode>absolute</altitudeMode><coordinates>
13.04479800,47.53089715,1732.63
13.04475561,47.53091866,1734.53
</coordinates></LineString>
<LineString><altitudeMode>absolute</altitudeMode><coordinates>
13.04480248,47.53081939,1754.26
13.04481612,47.53082439,1756.62
</coordinates></LineString>
<LineString><altitudeMode>absolute</altitudeMode><coordinates>
13.04809245,47.52751879,1739.38
13.04806660,47.52750278,1739.89
</coordinates></LineString>
<LineString><altitudeMode>absolute</altitudeMode><coordinates>
13.04806660,47.52750278,1739.89
13.04811853,47.52747109,1741.51
</coordinates></LineString>
<LineString><altitudeMode>absolute</altitudeMode><coordinates>
13.04811853,47.52747109,1741.51
13.04809366,47.52747184,1749.48
</coordinates></LineString>
<LineString><altitudeMode>absolute</altitudeMode><coordinates>
13.04806660,47.52750278,1739.89
13.04804112,47.52747337,1740.89
</coordinates></LineString>
<LineString><altitudeMode>absolute</altitudeMode><coordinates>
13.04804112,47.52747337,1740.89
13.04800464,47.52746843,1739.98
</coordinates></LineString>
<LineString><altitudeMode>absolute</altitudeMode><coordinates>
13.04816327,47.52752566,1740.93
13.04815458,47.52748763,1731.67
</coordinates></LineString>
<LineString><altitudeMode>absolute</altitudeMode><coordinates>
13.04839606,47.52746385,1745.78
13.04837360,47.52748569,1747.64
</coordinates></LineString>
<LineString><altitudeMode>absolute</altitudeMode><coordinates>
13.04841431,47.52743392,1743.07
13.04839986,47.52741874,1743.42
13.04838157,47.52741771,1738.60
</coordinates></LineString>
<LineString><altitudeMode>absolute</altitudeMode><coordinates>
13.04846225,47.52745256,1738.47
13.04850394,47.52736373,1746.35
</coordinates></LineString>
<LineString><altitudeMode>absolute</altitudeMode><coordinates>
13.04850394,47.52736373,1746.35
13.04847736,47.52736031,1746.32
13.04849021,47.52734352,1745.89
13.04847403,47.52734271,1740.32
</coordinates></LineString>
<LineString><altitudeMode>absolute</altitudeMode><coordinates>
13.03966532,47.53265174,1752.67
13.03966192,47.53262541,1750.11
13.03966670,47.53255782,1744.48
</coordinates></LineString>
<LineString><altitudeMode>absolute</altitudeMode><coordinates>
13.03966670,47.53255782,1744.48
13.03966243,47.53255829,1743.57
</coordinates></LineString>
<LineString><altitudeMode>absolute</altitudeMode><coordinates>
13.03966243,47.53255829,1743.57
13.03965004,47.53253774,1744.15
</coordinates></LineString>
<LineString><altitudeMode>absolute</altitudeMode><coordinates>
13.03965004,47.53253774,1744.15
13.03968232,47.53252722,1746.29
</coordinates></LineString>
<LineString><altitudeMode>absolute</altitudeMode><coordinates>
13.03968232,47.53252722,1746.29
13.03971955,47.53249448,1747.75
</coordinates></LineString>
<LineString><altitudeMode>absolute</altitudeMode><coordinates>
13.03971955,47.53249448,1747.75
13.03973261,47.53246123,1748.92
</coordinates></LineString>
<LineString><altitudeMode>absolute</altitudeMode><coordinates>
13.03973261,47.53246123,1748.92
13.03974033,47.53244300,1749.49
</coordinates></LineString>
<LineString><altitudeMode>absolute</altitudeMode><coordinates>
13.03974033,47.53244300,1749.49
13.03972677,47.53242180,1751.02
</coordinates></LineString>
<LineString><altitudeMode>absolute</altitudeMode><coordinates>
13.03972677,47.53242180,1751.02
13.03971221,47.53240968,1757.18
</coordinates></LineString>
<LineString><altitudeMode>absolute</altitudeMode><coordinates>
13.03971221,47.53240968,1757.18
13.03970346,47.53241277,1756.94
</coordinates></LineString>
<LineString><altitudeMode>absolute</altitudeMode><coordinates>
13.03970346,47.53241277,1756.94
13.03969510,47.53242315,1758.96
</coordinates></LineString>
<LineString><altitudeMode>absolute</altitudeMode><coordinates>
13.03969510,47.53242315,1758.96
13.03959967,47.53235277,1767.08
</coordinates></LineString>
<LineString><altitudeMode>absolute</altitudeMode><coordinates>
13.03959967,47.53235277,1767.08
13.03960489,47.53232308,1767.37
</coordinates></LineString>
<LineString><altitudeMode>absolute</altitudeMode><coordinates>
13.03960489,47.53232308,1767.37
13.03955604,47.53232899,1767.38
</coordinates></LineString>
<LineString><altitudeMode>absolute</altitudeMode><coordinates>
13.03955604,47.53232899,1767.38
13.03953340,47.53233778,1767.30
</coordinates></LineString>
<LineString><altitudeMode>absolute</altitudeMode><coordinates>
13.03953340,47.53233778,1767.30
13.03951150,47.53234047,1767.00
</coordinates></LineString>
<LineString><altitudeMode>absolute</altitudeMode><coordinates>
13.03951150,47.53234047,1767.00
13.03948565,47.53231060,1767.72
</coordinates></LineString>
<LineString><altitudeMode>absolute</altitudeMode><coordinates>
13.03948565,47.53231060,1767.72
13.03951466,47.53230219,1767.91
</coordinates></LineString>
<LineString><altitudeMode>absolute</altitudeMode><coordinates>
13.03951466,47.53230219,1767.91
13.03953838,47.53229314,1768.47
13.03952825,47.53227272,1769.12
</coordinates></LineString>
<LineString><altitudeMode>absolute</altitudeMode><coordinates>
13.03965004,47.53253774,1744.15
13.03966704,47.53253794,1742.70
</coordinates></LineString>
<LineString><altitudeMode>absolute</altitudeMode><coordinates>
13.03966704,47.53253794,1742.70
13.03968011,47.53251513,1740.72
</coordinates></LineString>
<LineString><altitudeMode>absolute</altitudeMode><coordinates>
13.03968011,47.53251513,1740.72
13.03968750,47.53251309,1740.26
</coordinates></LineString>
<LineString><altitudeMode>absolute</altitudeMode><coordinates>
13.03968750,47.53251309,1740.26
13.03969359,47.53253488,1738.57
</coordinates></LineString>
<LineString><altitudeMode>absolute</altitudeMode><coordinates>
13.03969359,47.53253488,1738.57
13.03975690,47.53252247,1735.81
</coordinates></LineString>
<LineString><altitudeMode>absolute</altitudeMode><coordinates>
13.03975690,47.53252247,1735.81
13.03975191,47.53253174,1733.23
</coordinates></LineString>
<LineString><altitudeMode>absolute</altitudeMode><coordinates>
13.03975191,47.53253174,1733.23
13.03976704,47.53254631,1732.92
</coordinates></LineString>
<LineString><altitudeMode>absolute</altitudeMode><coordinates>
13.03976704,47.53254631,1732.92
13.03978100,47.53255330,1733.38
</coordinates></LineString>
<LineString><altitudeMode>absolute</altitudeMode><coordinates>
13.03978100,47.53255330,1733.38
13.03979797,47.53256483,1735.00
</coordinates></LineString>
<LineString><altitudeMode>absolute</altitudeMode><coordinates>
13.03979797,47.53256483,1735.00
13.03982897,47.53256365,1736.39
</coordinates></LineString>
<LineString><altitudeMode>absolute</altitudeMode><coordinates>
13.03982897,47.53256365,1736.39
13.03984763,47.53258728,1736.76
</coordinates></LineString>
<LineString><altitudeMode>absolute</altitudeMode><coordinates>
13.03978100,47.53255330,1733.38
13.03977852,47.53253769,1731.43
</coordinates></LineString>
<LineString><altitudeMode>absolute</altitudeMode><coordinates>
13.03977852,47.53253769,1731.43
13.03980495,47.53254516,1732.14
</coordinates></LineString>
<LineString><altitudeMode>absolute</altitudeMode><coordinates>
13.03980495,47.53254516,1732.14
13.03982045,47.53252149,1731.61
</coordinates></LineString>
<LineString><altitudeMode>absolute</altitudeMode><coordinates>
13.03982045,47.53252149,1731.61
13.03980602,47.53250216,1733.90
</coordinates></LineString>
<LineString><altitudeMode>absolute</altitudeMode><coordinates>
13.03980602,47.53250216,1733.90
13.03979550,47.53251701,1736.23
</coordinates></LineString>
<LineString><altitudeMode>absolute</altitudeMode><coordinates>
13.03979550,47.53251701,1736.23
13.03983952,47.53251965,1737.66
</coordinates></LineString>
<LineString><altitudeMode>absolute</altitudeMode><coordinates>
13.03983952,47.53251965,1737.66
13.03980455,47.53254533,1741.20
</coordinates></LineString>
<LineString><altitudeMode>absolute</altitudeMode><coordinates>
13.03980455,47.53254533,1741.20
13.03980103,47.53255760,1742.84
</coordinates></LineString>
<LineString><altitudeMode>absolute</altitudeMode><coordinates>
13.03980103,47.53255760,1742.84
13.03979139,47.53253458,1744.13
</coordinates></LineString>
<LineString><altitudeMode>absolute</altitudeMode><coordinates>
13.03980495,47.53254516,1732.14
13.03983750,47.53253456,1731.33
</coordinates></LineString>
<LineString><altitudeMode>absolute</altitudeMode><coordinates>
13.03983750,47.53253456,1731.33
13.03987163,47.53254558,1731.15
</coordinates></LineString>
<LineString><altitudeMode>absolute</altitudeMode><coordinates>
13.03987163,47.53254558,1731.15
13.03989928,47.53254893,1731.67
</coordinates></LineString>
<LineString><altitudeMode>absolute</altitudeMode><coordinates>
13.03989928,47.53254893,1731.67
13.03994678,47.53254011,1727.50
</coordinates></LineString>
<LineString><altitudeMode>absolute</altitudeMode><coordinates>
13.03994678,47.53254011,1727.50
13.03996929,47.53251701,1727.67
</coordinates></LineString>
<LineString><altitudeMode>absolute</altitudeMode><coordinates>
13.03965004,47.53253774,1744.15
13.03963453,47.53253684,1744.48
</coordinates></LineString>
<LineString><altitudeMode>absolute</altitudeMode><coordinates>
13.03963453,47.53253684,1744.48
13.03964920,47.53251388,1745.14
</coordinates></LineString>
<LineString><altitudeMode>absolute</altitudeMode><coordinates>
13.04567797,47.52767535,1653.52
13.04563099,47.52768480,1650.02
13.04562744,47.52769815,1649.56
13.04558908,47.52769714,1648.64
13.04558462,47.52768842,1648.55
13.04557196,47.52768947,1642.00
</coordinates></LineString>
<LineString><altitudeMode>absolute</altitudeMode><coordinates>
13.04556658,47.52771286,1644.24
13.04551227,47.52774784,1648.42
</coordinates></LineString>
<LineString><altitudeMode>absolute</altitudeMode><coordinates>
13.04557904,47.52707365,1667.55
13.04554657,47.52706428,1667.21
13.04552190,47.52704181,1667.04
13.04551742,47.52701942,1667.69
</coordinates></LineString>
<LineString><altitudeMode>absolute</altitudeMode><coordinates>
13.04473150,47.52773300,1638.76
13.04465789,47.52775469,1641.48
13.04458827,47.52771903,1646.68
</coordinates></LineString>
<LineString><altitudeMode>absolute</altitudeMode><coordinates>
13.04458827,47.52771903,1646.68
13.04449353,47.52770851,1652.83
</coordinates></LineString>
<LineString><altitudeMode>absolute</altitudeMode><coordinates>
13.04449353,47.52770851,1652.83
13.04448416,47.52768549,1653.95
13.04444037,47.52773766,1658.95
</coordinates></LineString>
<LineString><altitudeMode>absolute</altitudeMode><coordinates>
13.03629144,47.53562159,1602.94
13.03624967,47.53565849,1600.22
</coordinates></LineString>
<LineString><altitudeMode>absolute</altitudeMode><coordinates>
13.03624967,47.53565849,1600.22
13.03622552,47.53567194,1598.80
</coordinates></LineString>
<LineString><altitudeMode>absolute</altitudeMode><coordinates>
13.03622552,47.53567194,1598.80
13.03611010,47.53572386,1590.85
</coordinates></LineString>
<LineString><altitudeMode>absolute</altitudeMode><coordinates>
13.03611010,47.53572386,1590.85
13.03608138,47.53573866,1590.80
</coordinates></LineString>
<LineString><altitudeMode>absolute</altitudeMode><coordinates>
13.03608138,47.53573866,1590.80
13.03605791,47.53575149,1568.30
</coordinates></LineString>
<LineString><altitudeMode>absolute</altitudeMode><coordinates>
13.03605791,47.53575149,1568.30
13.03610485,47.53566888,1573.35
</coordinates></LineString>
<LineString><altitudeMode>absolute</altitudeMode><coordinates>
13.03605791,47.53575149,1568.30
13.03598015,47.53574161,1564.05
13.03603234,47.53577805,1563.61
</coordinates></LineString>
<LineString><altitudeMode>absolute</altitudeMode><coordinates>
13.03598015,47.53574161,1564.05
13.03578794,47.53576135,1564.75
</coordinates></LineString>
<LineString><altitudeMode>absolute</altitudeMode><coordinates>
13.03598015,47.53574161,1564.05
13.03596320,47.53573997,1559.49
</coordinates></LineString>
<LineString><altitudeMode>absolute</altitudeMode><coordinates>
13.03596320,47.53573997,1559.49
13.03595590,47.53573283,1553.62
</coordinates></LineString>
<LineString><altitudeMode>absolute</altitudeMode><coordinates>
13.03934932,47.53318030,1755.55
13.03937040,47.53318489,1754.90
13.03941412,47.53318132,1755.04
13.03942024,47.53320608,1754.66
13.03943466,47.53319706,1748.20
13.03946727,47.53319546,1746.34
13.03947825,47.53319663,1744.78
13.03947400,47.53320727,1743.95
13.03948712,47.53322603,1738.05
</coordinates></LineString>
<LineString><altitudeMode>absolute</altitudeMode><coordinates>
13.03946727,47.53319546,1746.34
13.03950885,47.53317799,1742.28
</coordinates></LineString>
<LineString><altitudeMode>absolute</altitudeMode><coordinates>
13.03942024,47.53320608,1754.66
13.03939317,47.53322649,1759.01
</coordinates></LineString>
<LineString><altitudeMode>absolute</altitudeMode><coordinates>
13.03934932,47.53318030,1755.55
13.03933160,47.53315660,1770.17
</coordinates></LineString>
<LineString><altitudeMode>absolute</altitudeMode><coordinates>
13.04874135,47.52844137,1744.22
13.04876622,47.52843019,1743.43
</coordinates></LineString>
<LineString><altitudeMode>absolute</altitudeMode><coordinates>
13.04876622,47.52843019,1743.43
13.04876802,47.52842464,1746.72
</coordinates></LineString>
<LineString><altitudeMode>absolute</altitudeMode><coordinates>
13.04876622,47.52843019,1743.43
13.04876850,47.52841880,1741.52
</coordinates></LineString>
<LineString><altitudeMode>absolute</altitudeMode><coordinates>
13.04876850,47.52841880,1741.52
13.04877595,47.52840048,1741.60
</coordinates></LineString>
<LineString><altitudeMode>absolute</altitudeMode><coordinates>
13.04876850,47.52841880,1741.52
13.04871885,47.52842128,1738.29
13.04868587,47.52842927,1731.82
</coordinates></LineString>
<LineString><altitudeMode>absolute</altitudeMode><coordinates>
13.04874135,47.52844137,1744.22
13.04873539,47.52849112,1741.72
</coordinates></LineString>
<LineString><altitudeMode>absolute</altitudeMode><coordinates>
13.04873539,47.52849112,1741.72
13.04868693,47.52851180,1737.44
</coordinates></LineString>
<LineString><altitudeMode>absolute</altitudeMode><coordinates>
13.04868693,47.52851180,1737.44
13.04867194,47.52852180,1734.67
</coordinates></LineString>
<LineString><altitudeMode>absolute</altitudeMode><coordinates>
13.04867194,47.52852180,1734.67
13.04867348,47.52854109,1732.64
</coordinates></LineString>
<LineString><altitudeMode>absolute</altitudeMode><coordinates>
13.04867348,47.52854109,1732.64
13.04867038,47.52856020,1730.85
</coordinates></LineString>
<LineString><altitudeMode>absolute</altitudeMode><coordinates>
13.04867038,47.52856020,1730.85
13.04869907,47.52858921,1729.39
</coordinates></LineString>
<LineString><altitudeMode>absolute</altitudeMode><coordinates>
13.04869907,47.52858921,1729.39
13.04872823,47.52859106,1728.47
</coordinates></LineString>
<LineString><altitudeMode>absolute</altitudeMode><coordinates>
13.04872823,47.52859106,1728.47
13.04880554,47.52865932,1732.12
</coordinates></LineString>
<LineString><altitudeMode>absolute</altitudeMode><coordinates>
13.04880554,47.52865932,1732.12
13.04883576,47.52870069,1735.25
</coordinates></LineString>
<LineString><altitudeMode>absolute</altitudeMode><coordinates>
13.04883576,47.52870069,1735.25
13.04886951,47.52871836,1734.99
</coordinates></LineString>
<LineString><altitudeMode>absolute</altitudeMode><coordinates>
13.04867038,47.52856020,1730.85
13.04857611,47.52850857,1731.51
</coordinates></LineString>
<LineString><altitudeMode>absolute</altitudeMode><coordinates>
13.04857611,47.52850857,1731.51
13.04852279,47.52847391,1733.05
</coordinates></LineString>
<LineString><altitudeMode>absolute</altitudeMode><coordinates>
13.04852279,47.52847391,1733.05
13.04850036,47.52846633,1733.48
13.04848484,47.52846211,1732.31
13.04843711,47.52842341,1732.44
13.04838953,47.52838454,1732.56
</coordinates></LineString>
<LineString><altitudeMode>absolute</altitudeMode><coordinates>
13.04843711,47.52842341,1732.44
13.04841316,47.52845324,1732.84
</coordinates></LineString>
<LineString><altitudeMode>absolute</altitudeMode><coordinates>
13.04841316,47.52845324,1732.84
13.04830451,47.52857053,1730.10
</coordinates></LineString>
<LineString><altitudeMode>absolute</altitudeMode><coordinates>
13.04917386,47.52692476,1742.36
13.04917836,47.52693951,1741.92
13.04918458,47.52696175,1741.20
</coordinates></LineString>
<LineString><altitudeMode>absolute</altitudeMode><coordinates>
13.04918458,47.52696175,1741.20
13.04913699,47.52696265,1745.71
</coordinates></LineString>
<LineString><altitudeMode>absolute</altitudeMode><coordinates>
13.04918458,47.52696175,1741.20
13.04922912,47.52698221,1736.65
</coordinates></LineString>
<LineString><altitudeMode>absolute</altitudeMode><coordinates>
13.04922912,47.52698221,1736.65
13.04925088,47.52697962,1734.83
</coordinates></LineString>
<LineString><altitudeMode>absolute</altitudeMode><coordinates>
13.04922912,47.52698221,1736.65
13.04922579,47.52696821,1736.38
13.04924819,47.52695887,1736.78
13.04925588,47.52695585,1736.63
13.04925945,47.52694539,1737.09
13.04924078,47.52694381,1738.96
</coordinates></LineString>
<LineString><altitudeMode>absolute</altitudeMode><coordinates>
13.04924078,47.52694381,1738.96
13.04925893,47.52692369,1740.33
13.04925011,47.52692516,1741.39
</coordinates></LineString>
<LineString><altitudeMode>absolute</altitudeMode><coordinates>
13.04925945,47.52694539,1737.09
13.04928426,47.52694635,1737.17
13.04929554,47.52693943,1737.32
</coordinates></LineString>
<LineString><altitudeMode>absolute</altitudeMode><coordinates>
13.04929554,47.52693943,1737.32
13.04932002,47.52693130,1736.29
13.04931001,47.52691844,1736.19
</coordinates></LineString>
<LineString><altitudeMode>absolute</altitudeMode><coordinates>
13.04931001,47.52691844,1736.19
13.04928714,47.52691895,1735.60
13.04926003,47.52692992,1734.57
13.04923725,47.52691711,1734.08
13.04923936,47.52691400,1734.48
</coordinates></LineString>
<LineString><altitudeMode>absolute</altitudeMode><coordinates>
13.04923936,47.52691400,1734.48
13.04923186,47.52687266,1736.48
</coordinates></LineString>
<LineString><altitudeMode>absolute</altitudeMode><coordinates>
13.04906380,47.52682607,1738.65
13.04904166,47.52681057,1737.24
</coordinates></LineString>
<LineString><altitudeMode>absolute</altitudeMode><coordinates>
13.04904166,47.52681057,1737.24
13.04905832,47.52682706,1733.72
</coordinates></LineString>
<LineString><altitudeMode>absolute</altitudeMode><coordinates>
13.04905832,47.52682706,1733.72
13.04900719,47.52682646,1734.41
</coordinates></LineString>
<LineString><altitudeMode>absolute</altitudeMode><coordinates>
13.04905832,47.52682706,1733.72
13.04907748,47.52683692,1734.67
</coordinates></LineString>
<LineString><altitudeMode>absolute</altitudeMode><coordinates>
13.04895205,47.52705219,1728.91
13.04895338,47.52706661,1727.13
13.04887188,47.52705019,1725.57
13.04890434,47.52703491,1724.05
13.04890214,47.52700446,1725.67
13.04891508,47.52699964,1725.85
13.04894078,47.52697299,1725.53
13.04895755,47.52698632,1726.13
13.04896488,47.52694649,1727.77
13.04899050,47.52692911,1725.61
13.04900868,47.52693311,1724.69
13.04902616,47.52691325,1724.84
13.04904327,47.52691048,1726.00
</coordinates></LineString>
<LineString><altitudeMode>absolute</altitudeMode><coordinates>
13.04904327,47.52691048,1726.00
13.04904562,47.52690072,1727.82
</coordinates></LineString>
<LineString><altitudeMode>absolute</altitudeMode><coordinates>
13.04899050,47.52692911,1725.61
13.04897316,47.52689507,1725.27
</coordinates></LineString>
<LineString><altitudeMode>absolute</altitudeMode><coordinates>
13.04895755,47.52698632,1726.13
13.04897910,47.52698201,1726.50
</coordinates></LineString>
<LineString><altitudeMode>absolute</altitudeMode><coordinates>
13.04897910,47.52698201,1726.50
13.04897869,47.52700387,1729.17
</coordinates></LineString>
<LineString><altitudeMode>absolute</altitudeMode><coordinates>
13.04890214,47.52700446,1725.67
13.04893973,47.52701202,1726.13
</coordinates></LineString>
<LineString><altitudeMode>absolute</altitudeMode><coordinates>
13.04890434,47.52703491,1724.05
13.04885154,47.52704355,1723.26
13.04882575,47.52704032,1721.84
</coordinates></LineString>
<LineString><altitudeMode>absolute</altitudeMode><coordinates>
13.04564926,47.52757930,1672.65
13.04561780,47.52763230,1681.75
</coordinates></LineString>
<LineString><altitudeMode>absolute</altitudeMode><coordinates>
13.04569539,47.52747471,1669.72
13.04571855,47.52750930,1666.01
</coordinates></LineString>
<LineString><altitudeMode>absolute</altitudeMode><coordinates>
13.04570623,47.52745474,1671.01
13.04575717,47.52747126,1671.52
</coordinates></LineString>
<LineString><altitudeMode>absolute</altitudeMode><coordinates>
13.04575717,47.52747126,1671.52
13.04574094,47.52748251,1671.33
</coordinates></LineString>
<LineString><altitudeMode>absolute</altitudeMode><coordinates>
13.04574094,47.52748251,1671.33
13.04571974,47.52750248,1672.88
</coordinates></LineString>
<LineString><altitudeMode>absolute</altitudeMode><coordinates>
13.04571974,47.52750248,1672.88
13.04569834,47.52754909,1668.40
</coordinates></LineString>
<LineString><altitudeMode>absolute</altitudeMode><coordinates>
13.04571974,47.52750248,1672.88
13.04576328,47.52753211,1672.56
</coordinates></LineString>
<LineString><altitudeMode>absolute</altitudeMode><coordinates>
13.04576328,47.52753211,1672.56
13.04576209,47.52754981,1672.03
13.04578948,47.52755973,1672.23
</coordinates></LineString>
<LineString><altitudeMode>absolute</altitudeMode><coordinates>
13.04568684,47.52743317,1665.58
13.04571448,47.52739009,1669.59
</coordinates></LineString>
<LineString><altitudeMode>absolute</altitudeMode><coordinates>
13.03595590,47.53573283,1553.62
13.03595406,47.53573576,1542.32
13.03594831,47.53576878,1520.96
13.03595231,47.53576138,1511.49
</coordinates></LineString>
<LineString><altitudeMode>absolute</altitudeMode><coordinates>
13.03595231,47.53576138,1511.49
13.03593377,47.53573479,1512.21
</coordinates></LineString>
<LineString><altitudeMode>absolute</altitudeMode><coordinates>
13.03593377,47.53573479,1512.21
13.03592005,47.53570711,1509.70
</coordinates></LineString>
<LineString><altitudeMode>absolute</altitudeMode><coordinates>
13.03592005,47.53570711,1509.70
13.03589665,47.53568961,1506.00
</coordinates></LineString>
<LineString><altitudeMode>absolute</altitudeMode><coordinates>
13.03589665,47.53568961,1506.00
13.03589226,47.53567208,1504.60
</coordinates></LineString>
<LineString><altitudeMode>absolute</altitudeMode><coordinates>
13.03589226,47.53567208,1504.60
13.03586367,47.53566205,1502.93
</coordinates></LineString>
<LineString><altitudeMode>absolute</altitudeMode><coordinates>
13.03586367,47.53566205,1502.93
13.03585052,47.53564410,1500.37
</coordinates></LineString>
<LineString><altitudeMode>absolute</altitudeMode><coordinates>
13.03585052,47.53564410,1500.37
13.03582299,47.53563418,1497.80
</coordinates></LineString>
<LineString><altitudeMode>absolute</altitudeMode><coordinates>
13.03595231,47.53576138,1511.49
13.03603269,47.53577229,1510.20
</coordinates></LineString>
<LineString><altitudeMode>absolute</altitudeMode><coordinates>
13.03603269,47.53577229,1510.20
13.03603806,47.53582764,1507.06
</coordinates></LineString>
<LineString><altitudeMode>absolute</altitudeMode><coordinates>
13.03603806,47.53582764,1507.06
13.03606415,47.53586552,1500.98
</coordinates></LineString>
<LineString><altitudeMode>absolute</altitudeMode><coordinates>
13.03606415,47.53586552,1500.98
13.03616636,47.53586835,1501.12
</coordinates></LineString>
<LineString><altitudeMode>absolute</altitudeMode><coordinates>
13.03606415,47.53586552,1500.98
13.03606013,47.53586635,1496.25
</coordinates></LineString>
<LineString><altitudeMode>absolute</altitudeMode><coordinates>
13.03606013,47.53586635,1496.25
13.03605914,47.53585013,1482.49
</coordinates></LineString>
<LineString><altitudeMode>absolute</altitudeMode><coordinates>
13.03605914,47.53585013,1482.49
13.03606368,47.53580342,1476.59
</coordinates></LineString>
<LineString><altitudeMode>absolute</altitudeMode><coordinates>
13.03606368,47.53580342,1476.59
13.03605945,47.53579930,1473.32
</coordinates></LineString>
<LineString><altitudeMode>absolute</altitudeMode><coordinates>
13.03605945,47.53579930,1473.32
13.03606141,47.53578241,1455.24
</coordinates></LineString>
<LineString><altitudeMode>absolute</altitudeMode><coordinates>
13.03606141,47.53578241,1455.24
13.03605180,47.53572295,1473.18
</coordinates></LineString>
<LineString><altitudeMode>absolute</altitudeMode><coordinates>
13.03606141,47.53578241,1455.24
13.03606441,47.53572335,1452.60
</coordinates></LineString>
<LineString><altitudeMode>absolute</altitudeMode><coordinates>
13.03606441,47.53572335,1452.60
13.03611082,47.53570120,1451.30
</coordinates></LineString>
<LineString><altitudeMode>absolute</altitudeMode><coordinates>
13.03611082,47.53570120,1451.30
13.03606629,47.53569431,1449.74
</coordinates></LineString>
<LineString><altitudeMode>absolute</altitudeMode><coordinates>
13.03606629,47.53569431,1449.74
13.03605810,47.53568257,1449.25
</coordinates></LineString>
<LineString><altitudeMode>absolute</altitudeMode><coordinates>
13.03605810,47.53568257,1449.25
13.03603709,47.53566862,1448.62
</coordinates></LineString>
<LineString><altitudeMode>absolute</altitudeMode><coordinates>
13.03603709,47.53566862,1448.62
13.03600608,47.53566989,1447.63
</coordinates></LineString>
<LineString><altitudeMode>absolute</altitudeMode><coordinates>
13.03600608,47.53566989,1447.63
13.03597316,47.53566914,1447.11
</coordinates></LineString>
<LineString><altitudeMode>absolute</altitudeMode><coordinates>
13.03597316,47.53566914,1447.11
13.03594351,47.53566962,1445.89
</coordinates></LineString>
<LineString><altitudeMode>absolute</altitudeMode><coordinates>
13.03594351,47.53566962,1445.89
13.03594480,47.53566362,1445.73
13.03592413,47.53566200,1445.40
</coordinates></LineString>
<LineString><altitudeMode>absolute</altitudeMode><coordinates>
13.03592413,47.53566200,1445.40
13.03592287,47.53567422,1445.29
</coordinates></LineString>
<LineString><altitudeMode>absolute</altitudeMode><coordinates>
13.03592287,47.53567422,1445.29
13.03590924,47.53567642,1445.04
</coordinates></LineString>
<LineString><altitudeMode>absolute</altitudeMode><coordinates>
13.03590924,47.53567642,1445.04
13.03589001,47.53567546,1444.61
</coordinates></LineString>
<LineString><altitudeMode>absolute</altitudeMode><coordinates>
13.03589001,47.53567546,1444.61
13.03586087,47.53566236,1444.36
</coordinates></LineString>
<LineString><altitudeMode>absolute</altitudeMode><coordinates>
13.03586087,47.53566236,1444.36
13.03584604,47.53566454,1443.97
</coordinates></LineString>
<LineString><altitudeMode>absolute</altitudeMode><coordinates>
13.03584604,47.53566454,1443.97
13.03583608,47.53565726,1443.82
</coordinates></LineString>
<LineString><altitudeMode>absolute</altitudeMode><coordinates>
13.03583608,47.53565726,1443.82
13.03581177,47.53566755,1443.61
</coordinates></LineString>
<LineString><altitudeMode>absolute</altitudeMode><coordinates>
13.03581177,47.53566755,1443.61
13.03576880,47.53566546,1443.36
</coordinates></LineString>
<LineString><altitudeMode>absolute</altitudeMode><coordinates>
13.03576880,47.53566546,1443.36
13.03578986,47.53567437,1443.50
</coordinates></LineString>
<LineString><altitudeMode>absolute</altitudeMode><coordinates>
13.03578986,47.53567437,1443.50
13.03579870,47.53569027,1443.35
</coordinates></LineString>
<LineString><altitudeMode>absolute</altitudeMode><coordinates>
13.03579870,47.53569027,1443.35
13.03582074,47.53568732,1440.50
</coordinates></LineString>
<LineString><altitudeMode>absolute</altitudeMode><coordinates>
13.03582074,47.53568732,1440.50
13.03579344,47.53567101,1439.89
</coordinates></LineString>
<LineString><altitudeMode>absolute</altitudeMode><coordinates>
13.03579344,47.53567101,1439.89
13.03577592,47.53567773,1439.53
</coordinates></LineString>
<LineString><altitudeMode>absolute</altitudeMode><coordinates>
13.03577592,47.53567773,1439.53
13.03577818,47.53568821,1439.02
13.03576387,47.53569435,1439.02
</coordinates></LineString>
<LineString><altitudeMode>absolute</altitudeMode><coordinates>
13.03576387,47.53569435,1439.02
13.03577160,47.53570438,1438.79
13.03577369,47.53570883,1440.25
</coordinates></LineString>
<LineString><altitudeMode>absolute</altitudeMode><coordinates>
13.03577369,47.53570883,1440.25
13.03576918,47.53571937,1439.03
</coordinates></LineString>
<LineString><altitudeMode>absolute</altitudeMode><coordinates>
13.03576918,47.53571937,1439.03
13.03576927,47.53575608,1439.52
</coordinates></LineString>
<LineString><altitudeMode>absolute</altitudeMode><coordinates>
13.03576927,47.53575608,1439.52
13.03575860,47.53577129,1438.71
13.03576361,47.53578307,1438.47
</coordinates></LineString>
<LineString><altitudeMode>absolute</altitudeMode><coordinates>
13.03576918,47.53571937,1439.03
13.03578645,47.53573361,1441.62
</coordinates></LineString>
<LineString><altitudeMode>absolute</altitudeMode><coordinates>
13.03578645,47.53573361,1441.62
13.03579951,47.53575390,1441.67
</coordinates></LineString>
<LineString><altitudeMode>absolute</altitudeMode><coordinates>
13.03579951,47.53575390,1441.67
13.03580425,47.53576586,1442.30
</coordinates></LineString>
<LineString><altitudeMode>absolute</altitudeMode><coordinates>
13.03580425,47.53576586,1442.30
13.03582019,47.53575534,1443.33
</coordinates></LineString>
<LineString><altitudeMode>absolute</altitudeMode><coordinates>
13.03582019,47.53575534,1443.33
13.03584180,47.53576021,1443.82
</coordinates></LineString>
<LineString><altitudeMode>absolute</altitudeMode><coordinates>
13.03584180,47.53576021,1443.82
13.03589105,47.53577212,1439.99
</coordinates></LineString>
<LineString><altitudeMode>absolute</altitudeMode><coordinates>
13.03589105,47.53577212,1439.99
13.03585629,47.53573499,1456.64
</coordinates></LineString>
<LineString><altitudeMode>absolute</altitudeMode><coordinates>
13.03589105,47.53577212,1439.99
13.03584228,47.53579000,1442.17
</coordinates></LineString>
<LineString><altitudeMode>absolute</altitudeMode><coordinates>
13.03584228,47.53579000,1442.17
13.03587367,47.53578568,1432.57
</coordinates></LineString>
<LineString><altitudeMode>absolute</altitudeMode><coordinates>
13.03689207,47.53555306,1703.51
13.03683833,47.53559029,1700.78
13.03667743,47.53563279,1695.62
13.03671206,47.53559487,1696.25
</coordinates></LineString>
<LineString><altitudeMode>absolute</altitudeMode><coordinates>
13.03671206,47.53559487,1696.25
13.03660234,47.53556204,1696.37
</coordinates></LineString>
<LineString><altitudeMode>absolute</altitudeMode><coordinates>
13.03715365,47.53544766,1713.45
13.03711206,47.53548322,1731.54
</coordinates></LineString>
<LineString><altitudeMode>absolute</altitudeMode><coordinates>
13.03719704,47.53547063,1717.24
13.03722213,47.53545361,1717.10
</coordinates></LineString>
<LineString><altitudeMode>absolute</altitudeMode><coordinates>
13.03722213,47.53545361,1717.10
13.03724804,47.53543587,1715.30
</coordinates></LineString>
<LineString><altitudeMode>absolute</altitudeMode><coordinates>
13.03725805,47.53543820,1722.99
13.03731718,47.53544524,1724.64
</coordinates></LineString>
<LineString><altitudeMode>absolute</altitudeMode><coordinates>
13.03731718,47.53544524,1724.64
13.03730350,47.53550188,1729.40
</coordinates></LineString>
<LineString><altitudeMode>absolute</altitudeMode><coordinates>
13.03730350,47.53550188,1729.40
13.03731450,47.53549910,1741.23
</coordinates></LineString>
<LineString><altitudeMode>absolute</altitudeMode><coordinates>
13.04578251,47.52765445,1654.92
13.04580641,47.52765477,1652.39
</coordinates></LineString>
<LineString><altitudeMode>absolute</altitudeMode><coordinates>
13.04580641,47.52765477,1652.39
13.04580688,47.52766711,1642.81
</coordinates></LineString>
<LineString><altitudeMode>absolute</altitudeMode><coordinates>
13.04580688,47.52766711,1642.81
13.04589147,47.52766819,1637.71
13.04589516,47.52767977,1636.59
</coordinates></LineString>
<LineString><altitudeMode>absolute</altitudeMode><coordinates>
13.04492965,47.52725226,1615.57
13.04493938,47.52724424,1615.59
</coordinates></LineString>
<LineString><altitudeMode>absolute</altitudeMode><coordinates>
13.04496532,47.52727204,1614.33
13.04502101,47.52726057,1611.31
</coordinates></LineString>
<LineString><altitudeMode>absolute</altitudeMode><coordinates>
13.04490489,47.52728945,1617.79
13.04488851,47.52728332,1618.14
</coordinates></LineString>
<LineString><altitudeMode>absolute</altitudeMode><coordinates>
13.04505323,47.52731970,1596.69
13.04501201,47.52733834,1598.33
</coordinates></LineString>
<LineString><altitudeMode>absolute</altitudeMode><coordinates>
13.04513197,47.52743865,1591.69
13.04510717,47.52742689,1586.37
</coordinates></LineString>
<LineString><altitudeMode>absolute</altitudeMode><coordinates>
13.04513197,47.52743865,1591.69
13.04508166,47.52745183,1591.01
</coordinates></LineString>
<LineString><altitudeMode>absolute</altitudeMode><coordinates>
13.04520887,47.52756072,1581.08
13.04513547,47.52757323,1581.39
</coordinates></LineString>
<LineString><altitudeMode>absolute</altitudeMode><coordinates>
13.04528903,47.52767744,1638.59
13.04526330,47.52764416,1638.16
</coordinates></LineString>
<LineString><altitudeMode>absolute</altitudeMode><coordinates>
13.04526330,47.52764416,1638.16
13.04517316,47.52762445,1636.85
</coordinates></LineString>
<LineString><altitudeMode>absolute</altitudeMode><coordinates>
13.04517316,47.52762445,1636.85
13.04515272,47.52761672,1636.30
</coordinates></LineString>
<LineString><altitudeMode>absolute</altitudeMode><coordinates>
13.04515272,47.52761672,1636.30
13.04518075,47.52757734,1635.63
</coordinates></LineString>
<LineString><altitudeMode>absolute</altitudeMode><coordinates>
13.04518075,47.52757734,1635.63
13.04515457,47.52755979,1634.90
</coordinates></LineString>
<LineString><altitudeMode>absolute</altitudeMode><coordinates>
13.04515457,47.52755979,1634.90
13.04511971,47.52755038,1634.54
</coordinates></LineString>
<LineString><altitudeMode>absolute</altitudeMode><coordinates>
13.04511971,47.52755038,1634.54
13.04513324,47.52754395,1634.97
</coordinates></LineString>
<LineString><altitudeMode>absolute</altitudeMode><coordinates>
13.04513324,47.52754395,1634.97
13.04518988,47.52752494,1633.49
</coordinates></LineString>
<LineString><altitudeMode>absolute</altitudeMode><coordinates>
13.04518988,47.52752494,1633.49
13.04517151,47.52750780,1633.08
</coordinates></LineString>
<LineString><altitudeMode>absolute</altitudeMode><coordinates>
13.04517151,47.52750780,1633.08
13.04516054,47.52749214,1632.72
</coordinates></LineString>
<LineString><altitudeMode>absolute</altitudeMode><coordinates>
13.04516054,47.52749214,1632.72
13.04511695,47.52747106,1632.48
</coordinates></LineString>
<LineString><altitudeMode>absolute</altitudeMode><coordinates>
13.04511695,47.52747106,1632.48
13.04514480,47.52744013,1631.90
</coordinates></LineString>
<LineString><altitudeMode>absolute</altitudeMode><coordinates>
13.04514480,47.52744013,1631.90
13.04513761,47.52738332,1631.00
</coordinates></LineString>
<LineString><altitudeMode>absolute</altitudeMode><coordinates>
13.04513761,47.52738332,1631.00
13.04514890,47.52735858,1627.65
</coordinates></LineString>
<LineString><altitudeMode>absolute</altitudeMode><coordinates>
13.04514890,47.52735858,1627.65
13.04522845,47.52743427,1624.63
</coordinates></LineString>
<LineString><altitudeMode>absolute</altitudeMode><coordinates>
13.04522845,47.52743427,1624.63
13.04523207,47.52743703,1624.51
</coordinates></LineString>
<LineString><altitudeMode>absolute</altitudeMode><coordinates>
13.04523207,47.52743703,1624.51
13.04524201,47.52748048,1622.11
</coordinates></LineString>
<LineString><altitudeMode>absolute</altitudeMode><coordinates>
13.04524201,47.52748048,1622.11
13.04526859,47.52747670,1621.16
</coordinates></LineString>
<LineString><altitudeMode>absolute</altitudeMode><coordinates>
13.04526859,47.52747670,1621.16
13.04528059,47.52749706,1618.95
</coordinates></LineString>
<LineString><altitudeMode>absolute</altitudeMode><coordinates>
13.04528059,47.52749706,1618.95
13.04524572,47.52750241,1615.26
</coordinates></LineString>
<LineString><altitudeMode>absolute</altitudeMode><coordinates>
13.04524572,47.52750241,1615.26
13.04522812,47.52747178,1614.92
</coordinates></LineString>
<LineString><altitudeMode>absolute</altitudeMode><coordinates>
13.04522812,47.52747178,1614.92
13.04522793,47.52751974,1615.09
</coordinates></LineString>
<LineString><altitudeMode>absolute</altitudeMode><coordinates>
13.04522793,47.52751974,1615.09
13.04520940,47.52751430,1617.77
</coordinates></LineString>
<LineString><altitudeMode>absolute</altitudeMode><coordinates>
13.04520940,47.52751430,1617.77
13.04515171,47.52750449,1618.64
</coordinates></LineString>
<LineString><altitudeMode>absolute</altitudeMode><coordinates>
13.04515171,47.52750449,1618.64
13.04513979,47.52748908,1617.89
</coordinates></LineString>
<LineString><altitudeMode>absolute</altitudeMode><coordinates>
13.04513979,47.52748908,1617.89
13.04510045,47.52746817,1617.31
</coordinates></LineString>
<LineString><altitudeMode>absolute</altitudeMode><coordinates>
13.04502698,47.52765048,1533.05
13.04507194,47.52764549,1529.98
</coordinates></LineString>
<LineString><altitudeMode>absolute</altitudeMode><coordinates>
13.03587367,47.53578568,1432.57
13.03583353,47.53581090,1436.01
13.03578748,47.53581291,1437.57
13.03575418,47.53583267,1434.54
13.03572901,47.53584844,1433.46
13.03572924,47.53584601,1428.05
</coordinates></LineString>
<LineString><altitudeMode>absolute</altitudeMode><coordinates>
13.03572924,47.53584601,1428.05
13.03569652,47.53583960,1409.50
13.03569849,47.53582245,1404.65
</coordinates></LineString>
<LineString><altitudeMode>absolute</altitudeMode><coordinates>
13.03569849,47.53582245,1404.65
13.03574156,47.53582193,1396.07
</coordinates></LineString>
<LineString><altitudeMode>absolute</altitudeMode><coordinates>
13.03569849,47.53582245,1404.65
13.03563803,47.53578704,1403.63
13.03559247,47.53579013,1399.65
13.03560167,47.53579289,1364.97
</coordinates></LineString>
<LineString><altitudeMode>absolute</altitudeMode><coordinates>
13.04690037,47.52894902,1747.17
13.04686351,47.52888973,1754.67
</coordinates></LineString>
<LineString><altitudeMode>absolute</altitudeMode><coordinates>
13.03582299,47.53563418,1497.80
13.03580799,47.53564094,1497.02
13.03580042,47.53562650,1494.27
13.03576378,47.53565053,1493.80
</coordinates></LineString>
<LineString><altitudeMode>absolute</altitudeMode><coordinates>
13.03580799,47.53564094,1497.02
13.03583042,47.53563070,1492.32
</coordinates></LineString>
<LineString><altitudeMode>absolute</altitudeMode><coordinates>
13.03686651,47.53550448,1714.29
13.03689694,47.53548673,1714.87
</coordinates></LineString>
<LineString><altitudeMode>absolute</altitudeMode><coordinates>
13.03694691,47.53549721,1717.01
13.03696971,47.53551290,1717.84
</coordinates></LineString>
<LineString><altitudeMode>absolute</altitudeMode><coordinates>
13.03711552,47.53548318,1721.31
13.03710219,47.53547378,1727.88
</coordinates></LineString>
<LineString><altitudeMode>absolute</altitudeMode><coordinates>
13.03717517,47.53546576,1724.36
13.03714744,47.53550740,1728.20
</coordinates></LineString>
<LineString><altitudeMode>absolute</altitudeMode><coordinates>
13.03721794,47.53546964,1726.17
13.03722569,47.53545061,1730.36
</coordinates></LineString>
<LineString><altitudeMode>absolute</altitudeMode><coordinates>
13.03722569,47.53545061,1730.36
13.03725109,47.53547147,1731.12
</coordinates></LineString>
<LineString><altitudeMode>absolute</altitudeMode><coordinates>
13.03725109,47.53547147,1731.12
13.03729254,47.53545733,1732.64
</coordinates></LineString>
<LineString><altitudeMode>absolute</altitudeMode><coordinates>
13.03729254,47.53545733,1732.64
13.03733588,47.53545339,1733.70
</coordinates></LineString>
<LineString><altitudeMode>absolute</altitudeMode><coordinates>
13.03733588,47.53545339,1733.70
13.03732983,47.53543016,1735.14
13.03733936,47.53542421,1740.08
</coordinates></LineString>
<LineString><altitudeMode>absolute</altitudeMode><coordinates>
13.03732983,47.53543016,1735.14
13.03734110,47.53540597,1735.07
</coordinates></LineString>
<LineString><altitudeMode>absolute</altitudeMode><coordinates>
13.03948712,47.53322603,1738.05
13.03949133,47.53323069,1736.10
13.03949040,47.53322006,1734.64
13.03949797,47.53322729,1732.07
13.03947345,47.53322930,1728.91
</coordinates></LineString>
<LineString><altitudeMode>absolute</altitudeMode><coordinates>
13.03948712,47.53322603,1738.05
13.03949539,47.53322887,1740.02
</coordinates></LineString>
<LineString><altitudeMode>absolute</altitudeMode><coordinates>
13.03949539,47.53322887,1740.02
13.03951180,47.53323050,1739.88
</coordinates></LineString>
<LineString><altitudeMode>absolute</altitudeMode><coordinates>
13.03951180,47.53323050,1739.88
13.03953442,47.53322261,1741.54
</coordinates></LineString>
<LineString><altitudeMode>absolute</altitudeMode><coordinates>
13.03953442,47.53322261,1741.54
13.03960250,47.53320704,1743.30
</coordinates></LineString>
<LineString><altitudeMode>absolute</altitudeMode><coordinates>
13.03806305,47.53379520,1731.61
13.03808549,47.53375311,1730.77
13.03806978,47.53374322,1730.65
13.03806436,47.53374591,1727.68
13.03804344,47.53373683,1727.19
13.03803953,47.53371714,1725.35
</coordinates></LineString>
<LineString><altitudeMode>absolute</altitudeMode><coordinates>
13.03806436,47.53374591,1727.68
13.03806149,47.53374442,1726.46
</coordinates></LineString>
<LineString><altitudeMode>absolute</altitudeMode><coordinates>
13.04480731,47.52778783,1509.61
13.04480596,47.52774551,1513.42
</coordinates></LineString>
<LineString><altitudeMode>absolute</altitudeMode><coordinates>
13.04945015,47.52662874,1748.24
13.04946364,47.52658020,1741.23
</coordinates></LineString>
<LineString><altitudeMode>absolute</altitudeMode><coordinates>
13.04945015,47.52662874,1748.24
13.04941798,47.52669028,1748.07
</coordinates></LineString>
<LineString><altitudeMode>absolute</altitudeMode><coordinates>
13.04954525,47.52663279,1733.26
13.04953603,47.52657333,1734.02
</coordinates></LineString>
<LineString><altitudeMode>absolute</altitudeMode><coordinates>
13.04953603,47.52657333,1734.02
13.04951682,47.52652531,1736.29
</coordinates></LineString>
<LineString><altitudeMode>absolute</altitudeMode><coordinates>
13.04951682,47.52652531,1736.29
13.04955270,47.52650379,1736.36
13.04954206,47.52647526,1734.85
</coordinates></LineString>
<LineString><altitudeMode>absolute</altitudeMode><coordinates>
13.04954206,47.52647526,1734.85
13.04960971,47.52642791,1735.59
13.04966992,47.52640203,1738.64
</coordinates></LineString>
<LineString><altitudeMode>absolute</altitudeMode><coordinates>
13.04966992,47.52640203,1738.64
13.04970238,47.52637235,1738.74
13.04975327,47.52639004,1738.44
</coordinates></LineString>
<LineString><altitudeMode>absolute</altitudeMode><coordinates>
13.04975327,47.52639004,1738.44
13.04975029,47.52638432,1733.26
</coordinates></LineString>
<LineString><altitudeMode>absolute</altitudeMode><coordinates>
13.04975327,47.52639004,1738.44
13.04971272,47.52632636,1735.71
</coordinates></LineString>
<LineString><altitudeMode>absolute</altitudeMode><coordinates>
13.04971272,47.52632636,1735.71
13.04972164,47.52633308,1755.00
</coordinates></LineString>
<LineString><altitudeMode>absolute</altitudeMode><coordinates>
13.04971272,47.52632636,1735.71
13.04977364,47.52632785,1738.44
</coordinates></LineString>
<LineString><altitudeMode>absolute</altitudeMode><coordinates>
13.04942946,47.52672449,1735.21
13.04937852,47.52673334,1730.25
</coordinates></LineString>
<LineString><altitudeMode>absolute</altitudeMode><coordinates>
13.04937852,47.52673334,1730.25
13.04935208,47.52673676,1727.52
</coordinates></LineString>
<LineString><altitudeMode>absolute</altitudeMode><coordinates>
13.04348040,47.52731887,1410.28
13.04345111,47.52732035,1411.93
</coordinates></LineString>
<LineString><altitudeMode>absolute</altitudeMode><coordinates>
13.04345111,47.52732035,1411.93
13.04343836,47.52735613,1425.78
</coordinates></LineString>
<LineString><altitudeMode>absolute</altitudeMode><coordinates>
13.04368567,47.52744718,1401.02
13.04367224,47.52747242,1400.78
</coordinates></LineString>
<LineString><altitudeMode>absolute</altitudeMode><coordinates>
13.04367224,47.52747242,1400.78
13.04368595,47.52749308,1399.60
</coordinates></LineString>
<LineString><altitudeMode>absolute</altitudeMode><coordinates>
13.04368595,47.52749308,1399.60
13.04369841,47.52751543,1399.56
</coordinates></LineString>
<LineString><altitudeMode>absolute</altitudeMode><coordinates>
13.04369841,47.52751543,1399.56
13.04372687,47.52751798,1398.56
</coordinates></LineString>
<LineString><altitudeMode>absolute</altitudeMode><coordinates>
13.04372687,47.52751798,1398.56
13.04373020,47.52753568,1399.21
</coordinates></LineString>
<LineString><altitudeMode>absolute</altitudeMode><coordinates>
13.04335526,47.52742220,1494.81
13.04333596,47.52741224,1496.24
</coordinates></LineString>
<LineString><altitudeMode>absolute</altitudeMode><coordinates>
13.04344875,47.52744449,1491.79
13.04346744,47.52746010,1491.59
</coordinates></LineString>
<LineString><altitudeMode>absolute</altitudeMode><coordinates>
13.04353617,47.52751608,1490.70
13.04347963,47.52752519,1490.17
</coordinates></LineString>
<LineString><altitudeMode>absolute</altitudeMode><coordinates>
13.04366093,47.52754439,1490.42
13.04362782,47.52753429,1491.82
</coordinates></LineString>
<LineString><altitudeMode>absolute</altitudeMode><coordinates>
13.04376817,47.52757214,1488.82
13.04375541,47.52756517,1488.25
</coordinates></LineString>
<LineString><altitudeMode>absolute</altitudeMode><coordinates>
13.04332000,47.52743068,1495.06
13.04333223,47.52744484,1495.66
</coordinates></LineString>
<LineString><altitudeMode>absolute</altitudeMode><coordinates>
13.04333223,47.52744484,1495.66
13.04331803,47.52749436,1493.60
</coordinates></LineString>
<LineString><altitudeMode>absolute</altitudeMode><coordinates>
13.04331803,47.52749436,1493.60
13.04327706,47.52749222,1493.24
</coordinates></LineString>
<LineString><altitudeMode>absolute</altitudeMode><coordinates>
13.04327706,47.52749222,1493.24
13.04325597,47.52751984,1492.22
</coordinates></LineString>
<LineString><altitudeMode>absolute</altitudeMode><coordinates>
13.04325597,47.52751984,1492.22
13.04327922,47.52751610,1490.42
</coordinates></LineString>
<LineString><altitudeMode>absolute</altitudeMode><coordinates>
13.04319660,47.52743353,1483.50
13.04323423,47.52744002,1482.49
</coordinates></LineString>
<LineString><altitudeMode>absolute</altitudeMode><coordinates>
13.04323423,47.52744002,1482.49
13.04322590,47.52745670,1481.53
</coordinates></LineString>
<LineString><altitudeMode>absolute</altitudeMode><coordinates>
13.04322590,47.52745670,1481.53
13.04325796,47.52746634,1481.33
</coordinates></LineString>
<LineString><altitudeMode>absolute</altitudeMode><coordinates>
13.04325796,47.52746634,1481.33
13.04327433,47.52749064,1480.15
</coordinates></LineString>
<LineString><altitudeMode>absolute</altitudeMode><coordinates>
13.04421137,47.52760076,1640.32
13.04420553,47.52757573,1641.05
</coordinates></LineString>
<LineString><altitudeMode>absolute</altitudeMode><coordinates>
13.04420553,47.52757573,1641.05
13.04417846,47.52756771,1641.40
</coordinates></LineString>
<LineString><altitudeMode>absolute</altitudeMode><coordinates>
13.04417846,47.52756771,1641.40
13.04416856,47.52758014,1641.81
</coordinates></LineString>
<LineString><altitudeMode>absolute</altitudeMode><coordinates>
13.04416856,47.52758014,1641.81
13.04408334,47.52756744,1643.72
</coordinates></LineString>
<LineString><altitudeMode>absolute</altitudeMode><coordinates>
13.04408334,47.52756744,1643.72
13.04408621,47.52758323,1644.04
</coordinates></LineString>
<LineString><altitudeMode>absolute</altitudeMode><coordinates>
13.04408621,47.52758323,1644.04
13.04407287,47.52759542,1645.10
</coordinates></LineString>
<LineString><altitudeMode>absolute</altitudeMode><coordinates>
13.04407287,47.52759542,1645.10
13.04408442,47.52759931,1645.45
</coordinates></LineString>
<LineString><altitudeMode>absolute</altitudeMode><coordinates>
13.04384603,47.52759326,1656.16
13.04385238,47.52758347,1658.20
</coordinates></LineString>
<LineString><altitudeMode>absolute</altitudeMode><coordinates>
13.04385238,47.52758347,1658.20
13.04382135,47.52758897,1660.65
</coordinates></LineString>
<LineString><altitudeMode>absolute</altitudeMode><coordinates>
13.04382135,47.52758897,1660.65
13.04382262,47.52764046,1658.85
</coordinates></LineString>
<LineString><altitudeMode>absolute</altitudeMode><coordinates>
13.04382262,47.52764046,1658.85
13.04379363,47.52764474,1658.34
</coordinates></LineString>
<LineString><altitudeMode>absolute</altitudeMode><coordinates>
13.04379363,47.52764474,1658.34
13.04377944,47.52762263,1659.19
</coordinates></LineString>
<LineString><altitudeMode>absolute</altitudeMode><coordinates>
13.04377944,47.52762263,1659.19
13.04375553,47.52763347,1660.10
</coordinates></LineString>
<LineString><altitudeMode>absolute</altitudeMode><coordinates>
13.04375553,47.52763347,1660.10
13.04369526,47.52761436,1661.31
</coordinates></LineString>
<LineString><altitudeMode>absolute</altitudeMode><coordinates>
13.04369526,47.52761436,1661.31
13.04370197,47.52757686,1655.40
</coordinates></LineString>
<LineString><altitudeMode>absolute</altitudeMode><coordinates>
13.04315927,47.52701941,1409.53
13.04315054,47.52692919,1410.43
</coordinates></LineString>
<LineString><altitudeMode>absolute</altitudeMode><coordinates>
13.04315054,47.52692919,1410.43
13.04308134,47.52695725,1421.83
</coordinates></LineString>
<LineString><altitudeMode>absolute</altitudeMode><coordinates>
13.04315927,47.52701941,1409.53
13.04315535,47.52704256,1407.92
</coordinates></LineString>
<LineString><altitudeMode>absolute</altitudeMode><coordinates>
13.04315535,47.52704256,1407.92
13.04307996,47.52703363,1405.96
</coordinates></LineString>
<LineString><altitudeMode>absolute</altitudeMode><coordinates>
13.04307996,47.52703363,1405.96
13.04306275,47.52700328,1405.44
</coordinates></LineString>
<LineString><altitudeMode>absolute</altitudeMode><coordinates>
13.04306275,47.52700328,1405.44
13.04302953,47.52700721,1405.60
</coordinates></LineString>
<LineString><altitudeMode>absolute</altitudeMode><coordinates>
13.04302953,47.52700721,1405.60
13.04300429,47.52697861,1404.73
</coordinates></LineString>
<LineString><altitudeMode>absolute</altitudeMode><coordinates>
13.04300429,47.52697861,1404.73
13.04301243,47.52696688,1404.76
</coordinates></LineString>
<LineString><altitudeMode>absolute</altitudeMode><coordinates>
13.04301243,47.52696688,1404.76
13.04296338,47.52695317,1404.52
</coordinates></LineString>
<LineString><altitudeMode>absolute</altitudeMode><coordinates>
13.04296338,47.52695317,1404.52
13.04294350,47.52694482,1403.95
</coordinates></LineString>
<LineString><altitudeMode>absolute</altitudeMode><coordinates>
13.04294350,47.52694482,1403.95
13.04288856,47.52693975,1404.34
</coordinates></LineString>
<LineString><altitudeMode>absolute</altitudeMode><coordinates>
13.04288856,47.52693975,1404.34
13.04285463,47.52691613,1404.05
</coordinates></LineString>
<LineString><altitudeMode>absolute</altitudeMode><coordinates>
13.04285463,47.52691613,1404.05
13.04280545,47.52691682,1403.76
</coordinates></LineString>
<LineString><altitudeMode>absolute</altitudeMode><coordinates>
13.04280545,47.52691682,1403.76
13.04279064,47.52688282,1403.93
</coordinates></LineString>
<LineString><altitudeMode>absolute</altitudeMode><coordinates>
13.04279064,47.52688282,1403.93
13.04273734,47.52687984,1403.47
</coordinates></LineString>
<LineString><altitudeMode>absolute</altitudeMode><coordinates>
13.04273734,47.52687984,1403.47
13.04269609,47.52693862,1402.11
</coordinates></LineString>
<LineString><altitudeMode>absolute</altitudeMode><coordinates>
13.04269609,47.52693862,1402.11
13.04267187,47.52693614,1400.70
</coordinates></LineString>
<LineString><altitudeMode>absolute</altitudeMode><coordinates>
13.04267187,47.52693614,1400.70
13.04265312,47.52690468,1399.82
</coordinates></LineString>
<LineString><altitudeMode>absolute</altitudeMode><coordinates>
13.04265312,47.52690468,1399.82
13.04261659,47.52691162,1399.33
</coordinates></LineString>
<LineString><altitudeMode>absolute</altitudeMode><coordinates>
13.04261659,47.52691162,1399.33
13.04260383,47.52687262,1395.24
</coordinates></LineString>
<LineString><altitudeMode>absolute</altitudeMode><coordinates>
13.04260383,47.52687262,1395.24
13.04257199,47.52686406,1394.78
</coordinates></LineString>
<LineString><altitudeMode>absolute</altitudeMode><coordinates>
13.04257199,47.52686406,1394.78
13.04253119,47.52679327,1393.33
</coordinates></LineString>
<LineString><altitudeMode>absolute</altitudeMode><coordinates>
13.04253119,47.52679327,1393.33
13.04248796,47.52671955,1394.19
</coordinates></LineString>
<LineString><altitudeMode>absolute</altitudeMode><coordinates>
13.04367224,47.52747242,1400.78
13.04367230,47.52749941,1401.02
</coordinates></LineString>
<LineString><altitudeMode>absolute</altitudeMode><coordinates>
13.04367230,47.52749941,1401.02
13.04365910,47.52753284,1400.95
</coordinates></LineString>
<LineString><altitudeMode>absolute</altitudeMode><coordinates>
13.04365910,47.52753284,1400.95
13.04367364,47.52756701,1400.83
13.04364026,47.52754647,1403.94
</coordinates></LineString>
<LineString><altitudeMode>absolute</altitudeMode><coordinates>
13.04367364,47.52756701,1400.83
13.04369841,47.52756519,1400.26
</coordinates></LineString>
<LineString><altitudeMode>absolute</altitudeMode><coordinates>
13.04369841,47.52756519,1400.26
13.04370795,47.52757300,1401.65
</coordinates></LineString>
<LineString><altitudeMode>absolute</altitudeMode><coordinates>
13.04370795,47.52757300,1401.65
13.04370143,47.52758765,1402.27
</coordinates></LineString>
<LineString><altitudeMode>absolute</altitudeMode><coordinates>
13.04370143,47.52758765,1402.27
13.04371423,47.52759371,1399.90
</coordinates></LineString>
<LineString><altitudeMode>absolute</altitudeMode><coordinates>
13.04371423,47.52759371,1399.90
13.04376397,47.52757063,1398.72
</coordinates></LineString>
<LineString><altitudeMode>absolute</altitudeMode><coordinates>
13.04371423,47.52759371,1399.90
13.04371121,47.52763550,1399.10
</coordinates></LineString>
<LineString><altitudeMode>absolute</altitudeMode><coordinates>
13.04371121,47.52763550,1399.10
13.04368627,47.52767377,1399.25
</coordinates></LineString>
<LineString><altitudeMode>absolute</altitudeMode><coordinates>
13.04368627,47.52767377,1399.25
13.04367849,47.52769353,1398.36
</coordinates></LineString>
<LineString><altitudeMode>absolute</altitudeMode><coordinates>
13.04571123,47.52794965,1522.20
13.04572289,47.52795758,1520.45
13.04572601,47.52794855,1517.91
13.04575568,47.52794743,1516.79
13.04578056,47.52792140,1513.90
</coordinates></LineString>
<LineString><altitudeMode>absolute</altitudeMode><coordinates>
13.04578056,47.52792140,1513.90
13.04579340,47.52789769,1511.48
13.04580738,47.52788605,1511.01
13.04583762,47.52789115,1510.42
13.04593166,47.52790967,1492.70
13.04595530,47.52792051,1490.38
13.04594859,47.52794388,1486.21
13.04597266,47.52792171,1483.48
13.04598954,47.52790373,1482.31
13.04603279,47.52789826,1479.08
</coordinates></LineString>
<LineString><altitudeMode>absolute</altitudeMode><coordinates>
13.04603279,47.52789826,1479.08
13.04606144,47.52785654,1478.22
</coordinates></LineString>
<LineString><altitudeMode>absolute</altitudeMode><coordinates>
13.04598954,47.52790373,1482.31
13.04595069,47.52788741,1482.61
</coordinates></LineString>
<LineString><altitudeMode>absolute</altitudeMode><coordinates>
13.04597266,47.52792171,1483.48
13.04597920,47.52794225,1483.80
</coordinates></LineString>
<LineString><altitudeMode>absolute</altitudeMode><coordinates>
13.04593166,47.52790967,1492.70
13.04596502,47.52787353,1490.89
</coordinates></LineString>
<LineString><altitudeMode>absolute</altitudeMode><coordinates>
13.04596502,47.52787353,1490.89
13.04598577,47.52784068,1488.89
</coordinates></LineString>
<LineString><altitudeMode>absolute</altitudeMode><coordinates>
13.04598577,47.52784068,1488.89
13.04599281,47.52781920,1487.87
</coordinates></LineString>
<LineString><altitudeMode>absolute</altitudeMode><coordinates>
13.04599281,47.52781920,1487.87
13.04595468,47.52781198,1487.20
</coordinates></LineString>
<LineString><altitudeMode>absolute</altitudeMode><coordinates>
13.04595468,47.52781198,1487.20
13.04592186,47.52782303,1486.64
</coordinates></LineString>
<LineString><altitudeMode>absolute</altitudeMode><coordinates>
13.04592186,47.52782303,1486.64
13.04589151,47.52781738,1486.26
</coordinates></LineString>
<LineString><altitudeMode>absolute</altitudeMode><coordinates>
13.04589151,47.52781738,1486.26
13.04588066,47.52783411,1485.50
</coordinates></LineString>
<LineString><altitudeMode>absolute</altitudeMode><coordinates>
13.04588066,47.52783411,1485.50
13.04590813,47.52783134,1485.26
</coordinates></LineString>
<LineString><altitudeMode>absolute</altitudeMode><coordinates>
13.04590813,47.52783134,1485.26
13.04591424,47.52784917,1484.60
13.04589389,47.52786763,1483.89
</coordinates></LineString>
<LineString><altitudeMode>absolute</altitudeMode><coordinates>
13.04572289,47.52795758,1520.45
13.04572084,47.52796619,1518.49
</coordinates></LineString>
<LineString><altitudeMode>absolute</altitudeMode><coordinates>
13.04572084,47.52796619,1518.49
13.04569358,47.52798462,1518.05
</coordinates></LineString>
<LineString><altitudeMode>absolute</altitudeMode><coordinates>
13.04569358,47.52798462,1518.05
13.04566941,47.52800238,1519.80
</coordinates></LineString>
<LineString><altitudeMode>absolute</altitudeMode><coordinates>
13.04566941,47.52800238,1519.80
13.04570574,47.52800777,1520.88
</coordinates></LineString>
<LineString><altitudeMode>absolute</altitudeMode><coordinates>
13.04570574,47.52800777,1520.88
13.04572594,47.52799336,1521.56
</coordinates></LineString>
<LineString><altitudeMode>absolute</altitudeMode><coordinates>
13.04572594,47.52799336,1521.56
13.04579583,47.52799680,1522.88
</coordinates></LineString>
<LineString><altitudeMode>absolute</altitudeMode><coordinates>
13.04579583,47.52799680,1522.88
13.04580631,47.52804368,1523.56
</coordinates></LineString>
<LineString><altitudeMode>absolute</altitudeMode><coordinates>
13.04580631,47.52804368,1523.56
13.04584648,47.52805300,1523.92
</coordinates></LineString>
<LineString><altitudeMode>absolute</altitudeMode><coordinates>
13.04584648,47.52805300,1523.92
13.04585071,47.52807881,1523.95
</coordinates></LineString>
<LineString><altitudeMode>absolute</altitudeMode><coordinates>
13.04585071,47.52807881,1523.95
13.04588611,47.52807365,1523.93
</coordinates></LineString>
<LineString><altitudeMode>absolute</altitudeMode><coordinates>
13.04588611,47.52807365,1523.93
13.04591745,47.52807743,1524.17
</coordinates></LineString>
<LineString><altitudeMode>absolute</altitudeMode><coordinates>
13.04591745,47.52807743,1524.17
13.04595190,47.52806209,1524.21
</coordinates></LineString>
<LineString><altitudeMode>absolute</altitudeMode><coordinates>
13.04595190,47.52806209,1524.21
13.04598919,47.52808477,1524.83
</coordinates></LineString>
<LineString><altitudeMode>absolute</altitudeMode><coordinates>
13.04598919,47.52808477,1524.83
13.04603208,47.52807452,1524.93
</coordinates></LineString>
<LineString><altitudeMode>absolute</altitudeMode><coordinates>
13.04603208,47.52807452,1524.93
13.04606244,47.52807639,1524.97
</coordinates></LineString>
<LineString><altitudeMode>absolute</altitudeMode><coordinates>
13.04606244,47.52807639,1524.97
13.04613437,47.52807852,1550.10
</coordinates></LineString>
<LineString><altitudeMode>absolute</altitudeMode><coordinates>
13.04606244,47.52807639,1524.97
13.04615918,47.52805437,1525.67
</coordinates></LineString>
<LineString><altitudeMode>absolute</altitudeMode><coordinates>
13.04615918,47.52805437,1525.67
13.04622996,47.52804073,1526.52
</coordinates></LineString>
<LineString><altitudeMode>absolute</altitudeMode><coordinates>
13.04622996,47.52804073,1526.52
13.04625291,47.52807388,1530.63
</coordinates></LineString>
<LineString><altitudeMode>absolute</altitudeMode><coordinates>
13.04128810,47.52650397,1736.14
13.04130976,47.52648590,1736.04
</coordinates></LineString>
<LineString><altitudeMode>absolute</altitudeMode><coordinates>
13.04493492,47.52773593,1518.80
13.04490502,47.52767891,1521.27
</coordinates></LineString>
<LineString><altitudeMode>absolute</altitudeMode><coordinates>
13.04490502,47.52767891,1521.27
13.04486451,47.52765725,1527.45
</coordinates></LineString>
<LineString><altitudeMode>absolute</altitudeMode><coordinates>
13.04486451,47.52765725,1527.45
13.04482601,47.52757795,1532.49
</coordinates></LineString>
<LineString><altitudeMode>absolute</altitudeMode><coordinates>
13.04482601,47.52757795,1532.49
13.04488563,47.52756079,1537.01
</coordinates></LineString>
<LineString><altitudeMode>absolute</altitudeMode><coordinates>
13.04488563,47.52756079,1537.01
13.04489748,47.52757449,1537.26
</coordinates></LineString>
<LineString><altitudeMode>absolute</altitudeMode><coordinates>
13.04489748,47.52757449,1537.26
13.04497868,47.52756318,1543.89
</coordinates></LineString>
<LineString><altitudeMode>absolute</altitudeMode><coordinates>
13.04497868,47.52756318,1543.89
13.04501348,47.52758105,1545.05
</coordinates></LineString>
<LineString><altitudeMode>absolute</altitudeMode><coordinates>
13.04501348,47.52758105,1545.05
13.04509338,47.52757963,1549.35
</coordinates></LineString>
<LineString><altitudeMode>absolute</altitudeMode><coordinates>
13.04509338,47.52757963,1549.35
13.04515105,47.52761867,1548.18
</coordinates></LineString>
<LineString><altitudeMode>absolute</altitudeMode><coordinates>
13.04515105,47.52761867,1548.18
13.04518640,47.52763619,1548.13
</coordinates></LineString>
<LineString><altitudeMode>absolute</altitudeMode><coordinates>
13.04307973,47.52738258,1448.83
13.04305005,47.52736264,1449.84
</coordinates></LineString>
<LineString><altitudeMode>absolute</altitudeMode><coordinates>
13.04296617,47.52739612,1452.47
13.04299046,47.52733597,1460.00
</coordinates></LineString>
<LineString><altitudeMode>absolute</altitudeMode><coordinates>
13.04087279,47.52597992,1752.28
13.04077992,47.52595872,1777.14
</coordinates></LineString>
<LineString><altitudeMode>absolute</altitudeMode><coordinates>
13.04088072,47.52596332,1748.08
13.04087996,47.52595143,1756.60
</coordinates></LineString>
<LineString><altitudeMode>absolute</altitudeMode><coordinates>
13.04091944,47.52595093,1742.08
13.04091225,47.52590501,1748.67
</coordinates></LineString>
<LineString><altitudeMode>absolute</altitudeMode><coordinates>
13.04099385,47.52539421,1756.88
13.04095871,47.52542448,1764.90
</coordinates></LineString>
<LineString><altitudeMode>absolute</altitudeMode><coordinates>
13.04098269,47.52536559,1757.35
13.04097213,47.52532465,1761.84
</coordinates></LineString>
<LineString><altitudeMode>absolute</altitudeMode><coordinates>
13.04101363,47.52528765,1757.80
13.04101998,47.52531314,1738.77
</coordinates></LineString>
<LineString><altitudeMode>absolute</altitudeMode><coordinates>
13.04113512,47.52519659,1757.98
13.04110280,47.52527604,1767.58
</coordinates></LineString>
<LineString><altitudeMode>absolute</altitudeMode><coordinates>
13.04114794,47.52502368,1745.58
13.04113020,47.52511453,1748.10
</coordinates></LineString>
<LineString><altitudeMode>absolute</altitudeMode><coordinates>
13.04119427,47.52487456,1749.84
13.04126384,47.52477596,1757.59
</coordinates></LineString>
<LineString><altitudeMode>absolute</altitudeMode><coordinates>
13.04126384,47.52477596,1757.59
13.04133929,47.52470823,1761.26
</coordinates></LineString>
<LineString><altitudeMode>absolute</altitudeMode><coordinates>
13.04133929,47.52470823,1761.26
13.04131257,47.52475888,1765.60
</coordinates></LineString>
<LineString><altitudeMode>absolute</altitudeMode><coordinates>
13.04131257,47.52475888,1765.60
13.04147162,47.52475071,1763.84
</coordinates></LineString>
<LineString><altitudeMode>absolute</altitudeMode><coordinates>
13.04147162,47.52475071,1763.84
13.04144211,47.52479052,1765.99
</coordinates></LineString>
<LineString><altitudeMode>absolute</altitudeMode><coordinates>
13.04144211,47.52479052,1765.99
13.04145666,47.52482443,1778.84
</coordinates></LineString>
<LineString><altitudeMode>absolute</altitudeMode><coordinates>
13.04144211,47.52479052,1765.99
13.04142095,47.52481653,1756.91
</coordinates></LineString>
<LineString><altitudeMode>absolute</altitudeMode><coordinates>
13.04126384,47.52477596,1757.59
13.04118629,47.52465019,1766.09
</coordinates></LineString>
<LineString><altitudeMode>absolute</altitudeMode><coordinates>
13.04118629,47.52465019,1766.09
13.04111084,47.52464638,1764.96
</coordinates></LineString>
<LineString><altitudeMode>absolute</altitudeMode><coordinates>
13.04111084,47.52464638,1764.96
13.04107667,47.52463635,1765.12
</coordinates></LineString>
<LineString><altitudeMode>absolute</altitudeMode><coordinates>
13.04107667,47.52463635,1765.12
13.04110348,47.52461224,1766.12
</coordinates></LineString>
<LineString><altitudeMode>absolute</altitudeMode><coordinates>
13.04110348,47.52461224,1766.12
13.04106162,47.52455915,1767.20
</coordinates></LineString>
<LineString><altitudeMode>absolute</altitudeMode><coordinates>
13.04106162,47.52455915,1767.20
13.04108797,47.52462565,1769.07
</coordinates></LineString>
<LineString><altitudeMode>absolute</altitudeMode><coordinates>
13.04106162,47.52455915,1767.20
13.04103915,47.52451666,1765.90
</coordinates></LineString>
<LineString><altitudeMode>absolute</altitudeMode><coordinates>
13.04103915,47.52451666,1765.90
13.04097573,47.52451818,1765.43
</coordinates></LineString>
<LineString><altitudeMode>absolute</altitudeMode><coordinates>
13.04097573,47.52451818,1765.43
13.04093964,47.52449921,1763.84
</coordinates></LineString>
<LineString><altitudeMode>absolute</altitudeMode><coordinates>
13.04093964,47.52449921,1763.84
13.04092085,47.52451130,1762.51
</coordinates></LineString>
<LineString><altitudeMode>absolute</altitudeMode><coordinates>
13.04092085,47.52451130,1762.51
13.04087205,47.52445918,1762.25
13.04080486,47.52443338,1767.73
</coordinates></LineString>
<LineString><altitudeMode>absolute</altitudeMode><coordinates>
13.04087205,47.52445918,1762.25
13.04092063,47.52443877,1759.62
</coordinates></LineString>
<LineString><altitudeMode>absolute</altitudeMode><coordinates>
13.04092063,47.52443877,1759.62
13.04096581,47.52435991,1757.88
</coordinates></LineString>
<LineString><altitudeMode>absolute</altitudeMode><coordinates>
13.04096581,47.52435991,1757.88
13.04099184,47.52430672,1758.09
</coordinates></LineString>
<LineString><altitudeMode>absolute</altitudeMode><coordinates>
13.04099184,47.52430672,1758.09
13.04101576,47.52429229,1758.31
</coordinates></LineString>
<LineString><altitudeMode>absolute</altitudeMode><coordinates>
13.04101576,47.52429229,1758.31
13.04100205,47.52424661,1758.91
</coordinates></LineString>
<LineString><altitudeMode>absolute</altitudeMode><coordinates>
13.04100205,47.52424661,1758.91
13.04095111,47.52422684,1761.68
</coordinates></LineString>
<LineString><altitudeMode>absolute</altitudeMode><coordinates>
13.04095111,47.52422684,1761.68
13.04090359,47.52417573,1764.30
</coordinates></LineString>
<LineString><altitudeMode>absolute</altitudeMode><coordinates>
13.04090359,47.52417573,1764.30
13.04083188,47.52417864,1766.07
13.04085536,47.52401905,1770.02
</coordinates></LineString>
<LineString><altitudeMode>absolute</altitudeMode><coordinates>
13.04085536,47.52401905,1770.02
13.04094038,47.52400476,1770.22
</coordinates></LineString>
<LineString><altitudeMode>absolute</altitudeMode><coordinates>
13.04094038,47.52400476,1770.22
13.04094508,47.52397127,1771.51
</coordinates></LineString>
<LineString><altitudeMode>absolute</altitudeMode><coordinates>
13.04094508,47.52397127,1771.51
13.04098210,47.52396543,1772.32
</coordinates></LineString>
<LineString><altitudeMode>absolute</altitudeMode><coordinates>
13.04098210,47.52396543,1772.32
13.04096680,47.52391604,1774.69
</coordinates></LineString>
<LineString><altitudeMode>absolute</altitudeMode><coordinates>
13.04096680,47.52391604,1774.69
13.04095896,47.52389485,1775.60
</coordinates></LineString>
<LineString><altitudeMode>absolute</altitudeMode><coordinates>
13.04096680,47.52391604,1774.69
13.04093398,47.52393761,1774.35
</coordinates></LineString>
<LineString><altitudeMode>absolute</altitudeMode><coordinates>
13.04171470,47.52510481,1773.18
13.04173699,47.52505921,1768.61
</coordinates></LineString>
<LineString><altitudeMode>absolute</altitudeMode><coordinates>
13.04187045,47.52503558,1773.31
13.04192153,47.52502664,1770.10
13.04195231,47.52504219,1770.35
13.04195245,47.52500638,1765.37
</coordinates></LineString>
<LineString><altitudeMode>absolute</altitudeMode><coordinates>
13.03560167,47.53579289,1364.97
13.03560438,47.53575947,1364.71
13.03565764,47.53574589,1359.09
13.03563502,47.53571446,1359.38
13.03561233,47.53572442,1357.65
13.03560997,47.53573068,1356.88
13.03560717,47.53573459,1356.72
13.03558616,47.53572793,1357.28
13.03556817,47.53574346,1356.96
13.03553279,47.53573377,1355.99
13.03551060,47.53574076,1355.25
13.03548691,47.53573118,1354.13
13.03545394,47.53572809,1354.23
13.03545689,47.53572032,1353.48
13.03541010,47.53571349,1349.96
13.03539676,47.53572927,1350.06
13.03539374,47.53573543,1350.13
13.03535312,47.53575552,1349.70
</coordinates></LineString>
<LineString><altitudeMode>absolute</altitudeMode><coordinates>
13.03535312,47.53575552,1349.70
13.03535312,47.53575552,1349.70
13.03533490,47.53574900,1349.67
13.03531774,47.53574223,1349.77
13.03528912,47.53573652,1348.13
13.03528156,47.53572910,1347.33
13.03525018,47.53573693,1347.40
13.03522558,47.53571599,1347.19
13.03520234,47.53570849,1348.22
13.03518103,47.53570263,1347.46
13.03518340,47.53569259,1347.31
13.03513169,47.53566480,1344.46
13.03514499,47.53564658,1343.88
13.03511108,47.53563664,1342.26
13.03510419,47.53562546,1341.48
13.03507529,47.53562361,1341.27
13.03504284,47.53562792,1341.37
13.03504525,47.53564883,1342.25
13.03501418,47.53566603,1342.01
13.03500763,47.53568139,1341.46
13.03500538,47.53568468,1339.27
13.03501049,47.53569368,1339.42
13.03499849,47.53570544,1338.75
13.03499520,47.53571537,1338.75
13.03497545,47.53572457,1337.34
13.03493969,47.53573575,1336.51
13.03490281,47.53573764,1338.30
13.03485109,47.53573504,1337.72
13.03484090,47.53572668,1338.11
13.03482731,47.53572788,1337.72
13.03481422,47.53571524,1337.74
13.03478967,47.53571455,1337.28
13.03479506,47.53572670,1335.63
13.03481570,47.53572552,1334.28
13.03482389,47.53574456,1332.94
13.03478814,47.53572712,1331.75
13.03474378,47.53573005,1331.89
13.03471021,47.53571814,1333.09
13.03469907,47.53569626,1332.73
13.03469549,47.53569593,1329.51
13.03469269,47.53567851,1328.62
13.03467646,47.53566123,1327.56
13.03466271,47.53565946,1328.45
13.03465614,47.53563946,1326.43
</coordinates></LineString>
<LineString><altitudeMode>absolute</altitudeMode><coordinates>
13.03466271,47.53565946,1328.45
13.03465614,47.53563946,1326.45
</coordinates></LineString>
<LineString><altitudeMode>absolute</altitudeMode><coordinates>
13.03465614,47.53563946,1326.45
13.03464934,47.53562954,1324.55
</coordinates></LineString>
<LineString><altitudeMode>absolute</altitudeMode><coordinates>
13.03464934,47.53562954,1324.55
13.03461718,47.53563322,1323.88
</coordinates></LineString>
<LineString><altitudeMode>absolute</altitudeMode><coordinates>
13.03461718,47.53563322,1323.88
13.03459038,47.53564275,1315.15
</coordinates></LineString>
<LineString><altitudeMode>absolute</altitudeMode><coordinates>
13.03459038,47.53564275,1315.15
13.03463833,47.53560766,1314.91
</coordinates></LineString>
<LineString><altitudeMode>absolute</altitudeMode><coordinates>
13.03463833,47.53560766,1314.91
13.03464868,47.53559389,1314.73
</coordinates></LineString>
<LineString><altitudeMode>absolute</altitudeMode><coordinates>
13.03464868,47.53559389,1314.73
13.03466532,47.53555396,1314.09
</coordinates></LineString>
<LineString><altitudeMode>absolute</altitudeMode><coordinates>
13.03466532,47.53555396,1314.09
13.03466840,47.53553916,1313.74
</coordinates></LineString>
<LineString><altitudeMode>absolute</altitudeMode><coordinates>
13.03466840,47.53553916,1313.74
13.03468925,47.53553232,1313.08
</coordinates></LineString>
<LineString><altitudeMode>absolute</altitudeMode><coordinates>
13.03468925,47.53553232,1313.08
13.03467693,47.53548145,1311.45
</coordinates></LineString>
<LineString><altitudeMode>absolute</altitudeMode><coordinates>
13.03467693,47.53548145,1311.45
13.03466142,47.53548424,1310.90
</coordinates></LineString>
<LineString><altitudeMode>absolute</altitudeMode><coordinates>
13.03466142,47.53548424,1310.90
13.03464254,47.53547033,1311.16
</coordinates></LineString>
<LineString><altitudeMode>absolute</altitudeMode><coordinates>
13.03464254,47.53547033,1311.16
13.03461426,47.53548037,1310.34
</coordinates></LineString>
<LineString><altitudeMode>absolute</altitudeMode><coordinates>
13.03461426,47.53548037,1310.34
13.03459259,47.53548765,1310.21
</coordinates></LineString>
<LineString><altitudeMode>absolute</altitudeMode><coordinates>
13.03459259,47.53548765,1310.21
13.03457792,47.53547480,1309.93
13.03456391,47.53546214,1309.62
</coordinates></LineString>
<LineString><altitudeMode>absolute</altitudeMode><coordinates>
13.03456391,47.53546214,1309.62
13.03457240,47.53544483,1309.04
</coordinates></LineString>
<LineString><altitudeMode>absolute</altitudeMode><coordinates>
13.03457240,47.53544483,1309.04
13.03455408,47.53542310,1307.38
</coordinates></LineString>
<LineString><altitudeMode>absolute</altitudeMode><coordinates>
13.03587408,47.53487838,1761.93
13.03585874,47.53487641,1761.30
</coordinates></LineString>
<LineString><altitudeMode>absolute</altitudeMode><coordinates>
13.03585874,47.53487641,1761.30
13.03584527,47.53489174,1760.45
13.03580702,47.53490206,1760.88
13.03578066,47.53489990,1761.64
13.03570733,47.53491016,1762.13
13.03568612,47.53490170,1762.83
13.03565889,47.53490151,1761.98
13.03567721,47.53492666,1763.95
13.03560989,47.53488627,1772.87
13.03561114,47.53489925,1779.13
</coordinates></LineString>
<LineString><altitudeMode>absolute</altitudeMode><coordinates>
13.04105616,47.52521558,1757.32
13.04113473,47.52519623,1757.96
</coordinates></LineString>
<LineString><altitudeMode>absolute</altitudeMode><coordinates>
13.04113473,47.52519623,1757.96
13.04115263,47.52517242,1758.04
</coordinates></LineString>
<LineString><altitudeMode>absolute</altitudeMode><coordinates>
13.04115263,47.52517242,1758.04
13.04119476,47.52516459,1760.92
</coordinates></LineString>
<LineString><altitudeMode>absolute</altitudeMode><coordinates>
13.04119476,47.52516459,1760.92
13.04129642,47.52519242,1768.31
</coordinates></LineString>
<LineString><altitudeMode>absolute</altitudeMode><coordinates>
13.04129642,47.52519242,1768.31
13.04135111,47.52522917,1771.43
</coordinates></LineString>
<LineString><altitudeMode>absolute</altitudeMode><coordinates>
13.04135111,47.52522917,1771.43
13.04139196,47.52521682,1769.26
</coordinates></LineString>
<LineString><altitudeMode>absolute</altitudeMode><coordinates>
13.04135111,47.52522917,1771.43
13.04138256,47.52524797,1773.94
</coordinates></LineString>
<LineString><altitudeMode>absolute</altitudeMode><coordinates>
13.04138256,47.52524797,1773.94
13.04135138,47.52519345,1771.58
</coordinates></LineString>
<LineString><altitudeMode>absolute</altitudeMode><coordinates>
13.04138256,47.52524797,1773.94
13.04139454,47.52524746,1774.28
</coordinates></LineString>
<LineString><altitudeMode>absolute</altitudeMode><coordinates>
13.04139454,47.52524746,1774.28
13.04138145,47.52525641,1774.14
</coordinates></LineString>
<LineString><altitudeMode>absolute</altitudeMode><coordinates>
13.04138145,47.52525641,1774.14
13.04136540,47.52527719,1768.96
</coordinates></LineString>
<LineString><altitudeMode>absolute</altitudeMode><coordinates>
13.04136540,47.52527719,1768.96
13.04133408,47.52530123,1767.77
</coordinates></LineString>
<LineString><altitudeMode>absolute</altitudeMode><coordinates>
13.04133408,47.52530123,1767.77
13.04131821,47.52532795,1766.93
</coordinates></LineString>
<LineString><altitudeMode>absolute</altitudeMode><coordinates>
13.04131821,47.52532795,1766.93
13.04129135,47.52532137,1767.23
</coordinates></LineString>
<LineString><altitudeMode>absolute</altitudeMode><coordinates>
13.04129135,47.52532137,1767.23
13.04126265,47.52531791,1764.62
</coordinates></LineString>
<LineString><altitudeMode>absolute</altitudeMode><coordinates>
13.04126265,47.52531791,1764.62
13.04121574,47.52532557,1765.34
</coordinates></LineString>
<LineString><altitudeMode>absolute</altitudeMode><coordinates>
13.04121574,47.52532557,1765.34
13.04119839,47.52532761,1765.82
</coordinates></LineString>
<LineString><altitudeMode>absolute</altitudeMode><coordinates>
13.04119839,47.52532761,1765.82
13.04119768,47.52535028,1768.75
</coordinates></LineString>
<LineString><altitudeMode>absolute</altitudeMode><coordinates>
13.04119839,47.52532761,1765.82
13.04121149,47.52532190,1754.25
</coordinates></LineString>
<LineString><altitudeMode>absolute</altitudeMode><coordinates>
13.04121149,47.52532190,1754.25
13.04131742,47.52533855,1752.04
</coordinates></LineString>
<LineString><altitudeMode>absolute</altitudeMode><coordinates>
13.04131742,47.52533855,1752.04
13.04135474,47.52537797,1755.09
13.04133162,47.52546018,1762.86
</coordinates></LineString>
<LineString><altitudeMode>absolute</altitudeMode><coordinates>
13.04121149,47.52532190,1754.25
13.04124420,47.52529960,1752.28
13.04118774,47.52525697,1748.89
</coordinates></LineString>
<LineString><altitudeMode>absolute</altitudeMode><coordinates>
13.04198679,47.52509722,1774.98
13.04197608,47.52506393,1772.58
13.04199131,47.52504016,1773.38
</coordinates></LineString>
<LineString><altitudeMode>absolute</altitudeMode><coordinates>
13.04190454,47.52461944,1781.68
13.04189930,47.52458543,1782.93
</coordinates></LineString>
<LineString><altitudeMode>absolute</altitudeMode><coordinates>
13.04189930,47.52458543,1782.93
13.04186821,47.52457482,1768.36
</coordinates></LineString>
<LineString><altitudeMode>absolute</altitudeMode><coordinates>
13.04189930,47.52458543,1782.93
13.04184095,47.52452918,1783.82
</coordinates></LineString>
<LineString><altitudeMode>absolute</altitudeMode><coordinates>
13.04184095,47.52452918,1783.82
13.04183252,47.52449152,1784.66
</coordinates></LineString>
<LineString><altitudeMode>absolute</altitudeMode><coordinates>
13.04183252,47.52449152,1784.66
13.04184205,47.52446387,1783.56
</coordinates></LineString>
<LineString><altitudeMode>absolute</altitudeMode><coordinates>
13.03548698,47.53485438,1733.01
13.03546537,47.53485662,1733.27
13.03538505,47.53482294,1726.75
13.03536672,47.53481560,1725.62
13.03530853,47.53486509,1725.72
13.03533430,47.53491160,1724.29
13.03535480,47.53494624,1724.14
13.03532637,47.53495322,1723.00
</coordinates></LineString>
<LineString><altitudeMode>absolute</altitudeMode><coordinates>
13.03536672,47.53481560,1725.62
13.03538452,47.53480493,1722.38
</coordinates></LineString>
<LineString><altitudeMode>absolute</altitudeMode><coordinates>
13.03538452,47.53480493,1722.38
13.03539431,47.53476713,1719.43
</coordinates></LineString>
<LineString><altitudeMode>absolute</altitudeMode><coordinates>
13.03539431,47.53476713,1719.43
13.03538478,47.53473772,1716.88
</coordinates></LineString>
<LineString><altitudeMode>absolute</altitudeMode><coordinates>
13.03538478,47.53473772,1716.88
13.03542090,47.53473123,1715.49
</coordinates></LineString>
<LineString><altitudeMode>absolute</altitudeMode><coordinates>
13.03542090,47.53473123,1715.49
13.03541148,47.53475203,1714.72
</coordinates></LineString>
<LineString><altitudeMode>absolute</altitudeMode><coordinates>
13.03535480,47.53494624,1724.14
13.03530699,47.53495981,1723.89
</coordinates></LineString>
<LineString><altitudeMode>absolute</altitudeMode><coordinates>
13.03546537,47.53485662,1733.27
13.03542355,47.53488074,1735.83
</coordinates></LineString>
<LineString><altitudeMode>absolute</altitudeMode><coordinates>
13.03542355,47.53488074,1735.83
13.03538002,47.53487207,1734.32
</coordinates></LineString>
<LineString><altitudeMode>absolute</altitudeMode><coordinates>
13.03538002,47.53487207,1734.32
13.03534098,47.53488211,1733.94
</coordinates></LineString>
<LineString><altitudeMode>absolute</altitudeMode><coordinates>
13.03534098,47.53488211,1733.94
13.03528853,47.53487050,1733.40
</coordinates></LineString>
<LineString><altitudeMode>absolute</altitudeMode><coordinates>
13.03528853,47.53487050,1733.40
13.03524468,47.53488136,1733.79
</coordinates></LineString>
<LineString><altitudeMode>absolute</altitudeMode><coordinates>
13.03524468,47.53488136,1733.79
13.03514062,47.53486059,1736.19
</coordinates></LineString>
<LineString><altitudeMode>absolute</altitudeMode><coordinates>
13.03514062,47.53486059,1736.19
13.03506464,47.53479594,1753.08
</coordinates></LineString>
<LineString><altitudeMode>absolute</altitudeMode><coordinates>
13.03590432,47.53495799,1737.30
13.03590911,47.53497553,1737.61
</coordinates></LineString>
<LineString><altitudeMode>absolute</altitudeMode><coordinates>
13.03565240,47.53491876,1728.18
13.03565856,47.53490303,1728.06
</coordinates></LineString>
<LineString><altitudeMode>absolute</altitudeMode><coordinates>
13.03565856,47.53490303,1728.06
13.03566620,47.53490505,1720.89
</coordinates></LineString>
<LineString><altitudeMode>absolute</altitudeMode><coordinates>
13.04183252,47.52449152,1784.66
13.04181645,47.52447729,1782.89
</coordinates></LineString>
<LineString><altitudeMode>absolute</altitudeMode><coordinates>
13.04181645,47.52447729,1782.89
13.04178061,47.52444438,1781.04
</coordinates></LineString>
<LineString><altitudeMode>absolute</altitudeMode><coordinates>
13.04178061,47.52444438,1781.04
13.04175409,47.52444303,1780.86
</coordinates></LineString>
<LineString><altitudeMode>absolute</altitudeMode><coordinates>
13.04175409,47.52444303,1780.86
13.04178419,47.52442311,1780.28
</coordinates></LineString>
<LineString><altitudeMode>absolute</altitudeMode><coordinates>
13.04178419,47.52442311,1780.28
13.04183290,47.52442781,1780.23
</coordinates></LineString>
<LineString><altitudeMode>absolute</altitudeMode><coordinates>
13.04183290,47.52442781,1780.23
13.04186123,47.52444845,1779.56
</coordinates></LineString>
<LineString><altitudeMode>absolute</altitudeMode><coordinates>
13.04186123,47.52444845,1779.56
13.04191463,47.52439484,1777.85
</coordinates></LineString>
<LineString><altitudeMode>absolute</altitudeMode><coordinates>
13.04191463,47.52439484,1777.85
13.04194676,47.52440960,1778.41
</coordinates></LineString>
<LineString><altitudeMode>absolute</altitudeMode><coordinates>
13.04194676,47.52440960,1778.41
13.04195119,47.52442983,1780.32
</coordinates></LineString>
<LineString><altitudeMode>absolute</altitudeMode><coordinates>
13.04195119,47.52442983,1780.32
13.04198080,47.52444816,1779.44
13.04198325,47.52451785,1776.21
</coordinates></LineString>
<LineString><altitudeMode>absolute</altitudeMode><coordinates>
13.04198325,47.52451785,1776.21
13.04201044,47.52451561,1776.04
13.04205207,47.52451407,1778.83
13.04203903,47.52447192,1780.44
</coordinates></LineString>
<LineString><altitudeMode>absolute</altitudeMode><coordinates>
13.04205207,47.52451407,1778.83
13.04212175,47.52454442,1778.46
</coordinates></LineString>
<LineString><altitudeMode>absolute</altitudeMode><coordinates>
13.04212175,47.52454442,1778.46
13.04210152,47.52458466,1777.16
</coordinates></LineString>
<LineString><altitudeMode>absolute</altitudeMode><coordinates>
13.04210152,47.52458466,1777.16
13.04219780,47.52457136,1777.79
</coordinates></LineString>
<LineString><altitudeMode>absolute</altitudeMode><coordinates>
13.04219780,47.52457136,1777.79
13.04219951,47.52455762,1783.70
</coordinates></LineString>
<LineString><altitudeMode>absolute</altitudeMode><coordinates>
13.04219951,47.52455762,1783.70
13.04226832,47.52451498,1787.79
</coordinates></LineString>
<LineString><altitudeMode>absolute</altitudeMode><coordinates>
13.04226832,47.52451498,1787.79
13.04234319,47.52454136,1787.29
</coordinates></LineString>
<LineString><altitudeMode>absolute</altitudeMode><coordinates>
13.04234319,47.52454136,1787.29
13.04239276,47.52452313,1785.94
</coordinates></LineString>
<LineString><altitudeMode>absolute</altitudeMode><coordinates>
13.04239276,47.52452313,1785.94
13.04246321,47.52451848,1785.31
</coordinates></LineString>
<LineString><altitudeMode>absolute</altitudeMode><coordinates>
13.04246321,47.52451848,1785.31
13.04246496,47.52454272,1784.92
</coordinates></LineString>
<LineString><altitudeMode>absolute</altitudeMode><coordinates>
13.04246496,47.52454272,1784.92
13.04249652,47.52455865,1783.62
</coordinates></LineString>
<LineString><altitudeMode>absolute</altitudeMode><coordinates>
13.04249652,47.52455865,1783.62
13.04249209,47.52456685,1785.99
</coordinates></LineString>
<LineString><altitudeMode>absolute</altitudeMode><coordinates>
13.04246321,47.52451848,1785.31
13.04246835,47.52448366,1783.23
</coordinates></LineString>
<LineString><altitudeMode>absolute</altitudeMode><coordinates>
13.04246835,47.52448366,1783.23
13.04245603,47.52446860,1783.84
</coordinates></LineString>
<LineString><altitudeMode>absolute</altitudeMode><coordinates>
13.04245603,47.52446860,1783.84
13.04246905,47.52444705,1785.23
</coordinates></LineString>
<LineString><altitudeMode>absolute</altitudeMode><coordinates>
13.04246905,47.52444705,1785.23
13.04252772,47.52441988,1784.93
</coordinates></LineString>
<LineString><altitudeMode>absolute</altitudeMode><coordinates>
13.04252772,47.52441988,1784.93
13.04253698,47.52439593,1784.79
</coordinates></LineString>
<LineString><altitudeMode>absolute</altitudeMode><coordinates>
13.04253698,47.52439593,1784.79
13.04257294,47.52440428,1784.56
</coordinates></LineString>
<LineString><altitudeMode>absolute</altitudeMode><coordinates>
13.04257294,47.52440428,1784.56
13.04256919,47.52442275,1784.96
</coordinates></LineString>
<LineString><altitudeMode>absolute</altitudeMode><coordinates>
13.04256919,47.52442275,1784.96
13.04263894,47.52443708,1784.63
</coordinates></LineString>
<LineString><altitudeMode>absolute</altitudeMode><coordinates>
13.04263894,47.52443708,1784.63
13.04265127,47.52441614,1784.08
</coordinates></LineString>
<LineString><altitudeMode>absolute</altitudeMode><coordinates>
13.04265127,47.52441614,1784.08
13.04269807,47.52437240,1784.54
</coordinates></LineString>
<LineString><altitudeMode>absolute</altitudeMode><coordinates>
13.04269807,47.52437240,1784.54
13.04275760,47.52437540,1786.96
</coordinates></LineString>
<LineString><altitudeMode>absolute</altitudeMode><coordinates>
13.04275760,47.52437540,1786.96
13.04286203,47.52436800,1788.51
</coordinates></LineString>
<LineString><altitudeMode>absolute</altitudeMode><coordinates>
13.04286203,47.52436800,1788.51
13.04287471,47.52434860,1788.87
</coordinates></LineString>
<LineString><altitudeMode>absolute</altitudeMode><coordinates>
13.04287471,47.52434860,1788.87
13.04291455,47.52436323,1788.72
</coordinates></LineString>
<LineString><altitudeMode>absolute</altitudeMode><coordinates>
13.04291455,47.52436323,1788.72
13.04295275,47.52435425,1788.55
</coordinates></LineString>
<LineString><altitudeMode>absolute</altitudeMode><coordinates>
13.04295275,47.52435425,1788.55
13.04296465,47.52437344,1789.70
</coordinates></LineString>
<LineString><altitudeMode>absolute</altitudeMode><coordinates>
13.04296465,47.52437344,1789.70
13.04299275,47.52438589,1792.40
</coordinates></LineString>
<LineString><altitudeMode>absolute</altitudeMode><coordinates>
13.04299275,47.52438589,1792.40
13.04301976,47.52436341,1790.75
</coordinates></LineString>
<LineString><altitudeMode>absolute</altitudeMode><coordinates>
13.04301976,47.52436341,1790.75
13.04303648,47.52432824,1787.96
</coordinates></LineString>
<LineString><altitudeMode>absolute</altitudeMode><coordinates>
13.04303648,47.52432824,1787.96
13.04309590,47.52433438,1788.45
</coordinates></LineString>
<LineString><altitudeMode>absolute</altitudeMode><coordinates>
13.04301976,47.52436341,1790.75
13.04303778,47.52438243,1794.82
</coordinates></LineString>
<LineString><altitudeMode>absolute</altitudeMode><coordinates>
13.04303778,47.52438243,1794.82
13.04309154,47.52444805,1795.44
</coordinates></LineString>
<LineString><altitudeMode>absolute</altitudeMode><coordinates>
13.04309154,47.52444805,1795.44
13.04313230,47.52446278,1795.36
</coordinates></LineString>
<LineString><altitudeMode>absolute</altitudeMode><coordinates>
13.04313230,47.52446278,1795.36
13.04322500,47.52449928,1794.27
</coordinates></LineString>
<LineString><altitudeMode>absolute</altitudeMode><coordinates>
13.04322500,47.52449928,1794.27
13.04330002,47.52453250,1793.11
</coordinates></LineString>
<LineString><altitudeMode>absolute</altitudeMode><coordinates>
13.04330002,47.52453250,1793.11
13.04332920,47.52460858,1794.64
</coordinates></LineString>
<LineString><altitudeMode>absolute</altitudeMode><coordinates>
13.04332920,47.52460858,1794.64
13.04336236,47.52457433,1792.99
</coordinates></LineString>
<LineString><altitudeMode>absolute</altitudeMode><coordinates>
13.04336236,47.52457433,1792.99
13.04337968,47.52456229,1792.05
</coordinates></LineString>
<LineString><altitudeMode>absolute</altitudeMode><coordinates>
13.04337968,47.52456229,1792.05
13.04336030,47.52454415,1791.64
</coordinates></LineString>
<LineString><altitudeMode>absolute</altitudeMode><coordinates>
13.04336030,47.52454415,1791.64
13.04339836,47.52452446,1792.17
</coordinates></LineString>
<LineString><altitudeMode>absolute</altitudeMode><coordinates>
13.04339836,47.52452446,1792.17
13.04340114,47.52450318,1791.87
</coordinates></LineString>
<LineString><altitudeMode>absolute</altitudeMode><coordinates>
13.04340114,47.52450318,1791.87
13.04339283,47.52455172,1779.62
</coordinates></LineString>
<LineString><altitudeMode>absolute</altitudeMode><coordinates>
13.04340114,47.52450318,1791.87
13.04345520,47.52450347,1792.70
</coordinates></LineString>
<LineString><altitudeMode>absolute</altitudeMode><coordinates>
13.04345520,47.52450347,1792.70
13.04344714,47.52449866,1792.82
</coordinates></LineString>
<LineString><altitudeMode>absolute</altitudeMode><coordinates>
13.04344714,47.52449866,1792.82
13.04346725,47.52448307,1794.45
</coordinates></LineString>
<LineString><altitudeMode>absolute</altitudeMode><coordinates>
13.04346725,47.52448307,1794.45
13.04344918,47.52445451,1796.25
</coordinates></LineString>
<LineString><altitudeMode>absolute</altitudeMode><coordinates>
13.04344918,47.52445451,1796.25
13.04343410,47.52443509,1796.24
</coordinates></LineString>
<LineString><altitudeMode>absolute</altitudeMode><coordinates>
13.04343410,47.52443509,1796.24
13.04340490,47.52444863,1795.71
</coordinates></LineString>
<LineString><altitudeMode>absolute</altitudeMode><coordinates>
13.04340490,47.52444863,1795.71
13.04338222,47.52443681,1796.72
</coordinates></LineString>
<LineString><altitudeMode>absolute</altitudeMode><coordinates>
13.04338222,47.52443681,1796.72
13.04337021,47.52440628,1796.62
</coordinates></LineString>
<LineString><altitudeMode>absolute</altitudeMode><coordinates>
13.04337021,47.52440628,1796.62
13.04331941,47.52438967,1796.64
</coordinates></LineString>
<LineString><altitudeMode>absolute</altitudeMode><coordinates>
13.04331941,47.52438967,1796.64
13.04335399,47.52435309,1795.03
</coordinates></LineString>
<LineString><altitudeMode>absolute</altitudeMode><coordinates>
13.04335399,47.52435309,1795.03
13.04340080,47.52433734,1794.13
</coordinates></LineString>
<LineString><altitudeMode>absolute</altitudeMode><coordinates>
13.04340080,47.52433734,1794.13
13.04338342,47.52431526,1797.60
</coordinates></LineString>
<LineString><altitudeMode>absolute</altitudeMode><coordinates>
13.04338342,47.52431526,1797.60
13.04337385,47.52430133,1799.70
</coordinates></LineString>
<LineString><altitudeMode>absolute</altitudeMode><coordinates>
13.04337385,47.52430133,1799.70
13.04342071,47.52427352,1802.16
</coordinates></LineString>
<LineString><altitudeMode>absolute</altitudeMode><coordinates>
13.04342071,47.52427352,1802.16
13.04340354,47.52427097,1803.18
</coordinates></LineString>
<LineString><altitudeMode>absolute</altitudeMode><coordinates>
13.04340354,47.52427097,1803.18
13.04339331,47.52426369,1805.42
</coordinates></LineString>
<LineString><altitudeMode>absolute</altitudeMode><coordinates>
13.04144211,47.52479052,1765.99
13.04142273,47.52483653,1766.62
</coordinates></LineString>
<LineString><altitudeMode>absolute</altitudeMode><coordinates>
13.04142273,47.52483653,1766.62
13.04141106,47.52486090,1770.18
</coordinates></LineString>
<LineString><altitudeMode>absolute</altitudeMode><coordinates>
13.04141106,47.52486090,1770.18
13.04144932,47.52485723,1767.03
</coordinates></LineString>
<LineString><altitudeMode>absolute</altitudeMode><coordinates>
13.04144932,47.52485723,1767.03
13.04146494,47.52488387,1765.54
</coordinates></LineString>
<LineString><altitudeMode>absolute</altitudeMode><coordinates>
13.04146494,47.52488387,1765.54
13.04142432,47.52492582,1767.00
</coordinates></LineString>
<LineString><altitudeMode>absolute</altitudeMode><coordinates>
13.04142432,47.52492582,1767.00
13.04147980,47.52497338,1759.22
</coordinates></LineString>
<LineString><altitudeMode>absolute</altitudeMode><coordinates>
13.04842866,47.52787086,1746.22
13.04848957,47.52783338,1743.98
</coordinates></LineString>
<LineString><altitudeMode>absolute</altitudeMode><coordinates>
13.04848957,47.52783338,1743.98
13.04849955,47.52781502,1743.77
</coordinates></LineString>
<LineString><altitudeMode>absolute</altitudeMode><coordinates>
13.04849955,47.52781502,1743.77
13.04852190,47.52780694,1744.25
</coordinates></LineString>
<LineString><altitudeMode>absolute</altitudeMode><coordinates>
13.04852190,47.52780694,1744.25
13.04855734,47.52780079,1744.80
</coordinates></LineString>
<LineString><altitudeMode>absolute</altitudeMode><coordinates>
13.04855734,47.52780079,1744.80
13.04859325,47.52777819,1745.75
</coordinates></LineString>
<LineString><altitudeMode>absolute</altitudeMode><coordinates>
13.04859325,47.52777819,1745.75
13.04861847,47.52781821,1744.82
</coordinates></LineString>
<LineString><altitudeMode>absolute</altitudeMode><coordinates>
13.04859325,47.52777819,1745.75
13.04852954,47.52777638,1744.90
</coordinates></LineString>
<LineString><altitudeMode>absolute</altitudeMode><coordinates>
13.04852954,47.52777638,1744.90
13.04853456,47.52775586,1744.63
</coordinates></LineString>
<LineString><altitudeMode>absolute</altitudeMode><coordinates>
13.04853456,47.52775586,1744.63
13.04855218,47.52774644,1745.06
</coordinates></LineString>
<LineString><altitudeMode>absolute</altitudeMode><coordinates>
13.04855218,47.52774644,1745.06
13.04853031,47.52773797,1745.48
</coordinates></LineString>
<LineString><altitudeMode>absolute</altitudeMode><coordinates>
13.04853031,47.52773797,1745.48
13.04853846,47.52770437,1744.79
</coordinates></LineString>
<LineString><altitudeMode>absolute</altitudeMode><coordinates>
13.04853846,47.52770437,1744.79
13.04856680,47.52768892,1745.42
</coordinates></LineString>
<LineString><altitudeMode>absolute</altitudeMode><coordinates>
13.04856680,47.52768892,1745.42
13.04856385,47.52767169,1744.85
</coordinates></LineString>
<LineString><altitudeMode>absolute</altitudeMode><coordinates>
13.04856385,47.52767169,1744.85
13.04857972,47.52765945,1742.01
</coordinates></LineString>
<LineString><altitudeMode>absolute</altitudeMode><coordinates>
13.04857972,47.52765945,1742.01
13.04858010,47.52764551,1738.65
</coordinates></LineString>
<LineString><altitudeMode>absolute</altitudeMode><coordinates>
13.04546159,47.53068441,1751.80
13.04543925,47.53068484,1751.66
</coordinates></LineString>
<LineString><altitudeMode>absolute</altitudeMode><coordinates>
13.04543925,47.53068484,1751.66
13.04544998,47.53070347,1751.97
</coordinates></LineString>
<LineString><altitudeMode>absolute</altitudeMode><coordinates>
13.04544998,47.53070347,1751.97
13.04551813,47.53073585,1739.83
</coordinates></LineString>
<LineString><altitudeMode>absolute</altitudeMode><coordinates>
13.04544998,47.53070347,1751.97
13.04540232,47.53072038,1755.35
</coordinates></LineString>
<LineString><altitudeMode>absolute</altitudeMode><coordinates>
13.04540232,47.53072038,1755.35
13.04540070,47.53073529,1755.27
13.04537605,47.53075881,1755.55
</coordinates></LineString>
<LineString><altitudeMode>absolute</altitudeMode><coordinates>
13.04544998,47.53070347,1751.97
13.04540850,47.53072211,1753.04
</coordinates></LineString>
<LineString><altitudeMode>absolute</altitudeMode><coordinates>
13.04540850,47.53072211,1753.04
13.04537876,47.53071431,1753.29
</coordinates></LineString>
<LineString><altitudeMode>absolute</altitudeMode><coordinates>
13.04537876,47.53071431,1753.29
13.04537283,47.53070593,1753.59
</coordinates></LineString>
<LineString><altitudeMode>absolute</altitudeMode><coordinates>
13.04537283,47.53070593,1753.59
13.04534480,47.53070221,1754.59
</coordinates></LineString>
<LineString><altitudeMode>absolute</altitudeMode><coordinates>
13.04100975,47.52603004,1713.05
13.04096673,47.52604730,1713.05
</coordinates></LineString>
<LineString><altitudeMode>absolute</altitudeMode><coordinates>
13.04096673,47.52604730,1713.05
13.04098825,47.52607593,1707.80
</coordinates></LineString>
<LineString><altitudeMode>absolute</altitudeMode><coordinates>
13.04096673,47.52604730,1713.05
13.04096231,47.52608745,1712.99
</coordinates></LineString>
<LineString><altitudeMode>absolute</altitudeMode><coordinates>
13.04096231,47.52608745,1712.99
13.04084195,47.52601962,1714.05
</coordinates></LineString>
<LineString><altitudeMode>absolute</altitudeMode><coordinates>
13.04084195,47.52601962,1714.05
13.04082640,47.52594502,1710.64
</coordinates></LineString>
<LineString><altitudeMode>absolute</altitudeMode><coordinates>
13.04082640,47.52594502,1710.64
13.04079182,47.52593534,1710.62
</coordinates></LineString>
<LineString><altitudeMode>absolute</altitudeMode><coordinates>
13.04079182,47.52593534,1710.62
13.04079178,47.52591141,1710.98
</coordinates></LineString>
<LineString><altitudeMode>absolute</altitudeMode><coordinates>
13.04079178,47.52591141,1710.98
13.04071727,47.52590726,1712.09
</coordinates></LineString>
<LineString><altitudeMode>absolute</altitudeMode><coordinates>
13.04071727,47.52590726,1712.09
13.04065268,47.52592946,1709.30
</coordinates></LineString>
<LineString><altitudeMode>absolute</altitudeMode><coordinates>
13.04071727,47.52590726,1712.09
13.04073480,47.52582540,1712.04
</coordinates></LineString>
<LineString><altitudeMode>absolute</altitudeMode><coordinates>
13.04073480,47.52582540,1712.04
13.04077498,47.52580251,1711.49
</coordinates></LineString>
<LineString><altitudeMode>absolute</altitudeMode><coordinates>
13.04077498,47.52580251,1711.49
13.04075957,47.52576670,1711.82
</coordinates></LineString>
<LineString><altitudeMode>absolute</altitudeMode><coordinates>
13.04075957,47.52576670,1711.82
13.04077494,47.52573583,1713.26
</coordinates></LineString>
<LineString><altitudeMode>absolute</altitudeMode><coordinates>
13.04077494,47.52573583,1713.26
13.04071506,47.52570988,1712.68
</coordinates></LineString>
<LineString><altitudeMode>absolute</altitudeMode><coordinates>
13.04071506,47.52570988,1712.68
13.04072388,47.52567998,1713.19
</coordinates></LineString>
<LineString><altitudeMode>absolute</altitudeMode><coordinates>
13.04072388,47.52567998,1713.19
13.04070162,47.52564981,1713.08
</coordinates></LineString>
<LineString><altitudeMode>absolute</altitudeMode><coordinates>
13.04070162,47.52564981,1713.08
13.04072731,47.52560922,1713.20
</coordinates></LineString>
<LineString><altitudeMode>absolute</altitudeMode><coordinates>
13.04072731,47.52560922,1713.20
13.04075958,47.52564882,1717.64
</coordinates></LineString>
<LineString><altitudeMode>absolute</altitudeMode><coordinates>
13.04075958,47.52564882,1717.64
13.04077068,47.52566107,1717.19
</coordinates></LineString>
<LineString><altitudeMode>absolute</altitudeMode><coordinates>
13.04077068,47.52566107,1717.19
13.04075887,47.52567509,1718.48
</coordinates></LineString>
<LineString><altitudeMode>absolute</altitudeMode><coordinates>
13.04075887,47.52567509,1718.48
13.04077076,47.52569122,1718.66
</coordinates></LineString>
<LineString><altitudeMode>absolute</altitudeMode><coordinates>
13.04077076,47.52569122,1718.66
13.04080108,47.52571540,1718.33
</coordinates></LineString>
<LineString><altitudeMode>absolute</altitudeMode><coordinates>
13.04080108,47.52571540,1718.33
13.04082151,47.52569101,1718.57
</coordinates></LineString>
<LineString><altitudeMode>absolute</altitudeMode><coordinates>
13.04082151,47.52569101,1718.57
13.04091754,47.52568095,1718.95
</coordinates></LineString>
<LineString><altitudeMode>absolute</altitudeMode><coordinates>
13.04091754,47.52568095,1718.95
13.04091301,47.52562787,1720.13
</coordinates></LineString>
<LineString><altitudeMode>absolute</altitudeMode><coordinates>
13.04091301,47.52562787,1720.13
13.04090821,47.52559971,1721.51
</coordinates></LineString>
<LineString><altitudeMode>absolute</altitudeMode><coordinates>
13.04090821,47.52559971,1721.51
13.04086025,47.52557469,1723.10
</coordinates></LineString>
<LineString><altitudeMode>absolute</altitudeMode><coordinates>
13.04086025,47.52557469,1723.10
13.04087569,47.52556685,1721.81
</coordinates></LineString>
<LineString><altitudeMode>absolute</altitudeMode><coordinates>
13.04087569,47.52556685,1721.81
13.04088593,47.52553454,1724.79
</coordinates></LineString>
<LineString><altitudeMode>absolute</altitudeMode><coordinates>
13.04088593,47.52553454,1724.79
13.04084522,47.52548958,1725.88
</coordinates></LineString>
<LineString><altitudeMode>absolute</altitudeMode><coordinates>
13.04159962,47.52582659,1691.27
13.04160727,47.52582438,1686.34
</coordinates></LineString>
<LineString><altitudeMode>absolute</altitudeMode><coordinates>
13.04095283,47.52598174,1752.97
13.04100994,47.52596454,1754.42
13.04094927,47.52596692,1764.60
</coordinates></LineString>
<LineString><altitudeMode>absolute</altitudeMode><coordinates>
13.04100994,47.52596454,1754.42
13.04108394,47.52597156,1754.83
</coordinates></LineString>
<LineString><altitudeMode>absolute</altitudeMode><coordinates>
13.04108394,47.52597156,1754.83
13.04110546,47.52592514,1755.43
</coordinates></LineString>
<LineString><altitudeMode>absolute</altitudeMode><coordinates>
13.04110546,47.52592514,1755.43
13.04109776,47.52590719,1755.78
</coordinates></LineString>
<LineString><altitudeMode>absolute</altitudeMode><coordinates>
13.04109776,47.52590719,1755.78
13.04111463,47.52586455,1755.88
</coordinates></LineString>
<LineString><altitudeMode>absolute</altitudeMode><coordinates>
13.04339331,47.52426369,1805.42
13.04331820,47.52427231,1804.65
</coordinates></LineString>
<LineString><altitudeMode>absolute</altitudeMode><coordinates>
13.04331820,47.52427231,1804.65
13.04330669,47.52424952,1802.67
</coordinates></LineString>
<LineString><altitudeMode>absolute</altitudeMode><coordinates>
13.04330669,47.52424952,1802.67
13.04333270,47.52425024,1798.85
</coordinates></LineString>
<LineString><altitudeMode>absolute</altitudeMode><coordinates>
13.04333270,47.52425024,1798.85
13.04335140,47.52419765,1797.54
</coordinates></LineString>
<LineString><altitudeMode>absolute</altitudeMode><coordinates>
13.04335140,47.52419765,1797.54
13.04334789,47.52417761,1798.08
</coordinates></LineString>
<LineString><altitudeMode>absolute</altitudeMode><coordinates>
13.04334789,47.52417761,1798.08
13.04336413,47.52416979,1798.89
</coordinates></LineString>
<LineString><altitudeMode>absolute</altitudeMode><coordinates>
13.04336413,47.52416979,1798.89
13.04333082,47.52414376,1802.17
</coordinates></LineString>
<LineString><altitudeMode>absolute</altitudeMode><coordinates>
13.04333082,47.52414376,1802.17
13.04331432,47.52411234,1801.30
</coordinates></LineString>
<LineString><altitudeMode>absolute</altitudeMode><coordinates>
13.04331432,47.52411234,1801.30
13.04333042,47.52411162,1803.46
</coordinates></LineString>
<LineString><altitudeMode>absolute</altitudeMode><coordinates>
13.04333042,47.52411162,1803.46
13.04333430,47.52408227,1802.79
</coordinates></LineString>
<LineString><altitudeMode>absolute</altitudeMode><coordinates>
13.04333430,47.52408227,1802.79
13.04337066,47.52407632,1801.83
</coordinates></LineString>
<LineString><altitudeMode>absolute</altitudeMode><coordinates>
13.04337066,47.52407632,1801.83
13.04340234,47.52408892,1801.96
</coordinates></LineString>
<LineString><altitudeMode>absolute</altitudeMode><coordinates>
13.04340234,47.52408892,1801.96
13.04339897,47.52410452,1804.43
</coordinates></LineString>
<LineString><altitudeMode>absolute</altitudeMode><coordinates>
13.04339897,47.52410452,1804.43
13.04340783,47.52415209,1802.43
</coordinates></LineString>
<LineString><altitudeMode>absolute</altitudeMode><coordinates>
13.04339897,47.52410452,1804.43
13.04340842,47.52411817,1814.15
</coordinates></LineString>
<LineString><altitudeMode>absolute</altitudeMode><coordinates>
13.04340842,47.52411817,1814.15
13.04343743,47.52413829,1814.79
</coordinates></LineString>
<LineString><altitudeMode>absolute</altitudeMode><coordinates>
13.04343743,47.52413829,1814.79
13.04351032,47.52414664,1813.71
</coordinates></LineString>
<LineString><altitudeMode>absolute</altitudeMode><coordinates>
13.04351032,47.52414664,1813.71
13.04351366,47.52416406,1816.72
</coordinates></LineString>
<LineString><altitudeMode>absolute</altitudeMode><coordinates>
13.04351366,47.52416406,1816.72
13.04355807,47.52417364,1818.19
</coordinates></LineString>
<LineString><altitudeMode>absolute</altitudeMode><coordinates>
13.04355807,47.52417364,1818.19
13.04353546,47.52422085,1821.08
</coordinates></LineString>
<LineString><altitudeMode>absolute</altitudeMode><coordinates>
13.04353546,47.52422085,1821.08
13.04360486,47.52423374,1825.95
</coordinates></LineString>
<LineString><altitudeMode>absolute</altitudeMode><coordinates>
13.04133201,47.52599191,1696.49
13.04133201,47.52599191,1696.49
</coordinates></LineString>
<LineString><altitudeMode>absolute</altitudeMode><coordinates>
13.04360486,47.52423374,1825.95
13.04366071,47.52424648,1825.95
</coordinates></LineString>
<LineString><altitudeMode>absolute</altitudeMode><coordinates>
13.04366071,47.52424648,1825.95
13.04369292,47.52425198,1827.70
</coordinates></LineString>
<LineString><altitudeMode>absolute</altitudeMode><coordinates>
13.04369292,47.52425198,1827.70
13.04367001,47.52432870,1826.82
</coordinates></LineString>
<LineString><altitudeMode>absolute</altitudeMode><coordinates>
13.04367001,47.52432870,1826.82
13.04370178,47.52434238,1827.16
</coordinates></LineString>
<LineString><altitudeMode>absolute</altitudeMode><coordinates>
13.04370178,47.52434238,1827.16
13.04372651,47.52432040,1827.72
</coordinates></LineString>
<LineString><altitudeMode>absolute</altitudeMode><coordinates>
13.04372651,47.52432040,1827.72
13.04375995,47.52432133,1826.96
</coordinates></LineString>
<LineString><altitudeMode>absolute</altitudeMode><coordinates>
13.04375995,47.52432133,1826.96
13.04379532,47.52427037,1826.51
</coordinates></LineString>
<LineString><altitudeMode>absolute</altitudeMode><coordinates>
13.04379532,47.52427037,1826.51
13.04387435,47.52427433,1825.06
</coordinates></LineString>
<LineString><altitudeMode>absolute</altitudeMode><coordinates>
13.04387435,47.52427433,1825.06
13.04382751,47.52423709,1827.61
</coordinates></LineString>
<LineString><altitudeMode>absolute</altitudeMode><coordinates>
13.04382751,47.52423709,1827.61
13.04380282,47.52418321,1826.27
</coordinates></LineString>
<LineString><altitudeMode>absolute</altitudeMode><coordinates>
13.04380282,47.52418321,1826.27
13.04372374,47.52413039,1827.31
</coordinates></LineString>
<LineString><altitudeMode>absolute</altitudeMode><coordinates>
13.04372374,47.52413039,1827.31
13.04378626,47.52410330,1828.37
</coordinates></LineString>
<LineString><altitudeMode>absolute</altitudeMode><coordinates>
13.04378626,47.52410330,1828.37
13.04384579,47.52405995,1827.23
</coordinates></LineString>
<LineString><altitudeMode>absolute</altitudeMode><coordinates>
13.04384579,47.52405995,1827.23
13.04397451,47.52407465,1826.10
</coordinates></LineString>
<LineString><altitudeMode>absolute</altitudeMode><coordinates>
13.04397451,47.52407465,1826.10
13.04395047,47.52401009,1827.48
</coordinates></LineString>
<LineString><altitudeMode>absolute</altitudeMode><coordinates>
13.04395047,47.52401009,1827.48
13.04397053,47.52399567,1827.91
</coordinates></LineString>
<LineString><altitudeMode>absolute</altitudeMode><coordinates>
13.04397053,47.52399567,1827.91
13.04392764,47.52396326,1828.02
</coordinates></LineString>
<LineString><altitudeMode>absolute</altitudeMode><coordinates>
13.04392764,47.52396326,1828.02
13.04388669,47.52394259,1828.78
</coordinates></LineString>
<LineString><altitudeMode>absolute</altitudeMode><coordinates>
13.04392764,47.52396326,1828.02
13.04394368,47.52394266,1826.41
</coordinates></LineString>
<LineString><altitudeMode>absolute</altitudeMode><coordinates>
13.04394368,47.52394266,1826.41
13.04389582,47.52390423,1825.82
</coordinates></LineString>
<LineString><altitudeMode>absolute</altitudeMode><coordinates>
13.04389582,47.52390423,1825.82
13.04386881,47.52388406,1825.87
</coordinates></LineString>
<LineString><altitudeMode>absolute</altitudeMode><coordinates>
13.04186445,47.52588564,1647.60
13.04187722,47.52592086,1668.16
</coordinates></LineString>
<LineString><altitudeMode>absolute</altitudeMode><coordinates>
13.04214898,47.52581150,1582.34
13.04222436,47.52578525,1580.93
13.04223459,47.52580639,1580.77
</coordinates></LineString>
<LineString><altitudeMode>absolute</altitudeMode><coordinates>
13.04223459,47.52580639,1580.77
13.04227708,47.52579641,1580.70
</coordinates></LineString>
<LineString><altitudeMode>absolute</altitudeMode><coordinates>
13.04255309,47.52592629,1548.31
13.04263323,47.52593252,1542.70
</coordinates></LineString>
<LineString><altitudeMode>absolute</altitudeMode><coordinates>
13.04263323,47.52593252,1542.70
13.04266515,47.52593171,1541.36
</coordinates></LineString>
<LineString><altitudeMode>absolute</altitudeMode><coordinates>
13.04266515,47.52593171,1541.36
13.04268710,47.52595593,1540.72
</coordinates></LineString>
<LineString><altitudeMode>absolute</altitudeMode><coordinates>
13.04268710,47.52595593,1540.72
13.04270731,47.52597688,1539.28
13.04272302,47.52603654,1529.20
</coordinates></LineString>
<LineString><altitudeMode>absolute</altitudeMode><coordinates>
13.04336412,47.53151535,1764.64
13.04330214,47.53151358,1765.23
13.04328505,47.53153722,1760.74
13.04333947,47.53152438,1748.47
13.04326624,47.53156065,1746.39
13.04323993,47.53157856,1743.96
13.04319803,47.53156912,1739.41
13.04317894,47.53155745,1739.31
13.04313180,47.53156385,1738.14
13.04311955,47.53157156,1733.88
13.04308283,47.53156940,1729.97
13.04308032,47.53155109,1730.18
13.04309434,47.53154575,1727.93
13.04310703,47.53152248,1724.18
</coordinates></LineString>
<LineString><altitudeMode>absolute</altitudeMode><coordinates>
13.04463661,47.53091762,1758.64
13.04458821,47.53100065,1761.32
13.04461696,47.53102445,1763.03
13.04463679,47.53104117,1762.24
13.04461832,47.53108071,1762.15
13.04459908,47.53113006,1761.29
13.04450270,47.53115640,1764.66
13.04450892,47.53117864,1760.93
13.04444487,47.53120373,1761.98
13.04445873,47.53120991,1761.11
13.04445734,47.53124363,1760.90
13.04442129,47.53126983,1763.17
13.04446506,47.53129694,1761.30
13.04455161,47.53133828,1757.92
13.04460730,47.53137342,1754.52
13.04464173,47.53144096,1752.55
13.04459579,47.53144000,1750.42
13.04454649,47.53149737,1758.36
</coordinates></LineString>
<LineString><altitudeMode>absolute</altitudeMode><coordinates>
13.04464173,47.53144096,1752.55
13.04467063,47.53144622,1751.70
13.04463889,47.53147420,1748.63
13.04463585,47.53149881,1746.68
</coordinates></LineString>
<LineString><altitudeMode>absolute</altitudeMode><coordinates>
13.04463889,47.53147420,1748.63
13.04468778,47.53150671,1746.52
13.04469838,47.53152174,1745.68
</coordinates></LineString>
<LineString><altitudeMode>absolute</altitudeMode><coordinates>
13.04442129,47.53126983,1763.17
13.04449083,47.53125761,1759.60
13.04452428,47.53126934,1758.53
</coordinates></LineString>
<LineString><altitudeMode>absolute</altitudeMode><coordinates>
13.04444487,47.53120373,1761.98
13.04442859,47.53118420,1764.45
</coordinates></LineString>
<LineString><altitudeMode>absolute</altitudeMode><coordinates>
13.04463679,47.53104117,1762.24
13.04465539,47.53105912,1761.32
13.04468168,47.53104886,1758.20
13.04468328,47.53098797,1757.17
</coordinates></LineString>
<LineString><altitudeMode>absolute</altitudeMode><coordinates>
13.04461696,47.53102445,1763.03
13.04465050,47.53096914,1765.60
</coordinates></LineString>
<LineString><altitudeMode>absolute</altitudeMode><coordinates>
13.04463661,47.53091762,1758.64
13.04467653,47.53095870,1757.20
13.04470630,47.53092978,1759.36
</coordinates></LineString>
<LineString><altitudeMode>absolute</altitudeMode><coordinates>
13.04467653,47.53095870,1757.20
13.04463981,47.53098516,1757.25
13.04468920,47.53100022,1756.91
</coordinates></LineString>
<LineString><altitudeMode>absolute</altitudeMode><coordinates>
13.04459579,47.53144000,1750.42
13.04459370,47.53144626,1749.78
13.04458170,47.53144371,1747.34
13.04454622,47.53145112,1746.35
13.04454456,47.53145640,1745.50
</coordinates></LineString>
<LineString><altitudeMode>absolute</altitudeMode><coordinates>
13.04454456,47.53145640,1745.50
13.04454334,47.53145692,1745.30
</coordinates></LineString>
<LineString><altitudeMode>absolute</altitudeMode><coordinates>
13.04468778,47.53150671,1746.52
13.04470252,47.53151740,1747.59
</coordinates></LineString>
<LineString><altitudeMode>absolute</altitudeMode><coordinates>
13.04470252,47.53151740,1747.59
13.04473132,47.53156495,1744.62
</coordinates></LineString>
<LineString><altitudeMode>absolute</altitudeMode><coordinates>
13.04354735,47.53137586,1760.11
13.04361754,47.53137831,1762.70
13.04369037,47.53139926,1767.58
13.04369443,47.53138655,1767.49
13.04368905,47.53139204,1771.71
</coordinates></LineString>
<LineString><altitudeMode>absolute</altitudeMode><coordinates>
13.04369037,47.53139926,1767.58
13.04368039,47.53139981,1768.83
</coordinates></LineString>
<LineString><altitudeMode>absolute</altitudeMode><coordinates>
13.04368039,47.53139981,1768.83
13.04366700,47.53139544,1768.80
</coordinates></LineString>
<LineString><altitudeMode>absolute</altitudeMode><coordinates>
13.04366700,47.53139544,1768.80
13.04365783,47.53140249,1768.91
</coordinates></LineString>
<LineString><altitudeMode>absolute</altitudeMode><coordinates>
13.04365783,47.53140249,1768.91
13.04364348,47.53140251,1769.11
</coordinates></LineString>
<LineString><altitudeMode>absolute</altitudeMode><coordinates>
13.04364348,47.53140251,1769.11
13.04363517,47.53140804,1769.07
</coordinates></LineString>
<LineString><altitudeMode>absolute</altitudeMode><coordinates>
13.04363517,47.53140804,1769.07
13.04364670,47.53140878,1770.54
</coordinates></LineString>
<LineString><altitudeMode>absolute</altitudeMode><coordinates>
13.04364670,47.53140878,1770.54
13.04363123,47.53141760,1771.20
</coordinates></LineString>
<LineString><altitudeMode>absolute</altitudeMode><coordinates>
13.04363123,47.53141760,1771.20
13.04365191,47.53142587,1771.72
</coordinates></LineString>
<LineString><altitudeMode>absolute</altitudeMode><coordinates>
13.04365191,47.53142587,1771.72
13.04365032,47.53142953,1772.50
</coordinates></LineString>
<LineString><altitudeMode>absolute</altitudeMode><coordinates>
13.04153959,47.53217608,1755.57
13.04151192,47.53213782,1754.85
</coordinates></LineString>
<LineString><altitudeMode>absolute</altitudeMode><coordinates>
13.04159636,47.53210759,1752.76
13.04154788,47.53209632,1756.44
13.04155764,47.53212330,1756.09
</coordinates></LineString>
<LineString><altitudeMode>absolute</altitudeMode><coordinates>
13.04190745,47.53194562,1759.56
13.04193647,47.53190472,1761.31
13.04204842,47.53189206,1765.99
13.04209401,47.53185945,1766.70
13.04212841,47.53182405,1767.59
13.04210560,47.53179810,1767.70
</coordinates></LineString>
<LineString><altitudeMode>absolute</altitudeMode><coordinates>
13.04150321,47.53216116,1752.07
13.04148134,47.53218121,1749.20
</coordinates></LineString>
<LineString><altitudeMode>absolute</altitudeMode><coordinates>
13.04139093,47.53229691,1749.66
13.04137644,47.53233653,1747.91
13.04135202,47.53236077,1744.39
13.04131931,47.53237569,1743.62
13.04126230,47.53237957,1741.45
13.04121375,47.53241302,1739.54
13.04119174,47.53240104,1738.48
13.04114192,47.53244743,1735.73
13.04115076,47.53240970,1734.86
13.04114779,47.53240731,1734.09
13.04108396,47.53242304,1733.94
</coordinates></LineString>
<LineString><altitudeMode>absolute</altitudeMode><coordinates>
13.04148802,47.53228363,1749.95
13.04142474,47.53228102,1746.68
13.04140225,47.53227857,1744.15
13.04138054,47.53230123,1742.91
13.04137809,47.53231703,1741.13
13.04137327,47.53232523,1737.20
13.04137980,47.53229987,1736.40
13.04143397,47.53229720,1735.17
13.04142272,47.53230672,1734.82
13.04145845,47.53231066,1734.28
</coordinates></LineString>
<LineString><altitudeMode>absolute</altitudeMode><coordinates>
13.03995326,47.53264056,1758.82
13.03994185,47.53261166,1763.24
13.03993662,47.53257728,1764.72
</coordinates></LineString>
<LineString><altitudeMode>absolute</altitudeMode><coordinates>
13.04154793,47.53222338,1756.98
13.04161578,47.53224235,1759.22
13.04153777,47.53225353,1765.10
13.04154078,47.53223711,1765.18
</coordinates></LineString>
<LineString><altitudeMode>absolute</altitudeMode><coordinates>
13.04154078,47.53223711,1765.18
13.04151768,47.53224005,1767.62
</coordinates></LineString>
<LineString><altitudeMode>absolute</altitudeMode><coordinates>
13.04153777,47.53225353,1765.10
13.04156889,47.53228493,1764.85
</coordinates></LineString>
<LineString><altitudeMode>absolute</altitudeMode><coordinates>
13.04297057,47.52702798,1429.19
13.04302788,47.52706225,1422.47
</coordinates></LineString>
<LineString><altitudeMode>absolute</altitudeMode><coordinates>
13.04530958,47.53053109,1762.76
13.04528634,47.53057704,1760.54
</coordinates></LineString>
<LineString><altitudeMode>absolute</altitudeMode><coordinates>
13.04333954,47.53146553,1766.48
13.04329472,47.53149878,1765.84
13.04325902,47.53148332,1766.92
13.04321149,47.53146101,1767.39
13.04321132,47.53144760,1767.08
13.04317811,47.53143317,1767.07
13.04316748,47.53144055,1767.40
13.04314956,47.53143287,1767.40
13.04312209,47.53144256,1767.84
13.04310580,47.53144121,1767.34
13.04312583,47.53145991,1767.96
13.04308707,47.53145195,1768.69
</coordinates></LineString>
<LineString><altitudeMode>absolute</altitudeMode><coordinates>
13.04312209,47.53144256,1767.84
13.04313160,47.53142284,1767.94
</coordinates></LineString>
<LineString><altitudeMode>absolute</altitudeMode><coordinates>
13.04312209,47.53144256,1767.84
13.04311926,47.53142947,1763.78
</coordinates></LineString>
<LineString><altitudeMode>absolute</altitudeMode><coordinates>
13.04092442,47.53249725,1759.18
13.04097694,47.53243201,1763.29
13.04103573,47.53242663,1765.74
13.04103701,47.53242431,1764.86
13.04100975,47.53238587,1769.52
</coordinates></LineString>
<LineString><altitudeMode>absolute</altitudeMode><coordinates>
13.04103701,47.53242431,1764.86
13.04107292,47.53240198,1768.12
</coordinates></LineString>
<LineString><altitudeMode>absolute</altitudeMode><coordinates>
13.03942024,47.53320608,1754.66
13.03942740,47.53317426,1757.68
13.03941042,47.53318440,1761.14
13.03939930,47.53316190,1762.66
13.03936331,47.53315426,1764.42
13.03931830,47.53316393,1763.91
13.03930224,47.53315286,1766.44
13.03933652,47.53312438,1769.92
</coordinates></LineString>
<LineString><altitudeMode>absolute</altitudeMode><coordinates>
13.03939930,47.53316190,1762.66
13.03936707,47.53313165,1750.74
</coordinates></LineString>
<LineString><altitudeMode>absolute</altitudeMode><coordinates>
13.04211892,47.52582673,1612.49
13.04208632,47.52583166,1603.55
13.04207368,47.52582857,1603.27
</coordinates></LineString>
<LineString><altitudeMode>absolute</altitudeMode><coordinates>
13.04207368,47.52582857,1603.27
13.04206672,47.52583016,1603.39
</coordinates></LineString>
<LineString><altitudeMode>absolute</altitudeMode><coordinates>
13.04206672,47.52583016,1603.39
13.04202277,47.52572953,1603.64
13.04196351,47.52573697,1603.03
</coordinates></LineString>
<LineString><altitudeMode>absolute</altitudeMode><coordinates>
13.04196351,47.52573697,1603.03
13.04196166,47.52570464,1615.32
13.04192571,47.52569232,1616.36
</coordinates></LineString>
<LineString><altitudeMode>absolute</altitudeMode><coordinates>
13.04192571,47.52569232,1616.36
13.04193972,47.52566926,1617.21
13.04187363,47.52563177,1617.13
13.04177989,47.52565537,1616.67
</coordinates></LineString>
<LineString><altitudeMode>absolute</altitudeMode><coordinates>
13.04177989,47.52565537,1616.67
13.04175445,47.52561066,1615.51
</coordinates></LineString>
<LineString><altitudeMode>absolute</altitudeMode><coordinates>
13.04175445,47.52561066,1615.51
13.04171708,47.52565826,1615.54
</coordinates></LineString>
<LineString><altitudeMode>absolute</altitudeMode><coordinates>
13.04171708,47.52565826,1615.54
13.04171630,47.52571484,1616.60
</coordinates></LineString>
<LineString><altitudeMode>absolute</altitudeMode><coordinates>
13.04171630,47.52571484,1616.60
13.04167077,47.52574583,1617.27
</coordinates></LineString>
<LineString><altitudeMode>absolute</altitudeMode><coordinates>
13.04167077,47.52574583,1617.27
13.04167420,47.52576091,1616.63
</coordinates></LineString>
<LineString><altitudeMode>absolute</altitudeMode><coordinates>
13.05014116,47.53332449,1780.58
13.05016039,47.53331852,1770.67
</coordinates></LineString>
<LineString><altitudeMode>absolute</altitudeMode><coordinates>
13.05016039,47.53331852,1770.67
13.05016118,47.53329001,1769.74
</coordinates></LineString>
<LineString><altitudeMode>absolute</altitudeMode><coordinates>
13.05016118,47.53329001,1769.74
13.05019253,47.53328298,1770.07
</coordinates></LineString>
<LineString><altitudeMode>absolute</altitudeMode><coordinates>
13.05019253,47.53328298,1770.07
13.05020915,47.53328984,1769.39
</coordinates></LineString>
<LineString><altitudeMode>absolute</altitudeMode><coordinates>
13.05020915,47.53328984,1769.39
13.05021571,47.53329202,1766.77
</coordinates></LineString>
<LineString><altitudeMode>absolute</altitudeMode><coordinates>
13.05021571,47.53329202,1766.77
13.05018945,47.53333377,1767.37
</coordinates></LineString>
<LineString><altitudeMode>absolute</altitudeMode><coordinates>
13.05018945,47.53333377,1767.37
13.05019014,47.53333657,1758.11
13.05024300,47.53334071,1757.49
13.05026326,47.53331415,1755.30
</coordinates></LineString>
<LineString><altitudeMode>absolute</altitudeMode><coordinates>
13.05019014,47.53333657,1758.11
13.05022224,47.53330239,1756.18
</coordinates></LineString>
<LineString><altitudeMode>absolute</altitudeMode><coordinates>
13.05022224,47.53330239,1756.18
13.05025888,47.53331021,1755.31
</coordinates></LineString>
<LineString><altitudeMode>absolute</altitudeMode><coordinates>
13.05025888,47.53331021,1755.31
13.05023296,47.53328907,1752.55
</coordinates></LineString>
<LineString><altitudeMode>absolute</altitudeMode><coordinates>
13.05023296,47.53328907,1752.55
13.05021753,47.53326460,1749.30
</coordinates></LineString>
<LineString><altitudeMode>absolute</altitudeMode><coordinates>
13.05021753,47.53326460,1749.30
13.05026256,47.53326843,1749.70
</coordinates></LineString>
<LineString><altitudeMode>absolute</altitudeMode><coordinates>
13.05026256,47.53326843,1749.70
13.05027538,47.53324516,1750.51
</coordinates></LineString>
<LineString><altitudeMode>absolute</altitudeMode><coordinates>
13.05027538,47.53324516,1750.51
13.05027805,47.53321614,1749.26
</coordinates></LineString>
<LineString><altitudeMode>absolute</altitudeMode><coordinates>
13.05027805,47.53321614,1749.26
13.05027939,47.53321238,1746.28
13.05028085,47.53320863,1743.31
</coordinates></LineString>
<LineString><altitudeMode>absolute</altitudeMode><coordinates>
13.05028085,47.53320863,1743.31
13.05027800,47.53319589,1743.44
</coordinates></LineString>
<LineString><altitudeMode>absolute</altitudeMode><coordinates>
13.04386881,47.52388406,1825.87
13.04388312,47.52383860,1824.90
</coordinates></LineString>
<LineString><altitudeMode>absolute</altitudeMode><coordinates>
13.04388312,47.52383860,1824.90
13.04385151,47.52383113,1824.55
13.04388187,47.52380780,1823.55
13.04392097,47.52381729,1822.08
13.04391505,47.52377669,1823.83
13.04394256,47.52376555,1823.75
13.04397982,47.52376754,1823.90
13.04402451,47.52374104,1823.72
13.04406851,47.52375439,1825.84
13.04411184,47.52374667,1824.28
13.04413953,47.52372005,1824.62
</coordinates></LineString>
<LineString><altitudeMode>absolute</altitudeMode><coordinates>
13.04413953,47.52372005,1824.62
13.04415439,47.52370996,1834.60
</coordinates></LineString>
<LineString><altitudeMode>absolute</altitudeMode><coordinates>
13.04415439,47.52370996,1834.60
13.04419328,47.52368228,1835.25
</coordinates></LineString>
<LineString><altitudeMode>absolute</altitudeMode><coordinates>
13.04419328,47.52368228,1835.25
13.04425569,47.52367929,1835.03
</coordinates></LineString>
<LineString><altitudeMode>absolute</altitudeMode><coordinates>
13.04425569,47.52367929,1835.03
13.04424774,47.52367898,1837.71
13.04429980,47.52366151,1836.57
</coordinates></LineString>
<LineString><altitudeMode>absolute</altitudeMode><coordinates>
13.04429980,47.52366151,1836.57
13.04432816,47.52366676,1834.80
</coordinates></LineString>
<LineString><altitudeMode>absolute</altitudeMode><coordinates>
13.04432816,47.52366676,1834.80
13.04436669,47.52364879,1833.17
</coordinates></LineString>
<LineString><altitudeMode>absolute</altitudeMode><coordinates>
13.04945956,47.52663286,1741.76
13.04945956,47.52663286,1741.76
13.04946295,47.52659521,1745.50
13.04947286,47.52657532,1745.91
13.04946641,47.52656297,1747.25
13.04943110,47.52658720,1747.68
13.04940146,47.52657671,1747.63
13.04935667,47.52655939,1749.03
13.04933529,47.52654832,1750.16
13.04930092,47.52652929,1750.03
13.04933399,47.52649017,1749.17
13.04929351,47.52650343,1747.54
13.04927486,47.52650131,1747.14
</coordinates></LineString>
<LineString><altitudeMode>absolute</altitudeMode><coordinates>
13.04940146,47.52657671,1747.63
13.04940146,47.52657671,1747.63
13.04941561,47.52657128,1743.82
13.04941359,47.52658286,1741.09
13.04940995,47.52658063,1734.28
</coordinates></LineString>
<LineString><altitudeMode>absolute</altitudeMode><coordinates>
13.04436669,47.52364879,1833.17
13.04437628,47.52365876,1836.12
</coordinates></LineString>
<LineString><altitudeMode>absolute</altitudeMode><coordinates>
13.04437628,47.52365876,1836.12
13.04437238,47.52366014,1839.08
13.04436514,47.52364778,1840.79
13.04438500,47.52363156,1840.82
13.04435272,47.52363515,1845.38
13.04437502,47.52362851,1844.44
13.04440846,47.52363304,1844.29
13.04442794,47.52364507,1842.72
13.04442709,47.52366062,1841.69
13.04447660,47.52369413,1842.25
13.04450724,47.52373820,1840.15
13.04447719,47.52376388,1837.44
13.04442212,47.52380883,1836.80
13.04445234,47.52381780,1836.52
13.04450328,47.52381957,1836.77
13.04456490,47.52386679,1837.04
13.04461064,47.52390491,1839.37
13.04469405,47.52389823,1839.30
13.04477546,47.52390592,1838.21
13.04477197,47.52394635,1837.44
13.04478590,47.52400049,1837.77
13.04480878,47.52404236,1838.12
13.04483825,47.52403234,1838.14
</coordinates></LineString>
<LineString><altitudeMode>absolute</altitudeMode><coordinates>
13.05027538,47.53324516,1750.51
13.05027060,47.53321646,1749.29
13.05027502,47.53321186,1746.33
13.05026853,47.53320770,1746.30
13.05028988,47.53320518,1747.06
13.05029944,47.53319833,1747.64
13.05030769,47.53319802,1745.10
13.05031330,47.53318992,1744.57
13.05030373,47.53317572,1744.44
13.05031368,47.53316555,1744.68
13.05032132,47.53316352,1742.60
13.05033735,47.53315785,1743.56
13.05035618,47.53317302,1742.97
13.05037507,47.53317973,1741.15
13.05037440,47.53316901,1740.19
13.05039704,47.53316399,1739.97
13.05042760,47.53316046,1738.60
13.05042470,47.53314548,1737.03
13.05043271,47.53313374,1736.22
13.05043369,47.53312880,1736.64
13.05046920,47.53312779,1736.26
13.05049477,47.53312282,1734.77
13.05051798,47.53313087,1733.39
13.05052830,47.53311413,1732.92
13.05052718,47.53309800,1731.63
13.05052280,47.53309064,1732.08
</coordinates></LineString>
<LineString><altitudeMode>absolute</altitudeMode><coordinates>
13.03878238,47.53314424,1760.04
13.03876326,47.53308344,1759.37
13.03879926,47.53307299,1756.94
13.03880662,47.53310002,1756.75
</coordinates></LineString>
<LineString><altitudeMode>absolute</altitudeMode><coordinates>
13.03879926,47.53307299,1756.94
13.03879538,47.53305214,1756.58
13.03876827,47.53303800,1755.29
13.03876530,47.53301095,1754.77
13.03877778,47.53299695,1753.73
13.03879117,47.53296928,1751.00
</coordinates></LineString>
<LineString><altitudeMode>absolute</altitudeMode><coordinates>
13.03877778,47.53299695,1753.73
13.03874087,47.53297823,1753.75
</coordinates></LineString>
<LineString><altitudeMode>absolute</altitudeMode><coordinates>
13.03874087,47.53297823,1753.75
13.03868434,47.53296214,1754.26
</coordinates></LineString>
<LineString><altitudeMode>absolute</altitudeMode><coordinates>
13.03868434,47.53296214,1754.26
13.03868491,47.53293975,1753.86
</coordinates></LineString>
<LineString><altitudeMode>absolute</altitudeMode><coordinates>
13.03868491,47.53293975,1753.86
13.03869987,47.53292704,1753.38
</coordinates></LineString>
<LineString><altitudeMode>absolute</altitudeMode><coordinates>
13.03869987,47.53292704,1753.38
13.03868184,47.53289371,1752.01
</coordinates></LineString>
<LineString><altitudeMode>absolute</altitudeMode><coordinates>
13.03868184,47.53289371,1752.01
13.03871532,47.53287593,1750.59
</coordinates></LineString>
<LineString><altitudeMode>absolute</altitudeMode><coordinates>
13.03871532,47.53287593,1750.59
13.03870049,47.53286056,1750.30
</coordinates></LineString>
<LineString><altitudeMode>absolute</altitudeMode><coordinates>
13.03870049,47.53286056,1750.30
13.03877306,47.53284200,1747.00
</coordinates></LineString>
<LineString><altitudeMode>absolute</altitudeMode><coordinates>
13.03877306,47.53284200,1747.00
13.03876414,47.53280325,1747.00
</coordinates></LineString>
<LineString><altitudeMode>absolute</altitudeMode><coordinates>
13.03876414,47.53280325,1747.00
13.03874603,47.53277216,1747.91
</coordinates></LineString>
<LineString><altitudeMode>absolute</altitudeMode><coordinates>
13.03874603,47.53277216,1747.91
13.03874530,47.53273121,1748.11
</coordinates></LineString>
<LineString><altitudeMode>absolute</altitudeMode><coordinates>
13.03874530,47.53273121,1748.11
13.03872316,47.53268008,1747.62
</coordinates></LineString>
<LineString><altitudeMode>absolute</altitudeMode><coordinates>
13.03872316,47.53268008,1747.62
13.03869921,47.53267742,1747.09
</coordinates></LineString>
<LineString><altitudeMode>absolute</altitudeMode><coordinates>
13.03869921,47.53267742,1747.09
13.03869009,47.53265468,1746.56
</coordinates></LineString>
<LineString><altitudeMode>absolute</altitudeMode><coordinates>
13.03869009,47.53265468,1746.56
13.03867168,47.53263906,1744.59
13.03863495,47.53264770,1742.75
</coordinates></LineString>
<LineString><altitudeMode>absolute</altitudeMode><coordinates>
13.03867168,47.53263906,1744.59
13.03867930,47.53263784,1737.43
13.03870221,47.53263977,1738.03
13.03872431,47.53268127,1738.64
13.03867570,47.53268781,1736.36
13.03868536,47.53269266,1734.73
13.03866742,47.53269622,1733.89
13.03866390,47.53272990,1732.87
13.03869407,47.53271908,1731.48
13.03869530,47.53276815,1733.41
13.03869316,47.53280050,1733.81
13.03871592,47.53282447,1731.14
13.03873032,47.53280528,1730.19
13.03875180,47.53281338,1729.21
13.03876666,47.53282111,1726.84
13.03879107,47.53281496,1727.89
13.03879338,47.53278872,1726.89
13.03882587,47.53279054,1725.71
13.03889907,47.53275516,1720.42
13.03884584,47.53269684,1718.14
13.03885058,47.53274417,1717.87
13.03885477,47.53276727,1715.79
13.03886573,47.53274767,1714.02
13.03886770,47.53279116,1712.91
13.03883882,47.53276385,1712.26
13.03879603,47.53275691,1713.33
13.03878921,47.53277596,1715.19
</coordinates></LineString>
<LineString><altitudeMode>absolute</altitudeMode><coordinates>
13.03879603,47.53275691,1713.33
13.03879051,47.53271956,1711.75
13.03877906,47.53270974,1711.34
13.03877425,47.53269256,1710.40
13.03869924,47.53270864,1716.86
</coordinates></LineString>
<LineString><altitudeMode>absolute</altitudeMode><coordinates>
13.04126384,47.52477596,1757.59
13.04120314,47.52476124,1756.28
13.04115168,47.52473409,1757.33
13.04112133,47.52474284,1757.66
13.04112565,47.52472330,1757.77
13.04107936,47.52472844,1757.28
13.04106479,47.52474844,1755.85
13.04105584,47.52473209,1756.32
13.04106869,47.52472223,1757.88
13.04108688,47.52470122,1758.90
13.04107342,47.52468794,1760.25
13.04105425,47.52468914,1760.00
13.04101380,47.52466946,1761.16
13.04097411,47.52466852,1758.51
13.04099546,47.52464459,1760.71
13.04098474,47.52462929,1760.38
13.04102177,47.52463019,1758.85
13.04099785,47.52460197,1758.43
13.04104763,47.52459581,1760.13
13.04110432,47.52461090,1758.56
13.04108275,47.52455528,1760.52
13.04110668,47.52453698,1760.94
</coordinates></LineString>
<LineString><altitudeMode>absolute</altitudeMode><coordinates>
13.03877425,47.53269256,1710.40
13.03877586,47.53267063,1708.97
13.03878742,47.53266003,1704.00
13.03881732,47.53268484,1704.14
13.03886206,47.53263602,1697.76
13.03889231,47.53265148,1697.33
13.03894482,47.53261845,1688.24
13.03897528,47.53259270,1685.06
13.03899992,47.53259123,1684.67
13.03901105,47.53258134,1682.18
13.03897537,47.53257974,1678.92
13.03898563,47.53257182,1678.56
13.03898089,47.53254924,1678.49
13.03893789,47.53254077,1675.05
13.03890134,47.53250550,1674.62
13.03892901,47.53248680,1671.53
13.03893794,47.53247517,1670.64
13.03898068,47.53247293,1668.74
13.03899640,47.53247878,1668.74
13.03899232,47.53246350,1658.35
13.03895908,47.53248210,1658.12
</coordinates></LineString>
<LineString><altitudeMode>absolute</altitudeMode><coordinates>
13.03899232,47.53246350,1658.35
13.03900326,47.53245172,1657.65
13.03899612,47.53243297,1656.88
</coordinates></LineString>
<LineString><altitudeMode>absolute</altitudeMode><coordinates>
13.03899640,47.53247878,1668.74
13.03901452,47.53248107,1667.14
</coordinates></LineString>
<LineString><altitudeMode>absolute</altitudeMode><coordinates>
13.03901452,47.53248107,1667.14
13.03901356,47.53248555,1667.69
</coordinates></LineString>
<LineString><altitudeMode>absolute</altitudeMode><coordinates>
13.03901356,47.53248555,1667.69
13.03904109,47.53250258,1668.50
</coordinates></LineString>
<LineString><altitudeMode>absolute</altitudeMode><coordinates>
13.03904109,47.53250258,1668.50
13.03903172,47.53251520,1667.20
</coordinates></LineString>
<LineString><altitudeMode>absolute</altitudeMode><coordinates>
13.03903172,47.53251520,1667.20
13.03904799,47.53253842,1666.69
</coordinates></LineString>
<LineString><altitudeMode>absolute</altitudeMode><coordinates>
13.03904799,47.53253842,1666.69
13.03902977,47.53256735,1666.04
</coordinates></LineString>
<LineString><altitudeMode>absolute</altitudeMode><coordinates>
13.03902977,47.53256735,1666.04
13.03905326,47.53256803,1666.19
</coordinates></LineString>
<LineString><altitudeMode>absolute</altitudeMode><coordinates>
13.03905326,47.53256803,1666.19
13.03906051,47.53259820,1666.21
</coordinates></LineString>
<LineString><altitudeMode>absolute</altitudeMode><coordinates>
13.03906051,47.53259820,1666.21
13.03905538,47.53260046,1665.13
</coordinates></LineString>
<LineString><altitudeMode>absolute</altitudeMode><coordinates>
13.03905538,47.53260046,1665.13
13.03905468,47.53259783,1663.77
</coordinates></LineString>
<LineString><altitudeMode>absolute</altitudeMode><coordinates>
13.03905468,47.53259783,1663.77
13.03909104,47.53261321,1663.18
</coordinates></LineString>
<LineString><altitudeMode>absolute</altitudeMode><coordinates>
13.03909104,47.53261321,1663.18
13.03911742,47.53262203,1661.68
</coordinates></LineString>
<LineString><altitudeMode>absolute</altitudeMode><coordinates>
13.03911742,47.53262203,1661.68
13.03914991,47.53261665,1659.88
</coordinates></LineString>
<LineString><altitudeMode>absolute</altitudeMode><coordinates>
13.03914991,47.53261665,1659.88
13.03920657,47.53263643,1658.61
</coordinates></LineString>
<LineString><altitudeMode>absolute</altitudeMode><coordinates>
13.03920657,47.53263643,1658.61
13.03924895,47.53264705,1657.61
</coordinates></LineString>
<LineString><altitudeMode>absolute</altitudeMode><coordinates>
13.03924895,47.53264705,1657.61
13.03925233,47.53261363,1654.76
</coordinates></LineString>
<LineString><altitudeMode>absolute</altitudeMode><coordinates>
13.03925233,47.53261363,1654.76
13.03928518,47.53260925,1653.24
</coordinates></LineString>
<LineString><altitudeMode>absolute</altitudeMode><coordinates>
13.03729790,47.53473008,1747.66
13.03728581,47.53471944,1748.87
13.03729892,47.53472407,1749.26
13.03732334,47.53474618,1749.26
13.03736111,47.53474880,1749.23
13.03735978,47.53473825,1748.89
13.03737542,47.53473231,1748.75
13.03741651,47.53471358,1749.58
13.03740612,47.53469648,1750.30
13.03744333,47.53468551,1751.87
13.03749198,47.53467789,1754.70
13.03750122,47.53463323,1756.49
13.03752645,47.53463006,1756.43
13.03754671,47.53459658,1757.72
13.03757029,47.53460904,1758.50
13.03759274,47.53461275,1758.36
13.03754525,47.53464991,1754.30
13.03752944,47.53464271,1754.07
</coordinates></LineString>
<LineString><altitudeMode>absolute</altitudeMode><coordinates>
13.03750122,47.53463323,1756.49
13.03748520,47.53462468,1756.12
</coordinates></LineString>
<LineString><altitudeMode>absolute</altitudeMode><coordinates>
13.03631179,47.53517274,1751.67
13.03624267,47.53513440,1757.00
</coordinates></LineString>
<LineString><altitudeMode>absolute</altitudeMode><coordinates>
13.03633842,47.53526381,1750.26
13.03623774,47.53529124,1760.29
</coordinates></LineString>
<LineString><altitudeMode>absolute</altitudeMode><coordinates>
13.03642867,47.53529874,1736.96
13.03641795,47.53529046,1729.42
</coordinates></LineString>
<LineString><altitudeMode>absolute</altitudeMode><coordinates>
13.04066536,47.52564254,1753.73
13.04066363,47.52564251,1757.30
13.04065070,47.52559387,1757.27
13.04060905,47.52557076,1757.57
13.04055737,47.52558157,1759.56
13.04053494,47.52560935,1759.67
13.04049161,47.52558144,1760.47
13.04046600,47.52557362,1762.26
13.04046304,47.52561010,1765.77
</coordinates></LineString>
<LineString><altitudeMode>absolute</altitudeMode><coordinates>
13.04046600,47.52557362,1762.26
13.04044858,47.52554174,1762.67
13.04041051,47.52551526,1769.40
</coordinates></LineString>
<LineString><altitudeMode>absolute</altitudeMode><coordinates>
13.04044858,47.52554174,1762.67
13.04042759,47.52554174,1762.99
13.04041700,47.52554453,1760.62
</coordinates></LineString>
<LineString><altitudeMode>absolute</altitudeMode><coordinates>
13.04041700,47.52554453,1760.62
13.04039747,47.52553735,1760.50
</coordinates></LineString>
<LineString><altitudeMode>absolute</altitudeMode><coordinates>
13.04039747,47.52553735,1760.50
13.04039853,47.52551587,1747.33
</coordinates></LineString>
<LineString><altitudeMode>absolute</altitudeMode><coordinates>
13.03928518,47.53260925,1653.24
13.03932613,47.53262623,1652.90
</coordinates></LineString>
<LineString><altitudeMode>absolute</altitudeMode><coordinates>
13.03932613,47.53262623,1652.90
13.03933754,47.53260159,1650.24
</coordinates></LineString>
<LineString><altitudeMode>absolute</altitudeMode><coordinates>
13.03933754,47.53260159,1650.24
13.03937248,47.53257322,1648.12
13.03939484,47.53255443,1646.58
</coordinates></LineString>
<LineString><altitudeMode>absolute</altitudeMode><coordinates>
13.03939484,47.53255443,1646.58
13.03941297,47.53252073,1643.32
13.03944595,47.53250923,1638.91
</coordinates></LineString>
<LineString><altitudeMode>absolute</altitudeMode><coordinates>
13.03944595,47.53250923,1638.91
13.03944575,47.53251463,1633.76
13.03940768,47.53252361,1632.92
13.03936007,47.53254988,1630.57
</coordinates></LineString>
<LineString><altitudeMode>absolute</altitudeMode><coordinates>
13.03936007,47.53254988,1630.57
13.03938028,47.53258154,1628.92
13.03941423,47.53260101,1628.35
</coordinates></LineString>
<LineString><altitudeMode>absolute</altitudeMode><coordinates>
13.03941423,47.53260101,1628.35
13.03941412,47.53254693,1625.22
</coordinates></LineString>
<LineString><altitudeMode>absolute</altitudeMode><coordinates>
13.03941412,47.53254693,1625.22
13.03946681,47.53254864,1617.32
13.03944712,47.53252437,1615.25
13.03944567,47.53249915,1613.40
13.03943649,47.53249926,1607.77
</coordinates></LineString>
<LineString><altitudeMode>absolute</altitudeMode><coordinates>
13.03943649,47.53249926,1607.77
13.03942853,47.53249535,1604.36
13.03945061,47.53249843,1600.18
</coordinates></LineString>
<LineString><altitudeMode>absolute</altitudeMode><coordinates>
13.04039853,47.52551587,1747.33
13.04045691,47.52552163,1748.06
</coordinates></LineString>
<LineString><altitudeMode>absolute</altitudeMode><coordinates>
13.04045691,47.52552163,1748.06
13.04046278,47.52552092,1745.99
13.04049662,47.52552528,1744.52
13.04050525,47.52552552,1738.24
13.04052299,47.52552006,1737.37
13.04054381,47.52551043,1732.18
13.04055823,47.52549061,1725.22
13.04060174,47.52550314,1725.39
13.04059653,47.52549307,1722.06
13.04061150,47.52549071,1719.65
13.04060353,47.52545494,1720.40
</coordinates></LineString>
<LineString><altitudeMode>absolute</altitudeMode><coordinates>
13.04060174,47.52550314,1725.39
13.04061757,47.52552402,1724.90
</coordinates></LineString>
<LineString><altitudeMode>absolute</altitudeMode><coordinates>
13.03633175,47.53561689,1732.95
13.03628445,47.53560240,1732.78
13.03624952,47.53563410,1730.43
13.03620784,47.53563636,1730.51
</coordinates></LineString>
<LineString><altitudeMode>absolute</altitudeMode><coordinates>
13.03629820,47.53557582,1724.75
13.03630603,47.53554761,1721.53
</coordinates></LineString>
<LineString><altitudeMode>absolute</altitudeMode><coordinates>
13.03630603,47.53554761,1721.53
13.03628137,47.53554629,1711.36
</coordinates></LineString>
<LineString><altitudeMode>absolute</altitudeMode><coordinates>
13.03628137,47.53554629,1711.36
13.03636160,47.53551500,1709.69
</coordinates></LineString>
<LineString><altitudeMode>absolute</altitudeMode><coordinates>
13.03636160,47.53551500,1709.69
13.03637834,47.53551150,1709.49
</coordinates></LineString>
<LineString><altitudeMode>absolute</altitudeMode><coordinates>
13.03637834,47.53551150,1709.49
13.03636195,47.53550195,1704.20
</coordinates></LineString>
<LineString><altitudeMode>absolute</altitudeMode><coordinates>
13.03636195,47.53550195,1704.20
13.03631695,47.53549371,1700.62
13.03627954,47.53550621,1698.26
13.03626965,47.53553268,1697.76
13.03625339,47.53554815,1693.21
13.03621712,47.53555175,1692.73
13.03618234,47.53554720,1685.94
13.03619834,47.53558131,1685.80
13.03616866,47.53560033,1684.54
</coordinates></LineString>
<LineString><altitudeMode>absolute</altitudeMode><coordinates>
13.03616866,47.53560033,1684.54
13.03616894,47.53560708,1684.46
</coordinates></LineString>
<LineString><altitudeMode>absolute</altitudeMode><coordinates>
13.03616894,47.53560708,1684.46
13.03614639,47.53563468,1682.64
</coordinates></LineString>
<LineString><altitudeMode>absolute</altitudeMode><coordinates>
13.03614639,47.53563468,1682.64
13.03616018,47.53563896,1682.63
</coordinates></LineString>
<LineString><altitudeMode>absolute</altitudeMode><coordinates>
13.03635279,47.53560132,1727.34
13.03637595,47.53560019,1725.99
</coordinates></LineString>
<LineString><altitudeMode>absolute</altitudeMode><coordinates>
13.03637595,47.53560019,1725.99
13.03639736,47.53561045,1724.66
13.03641159,47.53560314,1724.70
</coordinates></LineString>
<LineString><altitudeMode>absolute</altitudeMode><coordinates>
13.03455408,47.53542310,1307.38
13.03454409,47.53543076,1307.40
</coordinates></LineString>
<LineString><altitudeMode>absolute</altitudeMode><coordinates>
13.03454409,47.53543076,1307.40
13.03452755,47.53542913,1307.18
</coordinates></LineString>
<LineString><altitudeMode>absolute</altitudeMode><coordinates>
13.03452755,47.53542913,1307.18
13.03452965,47.53541900,1307.22
</coordinates></LineString>
<LineString><altitudeMode>absolute</altitudeMode><coordinates>
13.03452965,47.53541900,1307.22
13.03451685,47.53542381,1306.97
</coordinates></LineString>
<LineString><altitudeMode>absolute</altitudeMode><coordinates>
13.03451685,47.53542381,1306.97
13.03450060,47.53542138,1306.50
13.03450530,47.53540571,1306.75
</coordinates></LineString>
<LineString><altitudeMode>absolute</altitudeMode><coordinates>
13.03450530,47.53540571,1306.75
13.03450882,47.53540046,1303.49
</coordinates></LineString>
<LineString><altitudeMode>absolute</altitudeMode><coordinates>
13.03450882,47.53540046,1303.49
13.03449722,47.53539432,1290.83
</coordinates></LineString>
<LineString><altitudeMode>absolute</altitudeMode><coordinates>
13.03449722,47.53539432,1290.83
13.03446632,47.53541755,1290.23
</coordinates></LineString>
<LineString><altitudeMode>absolute</altitudeMode><coordinates>
13.05774997,47.53473331,2010.00
13.05773989,47.53470038,2001.98
13.05775739,47.53473019,2001.35
13.05776262,47.53473253,1992.36
13.05774505,47.53472612,1991.96
13.05773957,47.53469471,1992.58
</coordinates></LineString>
<LineString><altitudeMode>absolute</altitudeMode><coordinates>
13.05774505,47.53472612,1991.96
13.05777906,47.53471184,1990.56
13.05779856,47.53470912,1982.03
13.05782869,47.53476029,1980.39
13.05786431,47.53479247,1974.00
13.05787712,47.53480547,1971.52
13.05790604,47.53482090,1963.88
</coordinates></LineString>
<LineString><altitudeMode>absolute</altitudeMode><coordinates>
13.05790604,47.53482090,1963.88
13.05791190,47.53481713,1963.30
13.05792661,47.53483600,1962.54
13.05794568,47.53485225,1960.97
13.05792555,47.53483958,1949.38
13.05792302,47.53483972,1945.60
</coordinates></LineString>
<LineString><altitudeMode>absolute</altitudeMode><coordinates>
13.05792555,47.53483958,1949.38
13.05796697,47.53486935,1951.17
13.05804052,47.53489264,1944.12
13.05806313,47.53491003,1912.60
13.05805517,47.53492762,1882.62
13.05807464,47.53489691,1883.12
13.05809431,47.53487880,1881.41
</coordinates></LineString>
<LineString><altitudeMode>absolute</altitudeMode><coordinates>
13.05807464,47.53489691,1883.12
13.05807710,47.53489524,1885.90
13.05809609,47.53485948,1884.67
13.05814050,47.53484062,1881.13
13.05815293,47.53485657,1880.49
</coordinates></LineString>
<LineString><altitudeMode>absolute</altitudeMode><coordinates>
13.05814050,47.53484062,1881.13
13.05814661,47.53481921,1882.28
</coordinates></LineString>
<LineString><altitudeMode>absolute</altitudeMode><coordinates>
13.04991667,47.53395002,1924.00
13.04993636,47.53394208,1923.74
13.04994271,47.53395370,1922.82
13.04996256,47.53393082,1922.28
13.05003483,47.53395257,1915.79
13.05008390,47.53392983,1911.86
13.05013029,47.53389013,1903.80
13.05015185,47.53386413,1903.24
13.05015060,47.53385817,1902.18
13.05015217,47.53385180,1900.04
13.05016333,47.53384111,1899.82
13.05016168,47.53382812,1893.56
13.05019190,47.53380884,1893.76
13.05022536,47.53377701,1894.19
13.05023957,47.53373064,1898.84
13.05024248,47.53369515,1901.37
</coordinates></LineString>
<LineString><altitudeMode>absolute</altitudeMode><coordinates>
13.05023957,47.53373064,1898.84
13.05023220,47.53372521,1904.25
13.05020723,47.53375007,1911.91
</coordinates></LineString>
<LineString><altitudeMode>absolute</altitudeMode><coordinates>
13.05023220,47.53372521,1904.25
13.05020486,47.53371008,1901.79
</coordinates></LineString>
<LineString><altitudeMode>absolute</altitudeMode><coordinates>
13.05019190,47.53380884,1893.76
13.05024314,47.53382078,1877.52
13.05021800,47.53383943,1875.99
13.05025155,47.53388076,1871.62
13.05022454,47.53388516,1854.55
13.05022331,47.53389324,1854.13
13.05023969,47.53387075,1846.39
13.05026495,47.53387766,1839.79
13.05026509,47.53385939,1836.03
13.05028168,47.53384924,1834.68
13.05027667,47.53384456,1834.67
</coordinates></LineString>
<LineString><altitudeMode>absolute</altitudeMode><coordinates>
13.05026495,47.53387766,1839.79
13.05025491,47.53388316,1840.23
13.05031410,47.53388866,1839.06
13.05031798,47.53389521,1839.26
13.05033901,47.53390501,1830.98
13.05034721,47.53387726,1829.93
13.05032820,47.53386308,1829.62
13.05032342,47.53384527,1828.71
13.05031374,47.53382666,1827.12
13.05030606,47.53381537,1826.60
13.05029340,47.53381983,1827.29
13.05028735,47.53380740,1829.42
13.05026152,47.53381254,1831.46
13.05026105,47.53382522,1833.82
</coordinates></LineString>
<LineString><altitudeMode>absolute</altitudeMode><coordinates>
13.05030606,47.53381537,1826.60
13.05031958,47.53380534,1821.40
13.05031987,47.53377952,1821.47
13.05031277,47.53373468,1818.74
</coordinates></LineString>
<LineString><altitudeMode>absolute</altitudeMode><coordinates>
13.05031987,47.53377952,1821.47
13.05034251,47.53381059,1821.86
</coordinates></LineString>
<LineString><altitudeMode>absolute</altitudeMode><coordinates>
13.04019996,47.52795005,2145.00
13.04019479,47.52796391,2145.04
13.04021244,47.52796079,2140.55
13.04022144,47.52797615,2118.89
13.04023523,47.52798025,2118.79
13.04023042,47.52800951,2117.05
13.04021200,47.52802620,2101.38
13.04024779,47.52803896,2105.01
13.04026934,47.52802754,2105.52
13.04029265,47.52802605,2106.44
</coordinates></LineString>
<LineString><altitudeMode>absolute</altitudeMode><coordinates>
13.04021200,47.52802620,2101.38
13.04024947,47.52802594,2101.25
13.04029354,47.52801283,2096.99
</coordinates></LineString>
<LineString><altitudeMode>absolute</altitudeMode><coordinates>
13.04021200,47.52802620,2101.38
13.04022919,47.52798213,2097.66
13.04026134,47.52799636,2097.10
13.04027466,47.52797400,2092.28
</coordinates></LineString>
<LineString><altitudeMode>absolute</altitudeMode><coordinates>
13.04027466,47.52797400,2092.28
13.04027562,47.52796961,2091.42
13.04026456,47.52795277,2090.60
13.04032896,47.52791797,2081.46
</coordinates></LineString>
<LineString><altitudeMode>absolute</altitudeMode><coordinates>
13.04027466,47.52797400,2092.28
13.04031269,47.52798023,2091.42
13.04034717,47.52796417,2086.53
13.04040767,47.52793056,2078.27
13.04041420,47.52791951,2076.84
13.04044243,47.52792477,2075.31
13.04046699,47.52791448,2073.47
</coordinates></LineString>
<LineString><altitudeMode>absolute</altitudeMode><coordinates>
13.04755005,47.53071667,2009.00
13.04756087,47.53074384,2006.80
13.04756776,47.53074792,2006.03
13.04758330,47.53075520,2002.67
13.04760640,47.53072698,2001.32
13.04759442,47.53071679,2000.31
13.04758512,47.53071690,1991.72
13.04759485,47.53072328,1991.67
13.04758879,47.53071094,1975.49
13.04758296,47.53070706,1962.38
13.04758334,47.53070760,1962.93
13.04757655,47.53067563,1961.25
13.04757452,47.53066606,1960.43
13.04756979,47.53067174,1956.74
13.04756039,47.53068877,1950.77
13.04756621,47.53066439,1949.84
13.04756782,47.53064606,1944.75
</coordinates></LineString>
<LineString><altitudeMode>absolute</altitudeMode><coordinates>
13.04756782,47.53064606,1944.75
13.04758602,47.53063179,1942.97
13.04757412,47.53061575,1942.38
13.04757763,47.53060358,1942.33
</coordinates></LineString>
<LineString><altitudeMode>absolute</altitudeMode><coordinates>
13.04755005,47.53071667,2009.00
13.04755005,47.53071667,2009.00
</coordinates></LineString>
<LineString><altitudeMode>absolute</altitudeMode><coordinates>
13.04758334,47.53070760,1962.93
13.04759320,47.53067808,1958.58
</coordinates></LineString>
<LineString><altitudeMode>absolute</altitudeMode><coordinates>
13.04759320,47.53067808,1958.58
13.04758674,47.53067680,1952.83
</coordinates></LineString>
<LineString><altitudeMode>absolute</altitudeMode><coordinates>
13.04756979,47.53067174,1956.74
13.04754603,47.53069266,1956.62
13.04749603,47.53071871,1967.97
</coordinates></LineString>
<LineString><altitudeMode>absolute</altitudeMode><coordinates>
13.04754603,47.53069266,1956.62
13.04752061,47.53069718,1954.23
</coordinates></LineString>
<LineString><altitudeMode>absolute</altitudeMode><coordinates>
13.04752061,47.53069718,1954.23
13.04752569,47.53069654,1951.68
</coordinates></LineString>
<LineString><altitudeMode>absolute</altitudeMode><coordinates>
13.04752569,47.53069654,1951.68
13.04751736,47.53069883,1946.48
</coordinates></LineString>
<LineString><altitudeMode>absolute</altitudeMode><coordinates>
13.04752569,47.53069654,1951.68
13.04751477,47.53068997,1951.57
</coordinates></LineString>
<LineString><altitudeMode>absolute</altitudeMode><coordinates>
13.04751477,47.53068997,1951.57
13.04753405,47.53067536,1950.41
</coordinates></LineString>
<LineString><altitudeMode>absolute</altitudeMode><coordinates>
13.04753405,47.53067536,1950.41
13.04753897,47.53067166,1949.42
</coordinates></LineString>
<LineString><altitudeMode>absolute</altitudeMode><coordinates>
13.04753897,47.53067166,1949.42
13.04753661,47.53065642,1949.05
</coordinates></LineString>
<LineString><altitudeMode>absolute</altitudeMode><coordinates>
13.04753661,47.53065642,1949.05
13.04752404,47.53066205,1947.46
</coordinates></LineString>
<LineString><altitudeMode>absolute</altitudeMode><coordinates>
13.04752404,47.53066205,1947.46
13.04751566,47.53065156,1947.05
</coordinates></LineString>
<LineString><altitudeMode>absolute</altitudeMode><coordinates>
13.04751566,47.53065156,1947.05
13.04752146,47.53064932,1943.33
</coordinates></LineString>
<LineString><altitudeMode>absolute</altitudeMode><coordinates>
13.04752146,47.53064932,1943.33
13.04750412,47.53066900,1942.44
13.04749992,47.53066398,1942.39
</coordinates></LineString>
<LineString><altitudeMode>absolute</altitudeMode><coordinates>
13.04749992,47.53066398,1942.39
13.04748887,47.53065389,1941.52
</coordinates></LineString>
<LineString><altitudeMode>absolute</altitudeMode><coordinates>
13.04748887,47.53065389,1941.52
13.04746622,47.53063074,1940.68
</coordinates></LineString>
<LineString><altitudeMode>absolute</altitudeMode><coordinates>
13.04746622,47.53063074,1940.68
13.04745410,47.53063845,1937.97
</coordinates></LineString>
<LineString><altitudeMode>absolute</altitudeMode><coordinates>
13.04745410,47.53063845,1937.97
13.04745368,47.53064268,1936.10
</coordinates></LineString>
<LineString><altitudeMode>absolute</altitudeMode><coordinates>
13.04745368,47.53064268,1936.10
13.04745214,47.53062348,1933.71
</coordinates></LineString>
<LineString><altitudeMode>absolute</altitudeMode><coordinates>
13.04745214,47.53062348,1933.71
13.04746602,47.53060392,1925.06
</coordinates></LineString>
<LineString><altitudeMode>absolute</altitudeMode><coordinates>
13.04746602,47.53060392,1925.06
13.04748267,47.53063138,1927.28
</coordinates></LineString>
<LineString><altitudeMode>absolute</altitudeMode><coordinates>
13.04746602,47.53060392,1925.06
13.04746906,47.53062917,1925.55
</coordinates></LineString>
<LineString><altitudeMode>absolute</altitudeMode><coordinates>
13.04746906,47.53062917,1925.55
13.04745333,47.53063070,1920.43
</coordinates></LineString>
<LineString><altitudeMode>absolute</altitudeMode><coordinates>
13.04745333,47.53063070,1920.43
13.04744898,47.53065843,1917.61
</coordinates></LineString>
<LineString><altitudeMode>absolute</altitudeMode><coordinates>
13.04744898,47.53065843,1917.61
13.04747240,47.53066108,1914.41
</coordinates></LineString>
<LineString><altitudeMode>absolute</altitudeMode><coordinates>
13.04747240,47.53066108,1914.41
13.04749490,47.53066345,1913.10
</coordinates></LineString>
<LineString><altitudeMode>absolute</altitudeMode><coordinates>
13.04749490,47.53066345,1913.10
13.04748979,47.53068279,1912.56
</coordinates></LineString>
<LineString><altitudeMode>absolute</altitudeMode><coordinates>
13.04748979,47.53068279,1912.56
13.04750230,47.53070730,1911.54
</coordinates></LineString>
<LineString><altitudeMode>absolute</altitudeMode><coordinates>
13.04750230,47.53070730,1911.54
13.04749702,47.53072440,1909.97
</coordinates></LineString>
<LineString><altitudeMode>absolute</altitudeMode><coordinates>
13.04749702,47.53072440,1909.97
13.04751335,47.53073170,1909.72
</coordinates></LineString>
<LineString><altitudeMode>absolute</altitudeMode><coordinates>
13.04751335,47.53073170,1909.72
13.04752000,47.53074963,1909.22
</coordinates></LineString>
<LineString><altitudeMode>absolute</altitudeMode><coordinates>
13.04752000,47.53074963,1909.22
13.04751604,47.53075235,1908.32
</coordinates></LineString>
<LineString><altitudeMode>absolute</altitudeMode><coordinates>
13.04751604,47.53075235,1908.32
13.04755333,47.53076801,1901.21
</coordinates></LineString>
<LineString><altitudeMode>absolute</altitudeMode><coordinates>
13.04755333,47.53076801,1901.21
13.04753303,47.53077774,1899.95
</coordinates></LineString>
<LineString><altitudeMode>absolute</altitudeMode><coordinates>
13.04753303,47.53077774,1899.95
13.04755543,47.53078281,1898.90
</coordinates></LineString>
<LineString><altitudeMode>absolute</altitudeMode><coordinates>
13.04755543,47.53078281,1898.90
13.04757317,47.53079894,1892.76
</coordinates></LineString>
<LineString><altitudeMode>absolute</altitudeMode><coordinates>
13.04757317,47.53079894,1892.76
13.04759034,47.53078034,1892.02
</coordinates></LineString>
<LineString><altitudeMode>absolute</altitudeMode><coordinates>
13.04759034,47.53078034,1892.02
13.04762174,47.53077557,1878.26
</coordinates></LineString>
<LineString><altitudeMode>absolute</altitudeMode><coordinates>
13.04762174,47.53077557,1878.26
13.04762141,47.53080570,1877.52
</coordinates></LineString>
<LineString><altitudeMode>absolute</altitudeMode><coordinates>
13.04762141,47.53080570,1877.52
13.04760805,47.53080773,1876.90
</coordinates></LineString>
<LineString><altitudeMode>absolute</altitudeMode><coordinates>
13.04760805,47.53080773,1876.90
13.04760876,47.53081359,1876.32
</coordinates></LineString>
<LineString><altitudeMode>absolute</altitudeMode><coordinates>
13.04760876,47.53081359,1876.32
13.04758921,47.53081433,1875.42
</coordinates></LineString>
<LineString><altitudeMode>absolute</altitudeMode><coordinates>
13.04758921,47.53081433,1875.42
13.04757943,47.53083792,1871.81
</coordinates></LineString>
<LineString><altitudeMode>absolute</altitudeMode><coordinates>
13.04757943,47.53083792,1871.81
13.04755752,47.53083755,1870.28
</coordinates></LineString>
<LineString><altitudeMode>absolute</altitudeMode><coordinates>
13.04755752,47.53083755,1870.28
13.04754599,47.53082971,1868.55
</coordinates></LineString>
<LineString><altitudeMode>absolute</altitudeMode><coordinates>
13.04754599,47.53082971,1868.55
13.04754948,47.53083588,1868.44
13.04754624,47.53081216,1865.64
</coordinates></LineString>
<LineString><altitudeMode>absolute</altitudeMode><coordinates>
13.04754624,47.53081216,1865.64
13.04755302,47.53079401,1864.54
</coordinates></LineString>
<LineString><altitudeMode>absolute</altitudeMode><coordinates>
13.04755302,47.53079401,1864.54
13.04754268,47.53077926,1864.69
</coordinates></LineString>
<LineString><altitudeMode>absolute</altitudeMode><coordinates>
13.04754268,47.53077926,1864.69
13.04750632,47.53078521,1865.79
</coordinates></LineString>
<LineString><altitudeMode>absolute</altitudeMode><coordinates>
13.04755302,47.53079401,1864.54
13.04755981,47.53078297,1862.81
</coordinates></LineString>
<LineString><altitudeMode>absolute</altitudeMode><coordinates>
13.04755981,47.53078297,1862.81
13.04759639,47.53077459,1861.50
</coordinates></LineString>
<LineString><altitudeMode>absolute</altitudeMode><coordinates>
13.04759639,47.53077459,1861.50
13.04761503,47.53077716,1861.32
</coordinates></LineString>
<LineString><altitudeMode>absolute</altitudeMode><coordinates>
13.04761503,47.53077716,1861.32
13.04762282,47.53078215,1860.76
</coordinates></LineString>
<LineString><altitudeMode>absolute</altitudeMode><coordinates>
13.04762282,47.53078215,1860.76
13.04765821,47.53080237,1858.52
13.04765972,47.53080816,1858.67
</coordinates></LineString>
<LineString><altitudeMode>absolute</altitudeMode><coordinates>
13.04765972,47.53080816,1858.67
13.04769210,47.53080925,1857.51
</coordinates></LineString>
<LineString><altitudeMode>absolute</altitudeMode><coordinates>
13.04769210,47.53080925,1857.51
13.04770190,47.53083155,1855.17
</coordinates></LineString>
<LineString><altitudeMode>absolute</altitudeMode><coordinates>
13.06358334,47.53460001,1991.00
13.06359292,47.53462842,1988.06
13.06365802,47.53466480,1984.20
13.06369145,47.53464467,1978.40
13.06370451,47.53464354,1974.90
13.06370629,47.53464555,1973.48
13.06374678,47.53457442,1973.80
13.06375020,47.53454290,1974.99
13.06376707,47.53452509,1975.11
13.06382533,47.53449440,1964.17
13.06387975,47.53449253,1950.32
13.06393688,47.53450700,1943.14
13.06396989,47.53454877,1942.07
13.06402180,47.53456080,1930.89
13.06404188,47.53453495,1929.72
13.06409512,47.53451084,1921.60
13.06412845,47.53452229,1920.30
13.06418181,47.53450942,1909.91
13.06421481,47.53450440,1905.53
13.06424218,47.53451899,1900.70
13.06426011,47.53451182,1899.38
13.06428495,47.53449416,1895.88
13.06434344,47.53448264,1894.71
13.06433932,47.53450425,1894.71
</coordinates></LineString>
<LineString><altitudeMode>absolute</altitudeMode><coordinates>
13.06434344,47.53448264,1894.71
13.06434278,47.53451844,1894.43
13.06433553,47.53453127,1893.68
13.06433930,47.53453737,1893.13
13.06438485,47.53457044,1882.52
13.06440449,47.53454216,1881.19
13.06449633,47.53453075,1871.03
13.06451943,47.53450234,1868.18
13.06450853,47.53451692,1867.63
</coordinates></LineString>
<LineString><altitudeMode>absolute</altitudeMode><coordinates>
13.06426011,47.53451182,1899.38
13.06424445,47.53454386,1898.87
</coordinates></LineString>
<LineString><altitudeMode>absolute</altitudeMode><coordinates>
13.06424445,47.53454386,1898.87
13.06423368,47.53455853,1898.30
13.06422493,47.53458331,1897.94
13.06421007,47.53459709,1897.39
13.06420969,47.53460393,1897.20
13.06419238,47.53460831,1897.35
13.06417104,47.53463954,1896.40
13.06413691,47.53465336,1895.59
13.06411564,47.53467172,1895.09
13.06407696,47.53468303,1894.14
13.06407483,47.53467957,1894.09
13.06405484,47.53469552,1893.74
13.06401933,47.53470725,1893.08
13.06397287,47.53472410,1892.64
13.06395733,47.53474553,1892.27
13.06395119,47.53474255,1891.75
13.06391796,47.53475008,1891.51
</coordinates></LineString>
<LineString><altitudeMode>absolute</altitudeMode><coordinates>
13.06391796,47.53475008,1891.51
13.06389157,47.53475243,1891.64
13.06386427,47.53477212,1891.11
13.06385534,47.53476927,1891.23
13.06382999,47.53479746,1891.28
13.06378309,47.53480072,1891.37
13.06380566,47.53476537,1892.14
13.06378427,47.53476510,1891.97
13.06373805,47.53472851,1891.33
13.06375856,47.53473461,1890.83
13.06375849,47.53472543,1890.37
13.06378052,47.53472275,1890.09
13.06379307,47.53472458,1889.68
13.06383252,47.53471769,1888.98
13.06383125,47.53469463,1885.68
13.06381016,47.53468986,1885.17
13.06378650,47.53467929,1883.92
13.06381188,47.53466479,1883.93
13.06385495,47.53466074,1884.54
13.06385318,47.53467637,1882.59
13.06389499,47.53464864,1882.37
13.06387067,47.53462349,1882.80
13.06392147,47.53461868,1881.17
13.06393063,47.53462261,1872.95
13.06388720,47.53458246,1870.86
13.06387108,47.53454746,1870.90
13.06394766,47.53453903,1871.83
13.06395802,47.53450672,1872.99
13.06394410,47.53450226,1871.02
13.06394450,47.53449120,1871.01
13.06393375,47.53448742,1870.71
13.06391163,47.53447472,1870.88
13.06391164,47.53447085,1870.76
13.06390117,47.53444844,1863.76
13.06393576,47.53448340,1857.62
</coordinates></LineString>
<LineString><altitudeMode>absolute</altitudeMode><coordinates>
13.05457300,47.53746903,1886.36
13.05463015,47.53746163,1883.52
13.05467023,47.53749173,1880.39
13.05467800,47.53748638,1880.37
13.05468815,47.53748853,1878.54
13.05475399,47.53751565,1877.35
13.05475216,47.53753263,1876.22
13.05477765,47.53753324,1874.72
13.05480128,47.53754840,1873.58
13.05481031,47.53754837,1872.77
13.05482868,47.53757631,1872.90
</coordinates></LineString>
<LineString><altitudeMode>absolute</altitudeMode><coordinates>
13.05481031,47.53754837,1872.77
13.05482698,47.53756467,1870.07
13.05484135,47.53754980,1868.95
13.05481888,47.53752863,1867.60
13.05478919,47.53752678,1868.10
</coordinates></LineString>
<LineString><altitudeMode>absolute</altitudeMode><coordinates>
13.05481888,47.53752863,1867.60
13.05481428,47.53754169,1864.28
13.05477555,47.53753617,1865.05
</coordinates></LineString>
<LineString><altitudeMode>absolute</altitudeMode><coordinates>
13.05484135,47.53754980,1868.95
13.05486103,47.53754941,1868.31
13.05487818,47.53753134,1869.05
13.05490049,47.53752461,1869.71
13.05493990,47.53755129,1871.05
</coordinates></LineString>
<LineString><altitudeMode>absolute</altitudeMode><coordinates>
13.05484135,47.53754980,1868.95
13.05486905,47.53756988,1868.99
13.05491982,47.53754438,1860.70
13.05491449,47.53753754,1859.80
13.05493273,47.53752237,1856.82
13.05495565,47.53751682,1853.70
13.05497806,47.53751819,1848.87
13.05497469,47.53749429,1847.76
13.05501054,47.53745908,1835.79
13.05506980,47.53745559,1832.66
13.05511102,47.53742623,1825.88
</coordinates></LineString>
<LineString><altitudeMode>absolute</altitudeMode><coordinates>
13.05016671,47.53231666,1932.00
13.05007144,47.53240268,1928.73
13.05009932,47.53243555,1929.26
</coordinates></LineString>
<LineString><altitudeMode>absolute</altitudeMode><coordinates>
13.05007144,47.53240268,1928.73
13.05003444,47.53244399,1929.43
13.05002156,47.53246509,1934.36
</coordinates></LineString>
<LineString><altitudeMode>absolute</altitudeMode><coordinates>
13.05007144,47.53240268,1928.73
13.04996111,47.53236112,1930.10
</coordinates></LineString>
<LineString><altitudeMode>absolute</altitudeMode><coordinates>
13.05311673,47.52940669,1998.31
13.05311173,47.52939472,1997.10
13.05311179,47.52937862,1995.72
13.05307908,47.52938652,1995.07
</coordinates></LineString>
<LineString><altitudeMode>absolute</altitudeMode><coordinates>
13.05313613,47.52943536,2002.15
13.05311057,47.52943673,2001.98
</coordinates></LineString>
<LineString><altitudeMode>absolute</altitudeMode><coordinates>
13.05311057,47.52943673,2001.98
13.05310856,47.52946243,2002.79
</coordinates></LineString>
<LineString><altitudeMode>absolute</altitudeMode><coordinates>
13.05310856,47.52946243,2002.79
13.05312267,47.52947950,2003.57
</coordinates></LineString>
<LineString><altitudeMode>absolute</altitudeMode><coordinates>
13.05312267,47.52947950,2003.57
13.05313433,47.52949130,2005.87
</coordinates></LineString>
<LineString><altitudeMode>absolute</altitudeMode><coordinates>
13.05313433,47.52949130,2005.87
13.05314748,47.52950205,2005.92
</coordinates></LineString>
<LineString><altitudeMode>absolute</altitudeMode><coordinates>
13.05306972,47.52942425,1992.36
13.05305558,47.52943633,1992.58
</coordinates></LineString>
<LineString><altitudeMode>absolute</altitudeMode><coordinates>
13.05305558,47.52943633,1992.58
13.05303807,47.52943208,1993.65
</coordinates></LineString>
<LineString><altitudeMode>absolute</altitudeMode><coordinates>
13.05303807,47.52943208,1993.65
13.05303124,47.52942629,1993.27
</coordinates></LineString>
<LineString><altitudeMode>absolute</altitudeMode><coordinates>
13.05305812,47.52923868,1946.84
13.05307292,47.52925882,1949.08
</coordinates></LineString>
<LineString><altitudeMode>absolute</altitudeMode><coordinates>
13.05307292,47.52925882,1949.08
13.05306954,47.52922088,1951.12
</coordinates></LineString>
<LineString><altitudeMode>absolute</altitudeMode><coordinates>
13.05306954,47.52922088,1951.12
13.05308920,47.52924605,1950.29
13.05312660,47.52922617,1950.49
</coordinates></LineString>
<LineString><altitudeMode>absolute</altitudeMode><coordinates>
13.05318166,47.52901663,1779.46
13.05321233,47.52902786,1781.63
13.05323528,47.52898587,1782.34
13.05326202,47.52897768,1780.95
13.05325767,47.52898751,1775.13
13.05327452,47.52896665,1775.08
13.05331935,47.52895787,1768.87
13.05334974,47.52895893,1766.52
13.05335481,47.52895811,1765.54
</coordinates></LineString>
<LineString><altitudeMode>absolute</altitudeMode><coordinates>
13.05331935,47.52895787,1768.87
13.05328888,47.52896995,1768.16
13.05329918,47.52896428,1764.20
</coordinates></LineString>
<LineString><altitudeMode>absolute</altitudeMode><coordinates>
13.05321233,47.52902786,1781.63
13.05317482,47.52904702,1777.67
13.05317639,47.52905118,1773.40
13.05317992,47.52908508,1773.87
13.05315349,47.52910290,1771.85
</coordinates></LineString>
<LineString><altitudeMode>absolute</altitudeMode><coordinates>
13.05321233,47.52902786,1781.63
13.05323980,47.52901456,1780.86
</coordinates></LineString>
<LineString><altitudeMode>absolute</altitudeMode><coordinates>
13.05320391,47.52899685,1766.26
13.05317887,47.52899877,1767.31
</coordinates></LineString>
<LineString><altitudeMode>absolute</altitudeMode><coordinates>
13.05324529,47.52906360,1739.99
13.05321703,47.52909111,1741.58
13.05323687,47.52912231,1742.75
13.05322088,47.52913428,1744.55
13.05322088,47.52913428,1744.55
13.05320040,47.52914913,1749.41
13.05317548,47.52917283,1752.53
</coordinates></LineString>
<LineString><altitudeMode>absolute</altitudeMode><coordinates>
13.05322006,47.52901656,1734.69
13.05326407,47.52905159,1733.84
</coordinates></LineString>
<LineString><altitudeMode>absolute</altitudeMode><coordinates>
13.05322088,47.52913428,1744.55
13.05323086,47.52915181,1744.43
</coordinates></LineString>
<LineString><altitudeMode>absolute</altitudeMode><coordinates>
13.05323086,47.52915181,1744.43
13.05320890,47.52915648,1732.56
</coordinates></LineString>
<LineString><altitudeMode>absolute</altitudeMode><coordinates>
13.05320890,47.52915648,1732.56
13.05318360,47.52914714,1727.43
</coordinates></LineString>
<LineString><altitudeMode>absolute</altitudeMode><coordinates>
13.05318360,47.52914714,1727.43
13.05323077,47.52914344,1725.79
</coordinates></LineString>
<LineString><altitudeMode>absolute</altitudeMode><coordinates>
13.05323077,47.52914344,1725.79
13.05326051,47.52910822,1720.02
</coordinates></LineString>
<LineString><altitudeMode>absolute</altitudeMode><coordinates>
13.05326051,47.52910822,1720.02
13.05329299,47.52908133,1716.60
</coordinates></LineString>
<LineString><altitudeMode>absolute</altitudeMode><coordinates>
13.05329299,47.52908133,1716.60
13.05329132,47.52907266,1714.10
</coordinates></LineString>
<LineString><altitudeMode>absolute</altitudeMode><coordinates>
13.05302885,47.52902438,1822.14
13.05299348,47.52904322,1820.15
</coordinates></LineString>
<LineString><altitudeMode>absolute</altitudeMode><coordinates>
13.05299348,47.52904322,1820.15
13.05296474,47.52903724,1819.06
</coordinates></LineString>
<LineString><altitudeMode>absolute</altitudeMode><coordinates>
13.05296474,47.52903724,1819.06
13.05297679,47.52903457,1814.59
</coordinates></LineString>
<LineString><altitudeMode>absolute</altitudeMode><coordinates>
13.05297679,47.52903457,1814.59
13.05296745,47.52901776,1814.92
</coordinates></LineString>
<LineString><altitudeMode>absolute</altitudeMode><coordinates>
13.05329132,47.52907266,1714.10
13.05332801,47.52905403,1712.89
</coordinates></LineString>
<LineString><altitudeMode>absolute</altitudeMode><coordinates>
13.05332801,47.52905403,1712.89
13.05335209,47.52907126,1712.29
</coordinates></LineString>
<LineString><altitudeMode>absolute</altitudeMode><coordinates>
13.05335209,47.52907126,1712.29
13.05334600,47.52908151,1712.60
</coordinates></LineString>
<LineString><altitudeMode>absolute</altitudeMode><coordinates>
13.05334600,47.52908151,1712.60
13.05336691,47.52909446,1712.52
</coordinates></LineString>
<LineString><altitudeMode>absolute</altitudeMode><coordinates>
13.05336691,47.52909446,1712.52
13.05339942,47.52910275,1711.82
</coordinates></LineString>
<LineString><altitudeMode>absolute</altitudeMode><coordinates>
13.05339942,47.52910275,1711.82
13.05340938,47.52912794,1711.96
</coordinates></LineString>
<LineString><altitudeMode>absolute</altitudeMode><coordinates>
13.05340938,47.52912794,1711.96
13.05340482,47.52913983,1712.52
</coordinates></LineString>
<LineString><altitudeMode>absolute</altitudeMode><coordinates>
13.05340482,47.52913983,1712.52
13.05341554,47.52914442,1712.14
</coordinates></LineString>
<LineString><altitudeMode>absolute</altitudeMode><coordinates>
13.05341554,47.52914442,1712.14
13.05341250,47.52915130,1711.63
</coordinates></LineString>
<LineString><altitudeMode>absolute</altitudeMode><coordinates>
13.05341250,47.52915130,1711.63
13.05342238,47.52915704,1711.77
</coordinates></LineString>
<LineString><altitudeMode>absolute</altitudeMode><coordinates>
13.05342238,47.52915704,1711.77
13.05342187,47.52916018,1710.81
</coordinates></LineString>
<LineString><altitudeMode>absolute</altitudeMode><coordinates>
13.05342187,47.52916018,1710.81
13.05343435,47.52917110,1709.58
</coordinates></LineString>
<LineString><altitudeMode>absolute</altitudeMode><coordinates>
13.05224170,47.52760996,2033.00
13.05221186,47.52761945,2028.77
</coordinates></LineString>
<LineString><altitudeMode>absolute</altitudeMode><coordinates>
13.05221186,47.52761945,2028.77
13.05221369,47.52760949,2020.46
</coordinates></LineString>
<LineString><altitudeMode>absolute</altitudeMode><coordinates>
13.05221369,47.52760949,2020.46
13.05220640,47.52761629,2015.59
</coordinates></LineString>
<LineString><altitudeMode>absolute</altitudeMode><coordinates>
13.05220640,47.52761629,2015.59
13.05219568,47.52761872,2002.20
13.05218085,47.52762810,1996.57
</coordinates></LineString>
<LineString><altitudeMode>absolute</altitudeMode><coordinates>
13.05218085,47.52762810,1996.57
13.05219852,47.52762813,1988.71
</coordinates></LineString>
<LineString><altitudeMode>absolute</altitudeMode><coordinates>
13.05219852,47.52762813,1988.71
13.05221380,47.52759932,1983.31
</coordinates></LineString>
<LineString><altitudeMode>absolute</altitudeMode><coordinates>
13.05221380,47.52759932,1983.31
13.05215631,47.52764154,1980.41
</coordinates></LineString>
<LineString><altitudeMode>absolute</altitudeMode><coordinates>
13.05215631,47.52764154,1980.41
13.05212668,47.52763429,1984.48
</coordinates></LineString>
<LineString><altitudeMode>absolute</altitudeMode><coordinates>
13.05212668,47.52763429,1984.48
13.05200659,47.52763413,1991.19
</coordinates></LineString>
<LineString><altitudeMode>absolute</altitudeMode><coordinates>
13.05200659,47.52763413,1991.19
13.05198380,47.52771131,1995.73
</coordinates></LineString>
<LineString><altitudeMode>absolute</altitudeMode><coordinates>
13.05422488,47.52737162,2034.58
13.05426012,47.52733110,2030.22
13.05430954,47.52731691,2030.60
</coordinates></LineString>
<LineString><altitudeMode>absolute</altitudeMode><coordinates>
13.05465438,47.52747249,2011.65
13.05465956,47.52747618,2012.63
13.05464710,47.52746472,2013.35
13.05459563,47.52746970,2014.56
13.05458517,47.52749048,2016.12
13.05455243,47.52748840,2017.11
13.05451287,47.52751985,2018.26
13.05441960,47.52757037,2019.59
13.05438589,47.52755855,2020.25
13.05437743,47.52756821,2020.24
13.05434317,47.52757123,2002.58
</coordinates></LineString>
<LineString><altitudeMode>absolute</altitudeMode><coordinates>
13.05437743,47.52756821,2020.24
13.05433951,47.52758404,2018.82
13.05434749,47.52760190,2015.54
13.05437737,47.52757343,2011.96
</coordinates></LineString>
<LineString><altitudeMode>absolute</altitudeMode><coordinates>
13.05426012,47.52733110,2030.22
13.05414355,47.52728961,2033.08
</coordinates></LineString>
<LineString><altitudeMode>absolute</altitudeMode><coordinates>
13.05414355,47.52728961,2033.08
13.05409588,47.52734630,2036.37
</coordinates></LineString>
<LineString><altitudeMode>absolute</altitudeMode><coordinates>
13.05414355,47.52728961,2033.08
13.05411575,47.52729049,2033.06
</coordinates></LineString>
<LineString><altitudeMode>absolute</altitudeMode><coordinates>
13.05411575,47.52729049,2033.06
13.05409914,47.52727977,2033.14
13.05408571,47.52726569,2033.95
</coordinates></LineString>
<LineString><altitudeMode>absolute</altitudeMode><coordinates>
13.05463610,47.52731318,2019.20
13.05469002,47.52730276,2017.17
</coordinates></LineString>
<LineString><altitudeMode>absolute</altitudeMode><coordinates>
13.05463610,47.52731318,2019.20
13.05454524,47.52733800,2016.68
</coordinates></LineString>
<LineString><altitudeMode>absolute</altitudeMode><coordinates>
13.05469002,47.52730276,2017.17
13.05471072,47.52728565,2014.67
</coordinates></LineString>
<LineString><altitudeMode>absolute</altitudeMode><coordinates>
13.05471072,47.52728565,2014.67
13.05473765,47.52726514,2012.33
</coordinates></LineString>
<LineString><altitudeMode>absolute</altitudeMode><coordinates>
13.05473765,47.52726514,2012.33
13.05471775,47.52725707,2011.07
</coordinates></LineString>
<LineString><altitudeMode>absolute</altitudeMode><coordinates>
13.05471775,47.52725707,2011.07
13.05471575,47.52721051,2012.86
</coordinates></LineString>
<LineString><altitudeMode>absolute</altitudeMode><coordinates>
13.05471575,47.52721051,2012.86
13.05471068,47.52719315,2012.28
</coordinates></LineString>
<LineString><altitudeMode>absolute</altitudeMode><coordinates>
13.05471068,47.52719315,2012.28
13.05469990,47.52718658,2011.67
</coordinates></LineString>
<LineString><altitudeMode>absolute</altitudeMode><coordinates>
13.05469990,47.52718658,2011.67
13.05466868,47.52719738,2006.60
</coordinates></LineString>
<LineString><altitudeMode>absolute</altitudeMode><coordinates>
13.05466868,47.52719738,2006.60
13.05466118,47.52719888,2005.46
</coordinates></LineString>
<LineString><altitudeMode>absolute</altitudeMode><coordinates>
13.05482481,47.52744794,2011.88
13.05487763,47.52744946,2011.53
</coordinates></LineString>
<LineString><altitudeMode>absolute</altitudeMode><coordinates>
13.05487763,47.52744946,2011.53
13.05490500,47.52745299,2011.76
</coordinates></LineString>
<LineString><altitudeMode>absolute</altitudeMode><coordinates>
13.05490500,47.52745299,2011.76
13.05490876,47.52745917,2012.97
</coordinates></LineString>
<LineString><altitudeMode>absolute</altitudeMode><coordinates>
13.05490876,47.52745917,2012.97
13.05492871,47.52746581,2013.48
</coordinates></LineString>
<LineString><altitudeMode>absolute</altitudeMode><coordinates>
13.05466118,47.52719888,2005.46
13.05466031,47.52720462,2002.47
13.05466607,47.52720679,2001.04
13.05460525,47.52720621,1994.15
13.05458967,47.52717130,1997.49
13.05456744,47.52714015,1995.96
13.05460062,47.52709779,1991.28
13.05465934,47.52711228,1990.12
</coordinates></LineString>
<LineString><altitudeMode>absolute</altitudeMode><coordinates>
13.05460525,47.52720621,1994.15
13.05461207,47.52724079,1988.53
</coordinates></LineString>
<LineString><altitudeMode>absolute</altitudeMode><coordinates>
13.05458967,47.52717130,1997.49
13.05458532,47.52715593,2008.60
</coordinates></LineString>
<LineString><altitudeMode>absolute</altitudeMode><coordinates>
13.05322670,47.52805835,2048.00
13.05319431,47.52802531,2042.56
</coordinates></LineString>
<LineString><altitudeMode>absolute</altitudeMode><coordinates>
13.05319431,47.52802531,2042.56
13.05324153,47.52803088,2037.44
13.05329720,47.52802364,2035.44
</coordinates></LineString>
<LineString><altitudeMode>absolute</altitudeMode><coordinates>
13.05329720,47.52802364,2035.44
13.05332420,47.52799764,2033.21
</coordinates></LineString>
<LineString><altitudeMode>absolute</altitudeMode><coordinates>
13.05332420,47.52799764,2033.21
13.05342604,47.52795285,2031.96
</coordinates></LineString>
<LineString><altitudeMode>absolute</altitudeMode><coordinates>
13.05342604,47.52795285,2031.96
13.05346661,47.52795849,2030.85
</coordinates></LineString>
<LineString><altitudeMode>absolute</altitudeMode><coordinates>
13.05346661,47.52795849,2030.85
13.05349404,47.52795698,2028.87
</coordinates></LineString>
<LineString><altitudeMode>absolute</altitudeMode><coordinates>
13.05349404,47.52795698,2028.87
13.05352378,47.52799338,2029.25
</coordinates></LineString>
<LineString><altitudeMode>absolute</altitudeMode><coordinates>
13.05352378,47.52799338,2029.25
13.05359333,47.52798080,2028.01
</coordinates></LineString>
<LineString><altitudeMode>absolute</altitudeMode><coordinates>
13.05359333,47.52798080,2028.01
13.05363189,47.52796562,2028.84
</coordinates></LineString>
<LineString><altitudeMode>absolute</altitudeMode><coordinates>
13.05363189,47.52796562,2028.84
13.05368369,47.52797297,2029.02
</coordinates></LineString>
<LineString><altitudeMode>absolute</altitudeMode><coordinates>
13.05368369,47.52797297,2029.02
13.05370469,47.52801598,2028.52
</coordinates></LineString>
<LineString><altitudeMode>absolute</altitudeMode><coordinates>
13.05370469,47.52801598,2028.52
13.05370187,47.52803816,2028.60
</coordinates></LineString>
<LineString><altitudeMode>absolute</altitudeMode><coordinates>
13.05370187,47.52803816,2028.60
13.05362323,47.52806319,2023.40
13.05360842,47.52810433,2024.23
</coordinates></LineString>
<LineString><altitudeMode>absolute</altitudeMode><coordinates>
13.05360842,47.52810433,2024.23
13.05353328,47.52810648,2028.09
</coordinates></LineString>
<LineString><altitudeMode>absolute</altitudeMode><coordinates>
13.05353328,47.52810648,2028.09
13.05352514,47.52815034,2023.72
</coordinates></LineString>
<LineString><altitudeMode>absolute</altitudeMode><coordinates>
13.05352514,47.52815034,2023.72
13.05348046,47.52815858,2022.35
</coordinates></LineString>
<LineString><altitudeMode>absolute</altitudeMode><coordinates>
13.05370187,47.52803816,2028.60
13.05379211,47.52800523,2035.19
</coordinates></LineString>
<LineString><altitudeMode>absolute</altitudeMode><coordinates>
13.05363189,47.52796562,2028.84
13.05374910,47.52792522,2031.66
</coordinates></LineString>
<LineString><altitudeMode>absolute</altitudeMode><coordinates>
13.05374910,47.52792522,2031.66
13.05374852,47.52789066,2038.05
</coordinates></LineString>
<LineString><altitudeMode>absolute</altitudeMode><coordinates>
13.05363189,47.52796562,2028.84
13.05367273,47.52790674,2027.86
13.05370270,47.52786496,2026.44
</coordinates></LineString>
<LineString><altitudeMode>absolute</altitudeMode><coordinates>
13.05370270,47.52786496,2026.44
13.05378291,47.52782295,2023.94
</coordinates></LineString>
<LineString><altitudeMode>absolute</altitudeMode><coordinates>
13.05378291,47.52782295,2023.94
13.05379560,47.52779590,2022.89
</coordinates></LineString>
<LineString><altitudeMode>absolute</altitudeMode><coordinates>
13.05379560,47.52779590,2022.89
13.05374883,47.52776028,2015.32
</coordinates></LineString>
<LineString><altitudeMode>absolute</altitudeMode><coordinates>
13.05378291,47.52782295,2023.94
13.05383975,47.52776614,2028.03
</coordinates></LineString>
<LineString><altitudeMode>absolute</altitudeMode><coordinates>
13.05383975,47.52776614,2028.03
13.05385114,47.52775977,2028.25
13.05388413,47.52776239,2028.46
</coordinates></LineString>
<LineString><altitudeMode>absolute</altitudeMode><coordinates>
13.05388413,47.52776239,2028.46
13.05392331,47.52774470,2028.09
</coordinates></LineString>
<LineString><altitudeMode>absolute</altitudeMode><coordinates>
13.05392331,47.52774470,2028.09
13.05394600,47.52773843,2029.58
13.05396661,47.52771628,2030.35
</coordinates></LineString>
<LineString><altitudeMode>absolute</altitudeMode><coordinates>
13.05396661,47.52771628,2030.35
13.05401800,47.52769889,2031.69
</coordinates></LineString>
<LineString><altitudeMode>absolute</altitudeMode><coordinates>
13.05401800,47.52769889,2031.69
13.05409024,47.52768914,2032.38
</coordinates></LineString>
<LineString><altitudeMode>absolute</altitudeMode><coordinates>
13.05409024,47.52768914,2032.38
13.05414941,47.52769140,2034.22
</coordinates></LineString>
<LineString><altitudeMode>absolute</altitudeMode><coordinates>
13.05414941,47.52769140,2034.22
13.05418416,47.52769307,2035.44
</coordinates></LineString>
<LineString><altitudeMode>absolute</altitudeMode><coordinates>
13.05418416,47.52769307,2035.44
13.05419806,47.52767990,2034.78
13.05421341,47.52767080,2035.55
</coordinates></LineString>
<LineString><altitudeMode>absolute</altitudeMode><coordinates>
13.05342604,47.52795285,2031.96
13.05342995,47.52797991,2029.24
13.05345670,47.52799656,2026.33
</coordinates></LineString>
<LineString><altitudeMode>absolute</altitudeMode><coordinates>
13.05329720,47.52802364,2035.44
13.05325934,47.52798413,2034.37
</coordinates></LineString>
<LineString><altitudeMode>absolute</altitudeMode><coordinates>
13.05325934,47.52798413,2034.37
13.05325487,47.52799350,2043.67
</coordinates></LineString>
<LineString><altitudeMode>absolute</altitudeMode><coordinates>
13.05808338,47.53202334,1993.00
13.05802713,47.53191656,1970.26
13.05802713,47.53191656,1949.26
</coordinates></LineString>
<LineString><altitudeMode>absolute</altitudeMode><coordinates>
13.03712329,47.52902833,2188.00
13.03712264,47.52902805,2185.59
13.03710013,47.52900462,2177.43
13.03709017,47.52898313,2170.38
13.03706841,47.52898231,2170.67
13.03704395,47.52896497,2169.99
13.03699540,47.52899140,2169.28
13.03700647,47.52901157,2166.69
13.03697384,47.52901740,2164.60
13.03692488,47.52904419,2164.53
13.03689958,47.52903133,2163.80
13.03686527,47.52903939,2164.34
13.03682590,47.52901927,2165.11
13.03677724,47.52904130,2164.34
13.03681675,47.52906501,2168.22
13.03684387,47.52906439,2167.80
13.03687133,47.52904435,2168.96
13.03689970,47.52904600,2169.00
13.03697227,47.52904167,2169.69
13.03697619,47.52900763,2171.34
13.03700157,47.52899709,2169.16
</coordinates></LineString>
<LineString><altitudeMode>absolute</altitudeMode><coordinates>
13.03704395,47.52896497,2169.99
13.03700357,47.52893629,2167.79
13.03701952,47.52888626,2167.72
13.03702305,47.52886293,2168.00
13.03702117,47.52883149,2169.73
13.03704910,47.52881622,2171.07
13.03704600,47.52878189,2171.31
13.03702034,47.52876822,2171.78
13.03700178,47.52878500,2168.37
13.03691273,47.52878950,2161.86
13.03689783,47.52880419,2161.41
13.03683502,47.52881409,2156.95
13.03688581,47.52878103,2160.19
13.03688443,47.52875024,2159.82
13.03688329,47.52871323,2160.12
</coordinates></LineString>
<LineString><altitudeMode>absolute</altitudeMode><coordinates>
13.03700647,47.52901157,2166.69
13.03702297,47.52900015,2164.84
</coordinates></LineString>
<LineString><altitudeMode>absolute</altitudeMode><coordinates>
13.03702297,47.52900015,2164.84
13.03708054,47.52900969,2163.86
</coordinates></LineString>
<LineString><altitudeMode>absolute</altitudeMode><coordinates>
13.03708054,47.52900969,2163.86
13.03712191,47.52901544,2163.44
</coordinates></LineString>
<LineString><altitudeMode>absolute</altitudeMode><coordinates>
13.03712191,47.52901544,2163.44
13.03717236,47.52901666,2163.18
</coordinates></LineString>
<LineString><altitudeMode>absolute</altitudeMode><coordinates>
13.03677724,47.52904130,2164.34
13.03673481,47.52908898,2175.35
</coordinates></LineString>
<LineString><altitudeMode>absolute</altitudeMode><coordinates>
13.03683502,47.52881409,2156.95
13.03684446,47.52879238,2154.75
</coordinates></LineString>
<LineString><altitudeMode>absolute</altitudeMode><coordinates>
13.03684446,47.52879238,2154.75
13.03688942,47.52878389,2151.65
</coordinates></LineString>
<LineString><altitudeMode>absolute</altitudeMode><coordinates>
13.03688942,47.52878389,2151.65
13.03693636,47.52875418,2147.74
</coordinates></LineString>
<LineString><altitudeMode>absolute</altitudeMode><coordinates>
13.03670162,47.52927333,2191.00
13.03669692,47.52922853,2190.64
</coordinates></LineString>
<LineString><altitudeMode>absolute</altitudeMode><coordinates>
13.03669692,47.52922853,2190.64
13.03671241,47.52916931,2182.40
</coordinates></LineString>
<LineString><altitudeMode>absolute</altitudeMode><coordinates>
13.03671241,47.52916931,2182.40
13.03667502,47.52917812,2180.97
13.03666061,47.52913684,2174.53
</coordinates></LineString>
<LineString><altitudeMode>absolute</altitudeMode><coordinates>
13.03666061,47.52913684,2174.53
13.03658918,47.52912509,2171.76
</coordinates></LineString>
<LineString><altitudeMode>absolute</altitudeMode><coordinates>
13.03658918,47.52912509,2171.76
13.03655998,47.52910650,2197.97
</coordinates></LineString>
<LineString><altitudeMode>absolute</altitudeMode><coordinates>
13.03658918,47.52912509,2171.76
13.03665960,47.52909633,2170.59
</coordinates></LineString>
<LineString><altitudeMode>absolute</altitudeMode><coordinates>
13.03665960,47.52909633,2170.59
13.03666560,47.52910660,2169.55
</coordinates></LineString>
<LineString><altitudeMode>absolute</altitudeMode><coordinates>
13.03666560,47.52910660,2169.55
13.03664729,47.52910224,2164.61
</coordinates></LineString>
<LineString><altitudeMode>absolute</altitudeMode><coordinates>
13.03664729,47.52910224,2164.61
13.03660395,47.52908872,2158.95
</coordinates></LineString>
<LineString><altitudeMode>absolute</altitudeMode><coordinates>
13.03660395,47.52908872,2158.95
13.03654634,47.52911239,2157.14
</coordinates></LineString>
<LineString><altitudeMode>absolute</altitudeMode><coordinates>
13.03660395,47.52908872,2158.95
13.03664715,47.52909882,2158.97
13.03665730,47.52906561,2159.67
</coordinates></LineString>
<LineString><altitudeMode>absolute</altitudeMode><coordinates>
13.03665730,47.52906561,2159.67
13.03671405,47.52906154,2161.66
</coordinates></LineString>
<LineString><altitudeMode>absolute</altitudeMode><coordinates>
13.03671405,47.52906154,2161.66
13.03672851,47.52906917,2162.27
</coordinates></LineString>
<LineString><altitudeMode>absolute</altitudeMode><coordinates>
13.03665960,47.52909633,2170.59
13.03664199,47.52909828,2170.71
13.03664288,47.52908867,2171.09
</coordinates></LineString>
<LineString><altitudeMode>absolute</altitudeMode><coordinates>
13.03664288,47.52908867,2171.09
13.03663383,47.52907502,2170.03
</coordinates></LineString>
<LineString><altitudeMode>absolute</altitudeMode><coordinates>
13.03663383,47.52907502,2170.03
13.03661251,47.52907303,2170.87
</coordinates></LineString>
<LineString><altitudeMode>absolute</altitudeMode><coordinates>
13.03661251,47.52907303,2170.87
13.03656681,47.52906595,2168.73
</coordinates></LineString>
<LineString><altitudeMode>absolute</altitudeMode><coordinates>
13.03656681,47.52906595,2168.73
13.03654613,47.52906110,2169.04
</coordinates></LineString>
<LineString><altitudeMode>absolute</altitudeMode><coordinates>
13.03654613,47.52906110,2169.04
13.03651910,47.52905910,2167.93
</coordinates></LineString>
<LineString><altitudeMode>absolute</altitudeMode><coordinates>
13.03651910,47.52905910,2167.93
13.03651412,47.52905731,2168.17
13.03648616,47.52905890,2167.90
13.03649342,47.52906019,2166.94
13.03647350,47.52907047,2162.87
</coordinates></LineString>
<LineString><altitudeMode>absolute</altitudeMode><coordinates>
13.03647350,47.52907047,2162.87
13.03644340,47.52905835,2162.02
</coordinates></LineString>
<LineString><altitudeMode>absolute</altitudeMode><coordinates>
13.03644340,47.52905835,2162.02
13.03641275,47.52906439,2161.13
</coordinates></LineString>
<LineString><altitudeMode>absolute</altitudeMode><coordinates>
13.03641275,47.52906439,2161.13
13.03640649,47.52907193,2161.29
</coordinates></LineString>
<LineString><altitudeMode>absolute</altitudeMode><coordinates>
13.03640649,47.52907193,2161.29
13.03636053,47.52907888,2160.75
</coordinates></LineString>
<LineString><altitudeMode>absolute</altitudeMode><coordinates>
13.03636053,47.52907888,2160.75
13.03634471,47.52909337,2160.59
13.03634974,47.52910092,2161.58
13.03633614,47.52909493,2162.46
</coordinates></LineString>
<LineString><altitudeMode>absolute</altitudeMode><coordinates>
13.03633614,47.52909493,2162.46
13.03640284,47.52908789,2203.30
</coordinates></LineString>
<LineString><altitudeMode>absolute</altitudeMode><coordinates>
13.03633614,47.52909493,2162.46
13.03623642,47.52913615,2157.80
</coordinates></LineString>
<LineString><altitudeMode>absolute</altitudeMode><coordinates>
13.03762161,47.53000832,2122.00
13.03760607,47.53000833,2120.09
13.03758769,47.53002376,2117.90
13.03757395,47.53003585,2115.99
13.03756154,47.53004446,2115.14
13.03757276,47.53005356,2114.51
13.03752523,47.53006327,2112.61
13.03753008,47.53007919,2109.60
13.03756686,47.53005859,2109.75
13.03756337,47.53006303,2111.80
13.03752538,47.53006274,2112.56
</coordinates></LineString>
<LineString><altitudeMode>absolute</altitudeMode><coordinates>
13.03753008,47.53007919,2109.60
13.03750929,47.53008811,2112.58
</coordinates></LineString>
<LineString><altitudeMode>absolute</altitudeMode><coordinates>
13.03756686,47.53005859,2109.75
13.03757539,47.53006845,2108.48
13.03758593,47.53007088,2103.60
</coordinates></LineString>
<LineString><altitudeMode>absolute</altitudeMode><coordinates>
13.03758593,47.53007088,2103.60
13.03759067,47.53007204,2101.63
</coordinates></LineString>
<LineString><altitudeMode>absolute</altitudeMode><coordinates>
13.03753008,47.53007919,2109.60
13.03753707,47.53009488,2108.67
</coordinates></LineString>
<LineString><altitudeMode>absolute</altitudeMode><coordinates>
13.03753707,47.53009488,2108.67
13.03751749,47.53011047,2108.30
</coordinates></LineString>
<LineString><altitudeMode>absolute</altitudeMode><coordinates>
13.03751749,47.53011047,2108.30
13.03749572,47.53013494,2107.35
</coordinates></LineString>
<LineString><altitudeMode>absolute</altitudeMode><coordinates>
13.03749572,47.53013494,2107.35
13.03750017,47.53014734,2107.49
</coordinates></LineString>
<LineString><altitudeMode>absolute</altitudeMode><coordinates>
13.03750017,47.53014734,2107.49
13.03747651,47.53015467,2105.94
</coordinates></LineString>
<LineString><altitudeMode>absolute</altitudeMode><coordinates>
13.03747651,47.53015467,2105.94
13.03745947,47.53017355,2104.01
</coordinates></LineString>
<LineString><altitudeMode>absolute</altitudeMode><coordinates>
13.03745947,47.53017355,2104.01
13.03744747,47.53018522,2103.48
</coordinates></LineString>
<LineString><altitudeMode>absolute</altitudeMode><coordinates>
13.04973170,47.51412999,2090.00
13.04966222,47.51415904,2089.51
13.04959899,47.51421673,2089.27
13.04940038,47.51426806,2084.06
13.04930840,47.51419819,2081.60
13.04924653,47.51421550,2080.18
13.04917884,47.51422136,2079.51
13.04916129,47.51422161,2077.25
13.04917922,47.51422533,2070.31
13.04919105,47.51425730,2065.90
13.04921088,47.51426348,2063.06
</coordinates></LineString>
<LineString><altitudeMode>absolute</altitudeMode><coordinates>
13.04924653,47.51421550,2080.18
13.04924653,47.51421550,2080.18
</coordinates></LineString>
<LineString><altitudeMode>absolute</altitudeMode><coordinates>
13.04924653,47.51421550,2080.18
13.04927098,47.51426541,2080.81
13.04931221,47.51427798,2079.70
13.04933234,47.51421867,2067.32
</coordinates></LineString>
<LineString><altitudeMode>absolute</altitudeMode><coordinates>
13.04940038,47.51426806,2084.06
13.04940038,47.51426806,2084.06
</coordinates></LineString>
<LineString><altitudeMode>absolute</altitudeMode><coordinates>
13.04940038,47.51426806,2084.06
13.04943169,47.51424735,2085.91
13.04938781,47.51425947,2088.62
</coordinates></LineString>
<LineString><altitudeMode>absolute</altitudeMode><coordinates>
13.04938781,47.51425947,2088.62
13.04935465,47.51425117,2088.79
</coordinates></LineString>
<LineString><altitudeMode>absolute</altitudeMode><coordinates>
13.04935465,47.51425117,2088.79
13.04933380,47.51427961,2091.11
</coordinates></LineString>
<LineString><altitudeMode>absolute</altitudeMode><coordinates>
13.04933380,47.51427961,2091.11
13.04932152,47.51429209,2091.24
</coordinates></LineString>
<LineString><altitudeMode>absolute</altitudeMode><coordinates>
13.04932152,47.51429209,2091.24
13.04932823,47.51428654,2094.51
13.04931509,47.51429720,2097.67
</coordinates></LineString>
<LineString><altitudeMode>absolute</altitudeMode><coordinates>
13.04931509,47.51429720,2097.67
13.04931982,47.51430205,2098.57
</coordinates></LineString>
<LineString><altitudeMode>absolute</altitudeMode><coordinates>
13.05006506,47.51405171,2077.00
13.05014286,47.51406689,2076.48
13.05021916,47.51411920,2077.78
13.05022432,47.51415898,2078.13
13.05021999,47.51419337,2075.87
13.05026273,47.51423018,2073.62
13.05031279,47.51426261,2074.57
13.05031413,47.51433759,2071.56
13.05036584,47.51432938,2071.73
13.05039780,47.51439525,2075.56
13.05041083,47.51444137,2075.00
13.05047081,47.51443951,2075.32
13.05050779,47.51447379,2075.80
13.05055110,47.51447696,2077.30
</coordinates></LineString>
<LineString><altitudeMode>absolute</altitudeMode><coordinates>
13.05036584,47.51432938,2071.73
13.05039369,47.51438430,2067.05
</coordinates></LineString>
<LineString><altitudeMode>absolute</altitudeMode><coordinates>
13.05039369,47.51438430,2067.05
13.05041852,47.51438814,2062.34
</coordinates></LineString>
<LineString><altitudeMode>absolute</altitudeMode><coordinates>
13.05041852,47.51438814,2062.34
13.05033247,47.51433394,2060.75
</coordinates></LineString>
<LineString><altitudeMode>absolute</altitudeMode><coordinates>
13.05033247,47.51433394,2060.75
13.05031824,47.51435575,2058.27
</coordinates></LineString>
<LineString><altitudeMode>absolute</altitudeMode><coordinates>
13.05031824,47.51435575,2058.27
13.05026200,47.51440743,2052.89
</coordinates></LineString>
<LineString><altitudeMode>absolute</altitudeMode><coordinates>
13.05031824,47.51435575,2058.27
13.05022952,47.51431987,2057.99
</coordinates></LineString>
<LineString><altitudeMode>absolute</altitudeMode><coordinates>
13.05022952,47.51431987,2057.99
13.05012594,47.51426915,2054.73
</coordinates></LineString>
<LineString><altitudeMode>absolute</altitudeMode><coordinates>
13.05012594,47.51426915,2054.73
13.05010627,47.51427674,2054.44
</coordinates></LineString>
<LineString><altitudeMode>absolute</altitudeMode><coordinates>
13.05010627,47.51427674,2054.44
13.05010127,47.51423940,2056.80
</coordinates></LineString>
<LineString><altitudeMode>absolute</altitudeMode><coordinates>
13.05010127,47.51423940,2056.80
13.05009653,47.51418461,2063.83
</coordinates></LineString>
<LineString><altitudeMode>absolute</altitudeMode><coordinates>
13.04660166,47.51615830,2100.00
13.04656318,47.51614999,2097.78
13.04650355,47.51616418,2095.52
13.04646543,47.51617487,2092.91
13.04642687,47.51616864,2091.85
13.04642835,47.51613969,2089.86
13.04642328,47.51615463,2086.80
13.04638713,47.51615149,2080.42
13.04638315,47.51617284,2078.84
13.04634748,47.51616413,2075.41
13.04634161,47.51616106,2072.95
13.04632545,47.51618140,2068.80
13.04630618,47.51617108,2066.62
13.04626423,47.51619178,2060.02
13.04625556,47.51623572,2054.41
13.04622940,47.51622115,2052.90
13.04623325,47.51623912,2050.43
13.04619994,47.51624207,2050.59
13.04622113,47.51625439,2051.09
13.04629091,47.51627466,2051.01
13.04631319,47.51629691,2050.32
13.04636671,47.51631141,2050.51
13.04643548,47.51633021,2050.20
13.04645505,47.51633262,2050.07
13.04646780,47.51635767,2049.20
13.04651778,47.51637121,2049.68
13.04658597,47.51641260,2047.89
13.04658444,47.51642526,2047.83
13.04666617,47.51639543,2050.81
13.04669440,47.51638646,2051.13
13.04674102,47.51640435,2050.55
13.04681140,47.51642984,2052.58
13.04681373,47.51641729,2054.30
13.04678465,47.51639546,2054.80
13.04679885,47.51638878,2053.00
13.04681423,47.51639660,2052.39
13.04681193,47.51640484,2047.09
13.04679255,47.51641531,2044.96
</coordinates></LineString>
<LineString><altitudeMode>absolute</altitudeMode><coordinates>
13.04681373,47.51641729,2054.30
13.04681373,47.51641729,2054.30
13.04675147,47.51645555,2053.61
13.04676982,47.51649086,2053.73
13.04673650,47.51651549,2055.35
13.04671388,47.51657378,2052.38
</coordinates></LineString>
<LineString><altitudeMode>absolute</altitudeMode><coordinates>
13.04658444,47.51642526,2047.83
13.04658444,47.51642526,2047.83
13.04663494,47.51643170,2047.25
13.04664568,47.51643935,2046.13
13.04662893,47.51645040,2041.63
</coordinates></LineString>
<LineString><altitudeMode>absolute</altitudeMode><coordinates>
13.04837331,47.51802334,2119.00
13.04838083,47.51801744,2110.45
</coordinates></LineString>
<LineString><altitudeMode>absolute</altitudeMode><coordinates>
13.04838083,47.51801744,2110.45
13.04840594,47.51800311,2105.62
</coordinates></LineString>
<LineString><altitudeMode>absolute</altitudeMode><coordinates>
13.04840594,47.51800311,2105.62
13.04838318,47.51802215,2104.23
</coordinates></LineString>
<LineString><altitudeMode>absolute</altitudeMode><coordinates>
13.04838318,47.51802215,2104.23
13.04839065,47.51803200,2099.16
</coordinates></LineString>
<LineString><altitudeMode>absolute</altitudeMode><coordinates>
13.04839065,47.51803200,2099.16
13.04833575,47.51803664,2094.71
</coordinates></LineString>
<LineString><altitudeMode>absolute</altitudeMode><coordinates>
13.04833575,47.51803664,2094.71
13.04834013,47.51800100,2093.56
</coordinates></LineString>
<LineString><altitudeMode>absolute</altitudeMode><coordinates>
13.05254997,47.51898665,2090.00
13.05250854,47.51896839,2089.60
13.05247136,47.51897163,2089.55
13.05243731,47.51896215,2089.87
13.05242341,47.51896794,2089.10
13.05238071,47.51896955,2088.09
13.05235992,47.51898207,2087.65
13.05229705,47.51897254,2087.78
13.05226295,47.51896800,2095.00
</coordinates></LineString>
<LineString><altitudeMode>absolute</altitudeMode><coordinates>
13.05229705,47.51897254,2087.78
13.05230373,47.51892487,2087.04
</coordinates></LineString>
<LineString><altitudeMode>absolute</altitudeMode><coordinates>
13.05230373,47.51892487,2087.04
13.05227575,47.51891288,2085.37
</coordinates></LineString>
<LineString><altitudeMode>absolute</altitudeMode><coordinates>
13.05227575,47.51891288,2085.37
13.05225169,47.51889879,2084.30
</coordinates></LineString>
<LineString><altitudeMode>absolute</altitudeMode><coordinates>
13.05225169,47.51889879,2084.30
13.05220746,47.51886646,2084.54
</coordinates></LineString>
<LineString><altitudeMode>absolute</altitudeMode><coordinates>
13.05220746,47.51886646,2084.54
13.05213639,47.51886660,2082.42
</coordinates></LineString>
<LineString><altitudeMode>absolute</altitudeMode><coordinates>
13.05213639,47.51886660,2082.42
13.05209429,47.51885554,2082.33
</coordinates></LineString>
<LineString><altitudeMode>absolute</altitudeMode><coordinates>
13.05209429,47.51885554,2082.33
13.05203099,47.51884681,2082.47
</coordinates></LineString>
<LineString><altitudeMode>absolute</altitudeMode><coordinates>
13.05203099,47.51884681,2082.47
13.05202610,47.51881748,2081.26
</coordinates></LineString>
<LineString><altitudeMode>absolute</altitudeMode><coordinates>
13.04634999,47.52383333,2101.00
13.04633081,47.52380952,2098.47
13.04633183,47.52376778,2095.40
13.04633512,47.52375434,2094.25
13.04630829,47.52371843,2095.26
13.04624946,47.52368575,2093.36
13.04632350,47.52368441,2091.67
13.04629656,47.52364426,2089.33
13.04621336,47.52360964,2091.19
13.04616970,47.52359054,2091.55
13.04614193,47.52355848,2089.82
13.04609448,47.52359133,2092.50
13.04615846,47.52369995,2087.28
13.04615846,47.52369995,2087.28
13.04608849,47.52365952,2086.29
13.04605565,47.52361019,2082.31
13.04600070,47.52362338,2080.67
13.04598166,47.52363512,2082.15
</coordinates></LineString>
<LineString><altitudeMode>absolute</altitudeMode><coordinates>
13.04615846,47.52369995,2087.28
13.04603701,47.52366855,2087.01
13.04592971,47.52366051,2083.47
13.04576557,47.52361236,2077.07
13.04576557,47.52361236,2077.07
13.04572523,47.52366134,2080.76
13.04569191,47.52366428,2088.31
</coordinates></LineString>
<LineString><altitudeMode>absolute</altitudeMode><coordinates>
13.04576557,47.52361236,2077.07
13.04576218,47.52358575,2079.11
13.04576599,47.52356179,2079.18
13.04571171,47.52353180,2082.85
13.04572271,47.52347521,2084.49
13.04566211,47.52346167,2087.22
13.04561903,47.52345536,2090.65
13.04560029,47.52343056,2090.77
13.04560084,47.52341590,2089.45
13.04552291,47.52338227,2088.74
13.04545152,47.52330502,2088.11
13.04535035,47.52330347,2088.82
13.04526705,47.52318210,2089.08
13.04520327,47.52316131,2088.06
13.04514970,47.52313709,2089.73
13.04512191,47.52309837,2090.49
13.04512191,47.52309837,2090.49
13.04507802,47.52306757,2091.60
</coordinates></LineString>
<LineString><altitudeMode>absolute</altitudeMode><coordinates>
13.04614193,47.52355848,2089.82
13.04614193,47.52355848,2089.82
13.04608001,47.52350515,2087.74
13.04607920,47.52348408,2089.77
13.04607889,47.52346023,2092.06
13.04607889,47.52346023,2092.06
13.04609147,47.52340069,2095.33
13.04608205,47.52337885,2095.59
13.04608930,47.52338023,2090.97
</coordinates></LineString>
<LineString><altitudeMode>absolute</altitudeMode><coordinates>
13.04609147,47.52340069,2095.33
13.04609147,47.52340069,2095.33
13.04614055,47.52340261,2097.27
13.04616366,47.52333101,2101.34
</coordinates></LineString>
<LineString><altitudeMode>absolute</altitudeMode><coordinates>
13.04607889,47.52346023,2092.06
13.04612631,47.52348911,2092.98
</coordinates></LineString>
<LineString><altitudeMode>absolute</altitudeMode><coordinates>
13.04612631,47.52348911,2092.98
13.04614611,47.52351401,2093.28
</coordinates></LineString>
<LineString><altitudeMode>absolute</altitudeMode><coordinates>
13.04576599,47.52356179,2079.18
13.04576599,47.52356179,2079.18
13.04579045,47.52352568,2079.68
</coordinates></LineString>
<LineString><altitudeMode>absolute</altitudeMode><coordinates>
13.04579045,47.52352568,2079.68
13.04584732,47.52348588,2086.45
</coordinates></LineString>
<LineString><altitudeMode>absolute</altitudeMode><coordinates>
13.04584732,47.52348588,2086.45
13.04585909,47.52349454,2086.55
</coordinates></LineString>
<LineString><altitudeMode>absolute</altitudeMode><coordinates>
13.04585909,47.52349454,2086.55
13.04585779,47.52349362,2088.78
13.04585209,47.52351125,2086.20
</coordinates></LineString>
<LineString><altitudeMode>absolute</altitudeMode><coordinates>
13.04572271,47.52347521,2084.49
13.04572271,47.52347521,2084.49
</coordinates></LineString>
<LineString><altitudeMode>absolute</altitudeMode><coordinates>
13.04572271,47.52347521,2084.49
13.04579367,47.52346391,2083.05
</coordinates></LineString>
<LineString><altitudeMode>absolute</altitudeMode><coordinates>
13.04579367,47.52346391,2083.05
13.04580854,47.52345346,2087.80
</coordinates></LineString>
<LineString><altitudeMode>absolute</altitudeMode><coordinates>
13.04566211,47.52346167,2087.22
13.04566211,47.52346167,2087.22
13.04567852,47.52340967,2088.16
</coordinates></LineString>
<LineString><altitudeMode>absolute</altitudeMode><coordinates>
13.04561903,47.52345536,2090.65
13.04561903,47.52345536,2090.65
13.04562195,47.52347691,2089.48
13.04564708,47.52351576,2086.22
</coordinates></LineString>
<LineString><altitudeMode>absolute</altitudeMode><coordinates>
13.04560029,47.52343056,2090.77
13.04560029,47.52343056,2090.77
13.04556209,47.52344701,2094.09
</coordinates></LineString>
<LineString><altitudeMode>absolute</altitudeMode><coordinates>
13.04556209,47.52344701,2094.09
13.04554061,47.52344214,2094.95
13.04552491,47.52347517,2096.20
</coordinates></LineString>
<LineString><altitudeMode>absolute</altitudeMode><coordinates>
13.04512191,47.52309837,2090.49
13.04511101,47.52314507,2092.07
13.04508506,47.52314283,2096.95
</coordinates></LineString>
<LineString><altitudeMode>absolute</altitudeMode><coordinates>
13.04545152,47.52330502,2088.11
13.04545152,47.52330502,2088.11
13.04554421,47.52326323,2092.62
</coordinates></LineString>
<LineString><altitudeMode>absolute</altitudeMode><coordinates>
13.04554421,47.52326323,2092.62
13.04553874,47.52324604,2092.32
</coordinates></LineString>
<LineString><altitudeMode>absolute</altitudeMode><coordinates>
13.04553874,47.52324604,2092.32
13.04557001,47.52324801,2093.80
</coordinates></LineString>
<LineString><altitudeMode>absolute</altitudeMode><coordinates>
13.04557001,47.52324801,2093.80
13.04561076,47.52325959,2094.37
</coordinates></LineString>
<LineString><altitudeMode>absolute</altitudeMode><coordinates>
13.04561076,47.52325959,2094.37
13.04563472,47.52323687,2093.45
</coordinates></LineString>
<LineString><altitudeMode>absolute</altitudeMode><coordinates>
13.04563472,47.52323687,2093.45
13.04563209,47.52321829,2094.36
</coordinates></LineString>
<LineString><altitudeMode>absolute</altitudeMode><coordinates>
13.04563209,47.52321829,2094.36
13.04567830,47.52321539,2095.70
</coordinates></LineString>
<LineString><altitudeMode>absolute</altitudeMode><coordinates>
13.04567830,47.52321539,2095.70
13.04573573,47.52314996,2099.76
</coordinates></LineString>
<LineString><altitudeMode>absolute</altitudeMode><coordinates>
13.04614611,47.52351401,2093.28
13.04614967,47.52355052,2103.89
</coordinates></LineString>
<LineString><altitudeMode>absolute</altitudeMode><coordinates>
13.04603701,47.52366855,2087.01
13.04603701,47.52366855,2087.01
13.04598719,47.52363287,2095.11
13.04600257,47.52361577,2095.57
13.04599296,47.52355999,2101.33
</coordinates></LineString>
<LineString><altitudeMode>absolute</altitudeMode><coordinates>
13.04801666,47.53285003,1973.00
13.04799713,47.53282855,1963.53
13.04801159,47.53284697,1957.37
13.04800313,47.53284935,1955.70
13.04800320,47.53285466,1955.08
</coordinates></LineString>
<LineString><altitudeMode>absolute</altitudeMode><coordinates>
13.04196668,47.52906670,2086.00
13.04193234,47.52904695,2084.50
13.04189817,47.52906553,2082.58
13.04192112,47.52908086,2080.95
</coordinates></LineString>
<LineString><altitudeMode>absolute</altitudeMode><coordinates>
13.04189817,47.52906553,2082.58
13.04187135,47.52907209,2088.68
</coordinates></LineString>
<LineString><altitudeMode>absolute</altitudeMode><coordinates>
13.04193234,47.52904695,2084.50
13.04192001,47.52904269,2086.83
13.04190451,47.52902020,2086.14
13.04194242,47.52897612,2089.27
13.04200691,47.52897119,2085.35
13.04204448,47.52897184,2084.98
13.04204849,47.52899629,2081.17
</coordinates></LineString>
<LineString><altitudeMode>absolute</altitudeMode><coordinates>
13.04194242,47.52897612,2089.27
13.04192971,47.52892137,2086.95
13.04197080,47.52888824,2088.26
13.04199739,47.52887709,2089.46
</coordinates></LineString>
<LineString><altitudeMode>absolute</altitudeMode><coordinates>
13.04200691,47.52897119,2085.35
13.04201111,47.52895462,2082.68
13.04204424,47.52896049,2079.56
</coordinates></LineString>
<LineString><altitudeMode>absolute</altitudeMode><coordinates>
13.04190451,47.52902020,2086.14
13.04185867,47.52901311,2085.60
</coordinates></LineString>
<LineString><altitudeMode>absolute</altitudeMode><coordinates>
13.04185867,47.52901311,2085.60
13.04185517,47.52901080,2092.30
</coordinates></LineString>
<LineString><altitudeMode>absolute</altitudeMode><coordinates>
13.04185517,47.52901080,2092.30
13.04185361,47.52902410,2092.17
13.04188314,47.52901236,2094.14
</coordinates></LineString>
<LineString><altitudeMode>absolute</altitudeMode><coordinates>
13.04185361,47.52902410,2092.17
13.04180263,47.52902313,2093.12
</coordinates></LineString>
<LineString><altitudeMode>absolute</altitudeMode><coordinates>
13.04192971,47.52892137,2086.95
13.04188231,47.52889195,2087.42
</coordinates></LineString>
<LineString><altitudeMode>absolute</altitudeMode><coordinates>
13.04196668,47.52906670,2086.00
13.04195078,47.52908712,2085.79
</coordinates></LineString>
<LineString><altitudeMode>absolute</altitudeMode><coordinates>
13.04195078,47.52908712,2085.79
13.04194034,47.52909981,2083.84
13.04193756,47.52912100,2088.53
</coordinates></LineString>
<LineString><altitudeMode>absolute</altitudeMode><coordinates>
13.04193756,47.52912100,2088.53
13.04188837,47.52908597,2092.35
</coordinates></LineString>
<LineString><altitudeMode>absolute</altitudeMode><coordinates>
13.04190451,47.52902020,2086.14
13.04195706,47.52903954,2087.89
</coordinates></LineString>
<LineString><altitudeMode>absolute</altitudeMode><coordinates>
13.04188314,47.52901236,2094.14
13.04194213,47.52901598,2095.99
</coordinates></LineString>
<LineString><altitudeMode>absolute</altitudeMode><coordinates>
13.04188231,47.52889195,2087.42
13.04188575,47.52891387,2102.58
</coordinates></LineString>
<LineString><altitudeMode>absolute</altitudeMode><coordinates>
13.04192971,47.52892137,2086.95
13.04189440,47.52892410,2084.30
13.04188799,47.52893218,2100.46
</coordinates></LineString>
<LineString><altitudeMode>absolute</altitudeMode><coordinates>
13.04193756,47.52912100,2088.53
13.04194725,47.52911397,2091.02
</coordinates></LineString>
<LineString><altitudeMode>absolute</altitudeMode><coordinates>
13.04188837,47.52908597,2092.35
13.04189204,47.52908396,2096.06
</coordinates></LineString>
<LineString><altitudeMode>absolute</altitudeMode><coordinates>
13.04212069,47.52839148,2055.36
13.04210550,47.52837835,2055.18
13.04211710,47.52836299,2052.37
13.04210016,47.52836144,2048.80
13.04213431,47.52837174,2047.56
13.04216304,47.52840309,2042.16
13.04217359,47.52843018,2039.71
13.04219260,47.52842996,2035.20
13.04219815,47.52845219,2035.13
13.04216873,47.52845718,2035.47
13.04218914,47.52847274,2035.08
</coordinates></LineString>
<LineString><altitudeMode>absolute</altitudeMode><coordinates>
13.04219260,47.52842996,2035.20
13.04218157,47.52843364,2032.84
13.04218542,47.52842633,2006.41
13.04223180,47.52844044,2007.12
13.04224898,47.52845720,2007.91
13.04227667,47.52845920,2006.28
13.04229898,47.52845239,1994.34
13.04236863,47.52846212,1978.35
13.04239382,47.52844573,1977.33
13.04244954,47.52847295,1972.91
13.04244668,47.52848181,1971.44
13.04248062,47.52847654,1967.84
13.04244742,47.52848345,1967.11
13.04244733,47.52849649,1965.81
13.04244304,47.52851549,1960.92
13.04244810,47.52851144,1961.00
13.04253142,47.52854661,1959.57
13.04251014,47.52857234,1957.43
13.04252763,47.52857363,1954.43
13.04253646,47.52859691,1954.54
13.04254365,47.52861071,1954.52
13.04254645,47.52861777,1949.73
13.04257014,47.52862016,1950.17
13.04257674,47.52863917,1950.77
13.04260154,47.52863320,1950.68
</coordinates></LineString>
<LineString><altitudeMode>absolute</altitudeMode><coordinates>
13.04197139,47.52852625,2083.59
13.04192518,47.52850791,2083.97
</coordinates></LineString>
<LineString><altitudeMode>absolute</altitudeMode><coordinates>
13.04200955,47.52844330,2079.40
13.04197151,47.52843752,2080.15
</coordinates></LineString>
<LineString><altitudeMode>absolute</altitudeMode><coordinates>
13.04236863,47.52846212,1978.35
13.04228677,47.52844840,1969.48
</coordinates></LineString>
<LineString><altitudeMode>absolute</altitudeMode><coordinates>
13.04257674,47.52863917,1950.77
13.04258441,47.52863300,1956.16
</coordinates></LineString>
<LineString><altitudeMode>absolute</altitudeMode><coordinates>
13.04218542,47.52842633,2006.41
13.04216719,47.52842359,2013.67
</coordinates></LineString>
<LineString><altitudeMode>absolute</altitudeMode><coordinates>
13.04216719,47.52842359,2013.67
13.04213284,47.52840789,2013.61
</coordinates></LineString>
<LineString><altitudeMode>absolute</altitudeMode><coordinates>
13.04213284,47.52840789,2013.61
13.04208631,47.52838010,2014.69
</coordinates></LineString>
<LineString><altitudeMode>absolute</altitudeMode><coordinates>
13.04206153,47.52863514,2047.30
13.04208034,47.52865112,2046.46
</coordinates></LineString>
<LineString><altitudeMode>absolute</altitudeMode><coordinates>
13.04208034,47.52865112,2046.46
13.04209800,47.52869416,2046.61
</coordinates></LineString>
<LineString><altitudeMode>absolute</altitudeMode><coordinates>
13.04207714,47.52852634,2047.42
13.04214097,47.52848190,2048.69
</coordinates></LineString>
<LineString><altitudeMode>absolute</altitudeMode><coordinates>
13.04214097,47.52848190,2048.69
13.04216734,47.52850872,2049.12
</coordinates></LineString>
<LineString><altitudeMode>absolute</altitudeMode><coordinates>
13.04203431,47.52828167,2065.15
13.04203469,47.52823929,2063.61
</coordinates></LineString>
<LineString><altitudeMode>absolute</altitudeMode><coordinates>
13.04203469,47.52823929,2063.61
13.04202982,47.52823435,2054.63
</coordinates></LineString>
<LineString><altitudeMode>absolute</altitudeMode><coordinates>
13.04202982,47.52823435,2054.63
13.04200126,47.52821658,2054.41
</coordinates></LineString>
<LineString><altitudeMode>absolute</altitudeMode><coordinates>
13.04200126,47.52821658,2054.41
13.04193351,47.52820904,2055.25
</coordinates></LineString>
<LineString><altitudeMode>absolute</altitudeMode><coordinates>
13.04193351,47.52820904,2055.25
13.04187082,47.52818727,2055.19
</coordinates></LineString>
<LineString><altitudeMode>absolute</altitudeMode><coordinates>
13.04187082,47.52818727,2055.19
13.04179669,47.52815154,2056.59
</coordinates></LineString>
<LineString><altitudeMode>absolute</altitudeMode><coordinates>
13.04179669,47.52815154,2056.59
13.04176249,47.52816013,2057.05
</coordinates></LineString>
<LineString><altitudeMode>absolute</altitudeMode><coordinates>
13.04176249,47.52816013,2057.05
13.04171613,47.52816708,2053.20
</coordinates></LineString>
<LineString><altitudeMode>absolute</altitudeMode><coordinates>
13.04176249,47.52816013,2057.05
13.04171496,47.52816634,2059.85
</coordinates></LineString>
<LineString><altitudeMode>absolute</altitudeMode><coordinates>
13.04187082,47.52818727,2055.19
13.04186230,47.52814843,2054.75
</coordinates></LineString>
<LineString><altitudeMode>absolute</altitudeMode><coordinates>
13.04186230,47.52814843,2054.75
13.04187229,47.52809074,2056.40
</coordinates></LineString>
<LineString><altitudeMode>absolute</altitudeMode><coordinates>
13.04187229,47.52809074,2056.40
13.04187061,47.52805724,2055.97
</coordinates></LineString>
<LineString><altitudeMode>absolute</altitudeMode><coordinates>
13.04187061,47.52805724,2055.97
13.04179394,47.52802920,2056.77
</coordinates></LineString>
<LineString><altitudeMode>absolute</altitudeMode><coordinates>
13.04179394,47.52802920,2056.77
13.04175566,47.52797258,2062.80
</coordinates></LineString>
<LineString><altitudeMode>absolute</altitudeMode><coordinates>
13.04175566,47.52797258,2062.80
13.04172760,47.52789112,2064.10
</coordinates></LineString>
<LineString><altitudeMode>absolute</altitudeMode><coordinates>
13.04172760,47.52789112,2064.10
13.04173934,47.52780052,2065.37
</coordinates></LineString>
<LineString><altitudeMode>absolute</altitudeMode><coordinates>
13.04173934,47.52780052,2065.37
13.04181603,47.52775333,2065.39
</coordinates></LineString>
<LineString><altitudeMode>absolute</altitudeMode><coordinates>
13.04181603,47.52775333,2065.39
13.04182741,47.52767605,2063.66
</coordinates></LineString>
<LineString><altitudeMode>absolute</altitudeMode><coordinates>
13.04182741,47.52767605,2063.66
13.04180587,47.52763375,2058.27
</coordinates></LineString>
<LineString><altitudeMode>absolute</altitudeMode><coordinates>
13.04180587,47.52763375,2058.27
13.04184723,47.52758631,2057.84
</coordinates></LineString>
<LineString><altitudeMode>absolute</altitudeMode><coordinates>
13.04184723,47.52758631,2057.84
13.04187543,47.52756394,2057.86
</coordinates></LineString>
<LineString><altitudeMode>absolute</altitudeMode><coordinates>
13.04180587,47.52763375,2058.27
13.04178552,47.52763448,2056.60
</coordinates></LineString>
<LineString><altitudeMode>absolute</altitudeMode><coordinates>
13.04178552,47.52763448,2056.60
13.04175010,47.52764728,2056.89
13.04174101,47.52761293,2057.44
</coordinates></LineString>
<LineString><altitudeMode>absolute</altitudeMode><coordinates>
13.04174101,47.52761293,2057.44
13.04166895,47.52759299,2058.23
</coordinates></LineString>
<LineString><altitudeMode>absolute</altitudeMode><coordinates>
13.04166895,47.52759299,2058.23
13.04163154,47.52755599,2058.01
</coordinates></LineString>
<LineString><altitudeMode>absolute</altitudeMode><coordinates>
13.04163154,47.52755599,2058.01
13.04162116,47.52751344,2056.21
</coordinates></LineString>
<LineString><altitudeMode>absolute</altitudeMode><coordinates>
13.04163154,47.52755599,2058.01
13.04155618,47.52760312,2064.59
</coordinates></LineString>
<LineString><altitudeMode>absolute</altitudeMode><coordinates>
13.04155618,47.52760312,2064.59
13.04154652,47.52760925,2064.83
</coordinates></LineString>
<LineString><altitudeMode>absolute</altitudeMode><coordinates>
13.04154652,47.52760925,2064.83
13.04142101,47.52759388,2063.44
</coordinates></LineString>
<LineString><altitudeMode>absolute</altitudeMode><coordinates>
13.04142101,47.52759388,2063.44
13.04132465,47.52758441,2065.38
</coordinates></LineString>
<LineString><altitudeMode>absolute</altitudeMode><coordinates>
13.04132465,47.52758441,2065.38
13.04124984,47.52759546,2066.75
</coordinates></LineString>
<LineString><altitudeMode>absolute</altitudeMode><coordinates>
13.04124984,47.52759546,2066.75
13.04117208,47.52758918,2066.31
</coordinates></LineString>
<LineString><altitudeMode>absolute</altitudeMode><coordinates>
13.04117208,47.52758918,2066.31
13.04101157,47.52753991,2067.90
</coordinates></LineString>
<LineString><altitudeMode>absolute</altitudeMode><coordinates>
13.04101157,47.52753991,2067.90
13.04091687,47.52751076,2068.22
</coordinates></LineString>
<LineString><altitudeMode>absolute</altitudeMode><coordinates>
13.04091687,47.52751076,2068.22
13.04086144,47.52744385,2066.94
</coordinates></LineString>
<LineString><altitudeMode>absolute</altitudeMode><coordinates>
13.04086144,47.52744385,2066.94
13.04074051,47.52739464,2064.73
</coordinates></LineString>
<LineString><altitudeMode>absolute</altitudeMode><coordinates>
13.04074051,47.52739464,2064.73
13.04071473,47.52738061,2065.38
</coordinates></LineString>
<LineString><altitudeMode>absolute</altitudeMode><coordinates>
13.04071473,47.52738061,2065.38
13.04070307,47.52735836,2063.80
13.04065293,47.52733132,2062.51
</coordinates></LineString>
<LineString><altitudeMode>absolute</altitudeMode><coordinates>
13.04065293,47.52733132,2062.51
13.04061911,47.52730492,2063.44
13.04060971,47.52731106,2064.18
</coordinates></LineString>
<LineString><altitudeMode>absolute</altitudeMode><coordinates>
13.04060971,47.52731106,2064.18
13.04054943,47.52727448,2063.22
</coordinates></LineString>
<LineString><altitudeMode>absolute</altitudeMode><coordinates>
13.04054943,47.52727448,2063.22
13.04049087,47.52725584,2062.06
</coordinates></LineString>
<LineString><altitudeMode>absolute</altitudeMode><coordinates>
13.04049087,47.52725584,2062.06
13.04045737,47.52714954,2063.69
</coordinates></LineString>
<LineString><altitudeMode>absolute</altitudeMode><coordinates>
13.04045737,47.52714954,2063.69
13.04041133,47.52711213,2064.81
</coordinates></LineString>
<LineString><altitudeMode>absolute</altitudeMode><coordinates>
13.04041133,47.52711213,2064.81
13.04034980,47.52708399,2064.54
</coordinates></LineString>
<LineString><altitudeMode>absolute</altitudeMode><coordinates>
13.04034980,47.52708399,2064.54
13.04032096,47.52708809,2064.69
</coordinates></LineString>
<LineString><altitudeMode>absolute</altitudeMode><coordinates>
13.04032096,47.52708809,2064.69
13.04028904,47.52709609,2065.66
</coordinates></LineString>
<LineString><altitudeMode>absolute</altitudeMode><coordinates>
13.04028904,47.52709609,2065.66
13.04026072,47.52706096,2066.12
</coordinates></LineString>
<LineString><altitudeMode>absolute</altitudeMode><coordinates>
13.04026072,47.52706096,2066.12
13.04025413,47.52704186,2065.77
</coordinates></LineString>
<LineString><altitudeMode>absolute</altitudeMode><coordinates>
13.04025413,47.52704186,2065.77
13.04017619,47.52703702,2070.01
</coordinates></LineString>
<LineString><altitudeMode>absolute</altitudeMode><coordinates>
13.04017619,47.52703702,2070.01
13.04013630,47.52701286,2068.91
</coordinates></LineString>
<LineString><altitudeMode>absolute</altitudeMode><coordinates>
13.04219260,47.52842996,2035.20
13.04223165,47.52842667,2038.28
13.04223594,47.52841838,2038.62
13.04225893,47.52841472,2039.86
13.04228158,47.52842365,2039.09
13.04228034,47.52841778,2032.15
13.04230472,47.52842666,2033.28
13.04229873,47.52844464,2037.18
13.04228935,47.52847202,2033.81
13.04231940,47.52849989,2032.00
</coordinates></LineString>
<LineString><altitudeMode>absolute</altitudeMode><coordinates>
13.04200060,47.52854114,2084.11
13.04202528,47.52855254,2082.86
13.04202596,47.52856992,2082.35
13.04202670,47.52858586,2083.00
13.04200241,47.52861379,2085.64
</coordinates></LineString>
<LineString><altitudeMode>absolute</altitudeMode><coordinates>
13.04202596,47.52856992,2082.35
13.04202918,47.52856926,2079.17
13.04200204,47.52852749,2080.33
13.04201364,47.52850141,2081.46
</coordinates></LineString>
<LineString><altitudeMode>absolute</altitudeMode><coordinates>
13.04200204,47.52852749,2080.33
13.04199557,47.52852261,2076.64
</coordinates></LineString>
<LineString><altitudeMode>absolute</altitudeMode><coordinates>
13.04200204,47.52852749,2080.33
13.04202907,47.52852579,2083.30
13.04201325,47.52849403,2084.11
</coordinates></LineString>
<LineString><altitudeMode>absolute</altitudeMode><coordinates>
13.04162503,47.52879739,2071.84
13.04160391,47.52882241,2074.05
</coordinates></LineString>
<LineString><altitudeMode>absolute</altitudeMode><coordinates>
13.04176824,47.52871570,2061.77
13.04166096,47.52870325,2066.40
13.04166759,47.52866782,2066.69
13.04160355,47.52865017,2066.80
13.04158122,47.52863611,2067.22
13.04158490,47.52863347,2070.78
13.04157988,47.52860792,2069.28
13.04153660,47.52860332,2076.56
</coordinates></LineString>
<LineString><altitudeMode>absolute</altitudeMode><coordinates>
13.04166759,47.52866782,2066.69
13.04165981,47.52866616,2061.81
13.04166985,47.52867137,2058.58
13.04168604,47.52868964,2059.86
13.04168689,47.52867040,2054.37
</coordinates></LineString>
<LineString><altitudeMode>absolute</altitudeMode><coordinates>
13.04188360,47.52869680,2059.53
13.04188052,47.52865832,2056.18
13.04185513,47.52861577,2053.50
13.04184020,47.52860643,2052.25
13.04182596,47.52857865,2051.08
</coordinates></LineString>
<LineString><altitudeMode>absolute</altitudeMode><coordinates>
13.04184020,47.52860643,2052.25
13.04185528,47.52860831,2042.11
</coordinates></LineString>
<LineString><altitudeMode>absolute</altitudeMode><coordinates>
13.04013630,47.52701286,2068.91
13.04017363,47.52703806,2070.01
</coordinates></LineString>
<LineString><altitudeMode>absolute</altitudeMode><coordinates>
13.04013630,47.52701286,2068.91
13.04013114,47.52703013,2068.81
13.04010155,47.52704349,2067.73
13.04009804,47.52704154,2060.77
13.04012518,47.52705820,2062.05
13.04010616,47.52710151,2062.52
13.04013946,47.52713142,2065.01
13.04006783,47.52716034,2065.46
13.03998285,47.52718777,2071.57
13.03989369,47.52722026,2077.92
13.03985285,47.52721443,2079.24
13.03986621,47.52720539,2068.45
13.03990873,47.52718731,2071.09
13.03988266,47.52717391,2071.27
</coordinates></LineString>
<LineString><altitudeMode>absolute</altitudeMode><coordinates>
13.04009804,47.52704154,2060.77
13.04006748,47.52700232,2062.28
13.04006648,47.52696487,2061.25
13.04008250,47.52694868,2063.64
</coordinates></LineString>
<LineString><altitudeMode>absolute</altitudeMode><coordinates>
13.04006748,47.52700232,2062.28
13.04001419,47.52699565,2058.78
13.03998986,47.52701377,2058.69
13.03995770,47.52701781,2059.94
13.03995366,47.52702620,2061.43
13.03993557,47.52702328,2060.70
13.03992418,47.52701886,2059.55
13.03990455,47.52703940,2056.99
13.03987893,47.52702798,2050.24
13.03982421,47.52704918,2048.58
13.03986713,47.52709527,2047.01
</coordinates></LineString>
<LineString><altitudeMode>absolute</altitudeMode><coordinates>
13.03989369,47.52722026,2077.92
13.03980990,47.52722989,2083.38
</coordinates></LineString>
<LineString><altitudeMode>absolute</altitudeMode><coordinates>
13.03980990,47.52722989,2083.38
13.03986481,47.52723236,2090.82
</coordinates></LineString>
<LineString><altitudeMode>absolute</altitudeMode><coordinates>
13.04198892,47.52866935,2050.38
13.04191929,47.52865160,2050.08
13.04189883,47.52866250,2044.27
13.04190722,47.52866904,2029.65
13.04186011,47.52859633,2030.10
</coordinates></LineString>
<LineString><altitudeMode>absolute</altitudeMode><coordinates>
13.04189883,47.52866250,2044.27
13.04183094,47.52858045,2047.07
</coordinates></LineString>
<LineString><altitudeMode>absolute</altitudeMode><coordinates>
13.04190722,47.52866904,2029.65
13.04194889,47.52868450,2026.68
13.04194958,47.52868749,2024.98
13.04197563,47.52868370,2023.72
13.04197588,47.52869117,2023.71
13.04203241,47.52870375,2025.46
13.04202711,47.52869610,2025.44
13.04206917,47.52869421,2026.83
13.04209041,47.52871959,2027.84
13.04212663,47.52873172,2026.09
13.04218626,47.52872509,2005.51
13.04223101,47.52874718,1993.04
13.04225102,47.52873790,1992.70
13.04224439,47.52874102,1967.75
13.04224275,47.52875647,1966.94
13.04220654,47.52876215,1965.78
13.04220313,47.52877874,1964.74
13.04219365,47.52878713,1964.10
13.04217547,47.52880076,1964.21
13.04220499,47.52882142,1963.71
13.04218315,47.52883725,1961.25
13.04218151,47.52883470,1959.17
13.04216489,47.52881732,1957.85
13.04215717,47.52884274,1955.43
</coordinates></LineString>
<LineString><altitudeMode>absolute</altitudeMode><coordinates>
13.04218151,47.52883470,1959.17
13.04214697,47.52885967,1956.92
</coordinates></LineString>
<LineString><altitudeMode>absolute</altitudeMode><coordinates>
13.04175566,47.52797258,2062.80
13.04177897,47.52796740,2060.71
13.04179863,47.52797799,2057.89
13.04183067,47.52800608,2053.48
13.04185249,47.52801230,2051.40
13.04187581,47.52801756,2049.43
13.04187733,47.52804449,2046.88
13.04192698,47.52805631,2036.02
</coordinates></LineString>
<LineString><altitudeMode>absolute</altitudeMode><coordinates>
13.04182741,47.52767605,2063.66
13.04188286,47.52768905,2063.57
13.04198840,47.52771623,2060.23
13.04205048,47.52775788,2057.19
</coordinates></LineString>
<LineString><altitudeMode>absolute</altitudeMode><coordinates>
13.04216734,47.52850872,2049.12
13.04216800,47.52850189,2043.44
13.04222116,47.52849416,2040.79
13.04226101,47.52846236,2039.09
13.04224815,47.52844729,2035.39
</coordinates></LineString>
<LineString><altitudeMode>absolute</altitudeMode><coordinates>
13.04226101,47.52846236,2039.09
13.04228434,47.52848156,2039.13
13.04220197,47.52847080,2048.81
</coordinates></LineString>
<LineString><altitudeMode>absolute</altitudeMode><coordinates>
13.04228434,47.52848156,2039.13
13.04222950,47.52848791,2046.61
</coordinates></LineString>
<LineString><altitudeMode>absolute</altitudeMode><coordinates>
13.04222116,47.52849416,2040.79
13.04221754,47.52848078,2024.85
13.04228173,47.52841610,2008.12
13.04231562,47.52843008,2007.30
</coordinates></LineString>
<LineString><altitudeMode>absolute</altitudeMode><coordinates>
13.04216734,47.52850872,2049.12
13.04216876,47.52848850,2051.25
13.04215309,47.52846681,2054.04
13.04213083,47.52847255,2054.42
13.04216854,47.52850505,2050.02
</coordinates></LineString>
<LineString><altitudeMode>absolute</altitudeMode><coordinates>
13.04215309,47.52846681,2054.04
13.04219299,47.52846209,2047.94
13.04227389,47.52849461,2039.52
</coordinates></LineString>
<LineString><altitudeMode>absolute</altitudeMode><coordinates>
13.03980990,47.52722989,2083.38
13.03976235,47.52725446,2087.20
13.03968081,47.52730714,2095.96
13.03960606,47.52731297,2100.60
13.03962266,47.52734520,2101.63
</coordinates></LineString>
<LineString><altitudeMode>absolute</altitudeMode><coordinates>
13.04179394,47.52802920,2056.77
13.04179662,47.52805697,2056.32
13.04177530,47.52806947,2048.17
13.04179377,47.52807653,2047.82
13.04180781,47.52810971,2044.00
13.04179007,47.52807602,2043.62
13.04181359,47.52807570,2034.55
</coordinates></LineString>
<LineString><altitudeMode>absolute</altitudeMode><coordinates>
13.03982421,47.52704918,2048.58
13.03983561,47.52704623,2045.03
13.03978127,47.52706770,2032.88
13.03980254,47.52708858,2032.51
13.03980753,47.52710442,2029.67
13.03978789,47.52710381,2025.15
13.03978409,47.52714883,2025.83
13.03978743,47.52715896,2020.39
13.03980033,47.52717997,2012.01
13.03981746,47.52719439,2001.33
13.03983568,47.52719407,1990.17
13.03984089,47.52717535,1975.32
13.03987335,47.52717060,1975.32
13.03986940,47.52712329,1961.42
13.03986367,47.52709539,1956.59
</coordinates></LineString>
<LineString><altitudeMode>absolute</altitudeMode><coordinates>
13.03986367,47.52709539,1956.59
13.03985545,47.52708418,1953.48
13.03986567,47.52708076,1952.40
13.03989231,47.52708616,1941.69
13.03987131,47.52712566,1940.09
13.03990230,47.52713537,1939.16
13.03990653,47.52712888,1939.29
13.03991017,47.52712021,1937.67
13.03991188,47.52711367,1926.92
13.03989011,47.52713804,1926.59
13.03987590,47.52714509,1922.69
13.03988241,47.52716293,1917.16
13.03987067,47.52716768,1913.24
13.03987870,47.52719823,1910.42
13.03986725,47.52722017,1904.45
13.03985322,47.52725457,1900.81
</coordinates></LineString>
<LineString><altitudeMode>absolute</altitudeMode><coordinates>
13.04222997,47.52817199,2083.10
13.04225286,47.52817436,2082.12
13.04230679,47.52815341,2077.77
13.04233173,47.52813998,2075.92
13.04237110,47.52810673,2070.13
13.04239763,47.52808271,2066.93
13.04246513,47.52810753,2063.78
13.04245214,47.52812449,2058.65
13.04240251,47.52811239,2057.82
13.04236977,47.52812101,2056.15
13.04237696,47.52814903,2054.32
13.04238641,47.52815927,2054.01
13.04234648,47.52813636,2054.68
13.04229957,47.52811874,2057.81
13.04225885,47.52810994,2060.45
13.04228017,47.52815098,2059.73
13.04227051,47.52816791,2061.20
13.04229907,47.52817146,2059.38
13.04234843,47.52823385,2054.80
13.04236517,47.52825177,2053.65
13.04234246,47.52827298,2052.67
13.04235698,47.52830049,2051.35
</coordinates></LineString>
<LineString><altitudeMode>absolute</altitudeMode><coordinates>
13.04245214,47.52812449,2058.65
13.04247549,47.52811481,2056.35
</coordinates></LineString>
<LineString><altitudeMode>absolute</altitudeMode><coordinates>
13.04247549,47.52811481,2056.35
13.04249360,47.52812088,2056.10
</coordinates></LineString>
<LineString><altitudeMode>absolute</altitudeMode><coordinates>
13.04249360,47.52812088,2056.10
13.04249414,47.52813844,2044.39
</coordinates></LineString>
<LineString><altitudeMode>absolute</altitudeMode><coordinates>
13.04249414,47.52813844,2044.39
13.04250939,47.52815696,2042.62
</coordinates></LineString>
<LineString><altitudeMode>absolute</altitudeMode><coordinates>
13.04250939,47.52815696,2042.62
13.04252478,47.52817540,2040.87
</coordinates></LineString>
<LineString><altitudeMode>absolute</altitudeMode><coordinates>
13.04252478,47.52817540,2040.87
13.04251879,47.52819366,2041.27
</coordinates></LineString>
<LineString><altitudeMode>absolute</altitudeMode><coordinates>
13.04250939,47.52815696,2042.62
13.04249375,47.52816668,2043.59
</coordinates></LineString>
<LineString><altitudeMode>absolute</altitudeMode><coordinates>
13.04207723,47.53802998,1978.10
13.04208445,47.53804307,1975.40
</coordinates></LineString>
<LineString><altitudeMode>absolute</altitudeMode><coordinates>
13.04208445,47.53804307,1975.40
13.04210122,47.53802095,1973.06
</coordinates></LineString>
<LineString><altitudeMode>absolute</altitudeMode><coordinates>
13.04210122,47.53802095,1973.06
13.04212587,47.53801894,1971.27
</coordinates></LineString>
<LineString><altitudeMode>absolute</altitudeMode><coordinates>
13.04212587,47.53801894,1971.27
13.04211683,47.53800502,1968.56
</coordinates></LineString>
<LineString><altitudeMode>absolute</altitudeMode><coordinates>
13.04211683,47.53800502,1968.56
13.04213649,47.53798376,1957.78
</coordinates></LineString>
<LineString><altitudeMode>absolute</altitudeMode><coordinates>
13.04213649,47.53798376,1957.78
13.04210509,47.53796702,1956.84
</coordinates></LineString>
<LineString><altitudeMode>absolute</altitudeMode><coordinates>
13.04210509,47.53796702,1956.84
13.04208715,47.53795268,1954.99
</coordinates></LineString>
<LineString><altitudeMode>absolute</altitudeMode><coordinates>
13.04208715,47.53795268,1954.99
13.04201199,47.53791927,1954.59
</coordinates></LineString>
<LineString><altitudeMode>absolute</altitudeMode><coordinates>
13.04201199,47.53791927,1954.59
13.04198311,47.53788125,1953.09
</coordinates></LineString>
<LineString><altitudeMode>absolute</altitudeMode><coordinates>
13.04198311,47.53788125,1953.09
13.04196124,47.53782977,1950.77
</coordinates></LineString>
<LineString><altitudeMode>absolute</altitudeMode><coordinates>
13.04196124,47.53782977,1950.77
13.04192402,47.53778729,1948.55
</coordinates></LineString>
<LineString><altitudeMode>absolute</altitudeMode><coordinates>
13.04737871,47.51788267,2079.10
13.04712643,47.51777264,2087.08
13.04709730,47.51775244,2088.04
13.04701279,47.51777836,2089.54
13.04702224,47.51780290,2091.54
13.04698877,47.51782771,2089.26
13.04698105,47.51784260,2089.28
</coordinates></LineString>
<LineString><altitudeMode>absolute</altitudeMode><coordinates>
13.04737871,47.51788267,2079.10
13.04749378,47.51773148,2077.88
</coordinates></LineString>
<LineString><altitudeMode>absolute</altitudeMode><coordinates>
13.04749378,47.51773148,2077.88
13.04749307,47.51771473,2077.06
</coordinates></LineString>
<LineString><altitudeMode>absolute</altitudeMode><coordinates>
13.04749307,47.51771473,2077.06
13.04754474,47.51769680,2079.97
</coordinates></LineString>
<LineString><altitudeMode>absolute</altitudeMode><coordinates>
13.04754474,47.51769680,2079.97
13.04756641,47.51767117,2083.03
</coordinates></LineString>
<LineString><altitudeMode>absolute</altitudeMode><coordinates>
13.04756641,47.51767117,2083.03
13.04761014,47.51770260,2084.14
</coordinates></LineString>
<LineString><altitudeMode>absolute</altitudeMode><coordinates>
13.04756641,47.51767117,2083.03
13.04758996,47.51763800,2087.00
</coordinates></LineString>
<LineString><altitudeMode>absolute</altitudeMode><coordinates>
13.04758996,47.51763800,2087.00
13.04759029,47.51760400,2086.34
</coordinates></LineString>
<LineString><altitudeMode>absolute</altitudeMode><coordinates>
13.04759029,47.51760400,2086.34
13.04757293,47.51756015,2089.15
</coordinates></LineString>
<LineString><altitudeMode>absolute</altitudeMode><coordinates>
13.04757293,47.51756015,2089.15
13.04749400,47.51755727,2090.96
</coordinates></LineString>
<LineString><altitudeMode>absolute</altitudeMode><coordinates>
13.04749400,47.51755727,2090.96
13.04746942,47.51752869,2091.44
</coordinates></LineString>
<LineString><altitudeMode>absolute</altitudeMode><coordinates>
13.04746942,47.51752869,2091.44
13.04742012,47.51752920,2092.94
</coordinates></LineString>
<LineString><altitudeMode>absolute</altitudeMode><coordinates>
13.04742012,47.51752920,2092.94
13.04742926,47.51750146,2094.14
</coordinates></LineString>
<LineString><altitudeMode>absolute</altitudeMode><coordinates>
13.04742926,47.51750146,2094.14
13.04743800,47.51747353,2093.41
</coordinates></LineString>
<LineString><altitudeMode>absolute</altitudeMode><coordinates>
13.04712643,47.51777264,2087.08
13.04718148,47.51790712,2080.32
</coordinates></LineString>
<LineString><altitudeMode>absolute</altitudeMode><coordinates>
13.04718148,47.51790712,2080.32
13.04714357,47.51790863,2081.96
</coordinates></LineString>
<LineString><altitudeMode>absolute</altitudeMode><coordinates>
13.04714357,47.51790863,2081.96
13.04713798,47.51790890,2084.90
</coordinates></LineString>
<LineString><altitudeMode>absolute</altitudeMode><coordinates>
13.04713798,47.51790890,2084.90
13.04711332,47.51789705,2085.34
</coordinates></LineString>
<LineString><altitudeMode>absolute</altitudeMode><coordinates>
13.04711332,47.51789705,2085.34
13.04708757,47.51790363,2083.77
</coordinates></LineString>
<LineString><altitudeMode>absolute</altitudeMode><coordinates>
13.04708757,47.51790363,2083.77
13.04706367,47.51791051,2082.53
</coordinates></LineString>
<LineString><altitudeMode>absolute</altitudeMode><coordinates>
13.04706367,47.51791051,2082.53
13.04701473,47.51792272,2081.40
</coordinates></LineString>
<LineString><altitudeMode>absolute</altitudeMode><coordinates>
13.04696279,47.51825217,2060.95
13.04693053,47.51823713,2054.36
13.04689816,47.51822191,2047.73
13.04688829,47.51819439,2047.52
13.04685557,47.51820625,2048.67
</coordinates></LineString>
<LineString><altitudeMode>absolute</altitudeMode><coordinates>
13.04695900,47.51826839,2068.66
13.04695819,47.51823274,2067.29
13.04699345,47.51821697,2069.97
13.04702616,47.51819809,2072.80
13.04705805,47.51818720,2073.93
13.04711064,47.51816236,2077.26
13.04706372,47.51816310,2075.55
</coordinates></LineString>
<LineString><altitudeMode>absolute</altitudeMode><coordinates>
13.04711064,47.51816236,2077.26
13.04717399,47.51816974,2078.70
13.04718857,47.51819915,2080.21
13.04722566,47.51819852,2081.46
13.04724209,47.51822102,2080.70
13.04726287,47.51821598,2080.57
13.04727915,47.51823173,2080.24
</coordinates></LineString>
<LineString><altitudeMode>absolute</altitudeMode><coordinates>
13.04692535,47.51828744,2062.87
13.04687329,47.51830859,2070.80
13.04689208,47.51833915,2070.72
13.04688709,47.51834842,2071.62
13.04683878,47.51835786,2073.56
13.04682360,47.51836957,2073.26
13.04680599,47.51835397,2073.90
13.04680168,47.51833761,2075.15
13.04681325,47.51837299,2077.29
13.04682195,47.51839968,2077.67
13.04681364,47.51841961,2076.77
13.04685853,47.51842694,2078.46
13.04686207,47.51845679,2076.33
13.04679254,47.51848701,2073.87
13.04677033,47.51845927,2075.73
13.04675340,47.51846807,2075.54
13.04672900,47.51845974,2076.31
13.04672305,47.51848393,2075.37
</coordinates></LineString>
<LineString><altitudeMode>absolute</altitudeMode><coordinates>
13.04703192,47.51832911,2057.89
13.04699380,47.51836860,2058.70
</coordinates></LineString>
<LineString><altitudeMode>absolute</altitudeMode><coordinates>
13.04699380,47.51836860,2058.70
13.04687746,47.51843590,2056.26
</coordinates></LineString>
<LineString><altitudeMode>absolute</altitudeMode><coordinates>
13.04687746,47.51843590,2056.26
13.04683669,47.51846796,2053.69
</coordinates></LineString>
<LineString><altitudeMode>absolute</altitudeMode><coordinates>
13.04683669,47.51846796,2053.69
13.04679923,47.51848577,2052.24
</coordinates></LineString>
<LineString><altitudeMode>absolute</altitudeMode><coordinates>
13.04679923,47.51848577,2052.24
13.04676763,47.51851052,2050.22
</coordinates></LineString>
<LineString><altitudeMode>absolute</altitudeMode><coordinates>
13.04676763,47.51851052,2050.22
13.04671569,47.51852484,2048.71
</coordinates></LineString>
<LineString><altitudeMode>absolute</altitudeMode><coordinates>
13.04671569,47.51852484,2048.71
13.04667557,47.51853567,2046.82
</coordinates></LineString>
<LineString><altitudeMode>absolute</altitudeMode><coordinates>
13.04667557,47.51853567,2046.82
13.04665167,47.51857117,2044.81
</coordinates></LineString>
<LineString><altitudeMode>absolute</altitudeMode><coordinates>
13.04665167,47.51857117,2044.81
13.04661141,47.51859307,2043.50
</coordinates></LineString>
<LineString><altitudeMode>absolute</altitudeMode><coordinates>
13.04661141,47.51859307,2043.50
13.04659651,47.51859714,2042.92
</coordinates></LineString>
<LineString><altitudeMode>absolute</altitudeMode><coordinates>
13.04738361,47.51803708,2064.04
13.04742800,47.51802200,2065.73
13.04753522,47.51799629,2067.13
13.04755520,47.51799123,2064.42
13.04759902,47.51797002,2064.15
13.04764577,47.51797037,2063.87
13.04767463,47.51795511,2064.01
</coordinates></LineString>
<LineString><altitudeMode>absolute</altitudeMode><coordinates>
13.04753522,47.51799629,2067.13
13.04756885,47.51796339,2067.66
</coordinates></LineString>
<LineString><altitudeMode>absolute</altitudeMode><coordinates>
13.04756885,47.51796339,2067.66
13.04762352,47.51792194,2064.47
</coordinates></LineString>
<LineString><altitudeMode>absolute</altitudeMode><coordinates>
13.04762352,47.51792194,2064.47
13.04760536,47.51787798,2064.55
</coordinates></LineString>
<LineString><altitudeMode>absolute</altitudeMode><coordinates>
13.04694961,47.52045682,2079.99
13.04692891,47.52047420,2080.04
13.04683295,47.52053987,2083.97
13.04683837,47.52058720,2084.30
13.04686984,47.52061986,2082.43
</coordinates></LineString>
<LineString><altitudeMode>absolute</altitudeMode><coordinates>
13.04683837,47.52058720,2084.30
13.04672711,47.52061428,2085.51
13.04666507,47.52057858,2086.84
13.04658455,47.52057928,2089.50
13.04660763,47.52064095,2089.07
13.04652903,47.52065761,2092.55
13.04645552,47.52065915,2097.58
13.04646405,47.52059765,2100.09
13.04655716,47.52061562,2102.40
13.04652082,47.52067133,2099.78
</coordinates></LineString>
<LineString><altitudeMode>absolute</altitudeMode><coordinates>
13.04719638,47.52034342,2086.48
13.04718116,47.52032759,2086.63
13.04716966,47.52030472,2086.35
13.04716470,47.52030238,2086.22
13.04716799,47.52028894,2077.35
</coordinates></LineString>
<LineString><altitudeMode>absolute</altitudeMode><coordinates>
13.04768679,47.52021158,2116.49
13.04768501,47.52018437,2117.53
13.04769098,47.52018474,2112.25
</coordinates></LineString>
<LineString><altitudeMode>absolute</altitudeMode><coordinates>
13.04768501,47.52018437,2117.53
13.04764193,47.52016060,2117.18
13.04764386,47.52015505,2111.94
</coordinates></LineString>
<LineString><altitudeMode>absolute</altitudeMode><coordinates>
13.04645552,47.52065915,2097.58
13.04646597,47.52065671,2095.78
</coordinates></LineString>
<LineString><altitudeMode>absolute</altitudeMode><coordinates>
13.04646597,47.52065671,2095.78
13.04650515,47.52069626,2097.17
</coordinates></LineString>
<LineString><altitudeMode>absolute</altitudeMode><coordinates>
13.04672711,47.52061428,2085.51
13.04673915,47.52061548,2085.81
13.04674099,47.52063396,2084.72
</coordinates></LineString>
<LineString><altitudeMode>absolute</altitudeMode><coordinates>
13.04674099,47.52063396,2084.72
13.04676566,47.52064580,2084.60
</coordinates></LineString>
<LineString><altitudeMode>absolute</altitudeMode><coordinates>
13.04676566,47.52064580,2084.60
13.04675190,47.52066942,2084.52
</coordinates></LineString>
<LineString><altitudeMode>absolute</altitudeMode><coordinates>
13.04675190,47.52066942,2084.52
13.04674173,47.52068922,2084.60
</coordinates></LineString>
<LineString><altitudeMode>absolute</altitudeMode><coordinates>
13.04674173,47.52068922,2084.60
13.04675798,47.52069885,2084.67
</coordinates></LineString>
<LineString><altitudeMode>absolute</altitudeMode><coordinates>
13.04673915,47.52061548,2085.81
13.04676629,47.52061459,2083.69
</coordinates></LineString>
<LineString><altitudeMode>absolute</altitudeMode><coordinates>
13.04692891,47.52047420,2080.04
13.04691177,47.52044565,2078.77
13.04688845,47.52044048,2076.59
</coordinates></LineString>
<LineString><altitudeMode>absolute</altitudeMode><coordinates>
13.04688845,47.52044048,2076.59
13.04689939,47.52042861,2075.53
</coordinates></LineString>
<LineString><altitudeMode>absolute</altitudeMode><coordinates>
13.04741375,47.52038158,2088.76
13.04745046,47.52040524,2087.99
</coordinates></LineString>
<LineString><altitudeMode>absolute</altitudeMode><coordinates>
13.04745046,47.52040524,2087.99
13.04743248,47.52042806,2089.73
</coordinates></LineString>
<LineString><altitudeMode>absolute</altitudeMode><coordinates>
13.04805023,47.52020796,2126.80
13.04808066,47.52017545,2128.49
</coordinates></LineString>
<LineString><altitudeMode>absolute</altitudeMode><coordinates>
13.04808066,47.52017545,2128.49
13.04812116,47.52014725,2129.95
</coordinates></LineString>
<LineString><altitudeMode>absolute</altitudeMode><coordinates>
13.04812116,47.52014725,2129.95
13.04811714,47.52013765,2132.51
</coordinates></LineString>
<LineString><altitudeMode>absolute</altitudeMode><coordinates>
13.03641663,47.53649991,1974.00
13.03643230,47.53650009,1966.43
13.03643021,47.53650635,1960.67
13.03644796,47.53650783,1957.91
13.03642304,47.53648490,1956.23
13.03645734,47.53648423,1953.18
13.03646395,47.53649226,1951.41
13.03645030,47.53649851,1950.51
13.03646082,47.53650868,1949.90
13.03645772,47.53652743,1945.49
13.03647796,47.53651212,1939.39
13.03647404,47.53649972,1935.61
13.03648066,47.53647536,1933.78
13.03651901,47.53646603,1924.35
13.03649362,47.53647720,1921.02
13.03652342,47.53648671,1919.13
13.03654222,47.53648865,1916.75
13.03657904,47.53648128,1914.42
13.03660500,47.53649063,1912.31
13.03661776,47.53651172,1908.04
13.03664463,47.53650031,1898.98
13.03664728,47.53649693,1886.41
13.03667483,47.53647446,1886.21
</coordinates></LineString>
<LineString><altitudeMode>absolute</altitudeMode><coordinates>
13.03651901,47.53646603,1924.35
13.03654788,47.53643323,1926.25
</coordinates></LineString>
<LineString><altitudeMode>absolute</altitudeMode><coordinates>
13.03654788,47.53643323,1926.25
13.03656524,47.53640950,1927.64
</coordinates></LineString>
<LineString><altitudeMode>absolute</altitudeMode><coordinates>
13.03656524,47.53640950,1927.64
13.03655416,47.53638943,1927.16
</coordinates></LineString>
<LineString><altitudeMode>absolute</altitudeMode><coordinates>
13.03655416,47.53638943,1927.16
13.03657143,47.53638963,1920.29
13.03654510,47.53638657,1918.96
13.03656371,47.53638644,1916.06
13.03654654,47.53637310,1909.83
13.03659389,47.53635744,1909.52
13.03665079,47.53632476,1910.84
</coordinates></LineString>
<LineString><altitudeMode>absolute</altitudeMode><coordinates>
13.03665079,47.53632476,1910.84
13.03667489,47.53633409,1910.97
</coordinates></LineString>
<LineString><altitudeMode>absolute</altitudeMode><coordinates>
13.03667489,47.53633409,1910.97
13.03669225,47.53633879,1911.03
</coordinates></LineString>
<LineString><altitudeMode>absolute</altitudeMode><coordinates>
13.03669225,47.53633879,1911.03
13.03671383,47.53633736,1902.62
</coordinates></LineString>
<LineString><altitudeMode>absolute</altitudeMode><coordinates>
13.03671383,47.53633736,1902.62
13.03672528,47.53632271,1901.05
</coordinates></LineString>
<LineString><altitudeMode>absolute</altitudeMode><coordinates>
13.03672528,47.53632271,1901.05
13.03674496,47.53630100,1900.60
</coordinates></LineString>
<LineString><altitudeMode>absolute</altitudeMode><coordinates>
13.03674496,47.53630100,1900.60
13.03674659,47.53632119,1890.03
</coordinates></LineString>
<LineString><altitudeMode>absolute</altitudeMode><coordinates>
13.03674659,47.53632119,1890.03
13.03676470,47.53628109,1873.67
</coordinates></LineString>
<LineString><altitudeMode>absolute</altitudeMode><coordinates>
13.03676470,47.53628109,1873.67
13.03681973,47.53626269,1873.00
</coordinates></LineString>
<LineString><altitudeMode>absolute</altitudeMode><coordinates>
13.03681973,47.53626269,1873.00
13.03685205,47.53625118,1872.85
</coordinates></LineString>
<LineString><altitudeMode>absolute</altitudeMode><coordinates>
13.03685205,47.53625118,1872.85
13.03686341,47.53625309,1870.47
</coordinates></LineString>
<LineString><altitudeMode>absolute</altitudeMode><coordinates>
13.03686341,47.53625309,1870.47
13.03687542,47.53625896,1862.65
</coordinates></LineString>
<LineString><altitudeMode>absolute</altitudeMode><coordinates>
13.03687542,47.53625896,1862.65
13.03686490,47.53627003,1855.09
</coordinates></LineString>
<LineString><altitudeMode>absolute</altitudeMode><coordinates>
13.03686490,47.53627003,1855.09
13.03690780,47.53629200,1853.34
</coordinates></LineString>
<LineString><altitudeMode>absolute</altitudeMode><coordinates>
13.03690780,47.53629200,1853.34
13.03692575,47.53629177,1851.20
</coordinates></LineString>
<LineString><altitudeMode>absolute</altitudeMode><coordinates>
13.03411166,47.53730500,2006.00
13.03406899,47.53729140,2002.58
13.03406436,47.53729087,1997.44
13.03406106,47.53726877,1996.12
</coordinates></LineString>
<LineString><altitudeMode>absolute</altitudeMode><coordinates>
13.03933337,47.52146664,2081.00
13.03932923,47.52147431,2078.83
13.03931913,47.52146730,2076.37
</coordinates></LineString>
<LineString><altitudeMode>absolute</altitudeMode><coordinates>
13.03931913,47.52146730,2076.37
13.03919803,47.52150158,2070.34
</coordinates></LineString>
<LineString><altitudeMode>absolute</altitudeMode><coordinates>
13.03919803,47.52150158,2070.34
13.03918645,47.52153072,2068.85
</coordinates></LineString>
<LineString><altitudeMode>absolute</altitudeMode><coordinates>
13.03918645,47.52153072,2068.85
13.03916258,47.52155119,2067.24
</coordinates></LineString>
<LineString><altitudeMode>absolute</altitudeMode><coordinates>
13.03916258,47.52155119,2067.24
13.03917207,47.52157456,2065.39
</coordinates></LineString>
<LineString><altitudeMode>absolute</altitudeMode><coordinates>
13.03917207,47.52157456,2065.39
13.03915383,47.52157551,2065.19
</coordinates></LineString>
<LineString><altitudeMode>absolute</altitudeMode><coordinates>
13.03915383,47.52157551,2065.19
13.03913357,47.52160594,2065.63
</coordinates></LineString>
<LineString><altitudeMode>absolute</altitudeMode><coordinates>
13.03916258,47.52155119,2067.24
13.03911266,47.52152550,2066.36
13.03912503,47.52151068,2066.83
13.03911306,47.52150760,2067.16
</coordinates></LineString>
<LineString><altitudeMode>absolute</altitudeMode><coordinates>
13.03911306,47.52150760,2067.16
13.03911470,47.52150286,2066.40
</coordinates></LineString>
<LineString><altitudeMode>absolute</altitudeMode><coordinates>
13.03911470,47.52150286,2066.40
13.03909688,47.52148896,2066.66
13.03909893,47.52148045,2067.40
13.03911049,47.52147309,2066.82
</coordinates></LineString>
<LineString><altitudeMode>absolute</altitudeMode><coordinates>
13.03911049,47.52147309,2066.82
13.03910350,47.52146478,2061.70
</coordinates></LineString>
<LineString><altitudeMode>absolute</altitudeMode><coordinates>
13.03910350,47.52146478,2061.70
13.03909592,47.52149354,2056.92
</coordinates></LineString>
<LineString><altitudeMode>absolute</altitudeMode><coordinates>
13.03909592,47.52149354,2056.92
13.03908697,47.52152326,2050.17
</coordinates></LineString>
<LineString><altitudeMode>absolute</altitudeMode><coordinates>
13.03908697,47.52152326,2050.17
13.03906613,47.52155503,2044.12
</coordinates></LineString>
<LineString><altitudeMode>absolute</altitudeMode><coordinates>
13.03906613,47.52155503,2044.12
13.03907500,47.52156651,2041.63
</coordinates></LineString>
<LineString><altitudeMode>absolute</altitudeMode><coordinates>
13.03907500,47.52156651,2041.63
13.03906163,47.52157232,2040.88
</coordinates></LineString>
<LineString><altitudeMode>absolute</altitudeMode><coordinates>
13.03906163,47.52157232,2040.88
13.03904434,47.52156923,2038.55
13.03902558,47.52158421,2038.78
</coordinates></LineString>
<LineString><altitudeMode>absolute</altitudeMode><coordinates>
13.03902558,47.52158421,2038.78
13.03902594,47.52158898,2037.77
13.03900933,47.52159968,2038.11
13.03900497,47.52160257,2036.05
</coordinates></LineString>
<LineString><altitudeMode>absolute</altitudeMode><coordinates>
13.03900497,47.52160257,2036.05
13.03899076,47.52160971,2036.29
13.03897766,47.52161533,2035.26
</coordinates></LineString>
<LineString><altitudeMode>absolute</altitudeMode><coordinates>
13.05922598,47.52822296,2011.70
13.05919300,47.52825975,2011.55
13.05914339,47.52826494,2011.50
13.05907947,47.52828671,2011.40
13.05905839,47.52828555,2011.16
13.05904362,47.52829348,2010.01
13.05905909,47.52828466,2006.30
13.05904169,47.52829903,2006.69
</coordinates></LineString>
<LineString><altitudeMode>absolute</altitudeMode><coordinates>
13.05905909,47.52828466,2006.30
13.05908842,47.52828551,2006.05
13.05908229,47.52827893,1997.77
</coordinates></LineString>
<LineString><altitudeMode>absolute</altitudeMode><coordinates>
13.05821664,47.53288332,1990.00
13.05822200,47.53285695,1983.03
13.05823336,47.53285868,1980.87
13.05822490,47.53286105,1973.08
13.05826111,47.53284844,1969.30
13.05826843,47.53282661,1962.44
13.05826211,47.53281777,1960.77
13.05826509,47.53277661,1943.67
13.05822686,47.53280449,1940.12
13.05822686,47.53280449,1939.62
</coordinates></LineString>
<LineString><altitudeMode>absolute</altitudeMode><coordinates>
13.04338589,47.52723447,1408.66
13.04339003,47.52724102,1411.13
</coordinates></LineString>
<LineString><altitudeMode>absolute</altitudeMode><coordinates>
13.04932478,47.52169495,2049.06
13.04932738,47.52166782,2054.01
13.04943100,47.52164996,2053.75
13.04944216,47.52161038,2056.40
13.04947224,47.52152649,2064.09
13.04954194,47.52150959,2065.71
13.04956239,47.52143093,2067.69
13.04967093,47.52135548,2073.21
</coordinates></LineString>
<LineString><altitudeMode>absolute</altitudeMode><coordinates>
13.04442613,47.53091466,1753.28
13.04451830,47.53092271,1756.88
</coordinates></LineString>
<LineString><altitudeMode>absolute</altitudeMode><coordinates>
13.04927782,47.52682989,1733.66
13.04926661,47.52685634,1734.16
</coordinates></LineString>
<LineString><altitudeMode>absolute</altitudeMode><coordinates>
13.04583090,47.52756790,1653.66
13.04581207,47.52748813,1652.80
</coordinates></LineString>
<LineString><altitudeMode>absolute</altitudeMode><coordinates>
13.04557904,47.52707365,1667.55
13.04560218,47.52708007,1671.20
13.04562685,47.52708472,1671.86
</coordinates></LineString>
<LineString><altitudeMode>absolute</altitudeMode><coordinates>
13.04874135,47.52844137,1744.22
13.04868229,47.52845773,1743.55
</coordinates></LineString>
<LineString><altitudeMode>absolute</altitudeMode><coordinates>
13.04874135,47.52844137,1744.22
13.04868400,47.52845821,1743.61
</coordinates></LineString>
<LineString><altitudeMode>absolute</altitudeMode><coordinates>
13.04517720,47.52768022,1639.73
13.04525774,47.52767943,1639.74
</coordinates></LineString>
<LineString><altitudeMode>absolute</altitudeMode><coordinates>
13.04917386,47.52692476,1742.36
13.04910735,47.52690906,1741.76
</coordinates></LineString>
<LineString><altitudeMode>absolute</altitudeMode><coordinates>
13.04914632,47.52685780,1731.70
13.04917962,47.52686988,1730.17
</coordinates></LineString>
<LineString><altitudeMode>absolute</altitudeMode><coordinates>
13.04895205,47.52705219,1728.91
13.04895841,47.52702404,1729.51
13.04896727,47.52700007,1732.24
</coordinates></LineString>
<LineString><altitudeMode>absolute</altitudeMode><coordinates>
13.04579720,47.52760602,1655.78
13.04580369,47.52762782,1656.04
</coordinates></LineString>
<LineString><altitudeMode>absolute</altitudeMode><coordinates>
13.03676663,47.53555676,1715.52
13.03670884,47.53557070,1717.92
</coordinates></LineString>
<LineString><altitudeMode>absolute</altitudeMode><coordinates>
13.04490886,47.52724345,1600.27
13.04492585,47.52725445,1604.86
13.04491432,47.52730743,1605.40
</coordinates></LineString>
<LineString><altitudeMode>absolute</altitudeMode><coordinates>
13.04521270,47.52761153,1542.87
13.04525714,47.52761310,1551.54
</coordinates></LineString>
<LineString><altitudeMode>absolute</altitudeMode><coordinates>
13.03806305,47.53379520,1731.61
13.03802387,47.53381613,1731.15
</coordinates></LineString>
<LineString><altitudeMode>absolute</altitudeMode><coordinates>
13.04360034,47.52736240,1509.04
13.04354858,47.52735018,1507.88
</coordinates></LineString>
<LineString><altitudeMode>absolute</altitudeMode><coordinates>
13.04354858,47.52735018,1507.88
13.04347876,47.52734863,1505.47
</coordinates></LineString>
<LineString><altitudeMode>absolute</altitudeMode><coordinates>
13.04932898,47.52670055,1750.34
13.04939186,47.52672826,1748.94
</coordinates></LineString>
<LineString><altitudeMode>absolute</altitudeMode><coordinates>
13.04931060,47.52676638,1739.77
13.04929693,47.52677677,1738.25
</coordinates></LineString>
<LineString><altitudeMode>absolute</altitudeMode><coordinates>
13.04471126,47.52776630,1509.81
13.04471305,47.52773952,1509.67
13.04480917,47.52778786,1509.67
</coordinates></LineString>
<LineString><altitudeMode>absolute</altitudeMode><coordinates>
13.04324091,47.52738542,1492.88
13.04332954,47.52739215,1493.02
13.04330608,47.52740129,1497.01
13.04324941,47.52740338,1496.67
</coordinates></LineString>
<LineString><altitudeMode>absolute</altitudeMode><coordinates>
13.04376055,47.52763770,1484.40
13.04372079,47.52759931,1482.07
13.04363222,47.52755884,1480.71
</coordinates></LineString>
<LineString><altitudeMode>absolute</altitudeMode><coordinates>
13.04313959,47.52737334,1488.86
13.04312574,47.52737077,1489.25
13.04310454,47.52738696,1489.87
</coordinates></LineString>
<LineString><altitudeMode>absolute</altitudeMode><coordinates>
13.04326993,47.52712307,1414.08
13.04330065,47.52711883,1414.06
</coordinates></LineString>
<LineString><altitudeMode>absolute</altitudeMode><coordinates>
13.04368567,47.52744718,1401.02
13.04367397,47.52747227,1400.85
</coordinates></LineString>
<LineString><altitudeMode>absolute</altitudeMode><coordinates>
13.04366219,47.52744966,1400.96
13.04368539,47.52744736,1401.06
</coordinates></LineString>
<LineString><altitudeMode>absolute</altitudeMode><coordinates>
13.04350602,47.52735872,1407.12
13.04352160,47.52741118,1406.92
</coordinates></LineString>
<LineString><altitudeMode>absolute</altitudeMode><coordinates>
13.04572289,47.52795758,1520.45
13.04571121,47.52795009,1522.23
13.04571853,47.52788165,1521.52
</coordinates></LineString>
<LineString><altitudeMode>absolute</altitudeMode><coordinates>
13.04209821,47.52687910,1715.34
13.04220150,47.52684541,1714.17
13.04223476,47.52685480,1713.93
</coordinates></LineString>
<LineString><altitudeMode>absolute</altitudeMode><coordinates>
13.04498691,47.52781348,1511.47
13.04497510,47.52786313,1509.28
</coordinates></LineString>
<LineString><altitudeMode>absolute</altitudeMode><coordinates>
13.04545906,47.52781748,1514.05
13.04546340,47.52779731,1514.15
13.04539261,47.52775723,1513.84
</coordinates></LineString>
<LineString><altitudeMode>absolute</altitudeMode><coordinates>
13.04294402,47.52760198,1477.12
13.04301001,47.52760302,1482.22
</coordinates></LineString>
<LineString><altitudeMode>absolute</altitudeMode><coordinates>
13.04095283,47.52598174,1752.97
13.04105293,47.52599803,1753.12
13.04105048,47.52606367,1752.97
</coordinates></LineString>
<LineString><altitudeMode>absolute</altitudeMode><coordinates>
13.04086859,47.52547936,1753.78
13.04086089,47.52551477,1754.85
13.04084558,47.52551208,1754.29
13.04084068,47.52556509,1753.99
</coordinates></LineString>
<LineString><altitudeMode>absolute</altitudeMode><coordinates>
13.04119427,47.52487456,1749.84
13.04120751,47.52494003,1746.38
</coordinates></LineString>
<LineString><altitudeMode>absolute</altitudeMode><coordinates>
13.03585874,47.53487641,1761.30
13.03587380,47.53487855,1761.93
13.03593042,47.53491012,1759.61
</coordinates></LineString>
<LineString><altitudeMode>absolute</altitudeMode><coordinates>
13.04201939,47.52512451,1777.06
13.04192806,47.52514040,1777.19
13.04187041,47.52509389,1776.79
13.04187039,47.52503729,1773.29
</coordinates></LineString>
<LineString><altitudeMode>absolute</altitudeMode><coordinates>
13.03639547,47.53484646,1745.89
13.03638572,47.53487607,1746.73
13.03651952,47.53491535,1747.49
</coordinates></LineString>
<LineString><altitudeMode>absolute</altitudeMode><coordinates>
13.03580934,47.53474382,1755.33
13.03581141,47.53481306,1755.81
13.03593205,47.53482403,1759.82
</coordinates></LineString>
<LineString><altitudeMode>absolute</altitudeMode><coordinates>
13.04190454,47.52461944,1781.68
13.04191972,47.52466847,1779.66
</coordinates></LineString>
<LineString><altitudeMode>absolute</altitudeMode><coordinates>
13.04179044,47.52477245,1784.38
13.04177166,47.52487390,1783.57
</coordinates></LineString>
<LineString><altitudeMode>absolute</altitudeMode><coordinates>
13.04183252,47.52449152,1784.66
13.04183922,47.52452933,1783.86
13.04189324,47.52458776,1782.91
13.04189955,47.52462152,1781.65
13.04191472,47.52467073,1779.59
13.04189203,47.52469518,1779.53
</coordinates></LineString>
<LineString><altitudeMode>absolute</altitudeMode><coordinates>
13.04198325,47.52451785,1776.21
13.04198242,47.52444738,1779.43
13.04195391,47.52442817,1780.29
13.04194949,47.52440785,1778.38
</coordinates></LineString>
<LineString><altitudeMode>absolute</altitudeMode><coordinates>
13.04286203,47.52436800,1788.51
13.04275811,47.52437613,1786.97
13.04269829,47.52437349,1784.52
</coordinates></LineString>
<LineString><altitudeMode>absolute</altitudeMode><coordinates>
13.04332920,47.52460858,1794.64
13.04329907,47.52453293,1793.12
13.04322392,47.52449971,1794.23
</coordinates></LineString>
<LineString><altitudeMode>absolute</altitudeMode><coordinates>
13.04144211,47.52479052,1765.99
13.04147085,47.52475016,1763.93
13.04131308,47.52473082,1765.47
</coordinates></LineString>
<LineString><altitudeMode>absolute</altitudeMode><coordinates>
13.04527898,47.53057844,1749.71
13.04527988,47.53054714,1750.23
13.04526891,47.53053499,1752.95
</coordinates></LineString>
<LineString><altitudeMode>absolute</altitudeMode><coordinates>
13.04093848,47.52592129,1726.44
13.04091511,47.52595311,1742.29
13.04087583,47.52596261,1747.84
13.04086700,47.52597847,1752.06
13.04089414,47.52599531,1752.96
13.04092091,47.52597930,1751.53
13.04094378,47.52598239,1752.68
13.04104428,47.52599842,1752.83
13.04104638,47.52606315,1752.67
</coordinates></LineString>
<LineString><altitudeMode>absolute</altitudeMode><coordinates>
13.04331820,47.52427231,1804.65
13.04339238,47.52426368,1805.28
</coordinates></LineString>
<LineString><altitudeMode>absolute</altitudeMode><coordinates>
13.04135403,47.52601766,1696.56
13.04136446,47.52600164,1696.78
13.04143427,47.52596792,1694.80
</coordinates></LineString>
<LineString><altitudeMode>absolute</altitudeMode><coordinates>
13.04131002,47.52610446,1699.94
13.04133892,47.52608471,1699.50
</coordinates></LineString>
<LineString><altitudeMode>absolute</altitudeMode><coordinates>
13.04159962,47.52582659,1691.27
13.04158155,47.52585139,1689.97
13.04153428,47.52587586,1692.19
</coordinates></LineString>
<LineString><altitudeMode>absolute</altitudeMode><coordinates>
13.04360486,47.52423374,1825.95
13.04353583,47.52422158,1821.16
</coordinates></LineString>
<LineString><altitudeMode>absolute</altitudeMode><coordinates>
13.04255309,47.52592629,1548.31
13.04254516,47.52588593,1554.91
13.04252981,47.52587010,1556.85
13.04257361,47.52583189,1560.59
</coordinates></LineString>
<LineString><altitudeMode>absolute</altitudeMode><coordinates>
13.04336412,47.53151535,1764.64
13.04334449,47.53146454,1766.44
13.04344692,47.53150048,1763.55
</coordinates></LineString>
<LineString><altitudeMode>absolute</altitudeMode><coordinates>
13.04463661,47.53091762,1758.64
13.04451897,47.53091903,1756.92
13.04442573,47.53091474,1753.38
13.04437453,47.53096606,1753.18
</coordinates></LineString>
<LineString><altitudeMode>absolute</altitudeMode><coordinates>
13.04354735,47.53137586,1760.11
13.04353758,47.53139909,1757.69
</coordinates></LineString>
<LineString><altitudeMode>absolute</altitudeMode><coordinates>
13.04354735,47.53137586,1760.11
13.04349405,47.53131934,1762.83
</coordinates></LineString>
<LineString><altitudeMode>absolute</altitudeMode><coordinates>
13.04354735,47.53137586,1760.11
13.04360722,47.53133800,1763.79
</coordinates></LineString>
<LineString><altitudeMode>absolute</altitudeMode><coordinates>
13.04204422,47.53193338,1759.44
13.04200237,47.53192637,1759.10
13.04208349,47.53186737,1759.16
</coordinates></LineString>
<LineString><altitudeMode>absolute</altitudeMode><coordinates>
13.04154793,47.53222338,1756.98
13.04149285,47.53227526,1754.00
</coordinates></LineString>
<LineString><altitudeMode>absolute</altitudeMode><coordinates>
13.04139093,47.53229691,1749.66
13.04141624,47.53227746,1750.66
</coordinates></LineString>
<LineString><altitudeMode>absolute</altitudeMode><coordinates>
13.04139093,47.53229691,1749.66
13.04131281,47.53230755,1749.65
</coordinates></LineString>
<LineString><altitudeMode>absolute</altitudeMode><coordinates>
13.04600723,47.53029175,1749.28
13.04604825,47.53031405,1748.08
13.04613310,47.53032251,1747.50
13.04617981,47.53036686,1747.24
13.04626779,47.53034487,1746.68
</coordinates></LineString>
<LineString><altitudeMode>absolute</altitudeMode><coordinates>
13.04564471,47.53041155,1755.94
13.04568642,47.53035836,1757.05
</coordinates></LineString>
<LineString><altitudeMode>absolute</altitudeMode><coordinates>
13.04148802,47.53228363,1749.95
13.04141682,47.53227963,1750.76
13.04139217,47.53229927,1749.87
13.04131456,47.53231055,1749.84
</coordinates></LineString>
<LineString><altitudeMode>absolute</altitudeMode><coordinates>
13.04154793,47.53222338,1756.98
13.04162651,47.53220061,1761.27
</coordinates></LineString>
<LineString><altitudeMode>absolute</altitudeMode><coordinates>
13.04315927,47.52701941,1409.53
13.04315416,47.52704236,1407.86
13.04307932,47.52703290,1405.88
13.04306184,47.52700290,1405.34
13.04302850,47.52700638,1405.48
</coordinates></LineString>
<LineString><altitudeMode>absolute</altitudeMode><coordinates>
13.04521736,47.53063147,1757.87
13.04515564,47.53059749,1758.88
13.04502934,47.53064995,1758.98
</coordinates></LineString>
<LineString><altitudeMode>absolute</altitudeMode><coordinates>
13.04333954,47.53146553,1766.48
13.04344531,47.53149730,1763.66
13.04351321,47.53149009,1768.39
</coordinates></LineString>
<LineString><altitudeMode>absolute</altitudeMode><coordinates>
13.04092442,47.53249725,1759.18
13.04100155,47.53243477,1759.34
13.04103569,47.53243140,1756.27
</coordinates></LineString>
<LineString><altitudeMode>absolute</altitudeMode><coordinates>
13.03942024,47.53320608,1754.66
13.03941078,47.53318171,1755.01
</coordinates></LineString>
<LineString><altitudeMode>absolute</altitudeMode><coordinates>
13.04211892,47.52582673,1612.49
13.04213134,47.52583576,1615.36
13.04207761,47.52587651,1624.91
13.04200714,47.52586027,1624.65
</coordinates></LineString>
<LineString><altitudeMode>absolute</altitudeMode><coordinates>
13.04388312,47.52383860,1824.90
13.04386841,47.52388415,1825.92
13.04389595,47.52390423,1825.87
</coordinates></LineString>
<LineString><altitudeMode>absolute</altitudeMode><coordinates>
13.04945956,47.52663286,1741.76
13.04944944,47.52662990,1748.17
13.04941535,47.52664632,1746.68
13.04938721,47.52664926,1748.76
</coordinates></LineString>
<LineString><altitudeMode>absolute</altitudeMode><coordinates>
13.04929829,47.52677580,1738.34
13.04931195,47.52676577,1739.85
13.04934013,47.52677615,1740.42
13.04934910,47.52676704,1738.17
</coordinates></LineString>
<LineString><altitudeMode>absolute</altitudeMode><coordinates>
13.05027538,47.53324516,1750.51
13.05026283,47.53326834,1749.67
13.05021745,47.53326676,1749.30
</coordinates></LineString>
<LineString><altitudeMode>absolute</altitudeMode><coordinates>
13.03878238,47.53314424,1760.04
13.03885458,47.53305729,1762.58
13.03891141,47.53301930,1762.16
</coordinates></LineString>
<LineString><altitudeMode>absolute</altitudeMode><coordinates>
13.03877425,47.53269256,1710.40
13.03877864,47.53271018,1711.41
13.03879156,47.53271994,1711.78
</coordinates></LineString>
<LineString><altitudeMode>absolute</altitudeMode><coordinates>
13.03877425,47.53269256,1710.40
13.03872945,47.53270394,1712.24
</coordinates></LineString>
<LineString><altitudeMode>absolute</altitudeMode><coordinates>
13.03729790,47.53473008,1747.66
13.03727884,47.53469601,1750.67
13.03730155,47.53469271,1751.29
13.03728986,47.53472113,1752.07
</coordinates></LineString>
<LineString><altitudeMode>absolute</altitudeMode><coordinates>
13.03647662,47.53492919,1747.45
13.03651609,47.53491484,1747.51
13.03638314,47.53487423,1746.84
13.03639323,47.53484579,1746.09
</coordinates></LineString>
<LineString><altitudeMode>absolute</altitudeMode><coordinates>
13.03669280,47.53538479,1724.78
13.03671813,47.53540394,1723.27
</coordinates></LineString>
<LineString><altitudeMode>absolute</altitudeMode><coordinates>
13.03646395,47.53541786,1731.17
13.03646925,47.53541111,1732.77
13.03646975,47.53538709,1732.92
</coordinates></LineString>
<LineString><altitudeMode>absolute</altitudeMode><coordinates>
13.04066536,47.52564254,1753.73
13.04060185,47.52567114,1753.63
13.04063122,47.52570674,1753.46
</coordinates></LineString>
<LineString><altitudeMode>absolute</altitudeMode><coordinates>
13.03932613,47.53262623,1652.90
13.03928517,47.53260943,1653.20
13.03925233,47.53261363,1654.72
13.03924366,47.53264660,1657.59
</coordinates></LineString>
<LineString><altitudeMode>absolute</altitudeMode><coordinates>
13.04045691,47.52552163,1748.06
13.04043575,47.52551884,1747.49
13.04038936,47.52554099,1760.26
</coordinates></LineString>
<LineString><altitudeMode>absolute</altitudeMode><coordinates>
13.03631878,47.53555862,1741.93
13.03632670,47.53551728,1740.04
</coordinates></LineString>
<LineString><altitudeMode>absolute</altitudeMode><coordinates>
13.04756782,47.53064606,1944.75
13.04756897,47.53066525,1949.76
13.04756315,47.53068953,1950.71
</coordinates></LineString>
<LineString><altitudeMode>absolute</altitudeMode><coordinates>
13.04757943,47.53083792,1871.81
13.04759077,47.53081508,1875.52
13.04761046,47.53081443,1876.39
13.04760989,47.53080839,1876.95
</coordinates></LineString>
<LineString><altitudeMode>absolute</altitudeMode><coordinates>
13.05302885,47.52902438,1822.14
13.05306640,47.52902583,1828.43
</coordinates></LineString>
<LineString><altitudeMode>absolute</altitudeMode><coordinates>
13.05320391,47.52899685,1766.26
13.05317875,47.52899831,1767.31
</coordinates></LineString>
<LineString><altitudeMode>absolute</altitudeMode><coordinates>
13.05466118,47.52719888,2005.46
13.05466855,47.52719720,2006.63
13.05469944,47.52718819,2011.71
13.05470956,47.52719493,2012.37
13.05471622,47.52721232,2012.95
</coordinates></LineString>
<LineString><altitudeMode>absolute</altitudeMode><coordinates>
13.04175566,47.52797258,2062.80
13.04178000,47.52799675,2062.57
13.04181263,47.52805508,2056.55
</coordinates></LineString>
<LineString><altitudeMode>absolute</altitudeMode><coordinates>
13.04175566,47.52797258,2062.80
13.04173069,47.52789009,2064.03
13.04174748,47.52779976,2065.30
</coordinates></LineString>
<LineString><altitudeMode>absolute</altitudeMode><coordinates>
13.04182741,47.52767605,2063.66
13.04181562,47.52775377,2065.42
13.04173765,47.52779968,2065.37
</coordinates></LineString>
<LineString><altitudeMode>absolute</altitudeMode><coordinates>
13.04231562,47.52843008,2007.30
13.04233266,47.52844702,2008.10
13.04236088,47.52844894,2006.46
</coordinates></LineString>
<LineString><altitudeMode>absolute</altitudeMode><coordinates>
13.04216734,47.52850872,2049.12
13.04213696,47.52848273,2048.63
13.04207010,47.52852631,2047.32
13.04203766,47.52840221,2057.37
</coordinates></LineString>
<LineString><altitudeMode>absolute</altitudeMode><coordinates>
13.03980990,47.52722989,2083.38
13.03989254,47.52722258,2078.14
13.03998123,47.52718846,2071.79
</coordinates></LineString>
<LineString><altitudeMode>absolute</altitudeMode><coordinates>
13.04179394,47.52802920,2056.77
13.04186871,47.52805829,2056.01
13.04186875,47.52809311,2056.50
13.04185742,47.52815096,2054.85
13.04186835,47.52818939,2055.31
</coordinates></LineString>
<LineString><altitudeMode>absolute</altitudeMode><coordinates>
13.03986367,47.52709539,1956.59
13.03986706,47.52712208,1961.52
</coordinates></LineString>
<LineString><altitudeMode>absolute</altitudeMode><coordinates>
13.04703192,47.51832911,2057.89
13.04699407,47.51836833,2058.65
</coordinates></LineString>
<LineString><altitudeMode>absolute</altitudeMode><coordinates>
13.04738361,47.51803708,2064.04
13.04742760,47.51802208,2065.63
13.04753444,47.51799582,2067.00
13.04755429,47.51799076,2064.31
</coordinates></LineString>
<LineString><altitudeMode>absolute</altitudeMode><coordinates>
13.04703192,47.51832911,2057.89
13.04709003,47.51827755,2053.45
</coordinates></LineString></MultiGeometry></Placemark>
</Document></kml>
