<?xml version="1.0" encoding="UTF-8"?>
<gpx version="1.0" creator="survex 1.4.17 (aven) - https://survex.com/" xmlns:xsi="http://www.w3.org/2001/XMLSchema-instance" xmlns="http://www.topografix.com/GPX/1/0" xsi:schemaLocation="http://www.topografix.com/GPX/1/0 http://www.topografix.com/GPX/1/0/gpx.xsd">
<name>Hagengebirge</name>
<time>2025-06-12T19:36:55Z</time>
<trk><name>Hagengebirge</name><trkseg>
<trkpt lon="13.04326120" lat="47.53132832"><ele>1712.73</ele></trkpt>
<trkpt lon="13.04331066" lat="47.53131324"><ele>1715.44</ele></trkpt>
</trkseg><trkseg>
<trkpt lon="13.04564471" lat="47.53041155"><ele>1755.94</ele></trkpt>
<trkpt lon="13.04568667" lat="47.53043008"><ele>1757.76</ele></trkpt>
</trkseg><trkseg>
<trkpt lon="13.04931060" lat="47.52676638"><ele>1739.77</ele></trkpt>
<trkpt lon="13.04929829" lat="47.52677580"><ele>1738.34</ele></trkpt>
</trkseg><trkseg>
<trkpt lon="13.03977980" lat="47.53818788"><ele>1935.00</ele></trkpt>
<trkpt lon="13.03959150" lat="47.53818466"><ele>1935.00</ele></trkpt>
</trkseg><trkseg>
<trkpt lon="13.03977505" lat="47.53831540"><ele>1935.00</ele></trkpt>
<trkpt lon="13.03977980" lat="47.53818788"><ele>1935.00</ele></trkpt>
</trkseg><trkseg>
<trkpt lon="13.03958674" lat="47.53831218"><ele>1935.00</ele></trkpt>
<trkpt lon="13.03977505" lat="47.53831540"><ele>1935.00</ele></trkpt>
</trkseg><trkseg>
<trkpt lon="13.03959150" lat="47.53818466"><ele>1935.00</ele></trkpt>
<trkpt lon="13.03958674" lat="47.53831218"><ele>1935.00</ele></trkpt>
</trkseg><trkseg>
<trkpt lon="13.03968327" lat="47.53825003"><ele>1935.00</ele></trkpt>
<trkpt lon="13.03977505" lat="47.53831540"><ele>1935.00</ele></trkpt>
</trkseg><trkseg>
<trkpt lon="13.03968327" lat="47.53825003"><ele>1935.00</ele></trkpt>
<trkpt lon="13.03958674" lat="47.53831218"><ele>1935.00</ele></trkpt>
</trkseg><trkseg>
<trkpt lon="13.03968327" lat="47.53825003"><ele>1935.00</ele></trkpt>
<trkpt lon="13.03977980" lat="47.53818788"><ele>1935.00</ele></trkpt>
</trkseg><trkseg>
<trkpt lon="13.03968327" lat="47.53825003"><ele>1935.00</ele></trkpt>
<trkpt lon="13.03959150" lat="47.53818466"><ele>1935.00</ele></trkpt>
</trkseg><trkseg>
<trkpt lon="13.05894434" lat="47.53070607"><ele>1731.32</ele></trkpt>
<trkpt lon="13.05887944" lat="47.53074024"><ele>1732.40</ele></trkpt>
<trkpt lon="13.05884066" lat="47.53072888"><ele>1732.13</ele></trkpt>
<trkpt lon="13.05881755" lat="47.53073605"><ele>1730.99</ele></trkpt>
<trkpt lon="13.05878552" lat="47.53073271"><ele>1732.58</ele></trkpt>
<trkpt lon="13.05882292" lat="47.53074882"><ele>1730.83</ele></trkpt>
<trkpt lon="13.05878851" lat="47.53075958"><ele>1728.14</ele></trkpt>
<trkpt lon="13.05873617" lat="47.53077030"><ele>1727.25</ele></trkpt>
<trkpt lon="13.05871904" lat="47.53077361"><ele>1728.56</ele></trkpt>
<trkpt lon="13.05875557" lat="47.53080986"><ele>1727.27</ele></trkpt>
<trkpt lon="13.05881254" lat="47.53081776"><ele>1724.41</ele></trkpt>
<trkpt lon="13.05894479" lat="47.53094948"><ele>1721.26</ele></trkpt>
</trkseg><trkseg>
<trkpt lon="13.05894479" lat="47.53094948"><ele>1721.26</ele></trkpt>
<trkpt lon="13.05895102" lat="47.53097145"><ele>1727.03</ele></trkpt>
<trkpt lon="13.05900999" lat="47.53101528"><ele>1730.84</ele></trkpt>
<trkpt lon="13.05901423" lat="47.53104802"><ele>1738.64</ele></trkpt>
<trkpt lon="13.05906279" lat="47.53107143"><ele>1737.04</ele></trkpt>
<trkpt lon="13.05906237" lat="47.53108285"><ele>1737.23</ele></trkpt>
<trkpt lon="13.05909084" lat="47.53109611"><ele>1737.35</ele></trkpt>
<trkpt lon="13.05912555" lat="47.53113485"><ele>1733.90</ele></trkpt>
<trkpt lon="13.05918466" lat="47.53117859"><ele>1736.73</ele></trkpt>
<trkpt lon="13.05921167" lat="47.53123133"><ele>1734.55</ele></trkpt>
<trkpt lon="13.05921564" lat="47.53126424"><ele>1732.22</ele></trkpt>
<trkpt lon="13.05923743" lat="47.53125336"><ele>1732.26</ele></trkpt>
<trkpt lon="13.05927022" lat="47.53121828"><ele>1724.98</ele></trkpt>
<trkpt lon="13.05929605" lat="47.53124905"><ele>1727.24</ele></trkpt>
<trkpt lon="13.05933210" lat="47.53129474"><ele>1728.75</ele></trkpt>
<trkpt lon="13.05932073" lat="47.53131119"><ele>1729.45</ele></trkpt>
<trkpt lon="13.05932488" lat="47.53134645"><ele>1731.22</ele></trkpt>
<trkpt lon="13.05932120" lat="47.53138850"><ele>1734.38</ele></trkpt>
</trkseg><trkseg>
<trkpt lon="13.05903841" lat="47.53062326"><ele>1731.89</ele></trkpt>
<trkpt lon="13.05900616" lat="47.53066554"><ele>1730.52</ele></trkpt>
<trkpt lon="13.05900074" lat="47.53067544"><ele>1730.47</ele></trkpt>
<trkpt lon="13.05898194" lat="47.53068808"><ele>1731.39</ele></trkpt>
<trkpt lon="13.05894434" lat="47.53070607"><ele>1731.32</ele></trkpt>
</trkseg><trkseg>
<trkpt lon="13.05907975" lat="47.53041024"><ele>1718.47</ele></trkpt>
<trkpt lon="13.05910808" lat="47.53042386"><ele>1719.76</ele></trkpt>
<trkpt lon="13.05917128" lat="47.53047910"><ele>1723.47</ele></trkpt>
<trkpt lon="13.05919914" lat="47.53051620"><ele>1725.95</ele></trkpt>
</trkseg><trkseg>
<trkpt lon="13.05919914" lat="47.53051620"><ele>1725.95</ele></trkpt>
<trkpt lon="13.05920123" lat="47.53055304"><ele>1728.24</ele></trkpt>
<trkpt lon="13.05903841" lat="47.53062326"><ele>1731.89</ele></trkpt>
</trkseg><trkseg>
<trkpt lon="13.05881833" lat="47.53047718"><ele>1712.58</ele></trkpt>
<trkpt lon="13.05881816" lat="47.53045315"><ele>1712.56</ele></trkpt>
<trkpt lon="13.05889370" lat="47.53045829"><ele>1714.09</ele></trkpt>
<trkpt lon="13.05897571" lat="47.53042144"><ele>1715.89</ele></trkpt>
<trkpt lon="13.05901092" lat="47.53042852"><ele>1717.01</ele></trkpt>
<trkpt lon="13.05906099" lat="47.53042918"><ele>1718.27</ele></trkpt>
<trkpt lon="13.05907975" lat="47.53041024"><ele>1718.47</ele></trkpt>
</trkseg><trkseg>
<trkpt lon="13.05895827" lat="47.53059859"><ele>1705.15</ele></trkpt>
<trkpt lon="13.05894106" lat="47.53057176"><ele>1706.41</ele></trkpt>
<trkpt lon="13.05891759" lat="47.53057766"><ele>1704.94</ele></trkpt>
<trkpt lon="13.05884289" lat="47.53051394"><ele>1709.84</ele></trkpt>
<trkpt lon="13.05881833" lat="47.53047718"><ele>1712.58</ele></trkpt>
</trkseg><trkseg>
<trkpt lon="13.05945722" lat="47.53024809"><ele>1727.50</ele></trkpt>
<trkpt lon="13.05946583" lat="47.53019128"><ele>1731.62</ele></trkpt>
<trkpt lon="13.05941424" lat="47.53014892"><ele>1732.58</ele></trkpt>
<trkpt lon="13.05949175" lat="47.53013332"><ele>1734.19</ele></trkpt>
<trkpt lon="13.05952881" lat="47.53007573"><ele>1736.35</ele></trkpt>
<trkpt lon="13.05960225" lat="47.53007301"><ele>1736.97</ele></trkpt>
<trkpt lon="13.05965214" lat="47.53006036"><ele>1737.95</ele></trkpt>
<trkpt lon="13.05967612" lat="47.53007300"><ele>1737.81</ele></trkpt>
<trkpt lon="13.05965535" lat="47.53008498"><ele>1737.13</ele></trkpt>
<trkpt lon="13.05967034" lat="47.53011097"><ele>1735.49</ele></trkpt>
<trkpt lon="13.05967657" lat="47.53014005"><ele>1734.72</ele></trkpt>
<trkpt lon="13.05966353" lat="47.53014424"><ele>1734.15</ele></trkpt>
<trkpt lon="13.05968276" lat="47.53017399"><ele>1733.61</ele></trkpt>
<trkpt lon="13.05961731" lat="47.53017621"><ele>1733.24</ele></trkpt>
<trkpt lon="13.05956281" lat="47.53019148"><ele>1732.44</ele></trkpt>
<trkpt lon="13.05951313" lat="47.53021629"><ele>1732.07</ele></trkpt>
<trkpt lon="13.05945722" lat="47.53024809"><ele>1727.50</ele></trkpt>
</trkseg><trkseg>
<trkpt lon="13.05945722" lat="47.53024809"><ele>1727.50</ele></trkpt>
<trkpt lon="13.05942429" lat="47.53022243"><ele>1727.58</ele></trkpt>
<trkpt lon="13.05934207" lat="47.53021447"><ele>1724.05</ele></trkpt>
<trkpt lon="13.05930892" lat="47.53022363"><ele>1723.99</ele></trkpt>
<trkpt lon="13.05932331" lat="47.53024412"><ele>1721.30</ele></trkpt>
<trkpt lon="13.05933994" lat="47.53027958"><ele>1719.02</ele></trkpt>
<trkpt lon="13.05930178" lat="47.53030557"><ele>1717.76</ele></trkpt>
<trkpt lon="13.05927079" lat="47.53030991"><ele>1718.06</ele></trkpt>
<trkpt lon="13.05925899" lat="47.53032365"><ele>1719.12</ele></trkpt>
<trkpt lon="13.05912816" lat="47.53035131"><ele>1717.79</ele></trkpt>
<trkpt lon="13.05908940" lat="47.53039007"><ele>1717.71</ele></trkpt>
<trkpt lon="13.05907975" lat="47.53041024"><ele>1718.47</ele></trkpt>
</trkseg><trkseg>
<trkpt lon="13.05898650" lat="47.53065090"><ele>1701.61</ele></trkpt>
<trkpt lon="13.05900279" lat="47.53067403"><ele>1701.57</ele></trkpt>
</trkseg><trkseg>
<trkpt lon="13.05900279" lat="47.53067403"><ele>1701.57</ele></trkpt>
<trkpt lon="13.05903185" lat="47.53062449"><ele>1703.46</ele></trkpt>
<trkpt lon="13.05899892" lat="47.53062043"><ele>1704.23</ele></trkpt>
<trkpt lon="13.05895827" lat="47.53059859"><ele>1705.15</ele></trkpt>
</trkseg><trkseg>
<trkpt lon="13.05898650" lat="47.53065090"><ele>1701.61</ele></trkpt>
<trkpt lon="13.05892844" lat="47.53065811"><ele>1701.62</ele></trkpt>
<trkpt lon="13.05890983" lat="47.53062243"><ele>1702.85</ele></trkpt>
<trkpt lon="13.05895827" lat="47.53059859"><ele>1705.15</ele></trkpt>
</trkseg><trkseg>
<trkpt lon="13.05898650" lat="47.53065090"><ele>1701.61</ele></trkpt>
<trkpt lon="13.05896949" lat="47.53067257"><ele>1707.69</ele></trkpt>
<trkpt lon="13.05896151" lat="47.53068728"><ele>1714.41</ele></trkpt>
<trkpt lon="13.05897750" lat="47.53070042"><ele>1715.30</ele></trkpt>
<trkpt lon="13.05894701" lat="47.53070566"><ele>1717.17</ele></trkpt>
<trkpt lon="13.05892601" lat="47.53071323"><ele>1725.50</ele></trkpt>
<trkpt lon="13.05896531" lat="47.53072127"><ele>1727.68</ele></trkpt>
<trkpt lon="13.05896743" lat="47.53072131"><ele>1728.65</ele></trkpt>
<trkpt lon="13.05894434" lat="47.53070607"><ele>1731.32</ele></trkpt>
</trkseg><trkseg>
<trkpt lon="13.05839724" lat="47.53032031"><ele>1709.81</ele></trkpt>
<trkpt lon="13.05836060" lat="47.53031960"><ele>1713.29</ele></trkpt>
<trkpt lon="13.05833847" lat="47.53026767"><ele>1716.39</ele></trkpt>
<trkpt lon="13.05838139" lat="47.53025292"><ele>1718.64</ele></trkpt>
<trkpt lon="13.05833844" lat="47.53025750"><ele>1718.15</ele></trkpt>
<trkpt lon="13.05827632" lat="47.53025608"><ele>1717.35</ele></trkpt>
<trkpt lon="13.05826210" lat="47.53022732"><ele>1717.88</ele></trkpt>
<trkpt lon="13.05819328" lat="47.53020924"><ele>1719.05</ele></trkpt>
<trkpt lon="13.05817736" lat="47.53019070"><ele>1719.99</ele></trkpt>
<trkpt lon="13.05825924" lat="47.53016806"><ele>1716.90</ele></trkpt>
<trkpt lon="13.05833371" lat="47.53012298"><ele>1712.63</ele></trkpt>
<trkpt lon="13.05830626" lat="47.53009282"><ele>1711.57</ele></trkpt>
<trkpt lon="13.05828784" lat="47.53006641"><ele>1713.03</ele></trkpt>
<trkpt lon="13.05824967" lat="47.53004948"><ele>1714.95</ele></trkpt>
<trkpt lon="13.05825310" lat="47.53002497"><ele>1717.02</ele></trkpt>
</trkseg><trkseg>
<trkpt lon="13.05825310" lat="47.53002497"><ele>1717.02</ele></trkpt>
<trkpt lon="13.05820986" lat="47.53003009"><ele>1716.50</ele></trkpt>
<trkpt lon="13.05815516" lat="47.53002556"><ele>1714.62</ele></trkpt>
<trkpt lon="13.05811740" lat="47.53000819"><ele>1713.34</ele></trkpt>
<trkpt lon="13.05807252" lat="47.53004000"><ele>1710.65</ele></trkpt>
<trkpt lon="13.05794197" lat="47.53004931"><ele>1709.14</ele></trkpt>
<trkpt lon="13.05794388" lat="47.53003350"><ele>1708.21</ele></trkpt>
<trkpt lon="13.05791219" lat="47.53001749"><ele>1707.79</ele></trkpt>
<trkpt lon="13.05787040" lat="47.53001579"><ele>1706.61</ele></trkpt>
<trkpt lon="13.05784434" lat="47.53000905"><ele>1707.42</ele></trkpt>
<trkpt lon="13.05782362" lat="47.53001239"><ele>1707.81</ele></trkpt>
<trkpt lon="13.05782481" lat="47.52999819"><ele>1706.69</ele></trkpt>
<trkpt lon="13.05781059" lat="47.52998049"><ele>1706.27</ele></trkpt>
<trkpt lon="13.05783279" lat="47.52995837"><ele>1703.83</ele></trkpt>
<trkpt lon="13.05783893" lat="47.52992887"><ele>1703.05</ele></trkpt>
<trkpt lon="13.05788094" lat="47.52992455"><ele>1703.71</ele></trkpt>
<trkpt lon="13.05787037" lat="47.52990862"><ele>1703.30</ele></trkpt>
<trkpt lon="13.05777072" lat="47.52990504"><ele>1702.39</ele></trkpt>
<trkpt lon="13.05774042" lat="47.52991614"><ele>1702.03</ele></trkpt>
<trkpt lon="13.05771125" lat="47.52990376"><ele>1702.02</ele></trkpt>
<trkpt lon="13.05766516" lat="47.52990334"><ele>1701.37</ele></trkpt>
<trkpt lon="13.05763479" lat="47.52991624"><ele>1700.66</ele></trkpt>
<trkpt lon="13.05764069" lat="47.52993271"><ele>1700.28</ele></trkpt>
<trkpt lon="13.05760474" lat="47.52994218"><ele>1699.30</ele></trkpt>
<trkpt lon="13.05757994" lat="47.52993006"><ele>1699.03</ele></trkpt>
<trkpt lon="13.05755372" lat="47.52993502"><ele>1699.13</ele></trkpt>
<trkpt lon="13.05753242" lat="47.52992881"><ele>1698.25</ele></trkpt>
<trkpt lon="13.05754054" lat="47.52996818"><ele>1696.82</ele></trkpt>
<trkpt lon="13.05745741" lat="47.52999566"><ele>1693.90</ele></trkpt>
<trkpt lon="13.05744326" lat="47.53000486"><ele>1693.68</ele></trkpt>
<trkpt lon="13.05742800" lat="47.53001504"><ele>1696.38</ele></trkpt>
<trkpt lon="13.05740968" lat="47.53003255"><ele>1697.96</ele></trkpt>
<trkpt lon="13.05740587" lat="47.53002430"><ele>1697.83</ele></trkpt>
<trkpt lon="13.05738437" lat="47.53002006"><ele>1698.52</ele></trkpt>
<trkpt lon="13.05736776" lat="47.53002356"><ele>1699.79</ele></trkpt>
<trkpt lon="13.05732867" lat="47.53001003"><ele>1700.50</ele></trkpt>
<trkpt lon="13.05730904" lat="47.53000925"><ele>1699.74</ele></trkpt>
<trkpt lon="13.05722653" lat="47.52999120"><ele>1699.58</ele></trkpt>
<trkpt lon="13.05718077" lat="47.52997486"><ele>1699.82</ele></trkpt>
<trkpt lon="13.05712060" lat="47.52996007"><ele>1700.32</ele></trkpt>
<trkpt lon="13.05712806" lat="47.52991638"><ele>1699.14</ele></trkpt>
<trkpt lon="13.05708869" lat="47.52990662"><ele>1699.16</ele></trkpt>
<trkpt lon="13.05706064" lat="47.52991803"><ele>1698.94</ele></trkpt>
<trkpt lon="13.05698341" lat="47.52992266"><ele>1697.03</ele></trkpt>
<trkpt lon="13.05698193" lat="47.52994819"><ele>1696.31</ele></trkpt>
<trkpt lon="13.05695934" lat="47.52996976"><ele>1697.72</ele></trkpt>
<trkpt lon="13.05695991" lat="47.52998678"><ele>1699.16</ele></trkpt>
<trkpt lon="13.05693578" lat="47.52998178"><ele>1700.06</ele></trkpt>
<trkpt lon="13.05691441" lat="47.52999941"><ele>1702.46</ele></trkpt>
<trkpt lon="13.05684157" lat="47.53007205"><ele>1711.22</ele></trkpt>
</trkseg><trkseg>
<trkpt lon="13.05684157" lat="47.53007205"><ele>1711.22</ele></trkpt>
<trkpt lon="13.05687750" lat="47.53003811"><ele>1709.24</ele></trkpt>
<trkpt lon="13.05691114" lat="47.53006261"><ele>1710.59</ele></trkpt>
<trkpt lon="13.05695832" lat="47.53004794"><ele>1710.53</ele></trkpt>
<trkpt lon="13.05700146" lat="47.53005965"><ele>1711.44</ele></trkpt>
<trkpt lon="13.05704678" lat="47.53009875"><ele>1715.52</ele></trkpt>
<trkpt lon="13.05708872" lat="47.53010738"><ele>1716.76</ele></trkpt>
<trkpt lon="13.05709057" lat="47.53011821"><ele>1717.66</ele></trkpt>
</trkseg><trkseg>
<trkpt lon="13.05839724" lat="47.53032031"><ele>1709.81</ele></trkpt>
<trkpt lon="13.05842180" lat="47.53035321"><ele>1711.16</ele></trkpt>
<trkpt lon="13.05851491" lat="47.53034327"><ele>1713.69</ele></trkpt>
<trkpt lon="13.05852781" lat="47.53037525"><ele>1713.71</ele></trkpt>
<trkpt lon="13.05854262" lat="47.53039503"><ele>1714.30</ele></trkpt>
<trkpt lon="13.05855189" lat="47.53041390"><ele>1713.81</ele></trkpt>
<trkpt lon="13.05864074" lat="47.53040398"><ele>1712.54</ele></trkpt>
<trkpt lon="13.05870190" lat="47.53049635"><ele>1708.30</ele></trkpt>
<trkpt lon="13.05881833" lat="47.53047718"><ele>1712.58</ele></trkpt>
</trkseg><trkseg>
<trkpt lon="13.05843074" lat="47.53039530"><ele>1736.64</ele></trkpt>
<trkpt lon="13.05826857" lat="47.53036141"><ele>1734.96</ele></trkpt>
<trkpt lon="13.05830415" lat="47.53032989"><ele>1735.58</ele></trkpt>
<trkpt lon="13.05830667" lat="47.53031923"><ele>1735.67</ele></trkpt>
<trkpt lon="13.05826420" lat="47.53029637"><ele>1737.53</ele></trkpt>
<trkpt lon="13.05823499" lat="47.53025997"><ele>1733.21</ele></trkpt>
</trkseg><trkseg>
<trkpt lon="13.05843074" lat="47.53039530"><ele>1736.64</ele></trkpt>
<trkpt lon="13.05836379" lat="47.53038426"><ele>1734.99</ele></trkpt>
<trkpt lon="13.05836571" lat="47.53035028"><ele>1727.91</ele></trkpt>
<trkpt lon="13.05839724" lat="47.53032031"><ele>1709.81</ele></trkpt>
</trkseg><trkseg>
<trkpt lon="13.05843074" lat="47.53039530"><ele>1736.64</ele></trkpt>
<trkpt lon="13.05841938" lat="47.53041886"><ele>1736.84</ele></trkpt>
<trkpt lon="13.05844808" lat="47.53043320"><ele>1736.73</ele></trkpt>
<trkpt lon="13.05843634" lat="47.53042373"><ele>1739.96</ele></trkpt>
</trkseg><trkseg>
<trkpt lon="13.05843634" lat="47.53042373"><ele>1739.96</ele></trkpt>
<trkpt lon="13.05847170" lat="47.53045565"><ele>1739.66</ele></trkpt>
<trkpt lon="13.05854512" lat="47.53046067"><ele>1739.17</ele></trkpt>
<trkpt lon="13.05859234" lat="47.53046273"><ele>1738.76</ele></trkpt>
<trkpt lon="13.05860760" lat="47.53048845"><ele>1738.29</ele></trkpt>
<trkpt lon="13.05865594" lat="47.53049620"><ele>1736.36</ele></trkpt>
<trkpt lon="13.05870416" lat="47.53051798"><ele>1735.79</ele></trkpt>
<trkpt lon="13.05876868" lat="47.53050873"><ele>1735.79</ele></trkpt>
<trkpt lon="13.05883110" lat="47.53051653"><ele>1735.31</ele></trkpt>
</trkseg><trkseg>
<trkpt lon="13.05883110" lat="47.53051653"><ele>1735.31</ele></trkpt>
<trkpt lon="13.05889756" lat="47.53051217"><ele>1736.12</ele></trkpt>
<trkpt lon="13.05895151" lat="47.53049752"><ele>1736.63</ele></trkpt>
<trkpt lon="13.05899693" lat="47.53054481"><ele>1734.80</ele></trkpt>
<trkpt lon="13.05903562" lat="47.53056202"><ele>1733.93</ele></trkpt>
<trkpt lon="13.05903841" lat="47.53062326"><ele>1731.89</ele></trkpt>
</trkseg><trkseg>
<trkpt lon="13.05817221" lat="47.53021851"><ele>1732.86</ele></trkpt>
<trkpt lon="13.05817048" lat="47.53020057"><ele>1732.88</ele></trkpt>
<trkpt lon="13.05820617" lat="47.53020927"><ele>1730.58</ele></trkpt>
<trkpt lon="13.05828298" lat="47.53020518"><ele>1730.60</ele></trkpt>
<trkpt lon="13.05832310" lat="47.53021620"><ele>1733.86</ele></trkpt>
<trkpt lon="13.05830196" lat="47.53022727"><ele>1733.85</ele></trkpt>
<trkpt lon="13.05823499" lat="47.53025997"><ele>1733.21</ele></trkpt>
</trkseg><trkseg>
<trkpt lon="13.05817221" lat="47.53021851"><ele>1732.86</ele></trkpt>
<trkpt lon="13.05818485" lat="47.53027568"><ele>1731.88</ele></trkpt>
<trkpt lon="13.05823499" lat="47.53025997"><ele>1733.21</ele></trkpt>
</trkseg><trkseg>
<trkpt lon="13.05483114" lat="47.53012533"><ele>1735.91</ele></trkpt>
<trkpt lon="13.05472820" lat="47.53009938"><ele>1732.72</ele></trkpt>
<trkpt lon="13.05469875" lat="47.53014855"><ele>1732.76</ele></trkpt>
<trkpt lon="13.05472255" lat="47.53017676"><ele>1731.29</ele></trkpt>
<trkpt lon="13.05472688" lat="47.53020707"><ele>1730.29</ele></trkpt>
<trkpt lon="13.05473664" lat="47.53022334"><ele>1729.98</ele></trkpt>
<trkpt lon="13.05478168" lat="47.53023752"><ele>1730.63</ele></trkpt>
<trkpt lon="13.05477181" lat="47.53027811"><ele>1730.65</ele></trkpt>
<trkpt lon="13.05476182" lat="47.53028964"><ele>1729.37</ele></trkpt>
<trkpt lon="13.05475202" lat="47.53029964"><ele>1729.18</ele></trkpt>
<trkpt lon="13.05472314" lat="47.53031895"><ele>1729.49</ele></trkpt>
<trkpt lon="13.05464975" lat="47.53034893"><ele>1733.41</ele></trkpt>
<trkpt lon="13.05452558" lat="47.53033314"><ele>1735.58</ele></trkpt>
<trkpt lon="13.05450690" lat="47.53029926"><ele>1735.94</ele></trkpt>
<trkpt lon="13.05455422" lat="47.53027361"><ele>1737.84</ele></trkpt>
<trkpt lon="13.05465138" lat="47.53025456"><ele>1738.89</ele></trkpt>
<trkpt lon="13.05475891" lat="47.53022831"><ele>1738.96</ele></trkpt>
<trkpt lon="13.05480749" lat="47.53020439"><ele>1738.38</ele></trkpt>
<trkpt lon="13.05477464" lat="47.53015857"><ele>1738.73</ele></trkpt>
<trkpt lon="13.05483114" lat="47.53012533"><ele>1735.91</ele></trkpt>
</trkseg><trkseg>
<trkpt lon="13.05576295" lat="47.53061266"><ele>1729.29</ele></trkpt>
<trkpt lon="13.05573202" lat="47.53057947"><ele>1732.12</ele></trkpt>
<trkpt lon="13.05567838" lat="47.53058936"><ele>1732.07</ele></trkpt>
<trkpt lon="13.05558730" lat="47.53059105"><ele>1732.84</ele></trkpt>
<trkpt lon="13.05556396" lat="47.53052542"><ele>1731.51</ele></trkpt>
<trkpt lon="13.05550335" lat="47.53047202"><ele>1730.09</ele></trkpt>
<trkpt lon="13.05542223" lat="47.53051734"><ele>1733.03</ele></trkpt>
<trkpt lon="13.05527128" lat="47.53046376"><ele>1737.50</ele></trkpt>
<trkpt lon="13.05515486" lat="47.53043956"><ele>1742.18</ele></trkpt>
<trkpt lon="13.05513242" lat="47.53037826"><ele>1740.31</ele></trkpt>
<trkpt lon="13.05515262" lat="47.53033847"><ele>1738.22</ele></trkpt>
<trkpt lon="13.05505049" lat="47.53023686"><ele>1740.96</ele></trkpt>
<trkpt lon="13.05501475" lat="47.53019009"><ele>1739.53</ele></trkpt>
<trkpt lon="13.05496826" lat="47.53016833"><ele>1738.45</ele></trkpt>
<trkpt lon="13.05496586" lat="47.53013248"><ele>1738.78</ele></trkpt>
</trkseg><trkseg>
<trkpt lon="13.05496586" lat="47.53013248"><ele>1738.78</ele></trkpt>
<trkpt lon="13.05491916" lat="47.53013799"><ele>1740.39</ele></trkpt>
<trkpt lon="13.05487734" lat="47.53012999"><ele>1739.08</ele></trkpt>
<trkpt lon="13.05483114" lat="47.53012533"><ele>1735.91</ele></trkpt>
</trkseg><trkseg>
<trkpt lon="13.05579370" lat="47.53086261"><ele>1733.79</ele></trkpt>
<trkpt lon="13.05582596" lat="47.53087756"><ele>1734.64</ele></trkpt>
<trkpt lon="13.05580953" lat="47.53090517"><ele>1734.97</ele></trkpt>
<trkpt lon="13.05576433" lat="47.53088803"><ele>1734.42</ele></trkpt>
<trkpt lon="13.05576620" lat="47.53086952"><ele>1732.68</ele></trkpt>
<trkpt lon="13.05578373" lat="47.53085560"><ele>1732.99</ele></trkpt>
<trkpt lon="13.05579370" lat="47.53086261"><ele>1733.79</ele></trkpt>
</trkseg><trkseg>
<trkpt lon="13.05579370" lat="47.53086261"><ele>1733.79</ele></trkpt>
<trkpt lon="13.05583098" lat="47.53083166"><ele>1729.34</ele></trkpt>
<trkpt lon="13.05582510" lat="47.53081815"><ele>1729.15</ele></trkpt>
<trkpt lon="13.05578134" lat="47.53083019"><ele>1730.06</ele></trkpt>
<trkpt lon="13.05577745" lat="47.53080961"><ele>1730.20</ele></trkpt>
<trkpt lon="13.05571395" lat="47.53077002"><ele>1730.58</ele></trkpt>
<trkpt lon="13.05566870" lat="47.53077933"><ele>1732.48</ele></trkpt>
<trkpt lon="13.05564964" lat="47.53074139"><ele>1731.59</ele></trkpt>
<trkpt lon="13.05561812" lat="47.53071710"><ele>1730.72</ele></trkpt>
<trkpt lon="13.05568013" lat="47.53068216"><ele>1729.86</ele></trkpt>
<trkpt lon="13.05569782" lat="47.53065294"><ele>1730.49</ele></trkpt>
<trkpt lon="13.05576295" lat="47.53061266"><ele>1729.29</ele></trkpt>
</trkseg><trkseg>
<trkpt lon="13.05999320" lat="47.53147564"><ele>1723.48</ele></trkpt>
<trkpt lon="13.06005966" lat="47.53150376"><ele>1708.20</ele></trkpt>
</trkseg><trkseg>
<trkpt lon="13.06005966" lat="47.53150376"><ele>1708.20</ele></trkpt>
<trkpt lon="13.06010652" lat="47.53153352"><ele>1710.48</ele></trkpt>
<trkpt lon="13.06011700" lat="47.53156304"><ele>1705.17</ele></trkpt>
<trkpt lon="13.06013474" lat="47.53157899"><ele>1706.75</ele></trkpt>
<trkpt lon="13.06014896" lat="47.53159696"><ele>1707.70</ele></trkpt>
<trkpt lon="13.06013768" lat="47.53159668"><ele>1709.32</ele></trkpt>
<trkpt lon="13.06014920" lat="47.53163359"><ele>1710.95</ele></trkpt>
<trkpt lon="13.06016216" lat="47.53164604"><ele>1714.98</ele></trkpt>
<trkpt lon="13.06014043" lat="47.53168779"><ele>1719.24</ele></trkpt>
<trkpt lon="13.06016263" lat="47.53172713"><ele>1722.93</ele></trkpt>
<trkpt lon="13.06022440" lat="47.53171665"><ele>1727.81</ele></trkpt>
<trkpt lon="13.06024992" lat="47.53167308"><ele>1729.87</ele></trkpt>
<trkpt lon="13.06015801" lat="47.53161466"><ele>1729.27</ele></trkpt>
<trkpt lon="13.06003568" lat="47.53158469"><ele>1737.37</ele></trkpt>
<trkpt lon="13.05995061" lat="47.53153529"><ele>1734.22</ele></trkpt>
<trkpt lon="13.05999320" lat="47.53147564"><ele>1723.48</ele></trkpt>
</trkseg><trkseg>
<trkpt lon="13.05999320" lat="47.53147564"><ele>1723.48</ele></trkpt>
<trkpt lon="13.05983406" lat="47.53142804"><ele>1727.58</ele></trkpt>
<trkpt lon="13.05984399" lat="47.53142542"><ele>1735.16</ele></trkpt>
<trkpt lon="13.05978604" lat="47.53139699"><ele>1736.87</ele></trkpt>
<trkpt lon="13.05974730" lat="47.53135234"><ele>1737.42</ele></trkpt>
<trkpt lon="13.05971871" lat="47.53134942"><ele>1736.83</ele></trkpt>
<trkpt lon="13.05961528" lat="47.53135469"><ele>1736.86</ele></trkpt>
<trkpt lon="13.05950825" lat="47.53137483"><ele>1734.14</ele></trkpt>
<trkpt lon="13.05947626" lat="47.53140624"><ele>1737.28</ele></trkpt>
<trkpt lon="13.05943919" lat="47.53139202"><ele>1736.94</ele></trkpt>
<trkpt lon="13.05936947" lat="47.53137294"><ele>1736.94</ele></trkpt>
<trkpt lon="13.05936647" lat="47.53135696"><ele>1735.56</ele></trkpt>
<trkpt lon="13.05932120" lat="47.53138850"><ele>1734.38</ele></trkpt>
</trkseg><trkseg>
<trkpt lon="13.05755704" lat="47.53015455"><ele>1730.38</ele></trkpt>
<trkpt lon="13.05767253" lat="47.53010314"><ele>1727.23</ele></trkpt>
<trkpt lon="13.05784162" lat="47.53008270"><ele>1732.44</ele></trkpt>
<trkpt lon="13.05783424" lat="47.53011713"><ele>1732.63</ele></trkpt>
<trkpt lon="13.05784179" lat="47.53018232"><ele>1734.49</ele></trkpt>
<trkpt lon="13.05794194" lat="47.53017600"><ele>1733.56</ele></trkpt>
<trkpt lon="13.05793053" lat="47.53020434"><ele>1733.03</ele></trkpt>
<trkpt lon="13.05797615" lat="47.53022095"><ele>1732.89</ele></trkpt>
<trkpt lon="13.05806528" lat="47.53022866"><ele>1734.96</ele></trkpt>
<trkpt lon="13.05817221" lat="47.53021851"><ele>1732.86</ele></trkpt>
</trkseg><trkseg>
<trkpt lon="13.05710202" lat="47.53033355"><ele>1742.13</ele></trkpt>
<trkpt lon="13.05702416" lat="47.53027230"><ele>1736.92</ele></trkpt>
<trkpt lon="13.05703279" lat="47.53025094"><ele>1733.75</ele></trkpt>
<trkpt lon="13.05709057" lat="47.53011821"><ele>1717.66</ele></trkpt>
</trkseg><trkseg>
<trkpt lon="13.05710202" lat="47.53033355"><ele>1742.13</ele></trkpt>
<trkpt lon="13.05693855" lat="47.53031674"><ele>1743.28</ele></trkpt>
<trkpt lon="13.05687300" lat="47.53029287"><ele>1740.50</ele></trkpt>
<trkpt lon="13.05680515" lat="47.53031349"><ele>1737.38</ele></trkpt>
<trkpt lon="13.05664400" lat="47.53030581"><ele>1737.17</ele></trkpt>
<trkpt lon="13.05661155" lat="47.53029248"><ele>1736.90</ele></trkpt>
<trkpt lon="13.05650394" lat="47.53032080"><ele>1736.24</ele></trkpt>
<trkpt lon="13.05631997" lat="47.53028394"><ele>1736.13</ele></trkpt>
<trkpt lon="13.05624291" lat="47.53029109"><ele>1736.83</ele></trkpt>
<trkpt lon="13.05615466" lat="47.53030633"><ele>1733.71</ele></trkpt>
<trkpt lon="13.05613694" lat="47.53034707"><ele>1732.32</ele></trkpt>
<trkpt lon="13.05605281" lat="47.53034780"><ele>1732.51</ele></trkpt>
<trkpt lon="13.05603770" lat="47.53034700"><ele>1729.86</ele></trkpt>
<trkpt lon="13.05600214" lat="47.53035630"><ele>1731.05</ele></trkpt>
<trkpt lon="13.05593438" lat="47.53035632"><ele>1733.94</ele></trkpt>
<trkpt lon="13.05583752" lat="47.53038176"><ele>1738.42</ele></trkpt>
<trkpt lon="13.05595369" lat="47.53043430"><ele>1732.03</ele></trkpt>
<trkpt lon="13.05598966" lat="47.53042430"><ele>1729.04</ele></trkpt>
<trkpt lon="13.05595212" lat="47.53048737"><ele>1729.16</ele></trkpt>
<trkpt lon="13.05601727" lat="47.53053292"><ele>1725.99</ele></trkpt>
<trkpt lon="13.05590396" lat="47.53060416"><ele>1728.89</ele></trkpt>
<trkpt lon="13.05582087" lat="47.53061994"><ele>1726.95</ele></trkpt>
<trkpt lon="13.05576295" lat="47.53061266"><ele>1729.29</ele></trkpt>
</trkseg><trkseg>
<trkpt lon="13.05710202" lat="47.53033355"><ele>1742.13</ele></trkpt>
<trkpt lon="13.05720469" lat="47.53033421"><ele>1741.33</ele></trkpt>
<trkpt lon="13.05726670" lat="47.53029936"><ele>1740.21</ele></trkpt>
<trkpt lon="13.05738659" lat="47.53023687"><ele>1738.00</ele></trkpt>
<trkpt lon="13.05751884" lat="47.53023533"><ele>1736.77</ele></trkpt>
<trkpt lon="13.05755704" lat="47.53015455"><ele>1730.38</ele></trkpt>
</trkseg><trkseg>
<trkpt lon="13.05731228" lat="47.53017334"><ele>1727.99</ele></trkpt>
<trkpt lon="13.05733148" lat="47.53013552"><ele>1727.15</ele></trkpt>
<trkpt lon="13.05724264" lat="47.53009478"><ele>1721.66</ele></trkpt>
<trkpt lon="13.05715459" lat="47.53012604"><ele>1720.52</ele></trkpt>
<trkpt lon="13.05709057" lat="47.53011821"><ele>1717.66</ele></trkpt>
</trkseg><trkseg>
<trkpt lon="13.05731228" lat="47.53017334"><ele>1727.99</ele></trkpt>
<trkpt lon="13.05728112" lat="47.53020755"><ele>1732.37</ele></trkpt>
<trkpt lon="13.05724599" lat="47.53024484"><ele>1733.41</ele></trkpt>
<trkpt lon="13.05716727" lat="47.53026816"><ele>1735.18</ele></trkpt>
<trkpt lon="13.05710202" lat="47.53033355"><ele>1742.13</ele></trkpt>
</trkseg><trkseg>
<trkpt lon="13.05731228" lat="47.53017334"><ele>1727.99</ele></trkpt>
<trkpt lon="13.05734929" lat="47.53014230"><ele>1730.99</ele></trkpt>
<trkpt lon="13.05737678" lat="47.53013907"><ele>1731.32</ele></trkpt>
<trkpt lon="13.05738764" lat="47.53011838"><ele>1729.66</ele></trkpt>
<trkpt lon="13.05740382" lat="47.53011560"><ele>1727.81</ele></trkpt>
<trkpt lon="13.05744228" lat="47.53016088"><ele>1729.31</ele></trkpt>
<trkpt lon="13.05750913" lat="47.53016012"><ele>1730.77</ele></trkpt>
<trkpt lon="13.05755704" lat="47.53015455"><ele>1730.38</ele></trkpt>
</trkseg><trkseg>
<trkpt lon="13.04337352" lat="47.52620278"><ele>2033.30</ele></trkpt>
<trkpt lon="13.04334379" lat="47.52621280"><ele>2031.66</ele></trkpt>
<trkpt lon="13.04332726" lat="47.52621072"><ele>2030.77</ele></trkpt>
<trkpt lon="13.04330839" lat="47.52621795"><ele>2028.65</ele></trkpt>
<trkpt lon="13.04327973" lat="47.52622412"><ele>2027.44</ele></trkpt>
<trkpt lon="13.04327401" lat="47.52625651"><ele>2025.24</ele></trkpt>
<trkpt lon="13.04330189" lat="47.52627120"><ele>2026.71</ele></trkpt>
<trkpt lon="13.04331966" lat="47.52626494"><ele>2027.83</ele></trkpt>
<trkpt lon="13.04333242" lat="47.52627541"><ele>2028.06</ele></trkpt>
<trkpt lon="13.04334311" lat="47.52626669"><ele>2028.89</ele></trkpt>
<trkpt lon="13.04338203" lat="47.52625628"><ele>2031.60</ele></trkpt>
<trkpt lon="13.04339316" lat="47.52625701"><ele>2032.18</ele></trkpt>
<trkpt lon="13.04338550" lat="47.52624131"><ele>2032.79</ele></trkpt>
<trkpt lon="13.04337352" lat="47.52620278"><ele>2033.30</ele></trkpt>
</trkseg><trkseg>
<trkpt lon="13.04440175" lat="47.53995806"><ele>1792.87</ele></trkpt>
<trkpt lon="13.04437567" lat="47.53996265"><ele>1794.15</ele></trkpt>
<trkpt lon="13.04431732" lat="47.54000233"><ele>1813.39</ele></trkpt>
<trkpt lon="13.04429697" lat="47.53996716"><ele>1820.93</ele></trkpt>
<trkpt lon="13.04428017" lat="47.53995787"><ele>1820.99</ele></trkpt>
<trkpt lon="13.04422240" lat="47.53992107"><ele>1823.28</ele></trkpt>
<trkpt lon="13.04419908" lat="47.53986588"><ele>1822.50</ele></trkpt>
<trkpt lon="13.04419784" lat="47.53978109"><ele>1819.55</ele></trkpt>
<trkpt lon="13.04424788" lat="47.53977214"><ele>1816.22</ele></trkpt>
</trkseg><trkseg>
<trkpt lon="13.04440175" lat="47.53995806"><ele>1792.87</ele></trkpt>
<trkpt lon="13.04437366" lat="47.53994174"><ele>1792.14</ele></trkpt>
<trkpt lon="13.04430332" lat="47.53996061"><ele>1794.90</ele></trkpt>
<trkpt lon="13.04430283" lat="47.53994179"><ele>1795.06</ele></trkpt>
<trkpt lon="13.04430201" lat="47.53994232"><ele>1794.17</ele></trkpt>
<trkpt lon="13.04428649" lat="47.53987358"><ele>1794.75</ele></trkpt>
<trkpt lon="13.04428212" lat="47.53986972"><ele>1801.63</ele></trkpt>
<trkpt lon="13.04426205" lat="47.53984832"><ele>1804.20</ele></trkpt>
<trkpt lon="13.04424740" lat="47.53983143"><ele>1807.49</ele></trkpt>
<trkpt lon="13.04429146" lat="47.53975074"><ele>1811.27</ele></trkpt>
<trkpt lon="13.04424788" lat="47.53977214"><ele>1816.22</ele></trkpt>
</trkseg><trkseg>
<trkpt lon="13.04510516" lat="47.54053578"><ele>1746.32</ele></trkpt>
<trkpt lon="13.04507533" lat="47.54056254"><ele>1754.79</ele></trkpt>
<trkpt lon="13.04502455" lat="47.54054521"><ele>1757.51</ele></trkpt>
<trkpt lon="13.04499566" lat="47.54056091"><ele>1757.87</ele></trkpt>
<trkpt lon="13.04496615" lat="47.54057183"><ele>1755.06</ele></trkpt>
<trkpt lon="13.04492831" lat="47.54062446"><ele>1758.29</ele></trkpt>
<trkpt lon="13.04491204" lat="47.54066890"><ele>1760.09</ele></trkpt>
<trkpt lon="13.04489221" lat="47.54071626"><ele>1761.90</ele></trkpt>
<trkpt lon="13.04492672" lat="47.54074591"><ele>1760.80</ele></trkpt>
<trkpt lon="13.04495849" lat="47.54077417"><ele>1762.75</ele></trkpt>
<trkpt lon="13.04495763" lat="47.54081509"><ele>1763.25</ele></trkpt>
<trkpt lon="13.04497458" lat="47.54080953"><ele>1764.48</ele></trkpt>
<trkpt lon="13.04498640" lat="47.54076690"><ele>1765.61</ele></trkpt>
<trkpt lon="13.04498092" lat="47.54075718"><ele>1765.61</ele></trkpt>
<trkpt lon="13.04494262" lat="47.54074357"><ele>1768.94</ele></trkpt>
<trkpt lon="13.04493201" lat="47.54075023"><ele>1768.88</ele></trkpt>
<trkpt lon="13.04488778" lat="47.54073517"><ele>1771.73</ele></trkpt>
<trkpt lon="13.04487793" lat="47.54073572"><ele>1771.62</ele></trkpt>
<trkpt lon="13.04486847" lat="47.54072926"><ele>1772.01</ele></trkpt>
<trkpt lon="13.04485956" lat="47.54073289"><ele>1773.37</ele></trkpt>
<trkpt lon="13.04484179" lat="47.54074995"><ele>1774.11</ele></trkpt>
</trkseg><trkseg>
<trkpt lon="13.04484179" lat="47.54074995"><ele>1774.11</ele></trkpt>
<trkpt lon="13.04479517" lat="47.54073125"><ele>1774.27</ele></trkpt>
<trkpt lon="13.04479532" lat="47.54073080"><ele>1781.15</ele></trkpt>
<trkpt lon="13.04475693" lat="47.54073420"><ele>1786.00</ele></trkpt>
<trkpt lon="13.04474460" lat="47.54074757"><ele>1785.56</ele></trkpt>
<trkpt lon="13.04472337" lat="47.54076089"><ele>1787.31</ele></trkpt>
<trkpt lon="13.04472635" lat="47.54078811"><ele>1788.15</ele></trkpt>
<trkpt lon="13.04468423" lat="47.54082726"><ele>1787.40</ele></trkpt>
<trkpt lon="13.04468441" lat="47.54082600"><ele>1800.28</ele></trkpt>
<trkpt lon="13.04467885" lat="47.54080746"><ele>1802.40</ele></trkpt>
<trkpt lon="13.04468049" lat="47.54077051"><ele>1803.37</ele></trkpt>
<trkpt lon="13.04470860" lat="47.54068640"><ele>1802.84</ele></trkpt>
<trkpt lon="13.04472915" lat="47.54067361"><ele>1797.46</ele></trkpt>
<trkpt lon="13.04473483" lat="47.54068523"><ele>1798.22</ele></trkpt>
<trkpt lon="13.04476157" lat="47.54064150"><ele>1797.03</ele></trkpt>
<trkpt lon="13.04477266" lat="47.54063989"><ele>1796.80</ele></trkpt>
<trkpt lon="13.04479932" lat="47.54065195"><ele>1795.94</ele></trkpt>
<trkpt lon="13.04480584" lat="47.54065521"><ele>1793.08</ele></trkpt>
<trkpt lon="13.04479658" lat="47.54065047"><ele>1789.48</ele></trkpt>
<trkpt lon="13.04482569" lat="47.54065042"><ele>1778.66</ele></trkpt>
<trkpt lon="13.04487288" lat="47.54064646"><ele>1780.12</ele></trkpt>
<trkpt lon="13.04493993" lat="47.54064094"><ele>1773.10</ele></trkpt>
</trkseg><trkseg>
<trkpt lon="13.04493993" lat="47.54064094"><ele>1773.10</ele></trkpt>
<trkpt lon="13.04500685" lat="47.54062445"><ele>1770.42</ele></trkpt>
<trkpt lon="13.04507285" lat="47.54059345"><ele>1771.71</ele></trkpt>
</trkseg><trkseg>
<trkpt lon="13.04498297" lat="47.54048052"><ele>1760.79</ele></trkpt>
<trkpt lon="13.04490443" lat="47.54045542"><ele>1759.99</ele></trkpt>
<trkpt lon="13.04491421" lat="47.54044263"><ele>1759.59</ele></trkpt>
<trkpt lon="13.04484497" lat="47.54041419"><ele>1760.12</ele></trkpt>
<trkpt lon="13.04479719" lat="47.54038044"><ele>1761.42</ele></trkpt>
<trkpt lon="13.04483270" lat="47.54036889"><ele>1761.26</ele></trkpt>
<trkpt lon="13.04479645" lat="47.54030394"><ele>1762.07</ele></trkpt>
<trkpt lon="13.04474724" lat="47.54029797"><ele>1762.60</ele></trkpt>
<trkpt lon="13.04472674" lat="47.54026658"><ele>1763.48</ele></trkpt>
<trkpt lon="13.04460442" lat="47.54028996"><ele>1765.52</ele></trkpt>
<trkpt lon="13.04456952" lat="47.54022430"><ele>1768.34</ele></trkpt>
<trkpt lon="13.04452463" lat="47.54023064"><ele>1769.07</ele></trkpt>
<trkpt lon="13.04443104" lat="47.54019944"><ele>1770.60</ele></trkpt>
<trkpt lon="13.04443104" lat="47.54019944"><ele>1769.00</ele></trkpt>
<trkpt lon="13.04441473" lat="47.54020933"><ele>1769.11</ele></trkpt>
<trkpt lon="13.04440726" lat="47.54018860"><ele>1771.17</ele></trkpt>
<trkpt lon="13.04435766" lat="47.54016814"><ele>1774.84</ele></trkpt>
<trkpt lon="13.04441203" lat="47.54012461"><ele>1778.51</ele></trkpt>
<trkpt lon="13.04441552" lat="47.54012026"><ele>1788.82</ele></trkpt>
<trkpt lon="13.04443341" lat="47.54011094"><ele>1788.94</ele></trkpt>
<trkpt lon="13.04444108" lat="47.54008696"><ele>1790.52</ele></trkpt>
<trkpt lon="13.04443384" lat="47.54007792"><ele>1791.66</ele></trkpt>
<trkpt lon="13.04445071" lat="47.54005671"><ele>1791.99</ele></trkpt>
<trkpt lon="13.04443026" lat="47.54002036"><ele>1792.75</ele></trkpt>
<trkpt lon="13.04438618" lat="47.54000152"><ele>1793.23</ele></trkpt>
<trkpt lon="13.04439891" lat="47.53999166"><ele>1792.61</ele></trkpt>
<trkpt lon="13.04440175" lat="47.53995806"><ele>1792.87</ele></trkpt>
</trkseg><trkseg>
<trkpt lon="13.04498297" lat="47.54048052"><ele>1760.79</ele></trkpt>
<trkpt lon="13.04501124" lat="47.54046714"><ele>1760.10</ele></trkpt>
<trkpt lon="13.04504562" lat="47.54048609"><ele>1755.45</ele></trkpt>
<trkpt lon="13.04508848" lat="47.54053766"><ele>1750.73</ele></trkpt>
<trkpt lon="13.04510516" lat="47.54053578"><ele>1746.32</ele></trkpt>
</trkseg><trkseg>
<trkpt lon="13.04498297" lat="47.54048052"><ele>1760.79</ele></trkpt>
<trkpt lon="13.04498116" lat="47.54046492"><ele>1766.20</ele></trkpt>
<trkpt lon="13.04501939" lat="47.54049455"><ele>1767.64</ele></trkpt>
<trkpt lon="13.04504079" lat="47.54048015"><ele>1767.67</ele></trkpt>
<trkpt lon="13.04499861" lat="47.54049941"><ele>1770.95</ele></trkpt>
<trkpt lon="13.04505493" lat="47.54055715"><ele>1770.76</ele></trkpt>
<trkpt lon="13.04507285" lat="47.54059345"><ele>1771.71</ele></trkpt>
</trkseg><trkseg>
<trkpt lon="13.04536656" lat="47.54083943"><ele>1730.56</ele></trkpt>
<trkpt lon="13.04536656" lat="47.54083943"><ele>1718.71</ele></trkpt>
<trkpt lon="13.04542924" lat="47.54085850"><ele>1716.94</ele></trkpt>
<trkpt lon="13.04546228" lat="47.54087751"><ele>1715.54</ele></trkpt>
</trkseg><trkseg>
<trkpt lon="13.04546228" lat="47.54087751"><ele>1715.54</ele></trkpt>
<trkpt lon="13.04561173" lat="47.54103258"><ele>1716.70</ele></trkpt>
</trkseg><trkseg>
<trkpt lon="13.04561173" lat="47.54103258"><ele>1716.70</ele></trkpt>
<trkpt lon="13.04561173" lat="47.54103258"><ele>1718.52</ele></trkpt>
<trkpt lon="13.04559064" lat="47.54106021"><ele>1721.95</ele></trkpt>
<trkpt lon="13.04553979" lat="47.54102667"><ele>1728.09</ele></trkpt>
<trkpt lon="13.04546741" lat="47.54095039"><ele>1730.54</ele></trkpt>
<trkpt lon="13.04542287" lat="47.54089753"><ele>1730.58</ele></trkpt>
<trkpt lon="13.04542243" lat="47.54087359"><ele>1732.49</ele></trkpt>
<trkpt lon="13.04539554" lat="47.54088204"><ele>1734.94</ele></trkpt>
<trkpt lon="13.04536656" lat="47.54083943"><ele>1730.56</ele></trkpt>
</trkseg><trkseg>
<trkpt lon="13.04510516" lat="47.54053578"><ele>1746.32</ele></trkpt>
<trkpt lon="13.04515295" lat="47.54051581"><ele>1744.78</ele></trkpt>
<trkpt lon="13.04516989" lat="47.54053176"><ele>1744.97</ele></trkpt>
<trkpt lon="13.04517918" lat="47.54051788"><ele>1744.76</ele></trkpt>
<trkpt lon="13.04519743" lat="47.54054878"><ele>1745.22</ele></trkpt>
<trkpt lon="13.04518844" lat="47.54055844"><ele>1745.02</ele></trkpt>
<trkpt lon="13.04522301" lat="47.54058287"><ele>1745.15</ele></trkpt>
<trkpt lon="13.04518035" lat="47.54062219"><ele>1742.84</ele></trkpt>
<trkpt lon="13.04520432" lat="47.54065310"><ele>1744.74</ele></trkpt>
<trkpt lon="13.04522873" lat="47.54066135"><ele>1745.14</ele></trkpt>
<trkpt lon="13.04526028" lat="47.54072784"><ele>1744.46</ele></trkpt>
<trkpt lon="13.04529338" lat="47.54072022"><ele>1733.06</ele></trkpt>
<trkpt lon="13.04529451" lat="47.54074696"><ele>1732.64</ele></trkpt>
<trkpt lon="13.04533160" lat="47.54079673"><ele>1732.64</ele></trkpt>
<trkpt lon="13.04534373" lat="47.54080998"><ele>1730.97</ele></trkpt>
<trkpt lon="13.04535229" lat="47.54083352"><ele>1730.88</ele></trkpt>
<trkpt lon="13.04536656" lat="47.54083943"><ele>1730.56</ele></trkpt>
</trkseg><trkseg>
<trkpt lon="13.04510516" lat="47.54053578"><ele>1746.32</ele></trkpt>
<trkpt lon="13.04514851" lat="47.54056352"><ele>1744.77</ele></trkpt>
<trkpt lon="13.04510169" lat="47.54057550"><ele>1757.40</ele></trkpt>
<trkpt lon="13.04507025" lat="47.54057406"><ele>1768.35</ele></trkpt>
<trkpt lon="13.04507285" lat="47.54059345"><ele>1771.71</ele></trkpt>
</trkseg><trkseg>
<trkpt lon="13.05704605" lat="47.53496929"><ele>1627.12</ele></trkpt>
<trkpt lon="13.05708772" lat="47.53497440"><ele>1623.09</ele></trkpt>
<trkpt lon="13.05707978" lat="47.53499154"><ele>1622.16</ele></trkpt>
<trkpt lon="13.05707960" lat="47.53498920"><ele>1611.34</ele></trkpt>
<trkpt lon="13.05708504" lat="47.53502529"><ele>1607.45</ele></trkpt>
<trkpt lon="13.05709841" lat="47.53505917"><ele>1608.06</ele></trkpt>
<trkpt lon="13.05712618" lat="47.53507709"><ele>1607.25</ele></trkpt>
<trkpt lon="13.05716760" lat="47.53508535"><ele>1602.69</ele></trkpt>
</trkseg><trkseg>
<trkpt lon="13.05716760" lat="47.53508535"><ele>1602.69</ele></trkpt>
<trkpt lon="13.05718658" lat="47.53508217"><ele>1594.23</ele></trkpt>
<trkpt lon="13.05716537" lat="47.53509522"><ele>1594.61</ele></trkpt>
<trkpt lon="13.05717263" lat="47.53507491"><ele>1585.61</ele></trkpt>
<trkpt lon="13.05720197" lat="47.53509377"><ele>1569.81</ele></trkpt>
<trkpt lon="13.05723964" lat="47.53507740"><ele>1569.64</ele></trkpt>
<trkpt lon="13.05727531" lat="47.53507584"><ele>1567.40</ele></trkpt>
<trkpt lon="13.05727530" lat="47.53505092"><ele>1567.00</ele></trkpt>
<trkpt lon="13.05726857" lat="47.53503892"><ele>1564.95</ele></trkpt>
<trkpt lon="13.05726839" lat="47.53503667"><ele>1554.18</ele></trkpt>
<trkpt lon="13.05726755" lat="47.53501974"><ele>1554.23</ele></trkpt>
<trkpt lon="13.05733164" lat="47.53502920"><ele>1551.47</ele></trkpt>
<trkpt lon="13.05735941" lat="47.53501131"><ele>1534.94</ele></trkpt>
<trkpt lon="13.05733188" lat="47.53498340"><ele>1533.67</ele></trkpt>
<trkpt lon="13.05736318" lat="47.53497403"><ele>1532.78</ele></trkpt>
<trkpt lon="13.05737073" lat="47.53495310"><ele>1527.83</ele></trkpt>
</trkseg><trkseg>
<trkpt lon="13.05737073" lat="47.53495310"><ele>1527.83</ele></trkpt>
<trkpt lon="13.05741646" lat="47.53490942"><ele>1508.74</ele></trkpt>
<trkpt lon="13.05735926" lat="47.53485348"><ele>1492.22</ele></trkpt>
</trkseg><trkseg>
<trkpt lon="13.05735926" lat="47.53485348"><ele>1492.22</ele></trkpt>
<trkpt lon="13.05737288" lat="47.53483733"><ele>1492.37</ele></trkpt>
<trkpt lon="13.05732134" lat="47.53485490"><ele>1506.87</ele></trkpt>
<trkpt lon="13.05722074" lat="47.53483016"><ele>1509.84</ele></trkpt>
<trkpt lon="13.05722291" lat="47.53483992"><ele>1510.22</ele></trkpt>
<trkpt lon="13.05719537" lat="47.53483729"><ele>1514.79</ele></trkpt>
<trkpt lon="13.05720377" lat="47.53481836"><ele>1519.77</ele></trkpt>
<trkpt lon="13.05718345" lat="47.53477131"><ele>1530.04</ele></trkpt>
<trkpt lon="13.05717681" lat="47.53476760"><ele>1530.16</ele></trkpt>
<trkpt lon="13.05715032" lat="47.53474735"><ele>1548.52</ele></trkpt>
<trkpt lon="13.05709509" lat="47.53476765"><ele>1551.40</ele></trkpt>
<trkpt lon="13.05707133" lat="47.53481737"><ele>1554.51</ele></trkpt>
<trkpt lon="13.05706302" lat="47.53479078"><ele>1569.18</ele></trkpt>
<trkpt lon="13.05709586" lat="47.53479367"><ele>1573.32</ele></trkpt>
<trkpt lon="13.05705891" lat="47.53484083"><ele>1578.05</ele></trkpt>
<trkpt lon="13.05706669" lat="47.53484231"><ele>1578.15</ele></trkpt>
<trkpt lon="13.05702758" lat="47.53488673"><ele>1585.83</ele></trkpt>
<trkpt lon="13.05703345" lat="47.53490419"><ele>1588.38</ele></trkpt>
<trkpt lon="13.05701138" lat="47.53492236"><ele>1594.89</ele></trkpt>
</trkseg><trkseg>
<trkpt lon="13.05701138" lat="47.53492236"><ele>1594.89</ele></trkpt>
<trkpt lon="13.05701236" lat="47.53495711"><ele>1594.67</ele></trkpt>
<trkpt lon="13.05699383" lat="47.53498388"><ele>1599.43</ele></trkpt>
<trkpt lon="13.05699786" lat="47.53498980"><ele>1599.51</ele></trkpt>
<trkpt lon="13.05695314" lat="47.53509252"><ele>1603.62</ele></trkpt>
<trkpt lon="13.05688495" lat="47.53509694"><ele>1612.79</ele></trkpt>
<trkpt lon="13.05687694" lat="47.53514108"><ele>1613.12</ele></trkpt>
<trkpt lon="13.05688146" lat="47.53513720"><ele>1614.50</ele></trkpt>
<trkpt lon="13.05693162" lat="47.53509224"><ele>1621.04</ele></trkpt>
<trkpt lon="13.05696628" lat="47.53505342"><ele>1624.01</ele></trkpt>
<trkpt lon="13.05695630" lat="47.53504299"><ele>1624.21</ele></trkpt>
<trkpt lon="13.05704037" lat="47.53495416"><ele>1623.93</ele></trkpt>
<trkpt lon="13.05704605" lat="47.53496929"><ele>1627.12</ele></trkpt>
</trkseg><trkseg>
<trkpt lon="13.04945289" lat="47.53377242"><ele>1827.56</ele></trkpt>
<trkpt lon="13.04939465" lat="47.53379870"><ele>1831.32</ele></trkpt>
<trkpt lon="13.04938788" lat="47.53380227"><ele>1831.59</ele></trkpt>
<trkpt lon="13.04942297" lat="47.53383058"><ele>1830.26</ele></trkpt>
<trkpt lon="13.04945289" lat="47.53377242"><ele>1827.56</ele></trkpt>
</trkseg><trkseg>
<trkpt lon="13.04945289" lat="47.53377242"><ele>1827.56</ele></trkpt>
<trkpt lon="13.04954483" lat="47.53374753"><ele>1827.38</ele></trkpt>
<trkpt lon="13.04949256" lat="47.53371326"><ele>1829.36</ele></trkpt>
<trkpt lon="13.04955318" lat="47.53361207"><ele>1832.32</ele></trkpt>
<trkpt lon="13.04952765" lat="47.53362333"><ele>1832.64</ele></trkpt>
<trkpt lon="13.04949905" lat="47.53358838"><ele>1834.50</ele></trkpt>
<trkpt lon="13.04947912" lat="47.53353468"><ele>1838.04</ele></trkpt>
<trkpt lon="13.04946598" lat="47.53351646"><ele>1837.74</ele></trkpt>
<trkpt lon="13.04949111" lat="47.53350150"><ele>1837.26</ele></trkpt>
<trkpt lon="13.04949009" lat="47.53348259"><ele>1836.62</ele></trkpt>
<trkpt lon="13.04960811" lat="47.53345301"><ele>1832.38</ele></trkpt>
<trkpt lon="13.04961147" lat="47.53346638"><ele>1832.63</ele></trkpt>
</trkseg><trkseg>
<trkpt lon="13.04961147" lat="47.53346638"><ele>1832.63</ele></trkpt>
<trkpt lon="13.04962635" lat="47.53347357"><ele>1830.11</ele></trkpt>
<trkpt lon="13.04970041" lat="47.53345773"><ele>1824.01</ele></trkpt>
<trkpt lon="13.04970074" lat="47.53342372"><ele>1823.58</ele></trkpt>
<trkpt lon="13.04972675" lat="47.53343190"><ele>1821.77</ele></trkpt>
<trkpt lon="13.04976068" lat="47.53346631"><ele>1820.34</ele></trkpt>
<trkpt lon="13.04979549" lat="47.53345206"><ele>1819.53</ele></trkpt>
<trkpt lon="13.04978905" lat="47.53344286"><ele>1811.96</ele></trkpt>
<trkpt lon="13.04985142" lat="47.53344158"><ele>1806.18</ele></trkpt>
<trkpt lon="13.04987475" lat="47.53341786"><ele>1807.24</ele></trkpt>
<trkpt lon="13.04993448" lat="47.53348394"><ele>1798.60</ele></trkpt>
</trkseg><trkseg>
<trkpt lon="13.04993448" lat="47.53348394"><ele>1798.60</ele></trkpt>
<trkpt lon="13.05001159" lat="47.53346131"><ele>1795.92</ele></trkpt>
<trkpt lon="13.05005679" lat="47.53348575"><ele>1788.07</ele></trkpt>
<trkpt lon="13.05009953" lat="47.53347262"><ele>1784.77</ele></trkpt>
<trkpt lon="13.05012863" lat="47.53346897"><ele>1781.22</ele></trkpt>
<trkpt lon="13.05014455" lat="47.53343028"><ele>1781.84</ele></trkpt>
<trkpt lon="13.05019689" lat="47.53343756"><ele>1781.42</ele></trkpt>
<trkpt lon="13.05023394" lat="47.53340247"><ele>1781.26</ele></trkpt>
<trkpt lon="13.05014891" lat="47.53336278"><ele>1780.71</ele></trkpt>
<trkpt lon="13.05011187" lat="47.53336917"><ele>1780.66</ele></trkpt>
</trkseg><trkseg>
<trkpt lon="13.05018173" lat="47.53326975"><ele>1777.83</ele></trkpt>
<trkpt lon="13.05014116" lat="47.53332449"><ele>1780.58</ele></trkpt>
<trkpt lon="13.05012546" lat="47.53334321"><ele>1781.90</ele></trkpt>
<trkpt lon="13.05011187" lat="47.53336917"><ele>1780.66</ele></trkpt>
</trkseg><trkseg>
<trkpt lon="13.05012773" lat="47.53316373"><ele>1777.91</ele></trkpt>
<trkpt lon="13.05014150" lat="47.53317935"><ele>1778.26</ele></trkpt>
<trkpt lon="13.05013430" lat="47.53318724"><ele>1780.73</ele></trkpt>
<trkpt lon="13.05010981" lat="47.53316325"><ele>1782.31</ele></trkpt>
<trkpt lon="13.05009871" lat="47.53312572"><ele>1785.00</ele></trkpt>
<trkpt lon="13.05011272" lat="47.53312397"><ele>1785.58</ele></trkpt>
<trkpt lon="13.05011085" lat="47.53313519"><ele>1786.54</ele></trkpt>
<trkpt lon="13.05012946" lat="47.53314910"><ele>1789.46</ele></trkpt>
</trkseg><trkseg>
<trkpt lon="13.05012946" lat="47.53314910"><ele>1789.46</ele></trkpt>
<trkpt lon="13.05020875" lat="47.53317870"><ele>1786.09</ele></trkpt>
<trkpt lon="13.05019525" lat="47.53325262"><ele>1780.40</ele></trkpt>
<trkpt lon="13.05018173" lat="47.53326975"><ele>1777.83</ele></trkpt>
</trkseg><trkseg>
<trkpt lon="13.05012773" lat="47.53316373"><ele>1777.91</ele></trkpt>
<trkpt lon="13.05017366" lat="47.53323641"><ele>1780.57</ele></trkpt>
<trkpt lon="13.05018173" lat="47.53326975"><ele>1777.83</ele></trkpt>
</trkseg><trkseg>
<trkpt lon="13.04919908" lat="47.53253056"><ele>1758.65</ele></trkpt>
<trkpt lon="13.04922824" lat="47.53255391"><ele>1757.59</ele></trkpt>
<trkpt lon="13.04919027" lat="47.53257108"><ele>1757.50</ele></trkpt>
<trkpt lon="13.04926779" lat="47.53263395"><ele>1758.27</ele></trkpt>
<trkpt lon="13.04931126" lat="47.53262623"><ele>1759.15</ele></trkpt>
<trkpt lon="13.04933541" lat="47.53273093"><ele>1758.33</ele></trkpt>
<trkpt lon="13.04936225" lat="47.53273805"><ele>1759.92</ele></trkpt>
<trkpt lon="13.04934951" lat="47.53279857"><ele>1759.80</ele></trkpt>
<trkpt lon="13.04931424" lat="47.53278582"><ele>1758.84</ele></trkpt>
<trkpt lon="13.04939624" lat="47.53280323"><ele>1760.20</ele></trkpt>
<trkpt lon="13.04942408" lat="47.53277248"><ele>1759.49</ele></trkpt>
<trkpt lon="13.04945233" lat="47.53278106"><ele>1759.27</ele></trkpt>
<trkpt lon="13.04949816" lat="47.53272758"><ele>1759.83</ele></trkpt>
<trkpt lon="13.04959375" lat="47.53275125"><ele>1759.59</ele></trkpt>
<trkpt lon="13.04962382" lat="47.53277147"><ele>1760.19</ele></trkpt>
<trkpt lon="13.04970158" lat="47.53280996"><ele>1760.31</ele></trkpt>
<trkpt lon="13.04973286" lat="47.53284441"><ele>1760.96</ele></trkpt>
<trkpt lon="13.04974795" lat="47.53285313"><ele>1761.50</ele></trkpt>
<trkpt lon="13.04974824" lat="47.53287023"><ele>1762.71</ele></trkpt>
<trkpt lon="13.04969715" lat="47.53291165"><ele>1763.00</ele></trkpt>
<trkpt lon="13.04970461" lat="47.53294678"><ele>1764.10</ele></trkpt>
<trkpt lon="13.04965857" lat="47.53296301"><ele>1763.72</ele></trkpt>
<trkpt lon="13.04966668" lat="47.53298789"><ele>1763.98</ele></trkpt>
</trkseg><trkseg>
<trkpt lon="13.04966668" lat="47.53298789"><ele>1763.98</ele></trkpt>
<trkpt lon="13.04969508" lat="47.53301393"><ele>1763.91</ele></trkpt>
<trkpt lon="13.04969705" lat="47.53303619"><ele>1764.96</ele></trkpt>
<trkpt lon="13.04971608" lat="47.53304236"><ele>1766.35</ele></trkpt>
<trkpt lon="13.04971651" lat="47.53304156"><ele>1771.35</ele></trkpt>
<trkpt lon="13.04977152" lat="47.53308101"><ele>1772.09</ele></trkpt>
<trkpt lon="13.04974989" lat="47.53309441"><ele>1770.87</ele></trkpt>
<trkpt lon="13.04976375" lat="47.53310769"><ele>1766.61</ele></trkpt>
<trkpt lon="13.04982349" lat="47.53313066"><ele>1770.51</ele></trkpt>
<trkpt lon="13.04981922" lat="47.53313464"><ele>1774.01</ele></trkpt>
<trkpt lon="13.04985455" lat="47.53319580"><ele>1771.92</ele></trkpt>
<trkpt lon="13.04990855" lat="47.53318358"><ele>1774.20</ele></trkpt>
<trkpt lon="13.04993539" lat="47.53310854"><ele>1773.30</ele></trkpt>
<trkpt lon="13.05009264" lat="47.53312093"><ele>1776.72</ele></trkpt>
<trkpt lon="13.05008748" lat="47.53314190"><ele>1777.77</ele></trkpt>
<trkpt lon="13.05012773" lat="47.53316373"><ele>1777.91</ele></trkpt>
</trkseg><trkseg>
<trkpt lon="13.04930060" lat="47.53248378"><ele>1757.23</ele></trkpt>
<trkpt lon="13.04925642" lat="47.53245685"><ele>1757.29</ele></trkpt>
<trkpt lon="13.04921741" lat="47.53246986"><ele>1756.22</ele></trkpt>
<trkpt lon="13.04919908" lat="47.53253056"><ele>1758.65</ele></trkpt>
</trkseg><trkseg>
<trkpt lon="13.04930060" lat="47.53248378"><ele>1757.23</ele></trkpt>
<trkpt lon="13.04928496" lat="47.53249701"><ele>1757.23</ele></trkpt>
<trkpt lon="13.04925859" lat="47.53251312"><ele>1757.94</ele></trkpt>
<trkpt lon="13.04923698" lat="47.53250097"><ele>1759.15</ele></trkpt>
<trkpt lon="13.04919908" lat="47.53253056"><ele>1758.65</ele></trkpt>
</trkseg><trkseg>
<trkpt lon="13.04835912" lat="47.53194621"><ele>1754.84</ele></trkpt>
<trkpt lon="13.04840766" lat="47.53194155"><ele>1754.21</ele></trkpt>
<trkpt lon="13.04850886" lat="47.53193553"><ele>1754.84</ele></trkpt>
<trkpt lon="13.04857145" lat="47.53189224"><ele>1756.49</ele></trkpt>
<trkpt lon="13.04860283" lat="47.53187370"><ele>1755.22</ele></trkpt>
<trkpt lon="13.04864602" lat="47.53198457"><ele>1756.09</ele></trkpt>
<trkpt lon="13.04866138" lat="47.53206834"><ele>1756.67</ele></trkpt>
<trkpt lon="13.04880553" lat="47.53213297"><ele>1756.58</ele></trkpt>
<trkpt lon="13.04883270" lat="47.53209546"><ele>1754.36</ele></trkpt>
<trkpt lon="13.04887284" lat="47.53214149"><ele>1756.93</ele></trkpt>
<trkpt lon="13.04890877" lat="47.53216865"><ele>1755.54</ele></trkpt>
<trkpt lon="13.04898912" lat="47.53212665"><ele>1755.88</ele></trkpt>
<trkpt lon="13.04897142" lat="47.53219914"><ele>1756.35</ele></trkpt>
<trkpt lon="13.04909539" lat="47.53228835"><ele>1756.21</ele></trkpt>
<trkpt lon="13.04907635" lat="47.53230018"><ele>1756.01</ele></trkpt>
<trkpt lon="13.04911700" lat="47.53236863"><ele>1756.84</ele></trkpt>
<trkpt lon="13.04919131" lat="47.53238897"><ele>1756.71</ele></trkpt>
<trkpt lon="13.04930060" lat="47.53248378"><ele>1757.23</ele></trkpt>
</trkseg><trkseg>
<trkpt lon="13.04826387" lat="47.53203889"><ele>1754.70</ele></trkpt>
<trkpt lon="13.04829000" lat="47.53205455"><ele>1754.56</ele></trkpt>
<trkpt lon="13.04826993" lat="47.53205834"><ele>1753.39</ele></trkpt>
<trkpt lon="13.04825111" lat="47.53204974"><ele>1747.95</ele></trkpt>
<trkpt lon="13.04827531" lat="47.53204584"><ele>1743.00</ele></trkpt>
<trkpt lon="13.04825927" lat="47.53206275"><ele>1736.98</ele></trkpt>
<trkpt lon="13.04823973" lat="47.53204145"><ele>1741.75</ele></trkpt>
<trkpt lon="13.04827201" lat="47.53200592"><ele>1741.63</ele></trkpt>
<trkpt lon="13.04829091" lat="47.53200498"><ele>1741.36</ele></trkpt>
<trkpt lon="13.04833117" lat="47.53197255"><ele>1744.12</ele></trkpt>
<trkpt lon="13.04837309" lat="47.53195284"><ele>1747.26</ele></trkpt>
<trkpt lon="13.04840040" lat="47.53190075"><ele>1752.91</ele></trkpt>
<trkpt lon="13.04843209" lat="47.53191695"><ele>1755.88</ele></trkpt>
<trkpt lon="13.04835912" lat="47.53194621"><ele>1754.84</ele></trkpt>
</trkseg><trkseg>
<trkpt lon="13.04826387" lat="47.53203889"><ele>1754.70</ele></trkpt>
<trkpt lon="13.04832314" lat="47.53201705"><ele>1755.40</ele></trkpt>
<trkpt lon="13.04831059" lat="47.53196860"><ele>1755.52</ele></trkpt>
<trkpt lon="13.04835912" lat="47.53194621"><ele>1754.84</ele></trkpt>
</trkseg><trkseg>
<trkpt lon="13.04812901" lat="47.53141976"><ele>1745.91</ele></trkpt>
<trkpt lon="13.04806476" lat="47.53151855"><ele>1748.21</ele></trkpt>
<trkpt lon="13.04805094" lat="47.53155062"><ele>1749.01</ele></trkpt>
<trkpt lon="13.04802733" lat="47.53162121"><ele>1747.56</ele></trkpt>
<trkpt lon="13.04799999" lat="47.53165971"><ele>1750.61</ele></trkpt>
<trkpt lon="13.04800934" lat="47.53170144"><ele>1752.43</ele></trkpt>
<trkpt lon="13.04807455" lat="47.53175213"><ele>1752.44</ele></trkpt>
<trkpt lon="13.04809025" lat="47.53183051"><ele>1752.47</ele></trkpt>
<trkpt lon="13.04808957" lat="47.53189528"><ele>1752.84</ele></trkpt>
<trkpt lon="13.04803420" lat="47.53197667"><ele>1752.87</ele></trkpt>
<trkpt lon="13.04797804" lat="47.53201126"><ele>1752.44</ele></trkpt>
<trkpt lon="13.04809394" lat="47.53209962"><ele>1753.02</ele></trkpt>
<trkpt lon="13.04815536" lat="47.53207718"><ele>1754.19</ele></trkpt>
<trkpt lon="13.04834426" lat="47.53214257"><ele>1754.47</ele></trkpt>
<trkpt lon="13.04826387" lat="47.53203889"><ele>1754.70</ele></trkpt>
</trkseg><trkseg>
<trkpt lon="13.04816833" lat="47.53138057"><ele>1739.14</ele></trkpt>
<trkpt lon="13.04822087" lat="47.53144346"><ele>1748.72</ele></trkpt>
</trkseg><trkseg>
<trkpt lon="13.04822087" lat="47.53144346"><ele>1748.72</ele></trkpt>
<trkpt lon="13.04823118" lat="47.53144840"><ele>1742.38</ele></trkpt>
<trkpt lon="13.04823663" lat="47.53143752"><ele>1740.64</ele></trkpt>
<trkpt lon="13.04823538" lat="47.53144632"><ele>1733.92</ele></trkpt>
<trkpt lon="13.04822079" lat="47.53143482"><ele>1727.02</ele></trkpt>
<trkpt lon="13.04818719" lat="47.53143434"><ele>1725.76</ele></trkpt>
<trkpt lon="13.04812899" lat="47.53149175"><ele>1730.60</ele></trkpt>
<trkpt lon="13.04812189" lat="47.53148641"><ele>1733.51</ele></trkpt>
<trkpt lon="13.04811231" lat="47.53150802"><ele>1733.50</ele></trkpt>
<trkpt lon="13.04814346" lat="47.53152799"><ele>1734.66</ele></trkpt>
<trkpt lon="13.04814014" lat="47.53152073"><ele>1736.12</ele></trkpt>
<trkpt lon="13.04812588" lat="47.53151842"><ele>1736.94</ele></trkpt>
<trkpt lon="13.04809726" lat="47.53150551"><ele>1742.86</ele></trkpt>
<trkpt lon="13.04812901" lat="47.53141976"><ele>1745.91</ele></trkpt>
</trkseg><trkseg>
<trkpt lon="13.04816833" lat="47.53138057"><ele>1739.14</ele></trkpt>
<trkpt lon="13.04816321" lat="47.53140405"><ele>1745.59</ele></trkpt>
<trkpt lon="13.04812901" lat="47.53141976"><ele>1745.91</ele></trkpt>
</trkseg><trkseg>
<trkpt lon="13.04761975" lat="47.53052124"><ele>1741.96</ele></trkpt>
<trkpt lon="13.04751621" lat="47.53060100"><ele>1738.49</ele></trkpt>
<trkpt lon="13.04748136" lat="47.53057350"><ele>1739.35</ele></trkpt>
</trkseg><trkseg>
<trkpt lon="13.04775617" lat="47.53054363"><ele>1743.82</ele></trkpt>
<trkpt lon="13.04766264" lat="47.53053628"><ele>1742.32</ele></trkpt>
<trkpt lon="13.04761975" lat="47.53052124"><ele>1741.96</ele></trkpt>
</trkseg><trkseg>
<trkpt lon="13.04775617" lat="47.53054363"><ele>1743.82</ele></trkpt>
<trkpt lon="13.04771478" lat="47.53047390"><ele>1748.93</ele></trkpt>
<trkpt lon="13.04761975" lat="47.53052124"><ele>1741.96</ele></trkpt>
</trkseg><trkseg>
<trkpt lon="13.04659837" lat="47.53024055"><ele>1750.77</ele></trkpt>
<trkpt lon="13.04668691" lat="47.53027139"><ele>1749.06</ele></trkpt>
<trkpt lon="13.04672245" lat="47.53032680"><ele>1748.73</ele></trkpt>
<trkpt lon="13.04680074" lat="47.53040084"><ele>1747.80</ele></trkpt>
<trkpt lon="13.04682715" lat="47.53048749"><ele>1748.55</ele></trkpt>
<trkpt lon="13.04689713" lat="47.53052090"><ele>1748.21</ele></trkpt>
<trkpt lon="13.04690217" lat="47.53050686"><ele>1747.24</ele></trkpt>
<trkpt lon="13.04698409" lat="47.53052967"><ele>1748.12</ele></trkpt>
<trkpt lon="13.04699623" lat="47.53052825"><ele>1748.13</ele></trkpt>
<trkpt lon="13.04703334" lat="47.53051296"><ele>1748.43</ele></trkpt>
<trkpt lon="13.04711133" lat="47.53054884"><ele>1748.52</ele></trkpt>
<trkpt lon="13.04725338" lat="47.53053749"><ele>1749.71</ele></trkpt>
<trkpt lon="13.04725503" lat="47.53055021"><ele>1749.69</ele></trkpt>
<trkpt lon="13.04737888" lat="47.53055673"><ele>1748.90</ele></trkpt>
<trkpt lon="13.04748584" lat="47.53057466"><ele>1739.17</ele></trkpt>
<trkpt lon="13.04748136" lat="47.53057350"><ele>1739.35</ele></trkpt>
</trkseg><trkseg>
<trkpt lon="13.04646031" lat="47.52965087"><ele>1746.62</ele></trkpt>
<trkpt lon="13.04640117" lat="47.52970511"><ele>1749.74</ele></trkpt>
<trkpt lon="13.04643970" lat="47.52978009"><ele>1749.12</ele></trkpt>
<trkpt lon="13.04647866" lat="47.52979705"><ele>1749.29</ele></trkpt>
<trkpt lon="13.04648689" lat="47.52983309"><ele>1748.46</ele></trkpt>
<trkpt lon="13.04649082" lat="47.52985241"><ele>1749.07</ele></trkpt>
<trkpt lon="13.04646124" lat="47.52986181"><ele>1749.42</ele></trkpt>
<trkpt lon="13.04643297" lat="47.52991487"><ele>1748.58</ele></trkpt>
<trkpt lon="13.04646109" lat="47.52993388"><ele>1748.79</ele></trkpt>
<trkpt lon="13.04653463" lat="47.52994629"><ele>1749.54</ele></trkpt>
<trkpt lon="13.04659726" lat="47.52998434"><ele>1748.77</ele></trkpt>
<trkpt lon="13.04664404" lat="47.53004840"><ele>1749.59</ele></trkpt>
<trkpt lon="13.04670411" lat="47.53010521"><ele>1750.18</ele></trkpt>
<trkpt lon="13.04663208" lat="47.53013413"><ele>1750.78</ele></trkpt>
<trkpt lon="13.04659495" lat="47.53017174"><ele>1750.92</ele></trkpt>
<trkpt lon="13.04661922" lat="47.53018367"><ele>1750.60</ele></trkpt>
<trkpt lon="13.04659837" lat="47.53024055"><ele>1750.77</ele></trkpt>
</trkseg><trkseg>
<trkpt lon="13.04669882" lat="47.52950349"><ele>1748.14</ele></trkpt>
<trkpt lon="13.04667159" lat="47.52948179"><ele>1749.57</ele></trkpt>
<trkpt lon="13.04667984" lat="47.52946366"><ele>1749.82</ele></trkpt>
</trkseg><trkseg>
<trkpt lon="13.04667984" lat="47.52946366"><ele>1749.82</ele></trkpt>
<trkpt lon="13.04662671" lat="47.52944548"><ele>1751.85</ele></trkpt>
<trkpt lon="13.04658910" lat="47.52943494"><ele>1754.99</ele></trkpt>
<trkpt lon="13.04654680" lat="47.52941488"><ele>1756.53</ele></trkpt>
<trkpt lon="13.04650726" lat="47.52940268"><ele>1756.94</ele></trkpt>
<trkpt lon="13.04645957" lat="47.52943840"><ele>1753.75</ele></trkpt>
<trkpt lon="13.04650756" lat="47.52950194"><ele>1752.92</ele></trkpt>
<trkpt lon="13.04648531" lat="47.52955384"><ele>1749.98</ele></trkpt>
<trkpt lon="13.04649665" lat="47.52957761"><ele>1748.69</ele></trkpt>
<trkpt lon="13.04650402" lat="47.52961868"><ele>1749.00</ele></trkpt>
</trkseg><trkseg>
<trkpt lon="13.04650402" lat="47.52961868"><ele>1749.00</ele></trkpt>
<trkpt lon="13.04646031" lat="47.52965087"><ele>1746.62</ele></trkpt>
</trkseg><trkseg>
<trkpt lon="13.04669882" lat="47.52950349"><ele>1748.14</ele></trkpt>
<trkpt lon="13.04664922" lat="47.52951902"><ele>1751.22</ele></trkpt>
<trkpt lon="13.04661213" lat="47.52953027"><ele>1750.17</ele></trkpt>
<trkpt lon="13.04659885" lat="47.52955524"><ele>1748.95</ele></trkpt>
<trkpt lon="13.04660692" lat="47.52963834"><ele>1750.02</ele></trkpt>
<trkpt lon="13.04651636" lat="47.52963338"><ele>1749.62</ele></trkpt>
<trkpt lon="13.04646031" lat="47.52965087"><ele>1746.62</ele></trkpt>
</trkseg><trkseg>
<trkpt lon="13.04779074" lat="47.53081840"><ele>1750.92</ele></trkpt>
<trkpt lon="13.04768034" lat="47.53082165"><ele>1748.76</ele></trkpt>
<trkpt lon="13.04767330" lat="47.53083952"><ele>1748.42</ele></trkpt>
<trkpt lon="13.04757816" lat="47.53078265"><ele>1750.48</ele></trkpt>
<trkpt lon="13.04761357" lat="47.53074861"><ele>1750.55</ele></trkpt>
<trkpt lon="13.04755987" lat="47.53065618"><ele>1742.16</ele></trkpt>
<trkpt lon="13.04746833" lat="47.53068108"><ele>1742.38</ele></trkpt>
<trkpt lon="13.04748598" lat="47.53063513"><ele>1740.56</ele></trkpt>
<trkpt lon="13.04748136" lat="47.53057350"><ele>1739.35</ele></trkpt>
</trkseg><trkseg>
<trkpt lon="13.04789424" lat="47.53107607"><ele>1753.07</ele></trkpt>
<trkpt lon="13.04792466" lat="47.53105122"><ele>1748.55</ele></trkpt>
<trkpt lon="13.04788718" lat="47.53100864"><ele>1737.00</ele></trkpt>
<trkpt lon="13.04787048" lat="47.53095734"><ele>1728.12</ele></trkpt>
<trkpt lon="13.04784269" lat="47.53089010"><ele>1742.84</ele></trkpt>
<trkpt lon="13.04785458" lat="47.53088463"><ele>1743.38</ele></trkpt>
<trkpt lon="13.04784274" lat="47.53088155"><ele>1744.31</ele></trkpt>
<trkpt lon="13.04784265" lat="47.53086967"><ele>1745.25</ele></trkpt>
<trkpt lon="13.04780313" lat="47.53084983"><ele>1749.50</ele></trkpt>
<trkpt lon="13.04779074" lat="47.53081840"><ele>1750.92</ele></trkpt>
</trkseg><trkseg>
<trkpt lon="13.04789424" lat="47.53107607"><ele>1753.07</ele></trkpt>
<trkpt lon="13.04792216" lat="47.53109356"><ele>1753.27</ele></trkpt>
<trkpt lon="13.04794581" lat="47.53110071"><ele>1753.57</ele></trkpt>
<trkpt lon="13.04801416" lat="47.53117062"><ele>1751.23</ele></trkpt>
</trkseg><trkseg>
<trkpt lon="13.04801416" lat="47.53117062"><ele>1751.23</ele></trkpt>
<trkpt lon="13.04802336" lat="47.53116637"><ele>1751.61</ele></trkpt>
<trkpt lon="13.04806309" lat="47.53121635"><ele>1750.61</ele></trkpt>
<trkpt lon="13.04811760" lat="47.53127982"><ele>1750.70</ele></trkpt>
<trkpt lon="13.04810629" lat="47.53129088"><ele>1746.67</ele></trkpt>
<trkpt lon="13.04808369" lat="47.53132333"><ele>1749.95</ele></trkpt>
<trkpt lon="13.04816833" lat="47.53138057"><ele>1739.14</ele></trkpt>
</trkseg><trkseg>
<trkpt lon="13.04789424" lat="47.53107607"><ele>1753.07</ele></trkpt>
<trkpt lon="13.04788826" lat="47.53106544"><ele>1751.20</ele></trkpt>
<trkpt lon="13.04783812" lat="47.53093798"><ele>1750.54</ele></trkpt>
<trkpt lon="13.04781680" lat="47.53092538"><ele>1750.44</ele></trkpt>
<trkpt lon="13.04783178" lat="47.53089027"><ele>1749.90</ele></trkpt>
<trkpt lon="13.04779074" lat="47.53081840"><ele>1750.92</ele></trkpt>
</trkseg><trkseg>
<trkpt lon="13.04600723" lat="47.53029175"><ele>1749.28</ele></trkpt>
<trkpt lon="13.04604693" lat="47.53031393"><ele>1748.02</ele></trkpt>
<trkpt lon="13.04613029" lat="47.53032300"><ele>1747.39</ele></trkpt>
<trkpt lon="13.04617838" lat="47.53036612"><ele>1747.10</ele></trkpt>
<trkpt lon="13.04626635" lat="47.53034431"><ele>1746.52</ele></trkpt>
<trkpt lon="13.04629052" lat="47.53032312"><ele>1745.75</ele></trkpt>
<trkpt lon="13.04632979" lat="47.53031390"><ele>1745.59</ele></trkpt>
<trkpt lon="13.04636264" lat="47.53039175"><ele>1748.04</ele></trkpt>
</trkseg><trkseg>
<trkpt lon="13.04636264" lat="47.53039175"><ele>1748.04</ele></trkpt>
<trkpt lon="13.04640218" lat="47.53038235"><ele>1748.82</ele></trkpt>
<trkpt lon="13.04644801" lat="47.53033967"><ele>1750.37</ele></trkpt>
<trkpt lon="13.04654366" lat="47.53033266"><ele>1748.41</ele></trkpt>
<trkpt lon="13.04655933" lat="47.53028649"><ele>1748.08</ele></trkpt>
<trkpt lon="13.04659224" lat="47.53027680"><ele>1749.07</ele></trkpt>
<trkpt lon="13.04659837" lat="47.53024055"><ele>1750.77</ele></trkpt>
</trkseg><trkseg>
<trkpt lon="13.04564471" lat="47.53041155"><ele>1755.94</ele></trkpt>
<trkpt lon="13.04561031" lat="47.53043643"><ele>1757.78</ele></trkpt>
<trkpt lon="13.04562195" lat="47.53036986"><ele>1765.13</ele></trkpt>
<trkpt lon="13.04566132" lat="47.53036855"><ele>1764.77</ele></trkpt>
<trkpt lon="13.04571333" lat="47.53033839"><ele>1767.15</ele></trkpt>
<trkpt lon="13.04573861" lat="47.53032668"><ele>1766.71</ele></trkpt>
<trkpt lon="13.04574078" lat="47.53030044"><ele>1766.96</ele></trkpt>
<trkpt lon="13.04577373" lat="47.53029695"><ele>1766.99</ele></trkpt>
<trkpt lon="13.04578152" lat="47.53029096"><ele>1767.77</ele></trkpt>
<trkpt lon="13.04585150" lat="47.53028487"><ele>1764.58</ele></trkpt>
<trkpt lon="13.04588252" lat="47.53029403"><ele>1763.08</ele></trkpt>
<trkpt lon="13.04593489" lat="47.53029700"><ele>1761.91</ele></trkpt>
<trkpt lon="13.04598607" lat="47.53030696"><ele>1749.54</ele></trkpt>
<trkpt lon="13.04600723" lat="47.53029175"><ele>1749.28</ele></trkpt>
</trkseg><trkseg>
<trkpt lon="13.04564471" lat="47.53041155"><ele>1755.94</ele></trkpt>
<trkpt lon="13.04568984" lat="47.53035923"><ele>1757.15</ele></trkpt>
<trkpt lon="13.04570018" lat="47.53029543"><ele>1755.20</ele></trkpt>
<trkpt lon="13.04581885" lat="47.53030186"><ele>1753.34</ele></trkpt>
<trkpt lon="13.04583242" lat="47.53029417"><ele>1752.30</ele></trkpt>
<trkpt lon="13.04586586" lat="47.53027755"><ele>1750.26</ele></trkpt>
<trkpt lon="13.04592768" lat="47.53029435"><ele>1751.39</ele></trkpt>
<trkpt lon="13.04600723" lat="47.53029175"><ele>1749.28</ele></trkpt>
</trkseg><trkseg>
<trkpt lon="13.04724402" lat="47.53039606"><ele>1694.11</ele></trkpt>
<trkpt lon="13.04725448" lat="47.53039327"><ele>1702.04</ele></trkpt>
<trkpt lon="13.04729265" lat="47.53038879"><ele>1703.72</ele></trkpt>
<trkpt lon="13.04731470" lat="47.53042831"><ele>1703.68</ele></trkpt>
<trkpt lon="13.04729162" lat="47.53045221"><ele>1703.95</ele></trkpt>
<trkpt lon="13.04735638" lat="47.53046861"><ele>1701.40</ele></trkpt>
<trkpt lon="13.04735785" lat="47.53050427"><ele>1697.75</ele></trkpt>
<trkpt lon="13.04737965" lat="47.53051814"><ele>1716.69</ele></trkpt>
<trkpt lon="13.04742273" lat="47.53054596"><ele>1731.65</ele></trkpt>
<trkpt lon="13.04744973" lat="47.53056306"><ele>1736.22</ele></trkpt>
<trkpt lon="13.04748136" lat="47.53057350"><ele>1739.35</ele></trkpt>
</trkseg><trkseg>
<trkpt lon="13.04527060" lat="47.53053601"><ele>1752.95</ele></trkpt>
<trkpt lon="13.04528201" lat="47.53054709"><ele>1750.24</ele></trkpt>
<trkpt lon="13.04527898" lat="47.53057844"><ele>1749.71</ele></trkpt>
</trkseg><trkseg>
<trkpt lon="13.04527898" lat="47.53057844"><ele>1749.71</ele></trkpt>
<trkpt lon="13.04528237" lat="47.53057661"><ele>1751.68</ele></trkpt>
<trkpt lon="13.04529884" lat="47.53057320"><ele>1752.10</ele></trkpt>
<trkpt lon="13.04531066" lat="47.53058402"><ele>1752.27</ele></trkpt>
<trkpt lon="13.04533350" lat="47.53059890"><ele>1752.19</ele></trkpt>
<trkpt lon="13.04532192" lat="47.53061004"><ele>1751.62</ele></trkpt>
<trkpt lon="13.04533251" lat="47.53062192"><ele>1751.40</ele></trkpt>
<trkpt lon="13.04533719" lat="47.53064242"><ele>1751.22</ele></trkpt>
<trkpt lon="13.04537959" lat="47.53065997"><ele>1752.04</ele></trkpt>
<trkpt lon="13.04537570" lat="47.53066441"><ele>1751.87</ele></trkpt>
<trkpt lon="13.04546159" lat="47.53068441"><ele>1751.80</ele></trkpt>
<trkpt lon="13.04548959" lat="47.53067085"><ele>1750.67</ele></trkpt>
<trkpt lon="13.04548521" lat="47.53066015"><ele>1750.63</ele></trkpt>
<trkpt lon="13.04550754" lat="47.53065253"><ele>1751.16</ele></trkpt>
<trkpt lon="13.04552813" lat="47.53064199"><ele>1752.15</ele></trkpt>
<trkpt lon="13.04553429" lat="47.53060511"><ele>1755.84</ele></trkpt>
<trkpt lon="13.04559585" lat="47.53048216"><ele>1756.60</ele></trkpt>
</trkseg><trkseg>
<trkpt lon="13.04559585" lat="47.53048216"><ele>1756.60</ele></trkpt>
<trkpt lon="13.04568667" lat="47.53043008"><ele>1757.76</ele></trkpt>
</trkseg><trkseg>
<trkpt lon="13.04527060" lat="47.53053601"><ele>1752.95</ele></trkpt>
<trkpt lon="13.04528165" lat="47.53050686"><ele>1754.18</ele></trkpt>
<trkpt lon="13.04531958" lat="47.53049437"><ele>1752.38</ele></trkpt>
</trkseg><trkseg>
<trkpt lon="13.04531958" lat="47.53049437"><ele>1752.38</ele></trkpt>
<trkpt lon="13.04530461" lat="47.53048602"><ele>1752.34</ele></trkpt>
<trkpt lon="13.04530003" lat="47.53046263"><ele>1753.69</ele></trkpt>
<trkpt lon="13.04531932" lat="47.53045135"><ele>1753.33</ele></trkpt>
<trkpt lon="13.04531164" lat="47.53043979"><ele>1752.69</ele></trkpt>
<trkpt lon="13.04532804" lat="47.53043099"><ele>1751.66</ele></trkpt>
<trkpt lon="13.04536632" lat="47.53043074"><ele>1751.07</ele></trkpt>
<trkpt lon="13.04543026" lat="47.53043345"><ele>1752.04</ele></trkpt>
<trkpt lon="13.04544304" lat="47.53042206"><ele>1752.58</ele></trkpt>
<trkpt lon="13.04548847" lat="47.53042571"><ele>1752.85</ele></trkpt>
<trkpt lon="13.04555103" lat="47.53041922"><ele>1754.41</ele></trkpt>
<trkpt lon="13.04556568" lat="47.53044683"><ele>1754.41</ele></trkpt>
<trkpt lon="13.04559613" lat="47.53043898"><ele>1753.81</ele></trkpt>
<trkpt lon="13.04561101" lat="47.53043527"><ele>1755.46</ele></trkpt>
<trkpt lon="13.04568667" lat="47.53043008"><ele>1757.76</ele></trkpt>
</trkseg><trkseg>
<trkpt lon="13.04439911" lat="47.53099455"><ele>1754.32</ele></trkpt>
<trkpt lon="13.04437413" lat="47.53096596"><ele>1753.05</ele></trkpt>
<trkpt lon="13.04442613" lat="47.53091466"><ele>1753.28</ele></trkpt>
</trkseg><trkseg>
<trkpt lon="13.04437680" lat="47.53094765"><ele>1746.21</ele></trkpt>
<trkpt lon="13.04438836" lat="47.53090843"><ele>1748.64</ele></trkpt>
<trkpt lon="13.04442613" lat="47.53091466"><ele>1753.28</ele></trkpt>
</trkseg><trkseg>
<trkpt lon="13.04436171" lat="47.53098194"><ele>1744.57</ele></trkpt>
<trkpt lon="13.04437680" lat="47.53094765"><ele>1746.21</ele></trkpt>
</trkseg><trkseg>
<trkpt lon="13.04439521" lat="47.53095642"><ele>1742.01</ele></trkpt>
<trkpt lon="13.04436906" lat="47.53091998"><ele>1745.22</ele></trkpt>
<trkpt lon="13.04437258" lat="47.53093264"><ele>1746.97</ele></trkpt>
<trkpt lon="13.04437680" lat="47.53094765"><ele>1746.21</ele></trkpt>
</trkseg><trkseg>
<trkpt lon="13.04439521" lat="47.53095642"><ele>1742.01</ele></trkpt>
<trkpt lon="13.04438232" lat="47.53097447"><ele>1742.55</ele></trkpt>
<trkpt lon="13.04436045" lat="47.53098021"><ele>1743.27</ele></trkpt>
<trkpt lon="13.04436171" lat="47.53098194"><ele>1744.57</ele></trkpt>
</trkseg><trkseg>
<trkpt lon="13.04439521" lat="47.53095642"><ele>1742.01</ele></trkpt>
<trkpt lon="13.04438001" lat="47.53095085"><ele>1740.53</ele></trkpt>
<trkpt lon="13.04433808" lat="47.53095275"><ele>1740.87</ele></trkpt>
<trkpt lon="13.04433231" lat="47.53095076"><ele>1743.12</ele></trkpt>
<trkpt lon="13.04432189" lat="47.53092385"><ele>1744.14</ele></trkpt>
<trkpt lon="13.04429921" lat="47.53094776"><ele>1747.51</ele></trkpt>
<trkpt lon="13.04431063" lat="47.53097279"><ele>1746.75</ele></trkpt>
<trkpt lon="13.04430146" lat="47.53101943"><ele>1747.52</ele></trkpt>
<trkpt lon="13.04434431" lat="47.53100324"><ele>1743.82</ele></trkpt>
<trkpt lon="13.04436171" lat="47.53098194"><ele>1744.57</ele></trkpt>
</trkseg><trkseg>
<trkpt lon="13.04426310" lat="47.53104334"><ele>1754.25</ele></trkpt>
<trkpt lon="13.04430511" lat="47.53103902"><ele>1752.78</ele></trkpt>
<trkpt lon="13.04429987" lat="47.53104064"><ele>1752.01</ele></trkpt>
<trkpt lon="13.04430328" lat="47.53103485"><ele>1751.62</ele></trkpt>
<trkpt lon="13.04432328" lat="47.53103654"><ele>1751.59</ele></trkpt>
<trkpt lon="13.04433439" lat="47.53104123"><ele>1751.72</ele></trkpt>
<trkpt lon="13.04434830" lat="47.53104965"><ele>1752.40</ele></trkpt>
<trkpt lon="13.04437628" lat="47.53105463"><ele>1753.01</ele></trkpt>
</trkseg><trkseg>
<trkpt lon="13.04437628" lat="47.53105463"><ele>1753.01</ele></trkpt>
<trkpt lon="13.04440536" lat="47.53102651"><ele>1754.86</ele></trkpt>
<trkpt lon="13.04439911" lat="47.53099455"><ele>1754.32</ele></trkpt>
</trkseg><trkseg>
<trkpt lon="13.04426310" lat="47.53104334"><ele>1754.25</ele></trkpt>
<trkpt lon="13.04423110" lat="47.53109651"><ele>1750.60</ele></trkpt>
<trkpt lon="13.04409878" lat="47.53108904"><ele>1746.24</ele></trkpt>
<trkpt lon="13.04402552" lat="47.53112594"><ele>1743.01</ele></trkpt>
<trkpt lon="13.04392108" lat="47.53112641"><ele>1740.35</ele></trkpt>
<trkpt lon="13.04387845" lat="47.53113639"><ele>1739.98</ele></trkpt>
<trkpt lon="13.04379484" lat="47.53117339"><ele>1736.73</ele></trkpt>
<trkpt lon="13.04378091" lat="47.53121904"><ele>1732.20</ele></trkpt>
<trkpt lon="13.04375260" lat="47.53121595"><ele>1732.19</ele></trkpt>
<trkpt lon="13.04376408" lat="47.53124296"><ele>1732.82</ele></trkpt>
<trkpt lon="13.04376983" lat="47.53124918"><ele>1734.14</ele></trkpt>
<trkpt lon="13.04375242" lat="47.53126355"><ele>1735.71</ele></trkpt>
<trkpt lon="13.04368238" lat="47.53125686"><ele>1738.69</ele></trkpt>
</trkseg><trkseg>
<trkpt lon="13.04426310" lat="47.53104334"><ele>1754.25</ele></trkpt>
<trkpt lon="13.04426759" lat="47.53100490"><ele>1754.19</ele></trkpt>
<trkpt lon="13.04432052" lat="47.53096774"><ele>1757.37</ele></trkpt>
<trkpt lon="13.04435452" lat="47.53098245"><ele>1757.69</ele></trkpt>
<trkpt lon="13.04439911" lat="47.53099455"><ele>1754.32</ele></trkpt>
</trkseg><trkseg>
<trkpt lon="13.04521736" lat="47.53063147"><ele>1757.87</ele></trkpt>
<trkpt lon="13.04528697" lat="47.53058875"><ele>1756.51</ele></trkpt>
</trkseg><trkseg>
<trkpt lon="13.04528697" lat="47.53058875"><ele>1756.51</ele></trkpt>
<trkpt lon="13.04531346" lat="47.53057660"><ele>1755.38</ele></trkpt>
<trkpt lon="13.04527060" lat="47.53053601"><ele>1752.95</ele></trkpt>
</trkseg><trkseg>
<trkpt lon="13.04472595" lat="47.53086587"><ele>1760.10</ele></trkpt>
<trkpt lon="13.04463661" lat="47.53091762"><ele>1758.64</ele></trkpt>
<trkpt lon="13.04451856" lat="47.53091920"><ele>1756.91</ele></trkpt>
</trkseg><trkseg>
<trkpt lon="13.04451856" lat="47.53091920"><ele>1756.91</ele></trkpt>
<trkpt lon="13.04442613" lat="47.53091466"><ele>1753.28</ele></trkpt>
</trkseg><trkseg>
<trkpt lon="13.04503253" lat="47.53064254"><ele>1758.92</ele></trkpt>
<trkpt lon="13.04503355" lat="47.53063311"><ele>1757.87</ele></trkpt>
<trkpt lon="13.04499678" lat="47.53063923"><ele>1758.66</ele></trkpt>
<trkpt lon="13.04490637" lat="47.53062329"><ele>1758.96</ele></trkpt>
<trkpt lon="13.04490395" lat="47.53062406"><ele>1758.07</ele></trkpt>
<trkpt lon="13.04485720" lat="47.53061273"><ele>1759.25</ele></trkpt>
<trkpt lon="13.04484570" lat="47.53062909"><ele>1759.93</ele></trkpt>
<trkpt lon="13.04487784" lat="47.53065808"><ele>1756.46</ele></trkpt>
<trkpt lon="13.04486762" lat="47.53076840"><ele>1756.28</ele></trkpt>
<trkpt lon="13.04483055" lat="47.53078640"><ele>1758.40</ele></trkpt>
<trkpt lon="13.04479002" lat="47.53078652"><ele>1760.08</ele></trkpt>
<trkpt lon="13.04472595" lat="47.53086587"><ele>1760.10</ele></trkpt>
</trkseg><trkseg>
<trkpt lon="13.04503253" lat="47.53064254"><ele>1758.92</ele></trkpt>
<trkpt lon="13.04487820" lat="47.53054119"><ele>1763.65</ele></trkpt>
<trkpt lon="13.04484129" lat="47.53059410"><ele>1763.91</ele></trkpt>
<trkpt lon="13.04485902" lat="47.53061735"><ele>1763.65</ele></trkpt>
<trkpt lon="13.04485324" lat="47.53065487"><ele>1763.33</ele></trkpt>
<trkpt lon="13.04487525" lat="47.53067036"><ele>1764.05</ele></trkpt>
<trkpt lon="13.04488555" lat="47.53074000"><ele>1767.08</ele></trkpt>
<trkpt lon="13.04484893" lat="47.53079220"><ele>1765.30</ele></trkpt>
<trkpt lon="13.04477079" lat="47.53080355"><ele>1759.95</ele></trkpt>
<trkpt lon="13.04472595" lat="47.53086587"><ele>1760.10</ele></trkpt>
</trkseg><trkseg>
<trkpt lon="13.04503253" lat="47.53064254"><ele>1758.92</ele></trkpt>
<trkpt lon="13.04516126" lat="47.53059290"><ele>1758.85</ele></trkpt>
<trkpt lon="13.04521736" lat="47.53063147"><ele>1757.87</ele></trkpt>
</trkseg><trkseg>
<trkpt lon="13.04357084" lat="47.53141594"><ele>1760.84</ele></trkpt>
<trkpt lon="13.04353838" lat="47.53139910"><ele>1757.65</ele></trkpt>
<trkpt lon="13.04356350" lat="47.53138468"><ele>1756.44</ele></trkpt>
<trkpt lon="13.04356407" lat="47.53138721"><ele>1753.67</ele></trkpt>
</trkseg><trkseg>
<trkpt lon="13.04356407" lat="47.53138721"><ele>1753.67</ele></trkpt>
<trkpt lon="13.04360718" lat="47.53136050"><ele>1750.84</ele></trkpt>
<trkpt lon="13.04360965" lat="47.53126921"><ele>1742.97</ele></trkpt>
<trkpt lon="13.04368238" lat="47.53125686"><ele>1738.69</ele></trkpt>
</trkseg><trkseg>
<trkpt lon="13.04344297" lat="47.53149942"><ele>1763.60</ele></trkpt>
<trkpt lon="13.04345786" lat="47.53149212"><ele>1760.93</ele></trkpt>
<trkpt lon="13.04349016" lat="47.53147755"><ele>1759.87</ele></trkpt>
<trkpt lon="13.04353809" lat="47.53147468"><ele>1759.76</ele></trkpt>
<trkpt lon="13.04357084" lat="47.53141594"><ele>1760.84</ele></trkpt>
</trkseg><trkseg>
<trkpt lon="13.04344297" lat="47.53149942"><ele>1763.60</ele></trkpt>
<trkpt lon="13.04351003" lat="47.53149319"><ele>1768.40</ele></trkpt>
<trkpt lon="13.04353709" lat="47.53148024"><ele>1769.04</ele></trkpt>
<trkpt lon="13.04357084" lat="47.53141594"><ele>1760.84</ele></trkpt>
</trkseg><trkseg>
<trkpt lon="13.04251603" lat="47.53155145"><ele>1754.49</ele></trkpt>
<trkpt lon="13.04255592" lat="47.53160063"><ele>1756.65</ele></trkpt>
<trkpt lon="13.04265724" lat="47.53156987"><ele>1760.59</ele></trkpt>
<trkpt lon="13.04267971" lat="47.53159095"><ele>1761.03</ele></trkpt>
<trkpt lon="13.04274506" lat="47.53157362"><ele>1762.39</ele></trkpt>
<trkpt lon="13.04283183" lat="47.53155567"><ele>1762.01</ele></trkpt>
<trkpt lon="13.04288066" lat="47.53157171"><ele>1763.76</ele></trkpt>
<trkpt lon="13.04293752" lat="47.53160750"><ele>1762.66</ele></trkpt>
<trkpt lon="13.04301970" lat="47.53155906"><ele>1761.65</ele></trkpt>
<trkpt lon="13.04308943" lat="47.53155278"><ele>1762.20</ele></trkpt>
<trkpt lon="13.04314625" lat="47.53156814"><ele>1762.82</ele></trkpt>
<trkpt lon="13.04336412" lat="47.53151535"><ele>1764.64</ele></trkpt>
</trkseg><trkseg>
<trkpt lon="13.04336412" lat="47.53151535"><ele>1764.64</ele></trkpt>
<trkpt lon="13.04333954" lat="47.53146553"><ele>1766.48</ele></trkpt>
<trkpt lon="13.04344297" lat="47.53149942"><ele>1763.60</ele></trkpt>
</trkseg><trkseg>
<trkpt lon="13.04204422" lat="47.53193338"><ele>1759.44</ele></trkpt>
<trkpt lon="13.04200158" lat="47.53192968"><ele>1759.12</ele></trkpt>
<trkpt lon="13.04208750" lat="47.53187374"><ele>1759.28</ele></trkpt>
<trkpt lon="13.04219476" lat="47.53186198"><ele>1760.93</ele></trkpt>
<trkpt lon="13.04222782" lat="47.53186273"><ele>1760.50</ele></trkpt>
<trkpt lon="13.04230414" lat="47.53178269"><ele>1763.38</ele></trkpt>
<trkpt lon="13.04229994" lat="47.53173852"><ele>1761.31</ele></trkpt>
<trkpt lon="13.04226198" lat="47.53164825"><ele>1759.04</ele></trkpt>
<trkpt lon="13.04230538" lat="47.53163162"><ele>1758.02</ele></trkpt>
<trkpt lon="13.04231353" lat="47.53159118"><ele>1758.64</ele></trkpt>
<trkpt lon="13.04238407" lat="47.53153075"><ele>1758.09</ele></trkpt>
<trkpt lon="13.04245156" lat="47.53150949"><ele>1755.44</ele></trkpt>
<trkpt lon="13.04245199" lat="47.53152300"><ele>1753.84</ele></trkpt>
<trkpt lon="13.04251603" lat="47.53155145"><ele>1754.49</ele></trkpt>
</trkseg><trkseg>
<trkpt lon="13.04154793" lat="47.53222338"><ele>1756.98</ele></trkpt>
<trkpt lon="13.04155878" lat="47.53221745"><ele>1756.34</ele></trkpt>
<trkpt lon="13.04157147" lat="47.53220497"><ele>1755.31</ele></trkpt>
<trkpt lon="13.04153959" lat="47.53217608"><ele>1755.57</ele></trkpt>
<trkpt lon="13.04150321" lat="47.53216116"><ele>1752.07</ele></trkpt>
<trkpt lon="13.04159636" lat="47.53210759"><ele>1752.76</ele></trkpt>
<trkpt lon="13.04167904" lat="47.53203503"><ele>1754.36</ele></trkpt>
<trkpt lon="13.04177438" lat="47.53203666"><ele>1756.37</ele></trkpt>
<trkpt lon="13.04177783" lat="47.53199749"><ele>1757.81</ele></trkpt>
<trkpt lon="13.04190282" lat="47.53197713"><ele>1759.77</ele></trkpt>
<trkpt lon="13.04190745" lat="47.53194562"><ele>1759.56</ele></trkpt>
<trkpt lon="13.04190238" lat="47.53190693"><ele>1756.62</ele></trkpt>
<trkpt lon="13.04187853" lat="47.53189096"><ele>1756.60</ele></trkpt>
<trkpt lon="13.04194114" lat="47.53189365"><ele>1756.18</ele></trkpt>
<trkpt lon="13.04197050" lat="47.53190432"><ele>1756.11</ele></trkpt>
<trkpt lon="13.04204422" lat="47.53193338"><ele>1759.44</ele></trkpt>
</trkseg><trkseg>
<trkpt lon="13.04154793" lat="47.53222338"><ele>1756.98</ele></trkpt>
<trkpt lon="13.04162959" lat="47.53220336"><ele>1761.15</ele></trkpt>
<trkpt lon="13.04165704" lat="47.53217638"><ele>1761.09</ele></trkpt>
<trkpt lon="13.04172035" lat="47.53215659"><ele>1763.29</ele></trkpt>
<trkpt lon="13.04179690" lat="47.53212397"><ele>1764.91</ele></trkpt>
<trkpt lon="13.04179333" lat="47.53213786"><ele>1765.36</ele></trkpt>
<trkpt lon="13.04193468" lat="47.53211706"><ele>1764.46</ele></trkpt>
<trkpt lon="13.04198677" lat="47.53219524"><ele>1764.82</ele></trkpt>
<trkpt lon="13.04199702" lat="47.53217697"><ele>1763.15</ele></trkpt>
<trkpt lon="13.04205363" lat="47.53216237"><ele>1763.35</ele></trkpt>
<trkpt lon="13.04209823" lat="47.53213506"><ele>1764.20</ele></trkpt>
<trkpt lon="13.04210753" lat="47.53214934"><ele>1764.27</ele></trkpt>
<trkpt lon="13.04214396" lat="47.53213089"><ele>1764.19</ele></trkpt>
<trkpt lon="13.04213444" lat="47.53210823"><ele>1763.46</ele></trkpt>
<trkpt lon="13.04205111" lat="47.53206955"><ele>1762.99</ele></trkpt>
<trkpt lon="13.04205346" lat="47.53205295"><ele>1761.91</ele></trkpt>
<trkpt lon="13.04204560" lat="47.53203922"><ele>1760.17</ele></trkpt>
<trkpt lon="13.04203691" lat="47.53198338"><ele>1758.95</ele></trkpt>
<trkpt lon="13.04203797" lat="47.53195496"><ele>1758.20</ele></trkpt>
<trkpt lon="13.04204422" lat="47.53193338"><ele>1759.44</ele></trkpt>
</trkseg><trkseg>
<trkpt lon="13.04037253" lat="47.53262802"><ele>1753.51</ele></trkpt>
<trkpt lon="13.04043503" lat="47.53258364"><ele>1754.47</ele></trkpt>
<trkpt lon="13.04045452" lat="47.53257057"><ele>1755.27</ele></trkpt>
<trkpt lon="13.04051302" lat="47.53254817"><ele>1757.47</ele></trkpt>
<trkpt lon="13.04054538" lat="47.53252137"><ele>1758.37</ele></trkpt>
<trkpt lon="13.04065235" lat="47.53251375"><ele>1760.51</ele></trkpt>
<trkpt lon="13.04065618" lat="47.53250743"><ele>1758.76</ele></trkpt>
<trkpt lon="13.04084234" lat="47.53253895"><ele>1756.15</ele></trkpt>
<trkpt lon="13.04089797" lat="47.53251876"><ele>1756.89</ele></trkpt>
<trkpt lon="13.04092442" lat="47.53249725"><ele>1759.18</ele></trkpt>
<trkpt lon="13.04100743" lat="47.53243739"><ele>1759.16</ele></trkpt>
<trkpt lon="13.04104238" lat="47.53243709"><ele>1755.95</ele></trkpt>
<trkpt lon="13.04108728" lat="47.53245181"><ele>1752.90</ele></trkpt>
<trkpt lon="13.04113150" lat="47.53239875"><ele>1752.61</ele></trkpt>
<trkpt lon="13.04118878" lat="47.53238056"><ele>1751.10</ele></trkpt>
<trkpt lon="13.04126988" lat="47.53232931"><ele>1749.17</ele></trkpt>
<trkpt lon="13.04127874" lat="47.53232343"><ele>1749.19</ele></trkpt>
<trkpt lon="13.04131220" lat="47.53230250"><ele>1749.59</ele></trkpt>
<trkpt lon="13.04139093" lat="47.53229691"><ele>1749.66</ele></trkpt>
<trkpt lon="13.04141821" lat="47.53227803"><ele>1750.66</ele></trkpt>
<trkpt lon="13.04148802" lat="47.53228363"><ele>1749.95</ele></trkpt>
<trkpt lon="13.04149067" lat="47.53227324"><ele>1753.86</ele></trkpt>
<trkpt lon="13.04154793" lat="47.53222338"><ele>1756.98</ele></trkpt>
</trkseg><trkseg>
<trkpt lon="13.03986464" lat="47.53268682"><ele>1746.13</ele></trkpt>
<trkpt lon="13.03994958" lat="47.53267172"><ele>1747.51</ele></trkpt>
<trkpt lon="13.03995189" lat="47.53270586"><ele>1746.83</ele></trkpt>
<trkpt lon="13.04000270" lat="47.53268648"><ele>1747.42</ele></trkpt>
<trkpt lon="13.04004003" lat="47.53271178"><ele>1747.18</ele></trkpt>
</trkseg><trkseg>
<trkpt lon="13.03986464" lat="47.53268682"><ele>1746.13</ele></trkpt>
<trkpt lon="13.03989449" lat="47.53267743"><ele>1745.01</ele></trkpt>
<trkpt lon="13.03990302" lat="47.53270530"><ele>1744.63</ele></trkpt>
<trkpt lon="13.03989418" lat="47.53270343"><ele>1743.88</ele></trkpt>
<trkpt lon="13.03985124" lat="47.53274346"><ele>1742.59</ele></trkpt>
<trkpt lon="13.03995494" lat="47.53277376"><ele>1741.89</ele></trkpt>
<trkpt lon="13.04000560" lat="47.53273350"><ele>1746.11</ele></trkpt>
<trkpt lon="13.04004003" lat="47.53271178"><ele>1747.18</ele></trkpt>
</trkseg><trkseg>
<trkpt lon="13.03921952" lat="47.53298039"><ele>1762.99</ele></trkpt>
<trkpt lon="13.03926659" lat="47.53295456"><ele>1763.46</ele></trkpt>
<trkpt lon="13.03920244" lat="47.53288237"><ele>1766.71</ele></trkpt>
<trkpt lon="13.03924292" lat="47.53284797"><ele>1764.73</ele></trkpt>
<trkpt lon="13.03937345" lat="47.53274330"><ele>1759.29</ele></trkpt>
<trkpt lon="13.03940423" lat="47.53275166"><ele>1756.95</ele></trkpt>
<trkpt lon="13.03943408" lat="47.53277430"><ele>1757.06</ele></trkpt>
<trkpt lon="13.03945583" lat="47.53274327"><ele>1755.06</ele></trkpt>
<trkpt lon="13.03950163" lat="47.53272291"><ele>1756.63</ele></trkpt>
<trkpt lon="13.03949137" lat="47.53267378"><ele>1759.36</ele></trkpt>
<trkpt lon="13.03966532" lat="47.53265174"><ele>1752.67</ele></trkpt>
<trkpt lon="13.03971007" lat="47.53269867"><ele>1748.68</ele></trkpt>
<trkpt lon="13.03981180" lat="47.53271435"><ele>1746.85</ele></trkpt>
<trkpt lon="13.03985205" lat="47.53268958"><ele>1747.91</ele></trkpt>
<trkpt lon="13.03986464" lat="47.53268682"><ele>1746.13</ele></trkpt>
</trkseg><trkseg>
<trkpt lon="13.04055347" lat="47.53274620"><ele>1755.62</ele></trkpt>
<trkpt lon="13.04050176" lat="47.53276826"><ele>1759.20</ele></trkpt>
<trkpt lon="13.04052493" lat="47.53280609"><ele>1760.06</ele></trkpt>
<trkpt lon="13.04051578" lat="47.53283428"><ele>1761.51</ele></trkpt>
<trkpt lon="13.04053408" lat="47.53282442"><ele>1762.02</ele></trkpt>
<trkpt lon="13.04054031" lat="47.53285701"><ele>1763.93</ele></trkpt>
<trkpt lon="13.04055593" lat="47.53285512"><ele>1754.57</ele></trkpt>
<trkpt lon="13.04056191" lat="47.53284065"><ele>1755.05</ele></trkpt>
<trkpt lon="13.04055555" lat="47.53284018"><ele>1752.06</ele></trkpt>
<trkpt lon="13.04056967" lat="47.53282152"><ele>1752.17</ele></trkpt>
<trkpt lon="13.04057708" lat="47.53279024"><ele>1752.19</ele></trkpt>
<trkpt lon="13.04055014" lat="47.53280013"><ele>1752.68</ele></trkpt>
<trkpt lon="13.04054395" lat="47.53277708"><ele>1753.30</ele></trkpt>
<trkpt lon="13.04054778" lat="47.53276347"><ele>1755.40</ele></trkpt>
<trkpt lon="13.04055347" lat="47.53274620"><ele>1755.62</ele></trkpt>
</trkseg><trkseg>
<trkpt lon="13.04055347" lat="47.53274620"><ele>1755.62</ele></trkpt>
<trkpt lon="13.04054723" lat="47.53269975"><ele>1757.52</ele></trkpt>
<trkpt lon="13.04048409" lat="47.53268283"><ele>1755.29</ele></trkpt>
<trkpt lon="13.04045899" lat="47.53267539"><ele>1755.13</ele></trkpt>
<trkpt lon="13.04045776" lat="47.53265476"><ele>1755.62</ele></trkpt>
<trkpt lon="13.04037253" lat="47.53262802"><ele>1753.51</ele></trkpt>
</trkseg><trkseg>
<trkpt lon="13.03580934" lat="47.53474382"><ele>1755.33</ele></trkpt>
<trkpt lon="13.03577298" lat="47.53471773"><ele>1756.24</ele></trkpt>
<trkpt lon="13.03578986" lat="47.53467861"><ele>1758.30</ele></trkpt>
<trkpt lon="13.03578270" lat="47.53462468"><ele>1759.55</ele></trkpt>
<trkpt lon="13.03581260" lat="47.53463176"><ele>1759.04</ele></trkpt>
<trkpt lon="13.03583619" lat="47.53460859"><ele>1759.75</ele></trkpt>
<trkpt lon="13.03584656" lat="47.53460121"><ele>1760.12</ele></trkpt>
<trkpt lon="13.03588587" lat="47.53457326"><ele>1762.07</ele></trkpt>
<trkpt lon="13.03602888" lat="47.53452253"><ele>1762.36</ele></trkpt>
<trkpt lon="13.03607989" lat="47.53453358"><ele>1760.30</ele></trkpt>
<trkpt lon="13.03610408" lat="47.53450484"><ele>1760.87</ele></trkpt>
<trkpt lon="13.03622546" lat="47.53446741"><ele>1759.16</ele></trkpt>
<trkpt lon="13.03626589" lat="47.53454468"><ele>1756.03</ele></trkpt>
<trkpt lon="13.03627495" lat="47.53451910"><ele>1754.73</ele></trkpt>
<trkpt lon="13.03626955" lat="47.53451073"><ele>1754.03</ele></trkpt>
<trkpt lon="13.03631053" lat="47.53447364"><ele>1751.31</ele></trkpt>
<trkpt lon="13.03640046" lat="47.53441390"><ele>1750.29</ele></trkpt>
<trkpt lon="13.03641074" lat="47.53445520"><ele>1751.00</ele></trkpt>
<trkpt lon="13.03644120" lat="47.53445806"><ele>1751.10</ele></trkpt>
<trkpt lon="13.03646733" lat="47.53444510"><ele>1750.19</ele></trkpt>
<trkpt lon="13.03645709" lat="47.53443809"><ele>1748.96</ele></trkpt>
<trkpt lon="13.03649062" lat="47.53441202"><ele>1749.55</ele></trkpt>
<trkpt lon="13.03649379" lat="47.53438751"><ele>1749.77</ele></trkpt>
<trkpt lon="13.03650141" lat="47.53440420"><ele>1748.85</ele></trkpt>
<trkpt lon="13.03658648" lat="47.53437830"><ele>1747.78</ele></trkpt>
<trkpt lon="13.03661367" lat="47.53438687"><ele>1747.82</ele></trkpt>
<trkpt lon="13.03667825" lat="47.53435468"><ele>1750.56</ele></trkpt>
<trkpt lon="13.03663834" lat="47.53432043"><ele>1747.69</ele></trkpt>
<trkpt lon="13.03669111" lat="47.53432682"><ele>1746.01</ele></trkpt>
<trkpt lon="13.03675817" lat="47.53432077"><ele>1747.32</ele></trkpt>
<trkpt lon="13.03682281" lat="47.53432989"><ele>1746.56</ele></trkpt>
<trkpt lon="13.03687380" lat="47.53429513"><ele>1745.73</ele></trkpt>
<trkpt lon="13.03689015" lat="47.53427723"><ele>1744.19</ele></trkpt>
<trkpt lon="13.03690234" lat="47.53426736"><ele>1743.48</ele></trkpt>
<trkpt lon="13.03694528" lat="47.53427395"><ele>1745.22</ele></trkpt>
<trkpt lon="13.03698215" lat="47.53424713"><ele>1747.88</ele></trkpt>
<trkpt lon="13.03702987" lat="47.53423976"><ele>1745.58</ele></trkpt>
<trkpt lon="13.03705921" lat="47.53420832"><ele>1744.26</ele></trkpt>
<trkpt lon="13.03705491" lat="47.53426638"><ele>1741.76</ele></trkpt>
<trkpt lon="13.03710821" lat="47.53423390"><ele>1739.84</ele></trkpt>
<trkpt lon="13.03711168" lat="47.53418366"><ele>1740.77</ele></trkpt>
</trkseg><trkseg>
<trkpt lon="13.03711168" lat="47.53418366"><ele>1740.77</ele></trkpt>
<trkpt lon="13.03722292" lat="47.53409036"><ele>1747.22</ele></trkpt>
<trkpt lon="13.03728402" lat="47.53410536"><ele>1749.04</ele></trkpt>
<trkpt lon="13.03724490" lat="47.53410685"><ele>1752.01</ele></trkpt>
<trkpt lon="13.03731060" lat="47.53406964"><ele>1750.42</ele></trkpt>
<trkpt lon="13.03729042" lat="47.53405121"><ele>1751.25</ele></trkpt>
<trkpt lon="13.03733004" lat="47.53401490"><ele>1754.20</ele></trkpt>
<trkpt lon="13.03741414" lat="47.53397603"><ele>1754.63</ele></trkpt>
<trkpt lon="13.03742274" lat="47.53401253"><ele>1751.36</ele></trkpt>
<trkpt lon="13.03756210" lat="47.53404524"><ele>1742.18</ele></trkpt>
<trkpt lon="13.03759509" lat="47.53404428"><ele>1742.14</ele></trkpt>
<trkpt lon="13.03764939" lat="47.53405600"><ele>1739.30</ele></trkpt>
<trkpt lon="13.03769707" lat="47.53406033"><ele>1737.89</ele></trkpt>
<trkpt lon="13.03777347" lat="47.53406029"><ele>1735.70</ele></trkpt>
<trkpt lon="13.03783193" lat="47.53406759"><ele>1733.72</ele></trkpt>
<trkpt lon="13.03785113" lat="47.53404065"><ele>1733.46</ele></trkpt>
<trkpt lon="13.03788042" lat="47.53400723"><ele>1733.75</ele></trkpt>
<trkpt lon="13.03789015" lat="47.53393514"><ele>1735.12</ele></trkpt>
<trkpt lon="13.03786446" lat="47.53391157"><ele>1736.29</ele></trkpt>
<trkpt lon="13.03793901" lat="47.53382574"><ele>1733.91</ele></trkpt>
<trkpt lon="13.03802954" lat="47.53385303"><ele>1733.50</ele></trkpt>
<trkpt lon="13.03802309" lat="47.53381575"><ele>1731.18</ele></trkpt>
<trkpt lon="13.03806305" lat="47.53379520"><ele>1731.61</ele></trkpt>
<trkpt lon="13.03817456" lat="47.53368400"><ele>1738.87</ele></trkpt>
<trkpt lon="13.03823046" lat="47.53366021"><ele>1739.33</ele></trkpt>
<trkpt lon="13.03834255" lat="47.53366159"><ele>1744.80</ele></trkpt>
<trkpt lon="13.03835302" lat="47.53366951"><ele>1744.36</ele></trkpt>
<trkpt lon="13.03836232" lat="47.53366580"><ele>1743.14</ele></trkpt>
<trkpt lon="13.03837078" lat="47.53368853"><ele>1742.27</ele></trkpt>
<trkpt lon="13.03841022" lat="47.53369622"><ele>1743.04</ele></trkpt>
<trkpt lon="13.03843054" lat="47.53366435"><ele>1744.73</ele></trkpt>
<trkpt lon="13.03851021" lat="47.53364439"><ele>1744.99</ele></trkpt>
<trkpt lon="13.03852963" lat="47.53360117"><ele>1745.88</ele></trkpt>
<trkpt lon="13.03851450" lat="47.53358642"><ele>1746.45</ele></trkpt>
<trkpt lon="13.03848279" lat="47.53358525"><ele>1746.71</ele></trkpt>
<trkpt lon="13.03853186" lat="47.53347370"><ele>1753.29</ele></trkpt>
<trkpt lon="13.03855881" lat="47.53347074"><ele>1752.73</ele></trkpt>
<trkpt lon="13.03867465" lat="47.53344627"><ele>1757.46</ele></trkpt>
<trkpt lon="13.03868396" lat="47.53336778"><ele>1758.96</ele></trkpt>
<trkpt lon="13.03868577" lat="47.53336547"><ele>1755.77</ele></trkpt>
<trkpt lon="13.03868689" lat="47.53334975"><ele>1754.10</ele></trkpt>
<trkpt lon="13.03872471" lat="47.53331179"><ele>1756.68</ele></trkpt>
<trkpt lon="13.03874496" lat="47.53324978"><ele>1758.47</ele></trkpt>
<trkpt lon="13.03880259" lat="47.53320091"><ele>1760.73</ele></trkpt>
<trkpt lon="13.03875435" lat="47.53317264"><ele>1761.23</ele></trkpt>
<trkpt lon="13.03878238" lat="47.53314424"><ele>1760.04</ele></trkpt>
<trkpt lon="13.03885038" lat="47.53305587"><ele>1762.54</ele></trkpt>
<trkpt lon="13.03890941" lat="47.53301944"><ele>1762.08</ele></trkpt>
<trkpt lon="13.03901206" lat="47.53297810"><ele>1763.62</ele></trkpt>
<trkpt lon="13.03921952" lat="47.53298039"><ele>1762.99</ele></trkpt>
</trkseg><trkseg>
<trkpt lon="13.03639547" lat="47.53484646"><ele>1745.89</ele></trkpt>
<trkpt lon="13.03632024" lat="47.53483977"><ele>1744.03</ele></trkpt>
<trkpt lon="13.03631480" lat="47.53488242"><ele>1746.04</ele></trkpt>
<trkpt lon="13.03626502" lat="47.53493799"><ele>1750.52</ele></trkpt>
<trkpt lon="13.03616836" lat="47.53488270"><ele>1752.16</ele></trkpt>
<trkpt lon="13.03611341" lat="47.53491685"><ele>1752.24</ele></trkpt>
<trkpt lon="13.03603923" lat="47.53492836"><ele>1753.85</ele></trkpt>
<trkpt lon="13.03604395" lat="47.53490504"><ele>1756.36</ele></trkpt>
</trkseg><trkseg>
<trkpt lon="13.03604395" lat="47.53490504"><ele>1756.36</ele></trkpt>
<trkpt lon="13.03597392" lat="47.53489098"><ele>1758.32</ele></trkpt>
<trkpt lon="13.03593144" lat="47.53491130"><ele>1759.78</ele></trkpt>
<trkpt lon="13.03587408" lat="47.53487838"><ele>1761.93</ele></trkpt>
<trkpt lon="13.03592648" lat="47.53486263"><ele>1760.45</ele></trkpt>
<trkpt lon="13.03593257" lat="47.53482422"><ele>1760.06</ele></trkpt>
<trkpt lon="13.03581126" lat="47.53481341"><ele>1755.92</ele></trkpt>
<trkpt lon="13.03580934" lat="47.53474382"><ele>1755.33</ele></trkpt>
</trkseg><trkseg>
<trkpt lon="13.03651649" lat="47.53491467"><ele>1747.49</ele></trkpt>
<trkpt lon="13.03638322" lat="47.53487549"><ele>1746.76</ele></trkpt>
<trkpt lon="13.03639547" lat="47.53484646"><ele>1745.89</ele></trkpt>
</trkseg><trkseg>
<trkpt lon="13.03671640" lat="47.53498036"><ele>1744.07</ele></trkpt>
<trkpt lon="13.03664439" lat="47.53496959"><ele>1744.09</ele></trkpt>
<trkpt lon="13.03660610" lat="47.53490981"><ele>1745.86</ele></trkpt>
<trkpt lon="13.03651649" lat="47.53491467"><ele>1747.49</ele></trkpt>
</trkseg><trkseg>
<trkpt lon="13.03685544" lat="47.53492920"><ele>1748.86</ele></trkpt>
<trkpt lon="13.03679169" lat="47.53492478"><ele>1747.93</ele></trkpt>
<trkpt lon="13.03671640" lat="47.53498036"><ele>1744.07</ele></trkpt>
</trkseg><trkseg>
<trkpt lon="13.03708039" lat="47.53484739"><ele>1754.43</ele></trkpt>
<trkpt lon="13.03698717" lat="47.53491346"><ele>1752.83</ele></trkpt>
<trkpt lon="13.03694284" lat="47.53488373"><ele>1750.76</ele></trkpt>
<trkpt lon="13.03685544" lat="47.53492920"><ele>1748.86</ele></trkpt>
</trkseg><trkseg>
<trkpt lon="13.03743883" lat="47.53500200"><ele>1746.88</ele></trkpt>
<trkpt lon="13.03749270" lat="47.53500391"><ele>1748.03</ele></trkpt>
<trkpt lon="13.03745373" lat="47.53501926"><ele>1755.48</ele></trkpt>
<trkpt lon="13.03745458" lat="47.53502503"><ele>1756.54</ele></trkpt>
<trkpt lon="13.03744279" lat="47.53505615"><ele>1757.01</ele></trkpt>
<trkpt lon="13.03743572" lat="47.53507096"><ele>1756.28</ele></trkpt>
<trkpt lon="13.03749388" lat="47.53507565"><ele>1750.30</ele></trkpt>
<trkpt lon="13.03746950" lat="47.53509872"><ele>1750.21</ele></trkpt>
<trkpt lon="13.03744049" lat="47.53514267"><ele>1745.80</ele></trkpt>
<trkpt lon="13.03744229" lat="47.53511211"><ele>1744.44</ele></trkpt>
<trkpt lon="13.03744869" lat="47.53509386"><ele>1744.55</ele></trkpt>
<trkpt lon="13.03746253" lat="47.53505765"><ele>1745.84</ele></trkpt>
<trkpt lon="13.03745349" lat="47.53504706"><ele>1746.22</ele></trkpt>
<trkpt lon="13.03744942" lat="47.53503160"><ele>1745.38</ele></trkpt>
<trkpt lon="13.03743883" lat="47.53500200"><ele>1746.88</ele></trkpt>
</trkseg><trkseg>
<trkpt lon="13.03715373" lat="47.53481553"><ele>1755.64</ele></trkpt>
<trkpt lon="13.03717134" lat="47.53483149"><ele>1758.58</ele></trkpt>
<trkpt lon="13.03716221" lat="47.53485194"><ele>1760.24</ele></trkpt>
<trkpt lon="13.03716086" lat="47.53486667"><ele>1759.37</ele></trkpt>
<trkpt lon="13.03714510" lat="47.53485452"><ele>1758.94</ele></trkpt>
<trkpt lon="13.03708039" lat="47.53484739"><ele>1754.43</ele></trkpt>
</trkseg><trkseg>
<trkpt lon="13.03715373" lat="47.53481553"><ele>1755.64</ele></trkpt>
<trkpt lon="13.03723775" lat="47.53484648"><ele>1756.34</ele></trkpt>
<trkpt lon="13.03731507" lat="47.53484322"><ele>1749.72</ele></trkpt>
<trkpt lon="13.03734478" lat="47.53488746"><ele>1749.54</ele></trkpt>
<trkpt lon="13.03740064" lat="47.53485395"><ele>1749.02</ele></trkpt>
<trkpt lon="13.03746391" lat="47.53487456"><ele>1747.68</ele></trkpt>
<trkpt lon="13.03743883" lat="47.53500200"><ele>1746.88</ele></trkpt>
</trkseg><trkseg>
<trkpt lon="13.03715373" lat="47.53481553"><ele>1755.64</ele></trkpt>
<trkpt lon="13.03713614" lat="47.53485248"><ele>1754.27</ele></trkpt>
<trkpt lon="13.03708039" lat="47.53484739"><ele>1754.43</ele></trkpt>
</trkseg><trkseg>
<trkpt lon="13.03672527" lat="47.53502037"><ele>1745.33</ele></trkpt>
<trkpt lon="13.03677098" lat="47.53501333"><ele>1749.17</ele></trkpt>
<trkpt lon="13.03678266" lat="47.53498869"><ele>1750.98</ele></trkpt>
<trkpt lon="13.03681131" lat="47.53499026"><ele>1751.49</ele></trkpt>
<trkpt lon="13.03683245" lat="47.53498262"><ele>1751.82</ele></trkpt>
<trkpt lon="13.03684049" lat="47.53495603"><ele>1753.53</ele></trkpt>
<trkpt lon="13.03687359" lat="47.53495210"><ele>1754.67</ele></trkpt>
<trkpt lon="13.03687474" lat="47.53493187"><ele>1755.74</ele></trkpt>
<trkpt lon="13.03686746" lat="47.53493103"><ele>1755.75</ele></trkpt>
<trkpt lon="13.03688291" lat="47.53491959"><ele>1756.55</ele></trkpt>
<trkpt lon="13.03690302" lat="47.53490743"><ele>1757.83</ele></trkpt>
<trkpt lon="13.03687894" lat="47.53487273"><ele>1753.56</ele></trkpt>
</trkseg><trkseg>
<trkpt lon="13.03687894" lat="47.53487273"><ele>1753.56</ele></trkpt>
<trkpt lon="13.03687821" lat="47.53487803"><ele>1752.45</ele></trkpt>
<trkpt lon="13.03684988" lat="47.53489653"><ele>1750.25</ele></trkpt>
<trkpt lon="13.03685544" lat="47.53492920"><ele>1748.86</ele></trkpt>
</trkseg><trkseg>
<trkpt lon="13.03672527" lat="47.53502037"><ele>1745.33</ele></trkpt>
<trkpt lon="13.03670785" lat="47.53501369"><ele>1744.16</ele></trkpt>
<trkpt lon="13.03670616" lat="47.53500214"><ele>1744.02</ele></trkpt>
<trkpt lon="13.03671640" lat="47.53498036"><ele>1744.07</ele></trkpt>
</trkseg><trkseg>
<trkpt lon="13.03670652" lat="47.53506361"><ele>1743.05</ele></trkpt>
<trkpt lon="13.03673763" lat="47.53505244"><ele>1746.22</ele></trkpt>
<trkpt lon="13.03673575" lat="47.53503873"><ele>1746.10</ele></trkpt>
<trkpt lon="13.03672527" lat="47.53502037"><ele>1745.33</ele></trkpt>
</trkseg><trkseg>
<trkpt lon="13.03676663" lat="47.53555676"><ele>1715.52</ele></trkpt>
<trkpt lon="13.03670569" lat="47.53556966"><ele>1718.18</ele></trkpt>
<trkpt lon="13.03669115" lat="47.53554269"><ele>1737.42</ele></trkpt>
<trkpt lon="13.03670616" lat="47.53552873"><ele>1738.24</ele></trkpt>
<trkpt lon="13.03667474" lat="47.53547708"><ele>1744.13</ele></trkpt>
<trkpt lon="13.03665562" lat="47.53544813"><ele>1744.92</ele></trkpt>
<trkpt lon="13.03664251" lat="47.53543279"><ele>1751.14</ele></trkpt>
<trkpt lon="13.03663212" lat="47.53539419"><ele>1755.26</ele></trkpt>
<trkpt lon="13.03663034" lat="47.53538138"><ele>1756.32</ele></trkpt>
</trkseg><trkseg>
<trkpt lon="13.03663034" lat="47.53538138"><ele>1756.32</ele></trkpt>
<trkpt lon="13.03662040" lat="47.53533442"><ele>1758.07</ele></trkpt>
<trkpt lon="13.03663984" lat="47.53534402"><ele>1758.86</ele></trkpt>
<trkpt lon="13.03669969" lat="47.53526442"><ele>1759.12</ele></trkpt>
<trkpt lon="13.03673094" lat="47.53523526"><ele>1755.90</ele></trkpt>
<trkpt lon="13.03675483" lat="47.53524296"><ele>1755.26</ele></trkpt>
<trkpt lon="13.03675394" lat="47.53518509"><ele>1753.90</ele></trkpt>
<trkpt lon="13.03670817" lat="47.53519375"><ele>1753.23</ele></trkpt>
<trkpt lon="13.03670398" lat="47.53517082"><ele>1751.84</ele></trkpt>
<trkpt lon="13.03671183" lat="47.53514918"><ele>1750.59</ele></trkpt>
<trkpt lon="13.03671505" lat="47.53515554"><ele>1748.92</ele></trkpt>
<trkpt lon="13.03672069" lat="47.53514681"><ele>1747.50</ele></trkpt>
<trkpt lon="13.03674397" lat="47.53515306"><ele>1746.51</ele></trkpt>
<trkpt lon="13.03677781" lat="47.53512943"><ele>1744.47</ele></trkpt>
<trkpt lon="13.03670569" lat="47.53511425"><ele>1741.56</ele></trkpt>
<trkpt lon="13.03669300" lat="47.53505564"><ele>1742.16</ele></trkpt>
<trkpt lon="13.03670652" lat="47.53506361"><ele>1743.05</ele></trkpt>
</trkseg><trkseg>
<trkpt lon="13.04351314" lat="47.53130625"><ele>1728.85</ele></trkpt>
<trkpt lon="13.04348844" lat="47.53131645"><ele>1728.39</ele></trkpt>
<trkpt lon="13.04345625" lat="47.53130312"><ele>1731.21</ele></trkpt>
<trkpt lon="13.04341437" lat="47.53130754"><ele>1729.81</ele></trkpt>
<trkpt lon="13.04337878" lat="47.53132484"><ele>1729.09</ele></trkpt>
<trkpt lon="13.04334093" lat="47.53130673"><ele>1729.79</ele></trkpt>
<trkpt lon="13.04332077" lat="47.53130558"><ele>1731.35</ele></trkpt>
<trkpt lon="13.04333239" lat="47.53131109"><ele>1735.22</ele></trkpt>
<trkpt lon="13.04329995" lat="47.53131881"><ele>1736.53</ele></trkpt>
<trkpt lon="13.04329341" lat="47.53130196"><ele>1738.80</ele></trkpt>
<trkpt lon="13.04326480" lat="47.53129590"><ele>1739.13</ele></trkpt>
<trkpt lon="13.04323322" lat="47.53131273"><ele>1737.34</ele></trkpt>
<trkpt lon="13.04314733" lat="47.53129632"><ele>1735.47</ele></trkpt>
<trkpt lon="13.04306426" lat="47.53130084"><ele>1732.33</ele></trkpt>
<trkpt lon="13.04302202" lat="47.53128266"><ele>1730.61</ele></trkpt>
<trkpt lon="13.04294493" lat="47.53129053"><ele>1727.94</ele></trkpt>
<trkpt lon="13.04292342" lat="47.53122942"><ele>1728.48</ele></trkpt>
<trkpt lon="13.04289785" lat="47.53120964"><ele>1729.83</ele></trkpt>
<trkpt lon="13.04288963" lat="47.53118421"><ele>1729.54</ele></trkpt>
<trkpt lon="13.04282883" lat="47.53118641"><ele>1728.04</ele></trkpt>
<trkpt lon="13.04276133" lat="47.53119012"><ele>1727.90</ele></trkpt>
<trkpt lon="13.04275203" lat="47.53120787"><ele>1728.43</ele></trkpt>
<trkpt lon="13.04271239" lat="47.53121637"><ele>1727.03</ele></trkpt>
<trkpt lon="13.04265968" lat="47.53122249"><ele>1727.60</ele></trkpt>
<trkpt lon="13.04263023" lat="47.53123908"><ele>1727.68</ele></trkpt>
<trkpt lon="13.04259314" lat="47.53124313"><ele>1727.36</ele></trkpt>
<trkpt lon="13.04259552" lat="47.53121132"><ele>1726.84</ele></trkpt>
<trkpt lon="13.04255980" lat="47.53119298"><ele>1729.14</ele></trkpt>
<trkpt lon="13.04251008" lat="47.53116891"><ele>1727.22</ele></trkpt>
<trkpt lon="13.04247688" lat="47.53116484"><ele>1726.86</ele></trkpt>
<trkpt lon="13.04242267" lat="47.53121844"><ele>1727.67</ele></trkpt>
<trkpt lon="13.04237186" lat="47.53126977"><ele>1731.70</ele></trkpt>
<trkpt lon="13.04240750" lat="47.53131896"><ele>1734.33</ele></trkpt>
<trkpt lon="13.04237631" lat="47.53133598"><ele>1734.52</ele></trkpt>
<trkpt lon="13.04244293" lat="47.53136645"><ele>1738.48</ele></trkpt>
<trkpt lon="13.04243492" lat="47.53139979"><ele>1740.49</ele></trkpt>
<trkpt lon="13.04244777" lat="47.53141495"><ele>1741.13</ele></trkpt>
<trkpt lon="13.04239959" lat="47.53144220"><ele>1744.30</ele></trkpt>
<trkpt lon="13.04238384" lat="47.53147261"><ele>1744.97</ele></trkpt>
<trkpt lon="13.04245638" lat="47.53148006"><ele>1748.64</ele></trkpt>
<trkpt lon="13.04250316" lat="47.53147969"><ele>1749.18</ele></trkpt>
<trkpt lon="13.04250366" lat="47.53150903"><ele>1753.39</ele></trkpt>
<trkpt lon="13.04248595" lat="47.53152070"><ele>1753.99</ele></trkpt>
<trkpt lon="13.04247912" lat="47.53153642"><ele>1753.29</ele></trkpt>
<trkpt lon="13.04251603" lat="47.53155145"><ele>1754.49</ele></trkpt>
</trkseg><trkseg>
<trkpt lon="13.04351314" lat="47.53130625"><ele>1728.85</ele></trkpt>
<trkpt lon="13.04356454" lat="47.53132441"><ele>1731.41</ele></trkpt>
</trkseg><trkseg>
<trkpt lon="13.04356454" lat="47.53132441"><ele>1731.41</ele></trkpt>
<trkpt lon="13.04363068" lat="47.53132536"><ele>1734.26</ele></trkpt>
<trkpt lon="13.04366435" lat="47.53131666"><ele>1735.80</ele></trkpt>
<trkpt lon="13.04362052" lat="47.53129117"><ele>1737.96</ele></trkpt>
<trkpt lon="13.04364822" lat="47.53128579"><ele>1738.57</ele></trkpt>
<trkpt lon="13.04368238" lat="47.53125686"><ele>1738.69</ele></trkpt>
</trkseg><trkseg>
<trkpt lon="13.04775235" lat="47.53042460"><ele>1715.62</ele></trkpt>
<trkpt lon="13.04775604" lat="47.53043241"><ele>1715.22</ele></trkpt>
<trkpt lon="13.04779144" lat="47.53043445"><ele>1715.46</ele></trkpt>
<trkpt lon="13.04778903" lat="47.53041353"><ele>1716.23</ele></trkpt>
<trkpt lon="13.04782519" lat="47.53042017"><ele>1714.55</ele></trkpt>
<trkpt lon="13.04782508" lat="47.53043025"><ele>1714.22</ele></trkpt>
<trkpt lon="13.04785712" lat="47.53042621"><ele>1714.58</ele></trkpt>
<trkpt lon="13.04786527" lat="47.53040349"><ele>1716.03</ele></trkpt>
<trkpt lon="13.04793303" lat="47.53041760"><ele>1721.54</ele></trkpt>
<trkpt lon="13.04795225" lat="47.53042612"><ele>1724.56</ele></trkpt>
<trkpt lon="13.04796008" lat="47.53041923"><ele>1724.10</ele></trkpt>
<trkpt lon="13.04801950" lat="47.53044688"><ele>1724.83</ele></trkpt>
<trkpt lon="13.04808499" lat="47.53047589"><ele>1725.82</ele></trkpt>
<trkpt lon="13.04809401" lat="47.53045481"><ele>1725.44</ele></trkpt>
<trkpt lon="13.04818627" lat="47.53042839"><ele>1723.93</ele></trkpt>
<trkpt lon="13.04817276" lat="47.53043428"><ele>1738.42</ele></trkpt>
<trkpt lon="13.04817885" lat="47.53043484"><ele>1740.07</ele></trkpt>
<trkpt lon="13.04812854" lat="47.53041949"><ele>1740.61</ele></trkpt>
</trkseg><trkseg>
<trkpt lon="13.04812854" lat="47.53041949"><ele>1740.61</ele></trkpt>
<trkpt lon="13.04818156" lat="47.53040132"><ele>1745.50</ele></trkpt>
<trkpt lon="13.04818830" lat="47.53038442"><ele>1746.86</ele></trkpt>
<trkpt lon="13.04822536" lat="47.53039162"><ele>1745.09</ele></trkpt>
<trkpt lon="13.04830824" lat="47.53040311"><ele>1748.72</ele></trkpt>
<trkpt lon="13.04832777" lat="47.53039607"><ele>1748.29</ele></trkpt>
<trkpt lon="13.04833404" lat="47.53043109"><ele>1753.59</ele></trkpt>
<trkpt lon="13.04832351" lat="47.53044288"><ele>1754.78</ele></trkpt>
<trkpt lon="13.04831846" lat="47.53045368"><ele>1755.32</ele></trkpt>
<trkpt lon="13.04829647" lat="47.53045888"><ele>1755.99</ele></trkpt>
<trkpt lon="13.04834582" lat="47.53046098"><ele>1760.21</ele></trkpt>
<trkpt lon="13.04836341" lat="47.53047739"><ele>1760.57</ele></trkpt>
<trkpt lon="13.04833867" lat="47.53045681"><ele>1762.79</ele></trkpt>
<trkpt lon="13.04831075" lat="47.53048234"><ele>1763.66</ele></trkpt>
<trkpt lon="13.04833795" lat="47.53049396"><ele>1766.38</ele></trkpt>
<trkpt lon="13.04833366" lat="47.53050577"><ele>1767.07</ele></trkpt>
</trkseg><trkseg>
<trkpt lon="13.04833366" lat="47.53050577"><ele>1767.07</ele></trkpt>
<trkpt lon="13.04832216" lat="47.53051133"><ele>1767.35</ele></trkpt>
<trkpt lon="13.04826799" lat="47.53049952"><ele>1767.16</ele></trkpt>
<trkpt lon="13.04823847" lat="47.53049677"><ele>1765.23</ele></trkpt>
<trkpt lon="13.04821147" lat="47.53050477"><ele>1764.74</ele></trkpt>
<trkpt lon="13.04819152" lat="47.53051964"><ele>1763.49</ele></trkpt>
<trkpt lon="13.04818854" lat="47.53050672"><ele>1763.01</ele></trkpt>
<trkpt lon="13.04817116" lat="47.53050606"><ele>1762.13</ele></trkpt>
<trkpt lon="13.04814440" lat="47.53049337"><ele>1760.69</ele></trkpt>
<trkpt lon="13.04811053" lat="47.53050719"><ele>1758.67</ele></trkpt>
<trkpt lon="13.04805396" lat="47.53050290"><ele>1757.63</ele></trkpt>
<trkpt lon="13.04804060" lat="47.53054073"><ele>1756.69</ele></trkpt>
<trkpt lon="13.04801868" lat="47.53054063"><ele>1755.93</ele></trkpt>
<trkpt lon="13.04802938" lat="47.53056016"><ele>1756.58</ele></trkpt>
<trkpt lon="13.04794996" lat="47.53057023"><ele>1752.55</ele></trkpt>
<trkpt lon="13.04793644" lat="47.53055848"><ele>1750.25</ele></trkpt>
<trkpt lon="13.04787283" lat="47.53057567"><ele>1748.85</ele></trkpt>
<trkpt lon="13.04775617" lat="47.53054363"><ele>1743.82</ele></trkpt>
</trkseg><trkseg>
<trkpt lon="13.04775235" lat="47.53042460"><ele>1715.62</ele></trkpt>
<trkpt lon="13.04774943" lat="47.53041727"><ele>1716.64</ele></trkpt>
<trkpt lon="13.04775693" lat="47.53040848"><ele>1716.86</ele></trkpt>
<trkpt lon="13.04772747" lat="47.53039682"><ele>1718.19</ele></trkpt>
<trkpt lon="13.04771368" lat="47.53042475"><ele>1719.84</ele></trkpt>
<trkpt lon="13.04767254" lat="47.53040570"><ele>1720.05</ele></trkpt>
<trkpt lon="13.04767476" lat="47.53040304"><ele>1722.19</ele></trkpt>
<trkpt lon="13.04761554" lat="47.53038430"><ele>1719.88</ele></trkpt>
<trkpt lon="13.04759254" lat="47.53039174"><ele>1719.22</ele></trkpt>
<trkpt lon="13.04758683" lat="47.53038093"><ele>1717.08</ele></trkpt>
</trkseg><trkseg>
<trkpt lon="13.04758683" lat="47.53038093"><ele>1717.08</ele></trkpt>
<trkpt lon="13.04757590" lat="47.53039964"><ele>1710.80</ele></trkpt>
<trkpt lon="13.04762465" lat="47.53041433"><ele>1710.27</ele></trkpt>
</trkseg><trkseg>
<trkpt lon="13.04775235" lat="47.53042460"><ele>1715.62</ele></trkpt>
<trkpt lon="13.04775679" lat="47.53042297"><ele>1709.90</ele></trkpt>
<trkpt lon="13.04771939" lat="47.53043916"><ele>1710.50</ele></trkpt>
<trkpt lon="13.04770455" lat="47.53043810"><ele>1710.56</ele></trkpt>
<trkpt lon="13.04769343" lat="47.53042621"><ele>1710.47</ele></trkpt>
<trkpt lon="13.04767779" lat="47.53043602"><ele>1710.22</ele></trkpt>
<trkpt lon="13.04765001" lat="47.53042547"><ele>1709.85</ele></trkpt>
<trkpt lon="13.04762465" lat="47.53041433"><ele>1710.27</ele></trkpt>
</trkseg><trkseg>
<trkpt lon="13.04739300" lat="47.53038411"><ele>1669.58</ele></trkpt>
<trkpt lon="13.04740037" lat="47.53037524"><ele>1674.37</ele></trkpt>
<trkpt lon="13.04741648" lat="47.53036354"><ele>1679.81</ele></trkpt>
<trkpt lon="13.04742425" lat="47.53035837"><ele>1687.49</ele></trkpt>
<trkpt lon="13.04743371" lat="47.53032190"><ele>1688.17</ele></trkpt>
<trkpt lon="13.04742816" lat="47.53033540"><ele>1697.67</ele></trkpt>
<trkpt lon="13.04742346" lat="47.53034027"><ele>1699.61</ele></trkpt>
<trkpt lon="13.04744460" lat="47.53034333"><ele>1699.09</ele></trkpt>
<trkpt lon="13.04745034" lat="47.53034990"><ele>1698.21</ele></trkpt>
</trkseg><trkseg>
<trkpt lon="13.04745034" lat="47.53034990"><ele>1698.21</ele></trkpt>
<trkpt lon="13.04753385" lat="47.53038012"><ele>1696.73</ele></trkpt>
<trkpt lon="13.04752200" lat="47.53037713"><ele>1706.37</ele></trkpt>
<trkpt lon="13.04753671" lat="47.53038890"><ele>1707.53</ele></trkpt>
<trkpt lon="13.04754099" lat="47.53039887"><ele>1709.32</ele></trkpt>
<trkpt lon="13.04755785" lat="47.53040626"><ele>1710.15</ele></trkpt>
<trkpt lon="13.04762465" lat="47.53041433"><ele>1710.27</ele></trkpt>
</trkseg><trkseg>
<trkpt lon="13.04739300" lat="47.53038411"><ele>1669.58</ele></trkpt>
<trkpt lon="13.04737547" lat="47.53030166"><ele>1666.08</ele></trkpt>
</trkseg><trkseg>
<trkpt lon="13.04737547" lat="47.53030166"><ele>1666.08</ele></trkpt>
<trkpt lon="13.04728740" lat="47.53032247"><ele>1663.11</ele></trkpt>
<trkpt lon="13.04727402" lat="47.53034312"><ele>1683.14</ele></trkpt>
<trkpt lon="13.04724061" lat="47.53034111"><ele>1688.71</ele></trkpt>
</trkseg><trkseg>
<trkpt lon="13.04724061" lat="47.53034111"><ele>1688.71</ele></trkpt>
<trkpt lon="13.04721319" lat="47.53033525"><ele>1688.03</ele></trkpt>
<trkpt lon="13.04719992" lat="47.53035284"><ele>1690.58</ele></trkpt>
<trkpt lon="13.04725093" lat="47.53039960"><ele>1690.29</ele></trkpt>
<trkpt lon="13.04724402" lat="47.53039606"><ele>1694.11</ele></trkpt>
</trkseg><trkseg>
<trkpt lon="13.04739300" lat="47.53038411"><ele>1669.58</ele></trkpt>
<trkpt lon="13.04736255" lat="47.53036694"><ele>1670.84</ele></trkpt>
<trkpt lon="13.04737896" lat="47.53037568"><ele>1679.30</ele></trkpt>
<trkpt lon="13.04735948" lat="47.53035645"><ele>1694.35</ele></trkpt>
<trkpt lon="13.04735810" lat="47.53036138"><ele>1694.52</ele></trkpt>
</trkseg><trkseg>
<trkpt lon="13.04735810" lat="47.53036138"><ele>1694.52</ele></trkpt>
<trkpt lon="13.04736242" lat="47.53036307"><ele>1694.54</ele></trkpt>
<trkpt lon="13.04728945" lat="47.53039251"><ele>1694.18</ele></trkpt>
<trkpt lon="13.04726608" lat="47.53038150"><ele>1694.02</ele></trkpt>
<trkpt lon="13.04724402" lat="47.53039606"><ele>1694.11</ele></trkpt>
</trkseg><trkseg>
<trkpt lon="13.04884129" lat="47.52853386"><ele>1744.09</ele></trkpt>
<trkpt lon="13.04889524" lat="47.52854054"><ele>1745.71</ele></trkpt>
<trkpt lon="13.04892024" lat="47.52855078"><ele>1749.44</ele></trkpt>
<trkpt lon="13.04894754" lat="47.52859569"><ele>1749.02</ele></trkpt>
<trkpt lon="13.04898661" lat="47.52862038"><ele>1748.51</ele></trkpt>
<trkpt lon="13.04900992" lat="47.52864741"><ele>1748.50</ele></trkpt>
<trkpt lon="13.04894841" lat="47.52866517"><ele>1743.95</ele></trkpt>
<trkpt lon="13.04886828" lat="47.52861558"><ele>1742.59</ele></trkpt>
<trkpt lon="13.04887622" lat="47.52855201"><ele>1743.67</ele></trkpt>
<trkpt lon="13.04884129" lat="47.52853386"><ele>1744.09</ele></trkpt>
</trkseg><trkseg>
<trkpt lon="13.04884129" lat="47.52853386"><ele>1744.09</ele></trkpt>
<trkpt lon="13.04874135" lat="47.52844137"><ele>1744.22</ele></trkpt>
<trkpt lon="13.04868309" lat="47.52845757"><ele>1743.59</ele></trkpt>
<trkpt lon="13.04861689" lat="47.52838706"><ele>1743.01</ele></trkpt>
<trkpt lon="13.04844415" lat="47.52838070"><ele>1741.57</ele></trkpt>
<trkpt lon="13.04842751" lat="47.52833498"><ele>1740.15</ele></trkpt>
<trkpt lon="13.04840360" lat="47.52833835"><ele>1739.68</ele></trkpt>
<trkpt lon="13.04839644" lat="47.52832023"><ele>1739.59</ele></trkpt>
<trkpt lon="13.04840371" lat="47.52822803"><ele>1743.31</ele></trkpt>
<trkpt lon="13.04842082" lat="47.52819305"><ele>1742.13</ele></trkpt>
<trkpt lon="13.04841057" lat="47.52815049"><ele>1743.95</ele></trkpt>
<trkpt lon="13.04838810" lat="47.52811178"><ele>1744.17</ele></trkpt>
<trkpt lon="13.04859066" lat="47.52807347"><ele>1744.95</ele></trkpt>
<trkpt lon="13.04870258" lat="47.52811155"><ele>1745.71</ele></trkpt>
<trkpt lon="13.04868280" lat="47.52804309"><ele>1746.05</ele></trkpt>
<trkpt lon="13.04862140" lat="47.52801487"><ele>1746.06</ele></trkpt>
<trkpt lon="13.04860944" lat="47.52798984"><ele>1745.82</ele></trkpt>
<trkpt lon="13.04852350" lat="47.52798576"><ele>1745.13</ele></trkpt>
<trkpt lon="13.04844601" lat="47.52791165"><ele>1746.62</ele></trkpt>
<trkpt lon="13.04842866" lat="47.52787086"><ele>1746.22</ele></trkpt>
<trkpt lon="13.04831755" lat="47.52787194"><ele>1743.66</ele></trkpt>
<trkpt lon="13.04826859" lat="47.52789531"><ele>1746.43</ele></trkpt>
<trkpt lon="13.04820142" lat="47.52789741"><ele>1749.11</ele></trkpt>
<trkpt lon="13.04815213" lat="47.52790098"><ele>1749.82</ele></trkpt>
<trkpt lon="13.04803607" lat="47.52795668"><ele>1748.24</ele></trkpt>
<trkpt lon="13.04799692" lat="47.52798418"><ele>1748.49</ele></trkpt>
<trkpt lon="13.04786799" lat="47.52797154"><ele>1747.74</ele></trkpt>
</trkseg><trkseg>
<trkpt lon="13.04641659" lat="47.52843876"><ele>1754.20</ele></trkpt>
<trkpt lon="13.04640523" lat="47.52844046"><ele>1753.83</ele></trkpt>
<trkpt lon="13.04639101" lat="47.52841925"><ele>1753.83</ele></trkpt>
<trkpt lon="13.04635599" lat="47.52841055"><ele>1754.59</ele></trkpt>
<trkpt lon="13.04632566" lat="47.52839366"><ele>1755.33</ele></trkpt>
<trkpt lon="13.04627252" lat="47.52836495"><ele>1755.46</ele></trkpt>
<trkpt lon="13.04625610" lat="47.52834568"><ele>1755.55</ele></trkpt>
<trkpt lon="13.04622998" lat="47.52835865"><ele>1755.61</ele></trkpt>
<trkpt lon="13.04621780" lat="47.52836816"><ele>1756.18</ele></trkpt>
<trkpt lon="13.04628285" lat="47.52835874"><ele>1757.81</ele></trkpt>
<trkpt lon="13.04629071" lat="47.52836544"><ele>1757.79</ele></trkpt>
<trkpt lon="13.04635759" lat="47.52841049"><ele>1758.04</ele></trkpt>
<trkpt lon="13.04640978" lat="47.52840742"><ele>1759.71</ele></trkpt>
<trkpt lon="13.04644447" lat="47.52843933"><ele>1759.20</ele></trkpt>
<trkpt lon="13.04640841" lat="47.52843367"><ele>1755.80</ele></trkpt>
<trkpt lon="13.04641659" lat="47.52843876"><ele>1754.20</ele></trkpt>
</trkseg><trkseg>
<trkpt lon="13.04641659" lat="47.52843876"><ele>1754.20</ele></trkpt>
<trkpt lon="13.04642627" lat="47.52847852"><ele>1752.61</ele></trkpt>
<trkpt lon="13.04643010" lat="47.52849703"><ele>1752.27</ele></trkpt>
<trkpt lon="13.04642578" lat="47.52849174"><ele>1753.16</ele></trkpt>
<trkpt lon="13.04640863" lat="47.52853851"><ele>1751.59</ele></trkpt>
<trkpt lon="13.04655981" lat="47.52854243"><ele>1749.92</ele></trkpt>
</trkseg><trkseg>
<trkpt lon="13.04798146" lat="47.52769570"><ele>1725.07</ele></trkpt>
<trkpt lon="13.04797471" lat="47.52771286"><ele>1723.79</ele></trkpt>
<trkpt lon="13.04799228" lat="47.52775491"><ele>1724.09</ele></trkpt>
<trkpt lon="13.04801230" lat="47.52775957"><ele>1725.02</ele></trkpt>
<trkpt lon="13.04800594" lat="47.52777332"><ele>1718.03</ele></trkpt>
<trkpt lon="13.04802323" lat="47.52779089"><ele>1720.06</ele></trkpt>
<trkpt lon="13.04795030" lat="47.52779064"><ele>1717.76</ele></trkpt>
<trkpt lon="13.04794715" lat="47.52780732"><ele>1718.26</ele></trkpt>
<trkpt lon="13.04789122" lat="47.52778954"><ele>1721.11</ele></trkpt>
</trkseg><trkseg>
<trkpt lon="13.04798146" lat="47.52769570"><ele>1725.07</ele></trkpt>
<trkpt lon="13.04796586" lat="47.52770794"><ele>1726.93</ele></trkpt>
<trkpt lon="13.04794737" lat="47.52771914"><ele>1726.43</ele></trkpt>
<trkpt lon="13.04793059" lat="47.52773829"><ele>1724.46</ele></trkpt>
<trkpt lon="13.04791509" lat="47.52774784"><ele>1723.30</ele></trkpt>
<trkpt lon="13.04792962" lat="47.52777508"><ele>1721.87</ele></trkpt>
<trkpt lon="13.04789122" lat="47.52778954"><ele>1721.11</ele></trkpt>
</trkseg><trkseg>
<trkpt lon="13.04799914" lat="47.52765595"><ele>1725.37</ele></trkpt>
<trkpt lon="13.04798146" lat="47.52769570"><ele>1725.07</ele></trkpt>
</trkseg><trkseg>
<trkpt lon="13.04802500" lat="47.52751053"><ele>1722.04</ele></trkpt>
<trkpt lon="13.04804794" lat="47.52752964"><ele>1723.31</ele></trkpt>
<trkpt lon="13.04801991" lat="47.52754383"><ele>1722.27</ele></trkpt>
<trkpt lon="13.04800090" lat="47.52756924"><ele>1723.71</ele></trkpt>
<trkpt lon="13.04804026" lat="47.52759681"><ele>1723.78</ele></trkpt>
<trkpt lon="13.04799914" lat="47.52765595"><ele>1725.37</ele></trkpt>
</trkseg><trkseg>
<trkpt lon="13.04846592" lat="47.52740718"><ele>1737.24</ele></trkpt>
<trkpt lon="13.04850533" lat="47.52740506"><ele>1737.49</ele></trkpt>
<trkpt lon="13.04850981" lat="47.52741674"><ele>1738.50</ele></trkpt>
<trkpt lon="13.04850827" lat="47.52744038"><ele>1738.98</ele></trkpt>
<trkpt lon="13.04846225" lat="47.52745256"><ele>1738.47</ele></trkpt>
<trkpt lon="13.04846929" lat="47.52745978"><ele>1739.09</ele></trkpt>
<trkpt lon="13.04846629" lat="47.52746531"><ele>1740.99</ele></trkpt>
<trkpt lon="13.04845647" lat="47.52745786"><ele>1740.86</ele></trkpt>
<trkpt lon="13.04846695" lat="47.52743311"><ele>1743.78</ele></trkpt>
<trkpt lon="13.04847236" lat="47.52741619"><ele>1744.22</ele></trkpt>
<trkpt lon="13.04841431" lat="47.52743392"><ele>1743.07</ele></trkpt>
<trkpt lon="13.04840113" lat="47.52743118"><ele>1743.37</ele></trkpt>
<trkpt lon="13.04839606" lat="47.52746385"><ele>1745.78</ele></trkpt>
<trkpt lon="13.04837773" lat="47.52743888"><ele>1745.74</ele></trkpt>
<trkpt lon="13.04830600" lat="47.52743847"><ele>1745.67</ele></trkpt>
<trkpt lon="13.04830732" lat="47.52744947"><ele>1745.48</ele></trkpt>
<trkpt lon="13.04829521" lat="47.52746789"><ele>1747.70</ele></trkpt>
<trkpt lon="13.04818587" lat="47.52751795"><ele>1740.32</ele></trkpt>
<trkpt lon="13.04816327" lat="47.52752566"><ele>1740.93</ele></trkpt>
<trkpt lon="13.04812936" lat="47.52751942"><ele>1740.36</ele></trkpt>
<trkpt lon="13.04809245" lat="47.52751879"><ele>1739.38</ele></trkpt>
<trkpt lon="13.04807156" lat="47.52753373"><ele>1738.20</ele></trkpt>
<trkpt lon="13.04807579" lat="47.52757735"><ele>1736.48</ele></trkpt>
<trkpt lon="13.04804280" lat="47.52757499"><ele>1732.21</ele></trkpt>
<trkpt lon="13.04799914" lat="47.52765595"><ele>1725.37</ele></trkpt>
</trkseg><trkseg>
<trkpt lon="13.04846592" lat="47.52740718"><ele>1737.24</ele></trkpt>
<trkpt lon="13.04844417" lat="47.52742777"><ele>1734.66</ele></trkpt>
<trkpt lon="13.04835325" lat="47.52742173"><ele>1730.76</ele></trkpt>
<trkpt lon="13.04829421" lat="47.52743053"><ele>1730.98</ele></trkpt>
<trkpt lon="13.04822415" lat="47.52749979"><ele>1727.35</ele></trkpt>
<trkpt lon="13.04814266" lat="47.52747591"><ele>1724.37</ele></trkpt>
<trkpt lon="13.04808571" lat="47.52752137"><ele>1725.23</ele></trkpt>
<trkpt lon="13.04802500" lat="47.52751053"><ele>1722.04</ele></trkpt>
</trkseg><trkseg>
<trkpt lon="13.04742142" lat="47.52857367"><ele>1685.58</ele></trkpt>
<trkpt lon="13.04739366" lat="47.52858795"><ele>1684.74</ele></trkpt>
<trkpt lon="13.04734935" lat="47.52858990"><ele>1684.48</ele></trkpt>
<trkpt lon="13.04730811" lat="47.52860908"><ele>1684.38</ele></trkpt>
<trkpt lon="13.04733236" lat="47.52863946"><ele>1684.45</ele></trkpt>
<trkpt lon="13.04737963" lat="47.52866168"><ele>1685.23</ele></trkpt>
</trkseg><trkseg>
<trkpt lon="13.04742142" lat="47.52857367"><ele>1685.58</ele></trkpt>
<trkpt lon="13.04741253" lat="47.52860933"><ele>1688.90</ele></trkpt>
<trkpt lon="13.04737963" lat="47.52866168"><ele>1685.23</ele></trkpt>
</trkseg><trkseg>
<trkpt lon="13.04743137" lat="47.52759005"><ele>1719.09</ele></trkpt>
<trkpt lon="13.04744205" lat="47.52758528"><ele>1717.77</ele></trkpt>
<trkpt lon="13.04746242" lat="47.52758041"><ele>1717.21</ele></trkpt>
<trkpt lon="13.04748810" lat="47.52760082"><ele>1717.17</ele></trkpt>
<trkpt lon="13.04753749" lat="47.52763396"><ele>1716.34</ele></trkpt>
<trkpt lon="13.04758902" lat="47.52765221"><ele>1715.94</ele></trkpt>
<trkpt lon="13.04768832" lat="47.52767928"><ele>1716.46</ele></trkpt>
</trkseg><trkseg>
<trkpt lon="13.04785930" lat="47.52767598"><ele>1727.18</ele></trkpt>
<trkpt lon="13.04782612" lat="47.52767496"><ele>1727.53</ele></trkpt>
<trkpt lon="13.04781793" lat="47.52765233"><ele>1730.27</ele></trkpt>
<trkpt lon="13.04777180" lat="47.52764578"><ele>1729.93</ele></trkpt>
<trkpt lon="13.04771674" lat="47.52764026"><ele>1730.39</ele></trkpt>
<trkpt lon="13.04765189" lat="47.52762997"><ele>1729.36</ele></trkpt>
<trkpt lon="13.04761879" lat="47.52760556"><ele>1729.10</ele></trkpt>
<trkpt lon="13.04759688" lat="47.52756929"><ele>1729.46</ele></trkpt>
<trkpt lon="13.04755320" lat="47.52757205"><ele>1729.62</ele></trkpt>
<trkpt lon="13.04751196" lat="47.52757000"><ele>1725.09</ele></trkpt>
<trkpt lon="13.04743137" lat="47.52759005"><ele>1719.09</ele></trkpt>
</trkseg><trkseg>
<trkpt lon="13.04789122" lat="47.52778954"><ele>1721.11</ele></trkpt>
<trkpt lon="13.04783801" lat="47.52771269"><ele>1723.92</ele></trkpt>
<trkpt lon="13.04785930" lat="47.52767598"><ele>1727.18</ele></trkpt>
</trkseg><trkseg>
<trkpt lon="13.04789122" lat="47.52778954"><ele>1721.11</ele></trkpt>
<trkpt lon="13.04783838" lat="47.52775976"><ele>1715.32</ele></trkpt>
<trkpt lon="13.04778251" lat="47.52780128"><ele>1720.23</ele></trkpt>
<trkpt lon="13.04776873" lat="47.52785755"><ele>1719.33</ele></trkpt>
<trkpt lon="13.04784087" lat="47.52785374"><ele>1746.37</ele></trkpt>
<trkpt lon="13.04788726" lat="47.52788189"><ele>1745.59</ele></trkpt>
<trkpt lon="13.04786182" lat="47.52793365"><ele>1746.52</ele></trkpt>
<trkpt lon="13.04786799" lat="47.52797154"><ele>1747.74</ele></trkpt>
</trkseg><trkseg>
<trkpt lon="13.04776884" lat="47.52770413"><ele>1718.02</ele></trkpt>
<trkpt lon="13.04779945" lat="47.52769206"><ele>1718.71</ele></trkpt>
<trkpt lon="13.04782401" lat="47.52768168"><ele>1720.77</ele></trkpt>
<trkpt lon="13.04783838" lat="47.52767769"><ele>1723.07</ele></trkpt>
<trkpt lon="13.04784802" lat="47.52766481"><ele>1725.21</ele></trkpt>
<trkpt lon="13.04785930" lat="47.52767598"><ele>1727.18</ele></trkpt>
</trkseg><trkseg>
<trkpt lon="13.04776884" lat="47.52770413"><ele>1718.02</ele></trkpt>
<trkpt lon="13.04773268" lat="47.52767967"><ele>1718.34</ele></trkpt>
<trkpt lon="13.04769897" lat="47.52767865"><ele>1717.88</ele></trkpt>
</trkseg><trkseg>
<trkpt lon="13.04769897" lat="47.52767865"><ele>1717.88</ele></trkpt>
<trkpt lon="13.04768832" lat="47.52767928"><ele>1716.46</ele></trkpt>
</trkseg><trkseg>
<trkpt lon="13.04776884" lat="47.52770413"><ele>1718.02</ele></trkpt>
<trkpt lon="13.04778452" lat="47.52771826"><ele>1717.15</ele></trkpt>
<trkpt lon="13.04789122" lat="47.52778954"><ele>1721.11</ele></trkpt>
</trkseg><trkseg>
<trkpt lon="13.04944453" lat="47.52678027"><ele>1750.64</ele></trkpt>
<trkpt lon="13.04937946" lat="47.52681164"><ele>1746.66</ele></trkpt>
<trkpt lon="13.04932816" lat="47.52685522"><ele>1748.66</ele></trkpt>
<trkpt lon="13.04929652" lat="47.52685585"><ele>1750.00</ele></trkpt>
<trkpt lon="13.04921368" lat="47.52685768"><ele>1749.95</ele></trkpt>
<trkpt lon="13.04918560" lat="47.52687709"><ele>1751.72</ele></trkpt>
<trkpt lon="13.04914910" lat="47.52690464"><ele>1750.31</ele></trkpt>
<trkpt lon="13.04910003" lat="47.52688805"><ele>1748.98</ele></trkpt>
<trkpt lon="13.04908769" lat="47.52690197"><ele>1748.01</ele></trkpt>
<trkpt lon="13.04907426" lat="47.52692730"><ele>1748.35</ele></trkpt>
</trkseg><trkseg>
<trkpt lon="13.04931060" lat="47.52676638"><ele>1739.77</ele></trkpt>
<trkpt lon="13.04935461" lat="47.52679043"><ele>1742.27</ele></trkpt>
<trkpt lon="13.04937157" lat="47.52679162"><ele>1743.38</ele></trkpt>
<trkpt lon="13.04938882" lat="47.52676717"><ele>1745.39</ele></trkpt>
<trkpt lon="13.04940591" lat="47.52676476"><ele>1746.49</ele></trkpt>
<trkpt lon="13.04943240" lat="47.52675621"><ele>1748.10</ele></trkpt>
<trkpt lon="13.04944453" lat="47.52678027"><ele>1750.64</ele></trkpt>
</trkseg><trkseg>
<trkpt lon="13.04927782" lat="47.52682989"><ele>1733.66</ele></trkpt>
<trkpt lon="13.04926741" lat="47.52685626"><ele>1734.12</ele></trkpt>
<trkpt lon="13.04918072" lat="47.52686873"><ele>1730.13</ele></trkpt>
<trkpt lon="13.04914632" lat="47.52685780"><ele>1731.70</ele></trkpt>
</trkseg><trkseg>
<trkpt lon="13.04914632" lat="47.52685780"><ele>1731.70</ele></trkpt>
<trkpt lon="13.04914397" lat="47.52684966"><ele>1731.68</ele></trkpt>
<trkpt lon="13.04910183" lat="47.52684309"><ele>1733.46</ele></trkpt>
<trkpt lon="13.04913877" lat="47.52681781"><ele>1737.55</ele></trkpt>
<trkpt lon="13.04910262" lat="47.52680756"><ele>1739.39</ele></trkpt>
<trkpt lon="13.04906380" lat="47.52682607"><ele>1738.65</ele></trkpt>
<trkpt lon="13.04910960" lat="47.52686284"><ele>1739.48</ele></trkpt>
<trkpt lon="13.04911001" lat="47.52687329"><ele>1739.73</ele></trkpt>
<trkpt lon="13.04907794" lat="47.52689623"><ele>1741.99</ele></trkpt>
<trkpt lon="13.04910680" lat="47.52690977"><ele>1741.78</ele></trkpt>
</trkseg><trkseg>
<trkpt lon="13.04910680" lat="47.52690977"><ele>1741.78</ele></trkpt>
<trkpt lon="13.04907426" lat="47.52692730"><ele>1748.35</ele></trkpt>
</trkseg><trkseg>
<trkpt lon="13.04927782" lat="47.52682989"><ele>1733.66</ele></trkpt>
<trkpt lon="13.04931217" lat="47.52677783"><ele>1737.76</ele></trkpt>
<trkpt lon="13.04929829" lat="47.52677580"><ele>1738.34</ele></trkpt>
</trkseg><trkseg>
<trkpt lon="13.04797184" lat="47.52746787"><ele>1716.71</ele></trkpt>
<trkpt lon="13.04796778" lat="47.52747716"><ele>1716.33</ele></trkpt>
<trkpt lon="13.04793811" lat="47.52751040"><ele>1712.63</ele></trkpt>
<trkpt lon="13.04792016" lat="47.52752161"><ele>1710.53</ele></trkpt>
<trkpt lon="13.04790673" lat="47.52753641"><ele>1708.65</ele></trkpt>
<trkpt lon="13.04787556" lat="47.52754920"><ele>1706.57</ele></trkpt>
<trkpt lon="13.04784074" lat="47.52757110"><ele>1704.67</ele></trkpt>
<trkpt lon="13.04780492" lat="47.52756608"><ele>1704.30</ele></trkpt>
<trkpt lon="13.04780784" lat="47.52758413"><ele>1704.74</ele></trkpt>
<trkpt lon="13.04784054" lat="47.52760160"><ele>1704.78</ele></trkpt>
<trkpt lon="13.04784767" lat="47.52763844"><ele>1703.61</ele></trkpt>
<trkpt lon="13.04781409" lat="47.52767350"><ele>1702.88</ele></trkpt>
<trkpt lon="13.04782834" lat="47.52771189"><ele>1702.86</ele></trkpt>
<trkpt lon="13.04779407" lat="47.52772607"><ele>1702.50</ele></trkpt>
<trkpt lon="13.04776586" lat="47.52772001"><ele>1703.00</ele></trkpt>
<trkpt lon="13.04772205" lat="47.52774059"><ele>1705.65</ele></trkpt>
<trkpt lon="13.04767324" lat="47.52774201"><ele>1707.38</ele></trkpt>
<trkpt lon="13.04766024" lat="47.52771632"><ele>1709.76</ele></trkpt>
<trkpt lon="13.04765048" lat="47.52769654"><ele>1711.18</ele></trkpt>
<trkpt lon="13.04763364" lat="47.52770651"><ele>1714.00</ele></trkpt>
<trkpt lon="13.04766855" lat="47.52768947"><ele>1715.30</ele></trkpt>
<trkpt lon="13.04768832" lat="47.52767928"><ele>1716.46</ele></trkpt>
</trkseg><trkseg>
<trkpt lon="13.04797184" lat="47.52746787"><ele>1716.71</ele></trkpt>
<trkpt lon="13.04799023" lat="47.52747367"><ele>1719.49</ele></trkpt>
<trkpt lon="13.04799885" lat="47.52748129"><ele>1722.40</ele></trkpt>
<trkpt lon="13.04800323" lat="47.52748856"><ele>1721.84</ele></trkpt>
</trkseg><trkseg>
<trkpt lon="13.04800323" lat="47.52748856"><ele>1721.84</ele></trkpt>
<trkpt lon="13.04802500" lat="47.52751053"><ele>1722.04</ele></trkpt>
</trkseg><trkseg>
<trkpt lon="13.04907426" lat="47.52692730"><ele>1748.35</ele></trkpt>
<trkpt lon="13.04908143" lat="47.52691302"><ele>1746.30</ele></trkpt>
<trkpt lon="13.04903187" lat="47.52692406"><ele>1741.72</ele></trkpt>
<trkpt lon="13.04905191" lat="47.52692449"><ele>1740.86</ele></trkpt>
<trkpt lon="13.04900708" lat="47.52696926"><ele>1735.40</ele></trkpt>
<trkpt lon="13.04899770" lat="47.52698557"><ele>1734.38</ele></trkpt>
<trkpt lon="13.04896594" lat="47.52700014"><ele>1732.12</ele></trkpt>
<trkpt lon="13.04895760" lat="47.52702439"><ele>1729.46</ele></trkpt>
<trkpt lon="13.04895205" lat="47.52705219"><ele>1728.91</ele></trkpt>
<trkpt lon="13.04890953" lat="47.52707747"><ele>1726.60</ele></trkpt>
<trkpt lon="13.04888852" lat="47.52713524"><ele>1726.96</ele></trkpt>
<trkpt lon="13.04886060" lat="47.52713243"><ele>1726.01</ele></trkpt>
<trkpt lon="13.04880831" lat="47.52718822"><ele>1725.04</ele></trkpt>
<trkpt lon="13.04873797" lat="47.52720772"><ele>1723.45</ele></trkpt>
<trkpt lon="13.04876424" lat="47.52723013"><ele>1725.18</ele></trkpt>
<trkpt lon="13.04865524" lat="47.52723889"><ele>1718.20</ele></trkpt>
<trkpt lon="13.04863299" lat="47.52726218"><ele>1715.76</ele></trkpt>
<trkpt lon="13.04860648" lat="47.52725687"><ele>1714.32</ele></trkpt>
<trkpt lon="13.04856117" lat="47.52728201"><ele>1713.63</ele></trkpt>
<trkpt lon="13.04856535" lat="47.52729108"><ele>1714.11</ele></trkpt>
<trkpt lon="13.04852046" lat="47.52730876"><ele>1713.87</ele></trkpt>
<trkpt lon="13.04847572" lat="47.52732942"><ele>1713.07</ele></trkpt>
<trkpt lon="13.04844409" lat="47.52733329"><ele>1714.07</ele></trkpt>
<trkpt lon="13.04842082" lat="47.52731939"><ele>1714.00</ele></trkpt>
<trkpt lon="13.04834128" lat="47.52733973"><ele>1710.27</ele></trkpt>
<trkpt lon="13.04832892" lat="47.52732575"><ele>1710.20</ele></trkpt>
<trkpt lon="13.04830242" lat="47.52738100"><ele>1708.30</ele></trkpt>
<trkpt lon="13.04823682" lat="47.52736602"><ele>1707.63</ele></trkpt>
<trkpt lon="13.04821549" lat="47.52734649"><ele>1707.55</ele></trkpt>
<trkpt lon="13.04819297" lat="47.52733378"><ele>1708.87</ele></trkpt>
<trkpt lon="13.04812854" lat="47.52733386"><ele>1708.47</ele></trkpt>
<trkpt lon="13.04807701" lat="47.52734414"><ele>1710.79</ele></trkpt>
<trkpt lon="13.04807896" lat="47.52736307"><ele>1711.91</ele></trkpt>
<trkpt lon="13.04807896" lat="47.52737755"><ele>1714.69</ele></trkpt>
<trkpt lon="13.04805311" lat="47.52736865"><ele>1716.61</ele></trkpt>
<trkpt lon="13.04802351" lat="47.52740018"><ele>1713.59</ele></trkpt>
<trkpt lon="13.04801298" lat="47.52744419"><ele>1717.33</ele></trkpt>
<trkpt lon="13.04798709" lat="47.52746165"><ele>1716.26</ele></trkpt>
<trkpt lon="13.04797184" lat="47.52746787"><ele>1716.71</ele></trkpt>
</trkseg><trkseg>
<trkpt lon="13.04907426" lat="47.52692730"><ele>1748.35</ele></trkpt>
<trkpt lon="13.04902120" lat="47.52693224"><ele>1748.23</ele></trkpt>
<trkpt lon="13.04899072" lat="47.52696241"><ele>1746.19</ele></trkpt>
<trkpt lon="13.04896490" lat="47.52697799"><ele>1748.16</ele></trkpt>
<trkpt lon="13.04899762" lat="47.52705224"><ele>1747.51</ele></trkpt>
<trkpt lon="13.04895926" lat="47.52706914"><ele>1746.04</ele></trkpt>
<trkpt lon="13.04890865" lat="47.52713000"><ele>1744.45</ele></trkpt>
<trkpt lon="13.04887576" lat="47.52713565"><ele>1746.94</ele></trkpt>
<trkpt lon="13.04885550" lat="47.52719830"><ele>1746.23</ele></trkpt>
<trkpt lon="13.04881157" lat="47.52724704"><ele>1742.46</ele></trkpt>
<trkpt lon="13.04875434" lat="47.52724634"><ele>1738.83</ele></trkpt>
<trkpt lon="13.04866654" lat="47.52728155"><ele>1738.44</ele></trkpt>
<trkpt lon="13.04864302" lat="47.52729960"><ele>1739.36</ele></trkpt>
<trkpt lon="13.04859514" lat="47.52729051"><ele>1740.56</ele></trkpt>
<trkpt lon="13.04854371" lat="47.52734101"><ele>1738.13</ele></trkpt>
<trkpt lon="13.04855460" lat="47.52736252"><ele>1739.14</ele></trkpt>
<trkpt lon="13.04849289" lat="47.52737866"><ele>1737.37</ele></trkpt>
<trkpt lon="13.04846592" lat="47.52740718"><ele>1737.24</ele></trkpt>
</trkseg><trkseg>
<trkpt lon="13.04737686" lat="47.52839627"><ele>1749.08</ele></trkpt>
<trkpt lon="13.04732591" lat="47.52835869"><ele>1748.87</ele></trkpt>
<trkpt lon="13.04720539" lat="47.52838417"><ele>1748.73</ele></trkpt>
<trkpt lon="13.04715081" lat="47.52836219"><ele>1749.08</ele></trkpt>
<trkpt lon="13.04703402" lat="47.52833725"><ele>1748.68</ele></trkpt>
<trkpt lon="13.04691116" lat="47.52833282"><ele>1748.83</ele></trkpt>
<trkpt lon="13.04690486" lat="47.52835224"><ele>1750.31</ele></trkpt>
<trkpt lon="13.04684056" lat="47.52831650"><ele>1749.20</ele></trkpt>
<trkpt lon="13.04675021" lat="47.52830245"><ele>1749.82</ele></trkpt>
<trkpt lon="13.04669408" lat="47.52827909"><ele>1750.11</ele></trkpt>
<trkpt lon="13.04665823" lat="47.52826417"><ele>1750.29</ele></trkpt>
<trkpt lon="13.04657490" lat="47.52828291"><ele>1750.13</ele></trkpt>
<trkpt lon="13.04657821" lat="47.52831896"><ele>1749.57</ele></trkpt>
<trkpt lon="13.04660715" lat="47.52840530"><ele>1749.32</ele></trkpt>
<trkpt lon="13.04657494" lat="47.52844983"><ele>1749.34</ele></trkpt>
<trkpt lon="13.04655981" lat="47.52854243"><ele>1749.92</ele></trkpt>
</trkseg><trkseg>
<trkpt lon="13.04746993" lat="47.52834432"><ele>1699.97</ele></trkpt>
<trkpt lon="13.04741427" lat="47.52837999"><ele>1701.88</ele></trkpt>
<trkpt lon="13.04739763" lat="47.52843082"><ele>1701.22</ele></trkpt>
<trkpt lon="13.04740903" lat="47.52846026"><ele>1700.86</ele></trkpt>
<trkpt lon="13.04746997" lat="47.52847569"><ele>1701.70</ele></trkpt>
<trkpt lon="13.04746425" lat="47.52852941"><ele>1696.87</ele></trkpt>
<trkpt lon="13.04746043" lat="47.52858585"><ele>1696.70</ele></trkpt>
<trkpt lon="13.04746312" lat="47.52860641"><ele>1693.39</ele></trkpt>
<trkpt lon="13.04750700" lat="47.52858035"><ele>1696.84</ele></trkpt>
<trkpt lon="13.04751930" lat="47.52856058"><ele>1696.23</ele></trkpt>
<trkpt lon="13.04757669" lat="47.52854617"><ele>1687.97</ele></trkpt>
<trkpt lon="13.04754307" lat="47.52855369"><ele>1685.84</ele></trkpt>
<trkpt lon="13.04753817" lat="47.52856045"><ele>1684.34</ele></trkpt>
</trkseg><trkseg>
<trkpt lon="13.04753817" lat="47.52856045"><ele>1684.34</ele></trkpt>
<trkpt lon="13.04747391" lat="47.52855918"><ele>1684.77</ele></trkpt>
<trkpt lon="13.04743291" lat="47.52857198"><ele>1684.30</ele></trkpt>
<trkpt lon="13.04742142" lat="47.52857367"><ele>1685.58</ele></trkpt>
</trkseg><trkseg>
<trkpt lon="13.04746993" lat="47.52834432"><ele>1699.97</ele></trkpt>
<trkpt lon="13.04744023" lat="47.52834993"><ele>1699.37</ele></trkpt>
<trkpt lon="13.04742944" lat="47.52837917"><ele>1725.93</ele></trkpt>
<trkpt lon="13.04748729" lat="47.52839932"><ele>1728.72</ele></trkpt>
<trkpt lon="13.04749893" lat="47.52840780"><ele>1728.96</ele></trkpt>
</trkseg><trkseg>
<trkpt lon="13.04749893" lat="47.52840780"><ele>1728.96</ele></trkpt>
<trkpt lon="13.04752491" lat="47.52835578"><ele>1735.77</ele></trkpt>
<trkpt lon="13.04755323" lat="47.52836211"><ele>1737.84</ele></trkpt>
<trkpt lon="13.04753407" lat="47.52835594"><ele>1740.10</ele></trkpt>
<trkpt lon="13.04751568" lat="47.52834672"><ele>1740.91</ele></trkpt>
<trkpt lon="13.04748302" lat="47.52835327"><ele>1740.55</ele></trkpt>
<trkpt lon="13.04746765" lat="47.52836983"><ele>1741.19</ele></trkpt>
<trkpt lon="13.04745811" lat="47.52838704"><ele>1739.34</ele></trkpt>
<trkpt lon="13.04741807" lat="47.52841722"><ele>1738.30</ele></trkpt>
<trkpt lon="13.04738467" lat="47.52844707"><ele>1738.96</ele></trkpt>
<trkpt lon="13.04737640" lat="47.52844099"><ele>1741.49</ele></trkpt>
<trkpt lon="13.04740087" lat="47.52839740"><ele>1748.95</ele></trkpt>
<trkpt lon="13.04737686" lat="47.52839627"><ele>1749.08</ele></trkpt>
</trkseg><trkseg>
<trkpt lon="13.04755122" lat="47.52825167"><ele>1749.61</ele></trkpt>
<trkpt lon="13.04754808" lat="47.52823983"><ele>1748.42</ele></trkpt>
<trkpt lon="13.04751537" lat="47.52821182"><ele>1748.63</ele></trkpt>
<trkpt lon="13.04752127" lat="47.52817458"><ele>1742.17</ele></trkpt>
<trkpt lon="13.04752645" lat="47.52818178"><ele>1741.71</ele></trkpt>
<trkpt lon="13.04753681" lat="47.52818546"><ele>1721.83</ele></trkpt>
<trkpt lon="13.04754842" lat="47.52821626"><ele>1721.45</ele></trkpt>
<trkpt lon="13.04754134" lat="47.52823530"><ele>1718.31</ele></trkpt>
<trkpt lon="13.04751205" lat="47.52826180"><ele>1696.40</ele></trkpt>
<trkpt lon="13.04746633" lat="47.52829107"><ele>1699.40</ele></trkpt>
<trkpt lon="13.04746993" lat="47.52834432"><ele>1699.97</ele></trkpt>
</trkseg><trkseg>
<trkpt lon="13.04755122" lat="47.52825167"><ele>1749.61</ele></trkpt>
<trkpt lon="13.04763706" lat="47.52817277"><ele>1748.73</ele></trkpt>
<trkpt lon="13.04764215" lat="47.52813570"><ele>1749.39</ele></trkpt>
<trkpt lon="13.04768231" lat="47.52808824"><ele>1747.92</ele></trkpt>
<trkpt lon="13.04769725" lat="47.52806141"><ele>1749.13</ele></trkpt>
<trkpt lon="13.04782761" lat="47.52801414"><ele>1749.03</ele></trkpt>
<trkpt lon="13.04786799" lat="47.52797154"><ele>1747.74</ele></trkpt>
</trkseg><trkseg>
<trkpt lon="13.04755122" lat="47.52825167"><ele>1749.61</ele></trkpt>
<trkpt lon="13.04749675" lat="47.52828754"><ele>1749.33</ele></trkpt>
<trkpt lon="13.04737686" lat="47.52839627"><ele>1749.08</ele></trkpt>
</trkseg><trkseg>
<trkpt lon="13.04934347" lat="47.52695114"><ele>1722.37</ele></trkpt>
<trkpt lon="13.04940125" lat="47.52695509"><ele>1721.52</ele></trkpt>
<trkpt lon="13.04943185" lat="47.52695012"><ele>1723.22</ele></trkpt>
<trkpt lon="13.04941973" lat="47.52694380"><ele>1723.33</ele></trkpt>
<trkpt lon="13.04943474" lat="47.52694738"><ele>1725.27</ele></trkpt>
<trkpt lon="13.04945057" lat="47.52694333"><ele>1727.66</ele></trkpt>
<trkpt lon="13.04946575" lat="47.52694602"><ele>1730.66</ele></trkpt>
</trkseg><trkseg>
<trkpt lon="13.04932793" lat="47.52690804"><ele>1724.53</ele></trkpt>
<trkpt lon="13.04933816" lat="47.52690794"><ele>1722.25</ele></trkpt>
<trkpt lon="13.04932271" lat="47.52691272"><ele>1721.79</ele></trkpt>
<trkpt lon="13.04934347" lat="47.52695114"><ele>1722.37</ele></trkpt>
</trkseg><trkseg>
<trkpt lon="13.04932793" lat="47.52690804"><ele>1724.53</ele></trkpt>
<trkpt lon="13.04932701" lat="47.52687545"><ele>1728.59</ele></trkpt>
<trkpt lon="13.04929521" lat="47.52685160"><ele>1731.20</ele></trkpt>
<trkpt lon="13.04929346" lat="47.52683439"><ele>1732.96</ele></trkpt>
<trkpt lon="13.04927782" lat="47.52682989"><ele>1733.66</ele></trkpt>
</trkseg><trkseg>
<trkpt lon="13.04932793" lat="47.52690804"><ele>1724.53</ele></trkpt>
<trkpt lon="13.04935074" lat="47.52692337"><ele>1724.83</ele></trkpt>
<trkpt lon="13.04934347" lat="47.52695114"><ele>1722.37</ele></trkpt>
</trkseg><trkseg>
<trkpt lon="13.04953215" lat="47.52699682"><ele>1740.26</ele></trkpt>
<trkpt lon="13.04952942" lat="47.52697374"><ele>1738.58</ele></trkpt>
<trkpt lon="13.04950164" lat="47.52697767"><ele>1729.71</ele></trkpt>
<trkpt lon="13.04950294" lat="47.52695700"><ele>1728.59</ele></trkpt>
<trkpt lon="13.04946575" lat="47.52694602"><ele>1730.66</ele></trkpt>
</trkseg><trkseg>
<trkpt lon="13.04953215" lat="47.52699682"><ele>1740.26</ele></trkpt>
<trkpt lon="13.04955063" lat="47.52700019"><ele>1740.41</ele></trkpt>
<trkpt lon="13.04956665" lat="47.52698733"><ele>1740.09</ele></trkpt>
<trkpt lon="13.04956754" lat="47.52697762"><ele>1740.43</ele></trkpt>
<trkpt lon="13.04963227" lat="47.52698035"><ele>1736.59</ele></trkpt>
<trkpt lon="13.04965575" lat="47.52698488"><ele>1736.00</ele></trkpt>
<trkpt lon="13.04965737" lat="47.52696278"><ele>1736.50</ele></trkpt>
<trkpt lon="13.04968160" lat="47.52693619"><ele>1739.74</ele></trkpt>
<trkpt lon="13.04966642" lat="47.52692289"><ele>1739.56</ele></trkpt>
<trkpt lon="13.04967697" lat="47.52691074"><ele>1744.39</ele></trkpt>
<trkpt lon="13.04971107" lat="47.52687587"><ele>1746.69</ele></trkpt>
<trkpt lon="13.04974729" lat="47.52689529"><ele>1746.63</ele></trkpt>
<trkpt lon="13.04975407" lat="47.52688074"><ele>1747.36</ele></trkpt>
<trkpt lon="13.04977553" lat="47.52686454"><ele>1746.79</ele></trkpt>
<trkpt lon="13.04976898" lat="47.52683681"><ele>1746.19</ele></trkpt>
<trkpt lon="13.04973911" lat="47.52682928"><ele>1743.81</ele></trkpt>
<trkpt lon="13.04973897" lat="47.52681155"><ele>1743.88</ele></trkpt>
<trkpt lon="13.04974825" lat="47.52680496"><ele>1744.05</ele></trkpt>
</trkseg><trkseg>
<trkpt lon="13.04974825" lat="47.52680496"><ele>1744.05</ele></trkpt>
<trkpt lon="13.04974785" lat="47.52677274"><ele>1745.55</ele></trkpt>
<trkpt lon="13.04970416" lat="47.52673978"><ele>1749.48</ele></trkpt>
<trkpt lon="13.04969689" lat="47.52673525"><ele>1749.50</ele></trkpt>
<trkpt lon="13.04967089" lat="47.52672338"><ele>1749.07</ele></trkpt>
<trkpt lon="13.04963931" lat="47.52672950"><ele>1749.54</ele></trkpt>
<trkpt lon="13.04961463" lat="47.52671792"><ele>1749.67</ele></trkpt>
<trkpt lon="13.04958451" lat="47.52672416"><ele>1748.91</ele></trkpt>
<trkpt lon="13.04954952" lat="47.52672905"><ele>1749.10</ele></trkpt>
<trkpt lon="13.04952754" lat="47.52675576"><ele>1750.95</ele></trkpt>
<trkpt lon="13.04944453" lat="47.52678027"><ele>1750.64</ele></trkpt>
</trkseg><trkseg>
<trkpt lon="13.04953215" lat="47.52699682"><ele>1740.26</ele></trkpt>
<trkpt lon="13.04950645" lat="47.52695184"><ele>1739.51</ele></trkpt>
<trkpt lon="13.04948732" lat="47.52695187"><ele>1739.49</ele></trkpt>
<trkpt lon="13.04947808" lat="47.52693957"><ele>1739.58</ele></trkpt>
<trkpt lon="13.04943950" lat="47.52694458"><ele>1739.25</ele></trkpt>
<trkpt lon="13.04941053" lat="47.52694481"><ele>1739.23</ele></trkpt>
<trkpt lon="13.04941086" lat="47.52693951"><ele>1739.40</ele></trkpt>
<trkpt lon="13.04939971" lat="47.52693914"><ele>1739.26</ele></trkpt>
<trkpt lon="13.04939255" lat="47.52692444"><ele>1737.65</ele></trkpt>
<trkpt lon="13.04941107" lat="47.52691224"><ele>1738.07</ele></trkpt>
<trkpt lon="13.04941428" lat="47.52690825"><ele>1737.54</ele></trkpt>
<trkpt lon="13.04942258" lat="47.52690632"><ele>1736.82</ele></trkpt>
<trkpt lon="13.04941837" lat="47.52692668"><ele>1733.96</ele></trkpt>
<trkpt lon="13.04943832" lat="47.52692980"><ele>1732.94</ele></trkpt>
<trkpt lon="13.04944135" lat="47.52693768"><ele>1732.12</ele></trkpt>
<trkpt lon="13.04945167" lat="47.52693867"><ele>1731.72</ele></trkpt>
<trkpt lon="13.04945623" lat="47.52694829"><ele>1730.81</ele></trkpt>
<trkpt lon="13.04946575" lat="47.52694602"><ele>1730.66</ele></trkpt>
</trkseg><trkseg>
<trkpt lon="13.04331066" lat="47.53131324"><ele>1715.44</ele></trkpt>
<trkpt lon="13.04331505" lat="47.53133086"><ele>1716.24</ele></trkpt>
<trkpt lon="13.04336126" lat="47.53133507"><ele>1719.46</ele></trkpt>
<trkpt lon="13.04341649" lat="47.53133259"><ele>1720.78</ele></trkpt>
<trkpt lon="13.04344624" lat="47.53133661"><ele>1723.27</ele></trkpt>
<trkpt lon="13.04345999" lat="47.53133837"><ele>1723.55</ele></trkpt>
<trkpt lon="13.04350582" lat="47.53133519"><ele>1727.64</ele></trkpt>
<trkpt lon="13.04351314" lat="47.53130625"><ele>1728.85</ele></trkpt>
</trkseg><trkseg>
<trkpt lon="13.04326120" lat="47.53132832"><ele>1712.73</ele></trkpt>
<trkpt lon="13.04327568" lat="47.53133199"><ele>1712.61</ele></trkpt>
<trkpt lon="13.04329624" lat="47.53133306"><ele>1712.54</ele></trkpt>
<trkpt lon="13.04331937" lat="47.53135406"><ele>1710.28</ele></trkpt>
<trkpt lon="13.04335961" lat="47.53135088"><ele>1710.31</ele></trkpt>
<trkpt lon="13.04340191" lat="47.53136042"><ele>1707.87</ele></trkpt>
<trkpt lon="13.04342510" lat="47.53133697"><ele>1708.62</ele></trkpt>
<trkpt lon="13.04345533" lat="47.53130662"><ele>1709.03</ele></trkpt>
<trkpt lon="13.04346844" lat="47.53131134"><ele>1712.62</ele></trkpt>
<trkpt lon="13.04347569" lat="47.53131281"><ele>1715.80</ele></trkpt>
<trkpt lon="13.04349894" lat="47.53129854"><ele>1717.58</ele></trkpt>
<trkpt lon="13.04340452" lat="47.53131520"><ele>1713.27</ele></trkpt>
<trkpt lon="13.04339067" lat="47.53130164"><ele>1714.60</ele></trkpt>
<trkpt lon="13.04334176" lat="47.53131296"><ele>1715.92</ele></trkpt>
<trkpt lon="13.04331066" lat="47.53131324"><ele>1715.44</ele></trkpt>
</trkseg><trkseg>
<trkpt lon="13.04321252" lat="47.53131201"><ele>1714.36</ele></trkpt>
<trkpt lon="13.04328461" lat="47.53130991"><ele>1714.36</ele></trkpt>
<trkpt lon="13.04329518" lat="47.53131855"><ele>1714.34</ele></trkpt>
<trkpt lon="13.04331066" lat="47.53131324"><ele>1715.44</ele></trkpt>
</trkseg><trkseg>
<trkpt lon="13.04321252" lat="47.53131201"><ele>1714.36</ele></trkpt>
<trkpt lon="13.04322283" lat="47.53132047"><ele>1714.06</ele></trkpt>
<trkpt lon="13.04320611" lat="47.53133791"><ele>1712.70</ele></trkpt>
<trkpt lon="13.04320984" lat="47.53135885"><ele>1710.66</ele></trkpt>
<trkpt lon="13.04322307" lat="47.53135691"><ele>1710.53</ele></trkpt>
<trkpt lon="13.04327130" lat="47.53134604"><ele>1710.08</ele></trkpt>
<trkpt lon="13.04326120" lat="47.53132832"><ele>1712.73</ele></trkpt>
</trkseg><trkseg>
<trkpt lon="13.04321252" lat="47.53131201"><ele>1714.36</ele></trkpt>
<trkpt lon="13.04322571" lat="47.53128245"><ele>1710.55</ele></trkpt>
<trkpt lon="13.04324492" lat="47.53130519"><ele>1709.63</ele></trkpt>
<trkpt lon="13.04326120" lat="47.53132832"><ele>1712.73</ele></trkpt>
</trkseg><trkseg>
<trkpt lon="13.04579720" lat="47.52760602"><ele>1655.78</ele></trkpt>
<trkpt lon="13.04579848" lat="47.52758220"><ele>1655.12</ele></trkpt>
<trkpt lon="13.04583090" lat="47.52756790"><ele>1653.66</ele></trkpt>
</trkseg><trkseg>
<trkpt lon="13.04583090" lat="47.52756790"><ele>1653.66</ele></trkpt>
<trkpt lon="13.04581688" lat="47.52751979"><ele>1653.09</ele></trkpt>
<trkpt lon="13.04577894" lat="47.52747532"><ele>1656.94</ele></trkpt>
<trkpt lon="13.04570333" lat="47.52745415"><ele>1658.99</ele></trkpt>
<trkpt lon="13.04569965" lat="47.52742808"><ele>1660.55</ele></trkpt>
<trkpt lon="13.04571953" lat="47.52742932"><ele>1662.15</ele></trkpt>
<trkpt lon="13.04572035" lat="47.52738596"><ele>1662.10</ele></trkpt>
<trkpt lon="13.04571015" lat="47.52735996"><ele>1662.16</ele></trkpt>
<trkpt lon="13.04574809" lat="47.52735449"><ele>1661.58</ele></trkpt>
<trkpt lon="13.04578176" lat="47.52728839"><ele>1663.57</ele></trkpt>
<trkpt lon="13.04575752" lat="47.52727942"><ele>1663.73</ele></trkpt>
<trkpt lon="13.04580324" lat="47.52726095"><ele>1668.35</ele></trkpt>
<trkpt lon="13.04579432" lat="47.52727582"><ele>1668.46</ele></trkpt>
<trkpt lon="13.04587357" lat="47.52718818"><ele>1679.05</ele></trkpt>
<trkpt lon="13.04588620" lat="47.52722025"><ele>1678.66</ele></trkpt>
<trkpt lon="13.04596020" lat="47.52727730"><ele>1675.98</ele></trkpt>
<trkpt lon="13.04599921" lat="47.52730370"><ele>1675.89</ele></trkpt>
<trkpt lon="13.04600237" lat="47.52732589"><ele>1675.85</ele></trkpt>
<trkpt lon="13.04609185" lat="47.52733830"><ele>1677.97</ele></trkpt>
<trkpt lon="13.04616882" lat="47.52735482"><ele>1678.36</ele></trkpt>
<trkpt lon="13.04625322" lat="47.52740044"><ele>1678.39</ele></trkpt>
<trkpt lon="13.04635989" lat="47.52740064"><ele>1682.50</ele></trkpt>
<trkpt lon="13.04639871" lat="47.52743946"><ele>1684.03</ele></trkpt>
<trkpt lon="13.04649467" lat="47.52746683"><ele>1685.98</ele></trkpt>
<trkpt lon="13.04652467" lat="47.52744628"><ele>1686.65</ele></trkpt>
<trkpt lon="13.04665144" lat="47.52747040"><ele>1690.11</ele></trkpt>
<trkpt lon="13.04669773" lat="47.52747605"><ele>1699.19</ele></trkpt>
</trkseg><trkseg>
<trkpt lon="13.04669773" lat="47.52747605"><ele>1699.19</ele></trkpt>
<trkpt lon="13.04668415" lat="47.52747680"><ele>1701.80</ele></trkpt>
<trkpt lon="13.04674930" lat="47.52749690"><ele>1702.74</ele></trkpt>
<trkpt lon="13.04676421" lat="47.52752829"><ele>1700.22</ele></trkpt>
<trkpt lon="13.04678826" lat="47.52752834"><ele>1698.25</ele></trkpt>
<trkpt lon="13.04686813" lat="47.52755966"><ele>1701.58</ele></trkpt>
<trkpt lon="13.04689938" lat="47.52756965"><ele>1702.09</ele></trkpt>
<trkpt lon="13.04691889" lat="47.52758447"><ele>1702.91</ele></trkpt>
<trkpt lon="13.04695250" lat="47.52756686"><ele>1707.77</ele></trkpt>
<trkpt lon="13.04698671" lat="47.52758994"><ele>1706.74</ele></trkpt>
<trkpt lon="13.04701962" lat="47.52760175"><ele>1707.65</ele></trkpt>
<trkpt lon="13.04705619" lat="47.52757223"><ele>1708.04</ele></trkpt>
<trkpt lon="13.04707569" lat="47.52756950"><ele>1707.60</ele></trkpt>
<trkpt lon="13.04712538" lat="47.52753705"><ele>1710.24</ele></trkpt>
<trkpt lon="13.04714227" lat="47.52746148"><ele>1718.67</ele></trkpt>
<trkpt lon="13.04721422" lat="47.52745605"><ele>1720.96</ele></trkpt>
<trkpt lon="13.04726026" lat="47.52746106"><ele>1722.76</ele></trkpt>
<trkpt lon="13.04727349" lat="47.52746273"><ele>1721.74</ele></trkpt>
<trkpt lon="13.04729112" lat="47.52747086"><ele>1720.02</ele></trkpt>
<trkpt lon="13.04730390" lat="47.52747728"><ele>1719.06</ele></trkpt>
<trkpt lon="13.04728836" lat="47.52749520"><ele>1717.62</ele></trkpt>
<trkpt lon="13.04731827" lat="47.52752324"><ele>1717.23</ele></trkpt>
<trkpt lon="13.04731705" lat="47.52754527"><ele>1717.67</ele></trkpt>
<trkpt lon="13.04743137" lat="47.52759005"><ele>1719.09</ele></trkpt>
</trkseg><trkseg>
<trkpt lon="13.04567797" lat="47.52767535"><ele>1653.52</ele></trkpt>
<trkpt lon="13.04572443" lat="47.52764779"><ele>1657.60</ele></trkpt>
<trkpt lon="13.04577602" lat="47.52766460"><ele>1658.99</ele></trkpt>
</trkseg><trkseg>
<trkpt lon="13.04577602" lat="47.52766460"><ele>1658.99</ele></trkpt>
<trkpt lon="13.04564926" lat="47.52757930"><ele>1672.65</ele></trkpt>
<trkpt lon="13.04568521" lat="47.52751629"><ele>1671.32</ele></trkpt>
<trkpt lon="13.04569539" lat="47.52747471"><ele>1669.72</ele></trkpt>
<trkpt lon="13.04570623" lat="47.52745474"><ele>1671.01</ele></trkpt>
<trkpt lon="13.04568684" lat="47.52743317"><ele>1665.58</ele></trkpt>
<trkpt lon="13.04570866" lat="47.52747161"><ele>1663.84</ele></trkpt>
<trkpt lon="13.04574237" lat="47.52748334"><ele>1660.44</ele></trkpt>
<trkpt lon="13.04571380" lat="47.52751939"><ele>1658.80</ele></trkpt>
<trkpt lon="13.04572602" lat="47.52753354"><ele>1658.25</ele></trkpt>
<trkpt lon="13.04571087" lat="47.52755173"><ele>1657.22</ele></trkpt>
<trkpt lon="13.04576697" lat="47.52759345"><ele>1655.86</ele></trkpt>
<trkpt lon="13.04580218" lat="47.52760071"><ele>1656.15</ele></trkpt>
<trkpt lon="13.04579720" lat="47.52760602"><ele>1655.78</ele></trkpt>
</trkseg><trkseg>
<trkpt lon="13.04567797" lat="47.52767535"><ele>1653.52</ele></trkpt>
<trkpt lon="13.04569053" lat="47.52766287"><ele>1653.41</ele></trkpt>
<trkpt lon="13.04570031" lat="47.52766772"><ele>1653.15</ele></trkpt>
<trkpt lon="13.04573884" lat="47.52766064"><ele>1653.90</ele></trkpt>
<trkpt lon="13.04574849" lat="47.52767268"><ele>1653.74</ele></trkpt>
<trkpt lon="13.04576954" lat="47.52763894"><ele>1654.70</ele></trkpt>
<trkpt lon="13.04578251" lat="47.52765445"><ele>1654.92</ele></trkpt>
<trkpt lon="13.04580410" lat="47.52762774"><ele>1656.02</ele></trkpt>
<trkpt lon="13.04579720" lat="47.52760602"><ele>1655.78</ele></trkpt>
</trkseg><trkseg>
<trkpt lon="13.04517720" lat="47.52768022"><ele>1639.73</ele></trkpt>
<trkpt lon="13.04525720" lat="47.52767942"><ele>1639.75</ele></trkpt>
<trkpt lon="13.04528903" lat="47.52767744"><ele>1638.59</ele></trkpt>
<trkpt lon="13.04530428" lat="47.52762803"><ele>1639.21</ele></trkpt>
<trkpt lon="13.04535354" lat="47.52762887"><ele>1640.68</ele></trkpt>
<trkpt lon="13.04539368" lat="47.52760337"><ele>1640.40</ele></trkpt>
<trkpt lon="13.04542578" lat="47.52762993"><ele>1641.70</ele></trkpt>
<trkpt lon="13.04551166" lat="47.52764273"><ele>1642.83</ele></trkpt>
<trkpt lon="13.04556658" lat="47.52771286"><ele>1644.24</ele></trkpt>
<trkpt lon="13.04555133" lat="47.52762622"><ele>1652.01</ele></trkpt>
<trkpt lon="13.04555769" lat="47.52766241"><ele>1652.69</ele></trkpt>
<trkpt lon="13.04564130" lat="47.52770415"><ele>1654.56</ele></trkpt>
<trkpt lon="13.04566699" lat="47.52768137"><ele>1654.83</ele></trkpt>
<trkpt lon="13.04567797" lat="47.52767535"><ele>1653.52</ele></trkpt>
</trkseg><trkseg>
<trkpt lon="13.03936795" lat="47.53313302"><ele>1752.98</ele></trkpt>
<trkpt lon="13.03931327" lat="47.53313136"><ele>1753.23</ele></trkpt>
<trkpt lon="13.03932611" lat="47.53312573"><ele>1752.28</ele></trkpt>
<trkpt lon="13.03928890" lat="47.53306166"><ele>1752.91</ele></trkpt>
<trkpt lon="13.03930846" lat="47.53305011"><ele>1754.40</ele></trkpt>
<trkpt lon="13.03929060" lat="47.53304099"><ele>1755.05</ele></trkpt>
<trkpt lon="13.03931819" lat="47.53302077"><ele>1756.04</ele></trkpt>
<trkpt lon="13.03934449" lat="47.53302113"><ele>1755.61</ele></trkpt>
<trkpt lon="13.03927289" lat="47.53298868"><ele>1761.85</ele></trkpt>
<trkpt lon="13.03921952" lat="47.53298039"><ele>1762.99</ele></trkpt>
</trkseg><trkseg>
<trkpt lon="13.03936795" lat="47.53313302"><ele>1752.98</ele></trkpt>
<trkpt lon="13.03934932" lat="47.53318030"><ele>1755.55</ele></trkpt>
<trkpt lon="13.03938880" lat="47.53319393"><ele>1753.68</ele></trkpt>
<trkpt lon="13.03936795" lat="47.53313302"><ele>1752.98</ele></trkpt>
</trkseg><trkseg>
<trkpt lon="13.03715365" lat="47.53544766"><ele>1713.45</ele></trkpt>
<trkpt lon="13.03709617" lat="47.53547835"><ele>1711.90</ele></trkpt>
<trkpt lon="13.03702105" lat="47.53548652"><ele>1711.63</ele></trkpt>
<trkpt lon="13.03702604" lat="47.53553105"><ele>1710.15</ele></trkpt>
</trkseg><trkseg>
<trkpt lon="13.03680736" lat="47.53556555"><ele>1712.87</ele></trkpt>
<trkpt lon="13.03677686" lat="47.53557466"><ele>1712.93</ele></trkpt>
<trkpt lon="13.03676663" lat="47.53555676"><ele>1715.52</ele></trkpt>
</trkseg><trkseg>
<trkpt lon="13.03680736" lat="47.53556555"><ele>1712.87</ele></trkpt>
<trkpt lon="13.03689207" lat="47.53555306"><ele>1703.51</ele></trkpt>
<trkpt lon="13.03688681" lat="47.53557294"><ele>1707.02</ele></trkpt>
<trkpt lon="13.03690470" lat="47.53555300"><ele>1708.09</ele></trkpt>
<trkpt lon="13.03694468" lat="47.53553200"><ele>1709.86</ele></trkpt>
<trkpt lon="13.03697054" lat="47.53551904"><ele>1710.13</ele></trkpt>
<trkpt lon="13.03702604" lat="47.53553105"><ele>1710.15</ele></trkpt>
</trkseg><trkseg>
<trkpt lon="13.04472250" lat="47.52743536"><ele>1626.85</ele></trkpt>
<trkpt lon="13.04473586" lat="47.52744773"><ele>1625.18</ele></trkpt>
<trkpt lon="13.04476793" lat="47.52746070"><ele>1622.55</ele></trkpt>
</trkseg><trkseg>
<trkpt lon="13.04472250" lat="47.52743536"><ele>1626.85</ele></trkpt>
<trkpt lon="13.04471565" lat="47.52741598"><ele>1624.39</ele></trkpt>
<trkpt lon="13.04473933" lat="47.52742214"><ele>1623.61</ele></trkpt>
<trkpt lon="13.04474449" lat="47.52744068"><ele>1623.60</ele></trkpt>
<trkpt lon="13.04476793" lat="47.52746070"><ele>1622.55</ele></trkpt>
</trkseg><trkseg>
<trkpt lon="13.04476077" lat="47.52742440"><ele>1621.52</ele></trkpt>
<trkpt lon="13.04478784" lat="47.52741118"><ele>1627.78</ele></trkpt>
<trkpt lon="13.04485130" lat="47.52743368"><ele>1629.91</ele></trkpt>
<trkpt lon="13.04485519" lat="47.52746488"><ele>1633.94</ele></trkpt>
<trkpt lon="13.04488051" lat="47.52748781"><ele>1634.79</ele></trkpt>
<trkpt lon="13.04493143" lat="47.52752251"><ele>1634.48</ele></trkpt>
<trkpt lon="13.04499663" lat="47.52758059"><ele>1634.94</ele></trkpt>
<trkpt lon="13.04505658" lat="47.52757972"><ele>1635.72</ele></trkpt>
<trkpt lon="13.04515393" lat="47.52764482"><ele>1636.72</ele></trkpt>
<trkpt lon="13.04517461" lat="47.52767117"><ele>1637.92</ele></trkpt>
<trkpt lon="13.04517720" lat="47.52768022"><ele>1639.73</ele></trkpt>
</trkseg><trkseg>
<trkpt lon="13.04476077" lat="47.52742440"><ele>1621.52</ele></trkpt>
<trkpt lon="13.04480185" lat="47.52744526"><ele>1621.13</ele></trkpt>
<trkpt lon="13.04476793" lat="47.52746070"><ele>1622.55</ele></trkpt>
</trkseg><trkseg>
<trkpt lon="13.04483352" lat="47.52735806"><ele>1613.65</ele></trkpt>
<trkpt lon="13.04484644" lat="47.52740723"><ele>1618.96</ele></trkpt>
<trkpt lon="13.04476077" lat="47.52742440"><ele>1621.52</ele></trkpt>
</trkseg><trkseg>
<trkpt lon="13.04483352" lat="47.52735806"><ele>1613.65</ele></trkpt>
<trkpt lon="13.04480218" lat="47.52734700"><ele>1614.65</ele></trkpt>
<trkpt lon="13.04477487" lat="47.52733817"><ele>1615.95</ele></trkpt>
<trkpt lon="13.04477444" lat="47.52732493"><ele>1615.84</ele></trkpt>
<trkpt lon="13.04475536" lat="47.52731264"><ele>1615.92</ele></trkpt>
<trkpt lon="13.04470872" lat="47.52732363"><ele>1615.99</ele></trkpt>
<trkpt lon="13.04472455" lat="47.52733029"><ele>1617.34</ele></trkpt>
<trkpt lon="13.04469778" lat="47.52732857"><ele>1619.02</ele></trkpt>
<trkpt lon="13.04468426" lat="47.52733131"><ele>1621.38</ele></trkpt>
<trkpt lon="13.04465994" lat="47.52734565"><ele>1623.07</ele></trkpt>
<trkpt lon="13.04466203" lat="47.52735748"><ele>1625.24</ele></trkpt>
<trkpt lon="13.04466125" lat="47.52736061"><ele>1630.25</ele></trkpt>
<trkpt lon="13.04468200" lat="47.52737060"><ele>1630.43</ele></trkpt>
<trkpt lon="13.04469742" lat="47.52738454"><ele>1629.49</ele></trkpt>
<trkpt lon="13.04471446" lat="47.52740147"><ele>1628.40</ele></trkpt>
<trkpt lon="13.04473766" lat="47.52740277"><ele>1627.41</ele></trkpt>
<trkpt lon="13.04474590" lat="47.52743126"><ele>1626.76</ele></trkpt>
<trkpt lon="13.04472250" lat="47.52743536"><ele>1626.85</ele></trkpt>
</trkseg><trkseg>
<trkpt lon="13.04481589" lat="47.52731412"><ele>1611.71</ele></trkpt>
<trkpt lon="13.04483352" lat="47.52735806"><ele>1613.65</ele></trkpt>
</trkseg><trkseg>
<trkpt lon="13.04490886" lat="47.52724345"><ele>1600.27</ele></trkpt>
<trkpt lon="13.04492615" lat="47.52725364"><ele>1604.86</ele></trkpt>
<trkpt lon="13.04491531" lat="47.52730574"><ele>1605.46</ele></trkpt>
<trkpt lon="13.04481589" lat="47.52731412"><ele>1611.71</ele></trkpt>
</trkseg><trkseg>
<trkpt lon="13.04488535" lat="47.52718969"><ele>1604.00</ele></trkpt>
<trkpt lon="13.04491166" lat="47.52716800"><ele>1604.42</ele></trkpt>
<trkpt lon="13.04490562" lat="47.52715908"><ele>1606.42</ele></trkpt>
<trkpt lon="13.04493827" lat="47.52717412"><ele>1607.83</ele></trkpt>
<trkpt lon="13.04493549" lat="47.52718451"><ele>1608.97</ele></trkpt>
<trkpt lon="13.04493889" lat="47.52723244"><ele>1611.15</ele></trkpt>
<trkpt lon="13.04488322" lat="47.52721125"><ele>1612.87</ele></trkpt>
<trkpt lon="13.04487396" lat="47.52722441"><ele>1613.57</ele></trkpt>
<trkpt lon="13.04486217" lat="47.52722349"><ele>1613.78</ele></trkpt>
<trkpt lon="13.04483501" lat="47.52719639"><ele>1614.21</ele></trkpt>
<trkpt lon="13.04483014" lat="47.52722753"><ele>1615.94</ele></trkpt>
<trkpt lon="13.04487082" lat="47.52724802"><ele>1615.81</ele></trkpt>
<trkpt lon="13.04490918" lat="47.52725614"><ele>1615.61</ele></trkpt>
<trkpt lon="13.04492965" lat="47.52725226"><ele>1615.57</ele></trkpt>
<trkpt lon="13.04492468" lat="47.52726441"><ele>1615.71</ele></trkpt>
<trkpt lon="13.04496532" lat="47.52727204"><ele>1614.33</ele></trkpt>
<trkpt lon="13.04496125" lat="47.52729563"><ele>1615.85</ele></trkpt>
<trkpt lon="13.04493068" lat="47.52730330"><ele>1617.11</ele></trkpt>
<trkpt lon="13.04490489" lat="47.52728945"><ele>1617.79</ele></trkpt>
<trkpt lon="13.04488470" lat="47.52730351"><ele>1617.12</ele></trkpt>
<trkpt lon="13.04487110" lat="47.52730498"><ele>1616.38</ele></trkpt>
<trkpt lon="13.04485765" lat="47.52731645"><ele>1615.35</ele></trkpt>
<trkpt lon="13.04483814" lat="47.52730874"><ele>1614.00</ele></trkpt>
<trkpt lon="13.04481610" lat="47.52732267"><ele>1612.39</ele></trkpt>
<trkpt lon="13.04481589" lat="47.52731412"><ele>1611.71</ele></trkpt>
</trkseg><trkseg>
<trkpt lon="13.04488535" lat="47.52718969"><ele>1604.00</ele></trkpt>
<trkpt lon="13.04489115" lat="47.52723361"><ele>1601.80</ele></trkpt>
<trkpt lon="13.04490886" lat="47.52724345"><ele>1600.27</ele></trkpt>
</trkseg><trkseg>
<trkpt lon="13.04490886" lat="47.52724345"><ele>1600.27</ele></trkpt>
<trkpt lon="13.04492198" lat="47.52722631"><ele>1602.82</ele></trkpt>
<trkpt lon="13.04492067" lat="47.52722592"><ele>1602.82</ele></trkpt>
<trkpt lon="13.04492805" lat="47.52719536"><ele>1602.53</ele></trkpt>
<trkpt lon="13.04488535" lat="47.52718969"><ele>1604.00</ele></trkpt>
</trkseg><trkseg>
<trkpt lon="13.04545906" lat="47.52781748"><ele>1514.05</ele></trkpt>
<trkpt lon="13.04546338" lat="47.52779776"><ele>1514.16</ele></trkpt>
<trkpt lon="13.04544526" lat="47.52779196"><ele>1515.45</ele></trkpt>
<trkpt lon="13.04539341" lat="47.52775724"><ele>1513.87</ele></trkpt>
<trkpt lon="13.04536059" lat="47.52774300"><ele>1512.23</ele></trkpt>
<trkpt lon="13.04535145" lat="47.52772080"><ele>1512.05</ele></trkpt>
<trkpt lon="13.04531174" lat="47.52770627"><ele>1510.83</ele></trkpt>
<trkpt lon="13.04531810" lat="47.52769603"><ele>1510.67</ele></trkpt>
<trkpt lon="13.04529429" lat="47.52767187"><ele>1510.79</ele></trkpt>
<trkpt lon="13.04526975" lat="47.52765282"><ele>1510.62</ele></trkpt>
<trkpt lon="13.04521840" lat="47.52767606"><ele>1510.65</ele></trkpt>
<trkpt lon="13.04517489" lat="47.52766731"><ele>1510.65</ele></trkpt>
<trkpt lon="13.04514495" lat="47.52767553"><ele>1510.79</ele></trkpt>
<trkpt lon="13.04512052" lat="47.52768240"><ele>1509.83</ele></trkpt>
<trkpt lon="13.04506408" lat="47.52767451"><ele>1507.91</ele></trkpt>
<trkpt lon="13.04503629" lat="47.52768942"><ele>1508.00</ele></trkpt>
<trkpt lon="13.04504712" lat="47.52773064"><ele>1508.06</ele></trkpt>
<trkpt lon="13.04500264" lat="47.52777271"><ele>1509.53</ele></trkpt>
<trkpt lon="13.04499765" lat="47.52782131"><ele>1510.39</ele></trkpt>
</trkseg><trkseg>
<trkpt lon="13.04498691" lat="47.52781348"><ele>1511.47</ele></trkpt>
<trkpt lon="13.04493492" lat="47.52773593"><ele>1518.80</ele></trkpt>
<trkpt lon="13.04497011" lat="47.52771511"><ele>1524.30</ele></trkpt>
<trkpt lon="13.04497696" lat="47.52769147"><ele>1525.22</ele></trkpt>
<trkpt lon="13.04504177" lat="47.52768142"><ele>1530.88</ele></trkpt>
<trkpt lon="13.04504499" lat="47.52767706"><ele>1532.99</ele></trkpt>
<trkpt lon="13.04502698" lat="47.52765048"><ele>1533.05</ele></trkpt>
<trkpt lon="13.04514080" lat="47.52762291"><ele>1544.12</ele></trkpt>
<trkpt lon="13.04517763" lat="47.52762920"><ele>1545.43</ele></trkpt>
<trkpt lon="13.04521270" lat="47.52761153"><ele>1542.87</ele></trkpt>
</trkseg><trkseg>
<trkpt lon="13.04521270" lat="47.52761153"><ele>1542.87</ele></trkpt>
<trkpt lon="13.04525490" lat="47.52761261"><ele>1551.56</ele></trkpt>
<trkpt lon="13.04532151" lat="47.52761510"><ele>1554.11</ele></trkpt>
<trkpt lon="13.04534729" lat="47.52760753"><ele>1554.40</ele></trkpt>
<trkpt lon="13.04533903" lat="47.52761549"><ele>1567.59</ele></trkpt>
<trkpt lon="13.04523552" lat="47.52756585"><ele>1578.78</ele></trkpt>
<trkpt lon="13.04522161" lat="47.52755041"><ele>1580.26</ele></trkpt>
<trkpt lon="13.04520887" lat="47.52756072"><ele>1581.08</ele></trkpt>
<trkpt lon="13.04516352" lat="47.52752980"><ele>1581.82</ele></trkpt>
<trkpt lon="13.04518839" lat="47.52752906"><ele>1583.29</ele></trkpt>
<trkpt lon="13.04521923" lat="47.52747865"><ele>1589.34</ele></trkpt>
<trkpt lon="13.04516350" lat="47.52743379"><ele>1591.39</ele></trkpt>
<trkpt lon="13.04513197" lat="47.52743865"><ele>1591.69</ele></trkpt>
<trkpt lon="13.04507043" lat="47.52740368"><ele>1593.51</ele></trkpt>
<trkpt lon="13.04509399" lat="47.52735954"><ele>1595.38</ele></trkpt>
<trkpt lon="13.04505323" lat="47.52731970"><ele>1596.69</ele></trkpt>
<trkpt lon="13.04499777" lat="47.52728555"><ele>1598.12</ele></trkpt>
<trkpt lon="13.04499577" lat="47.52725348"><ele>1598.85</ele></trkpt>
<trkpt lon="13.04490886" lat="47.52724345"><ele>1600.27</ele></trkpt>
</trkseg><trkseg>
<trkpt lon="13.04498691" lat="47.52781348"><ele>1511.47</ele></trkpt>
<trkpt lon="13.04499765" lat="47.52782131"><ele>1510.39</ele></trkpt>
</trkseg><trkseg>
<trkpt lon="13.04697517" lat="47.52916365"><ele>1743.30</ele></trkpt>
<trkpt lon="13.04699181" lat="47.52911264"><ele>1745.42</ele></trkpt>
<trkpt lon="13.04697309" lat="47.52910153"><ele>1749.33</ele></trkpt>
<trkpt lon="13.04696235" lat="47.52907237"><ele>1748.02</ele></trkpt>
<trkpt lon="13.04694373" lat="47.52906584"><ele>1747.19</ele></trkpt>
<trkpt lon="13.04691793" lat="47.52897344"><ele>1749.21</ele></trkpt>
<trkpt lon="13.04686031" lat="47.52895815"><ele>1748.29</ele></trkpt>
<trkpt lon="13.04690037" lat="47.52894902"><ele>1747.17</ele></trkpt>
<trkpt lon="13.04693430" lat="47.52892252"><ele>1741.07</ele></trkpt>
<trkpt lon="13.04696342" lat="47.52888972"><ele>1743.14</ele></trkpt>
<trkpt lon="13.04696754" lat="47.52887890"><ele>1741.41</ele></trkpt>
</trkseg><trkseg>
<trkpt lon="13.04696754" lat="47.52887890"><ele>1741.41</ele></trkpt>
<trkpt lon="13.04692657" lat="47.52885877"><ele>1740.94</ele></trkpt>
<trkpt lon="13.04692433" lat="47.52885828"><ele>1740.68</ele></trkpt>
<trkpt lon="13.04690581" lat="47.52884537"><ele>1740.78</ele></trkpt>
<trkpt lon="13.04688298" lat="47.52882707"><ele>1740.89</ele></trkpt>
<trkpt lon="13.04687994" lat="47.52881235"><ele>1741.26</ele></trkpt>
<trkpt lon="13.04685860" lat="47.52878940"><ele>1741.19</ele></trkpt>
<trkpt lon="13.04687109" lat="47.52874282"><ele>1741.60</ele></trkpt>
<trkpt lon="13.04681374" lat="47.52873816"><ele>1741.80</ele></trkpt>
<trkpt lon="13.04678042" lat="47.52873372"><ele>1741.39</ele></trkpt>
<trkpt lon="13.04676460" lat="47.52873759"><ele>1741.35</ele></trkpt>
<trkpt lon="13.04670846" lat="47.52872179"><ele>1741.68</ele></trkpt>
<trkpt lon="13.04670025" lat="47.52871031"><ele>1741.01</ele></trkpt>
<trkpt lon="13.04667108" lat="47.52870882"><ele>1741.87</ele></trkpt>
<trkpt lon="13.04666505" lat="47.52867794"><ele>1742.08</ele></trkpt>
<trkpt lon="13.04664710" lat="47.52861735"><ele>1745.29</ele></trkpt>
<trkpt lon="13.04655837" lat="47.52858488"><ele>1748.86</ele></trkpt>
<trkpt lon="13.04655981" lat="47.52854243"><ele>1749.92</ele></trkpt>
</trkseg><trkseg>
<trkpt lon="13.04697517" lat="47.52916365"><ele>1743.30</ele></trkpt>
<trkpt lon="13.04698582" lat="47.52919155"><ele>1741.70</ele></trkpt>
<trkpt lon="13.04700781" lat="47.52918985"><ele>1741.29</ele></trkpt>
</trkseg><trkseg>
<trkpt lon="13.04700781" lat="47.52918985"><ele>1741.29</ele></trkpt>
<trkpt lon="13.04705615" lat="47.52920480"><ele>1733.20</ele></trkpt>
<trkpt lon="13.04704017" lat="47.52920210"><ele>1722.97</ele></trkpt>
<trkpt lon="13.04700201" lat="47.52921009"><ele>1705.21</ele></trkpt>
<trkpt lon="13.04699426" lat="47.52923992"><ele>1699.77</ele></trkpt>
<trkpt lon="13.04691480" lat="47.52918296"><ele>1700.36</ele></trkpt>
<trkpt lon="13.04687479" lat="47.52916563"><ele>1700.15</ele></trkpt>
<trkpt lon="13.04683662" lat="47.52912008"><ele>1699.48</ele></trkpt>
<trkpt lon="13.04687604" lat="47.52909969"><ele>1700.12</ele></trkpt>
<trkpt lon="13.04684926" lat="47.52907665"><ele>1700.36</ele></trkpt>
</trkseg><trkseg>
<trkpt lon="13.04684926" lat="47.52907665"><ele>1700.36</ele></trkpt>
<trkpt lon="13.04684750" lat="47.52907050"><ele>1699.64</ele></trkpt>
<trkpt lon="13.04687557" lat="47.52903355"><ele>1692.63</ele></trkpt>
<trkpt lon="13.04691942" lat="47.52904050"><ele>1691.41</ele></trkpt>
<trkpt lon="13.04691673" lat="47.52903425"><ele>1688.51</ele></trkpt>
<trkpt lon="13.04697136" lat="47.52910519"><ele>1687.81</ele></trkpt>
<trkpt lon="13.04699799" lat="47.52912868"><ele>1687.24</ele></trkpt>
<trkpt lon="13.04706126" lat="47.52911716"><ele>1683.32</ele></trkpt>
<trkpt lon="13.04703666" lat="47.52906779"><ele>1682.57</ele></trkpt>
<trkpt lon="13.04707729" lat="47.52900405"><ele>1683.08</ele></trkpt>
<trkpt lon="13.04709084" lat="47.52898259"><ele>1683.28</ele></trkpt>
<trkpt lon="13.04710639" lat="47.52892878"><ele>1682.63</ele></trkpt>
<trkpt lon="13.04715461" lat="47.52883224"><ele>1685.41</ele></trkpt>
<trkpt lon="13.04723469" lat="47.52879392"><ele>1681.17</ele></trkpt>
<trkpt lon="13.04726865" lat="47.52873790"><ele>1684.45</ele></trkpt>
<trkpt lon="13.04730220" lat="47.52872173"><ele>1684.37</ele></trkpt>
<trkpt lon="13.04733575" lat="47.52870548"><ele>1684.32</ele></trkpt>
<trkpt lon="13.04737963" lat="47.52866168"><ele>1685.23</ele></trkpt>
</trkseg><trkseg>
<trkpt lon="13.04697517" lat="47.52916365"><ele>1743.30</ele></trkpt>
<trkpt lon="13.04696795" lat="47.52922211"><ele>1749.40</ele></trkpt>
</trkseg><trkseg>
<trkpt lon="13.04696795" lat="47.52922211"><ele>1749.40</ele></trkpt>
<trkpt lon="13.04706160" lat="47.52931558"><ele>1748.34</ele></trkpt>
<trkpt lon="13.04707916" lat="47.52938651"><ele>1750.41</ele></trkpt>
<trkpt lon="13.04706835" lat="47.52943780"><ele>1747.05</ele></trkpt>
<trkpt lon="13.04693468" lat="47.52948105"><ele>1749.13</ele></trkpt>
<trkpt lon="13.04689774" lat="47.52952416"><ele>1749.27</ele></trkpt>
<trkpt lon="13.04677206" lat="47.52950987"><ele>1748.97</ele></trkpt>
<trkpt lon="13.04669882" lat="47.52950349"><ele>1748.14</ele></trkpt>
</trkseg><trkseg>
<trkpt lon="13.03697815" lat="47.53549694"><ele>1715.46</ele></trkpt>
<trkpt lon="13.03702604" lat="47.53553105"><ele>1710.15</ele></trkpt>
</trkseg><trkseg>
<trkpt lon="13.03697815" lat="47.53549694"><ele>1715.46</ele></trkpt>
<trkpt lon="13.03697553" lat="47.53548862"><ele>1716.58</ele></trkpt>
<trkpt lon="13.03694691" lat="47.53549721"><ele>1717.01</ele></trkpt>
<trkpt lon="13.03688297" lat="47.53552986"><ele>1714.94</ele></trkpt>
<trkpt lon="13.03688727" lat="47.53550384"><ele>1714.59</ele></trkpt>
<trkpt lon="13.03686651" lat="47.53550448"><ele>1714.29</ele></trkpt>
<trkpt lon="13.03686491" lat="47.53551894"><ele>1714.06</ele></trkpt>
<trkpt lon="13.03681385" lat="47.53553426"><ele>1711.11</ele></trkpt>
<trkpt lon="13.03680736" lat="47.53556555"><ele>1712.87</ele></trkpt>
</trkseg><trkseg>
<trkpt lon="13.03711552" lat="47.53548318"><ele>1721.31</ele></trkpt>
<trkpt lon="13.03712787" lat="47.53546918"><ele>1720.59</ele></trkpt>
<trkpt lon="13.03715365" lat="47.53544766"><ele>1713.45</ele></trkpt>
</trkseg><trkseg>
<trkpt lon="13.03711552" lat="47.53548318"><ele>1721.31</ele></trkpt>
<trkpt lon="13.03717517" lat="47.53546576"><ele>1724.36</ele></trkpt>
<trkpt lon="13.03721794" lat="47.53546964"><ele>1726.17</ele></trkpt>
<trkpt lon="13.03723964" lat="47.53545777"><ele>1726.82</ele></trkpt>
<trkpt lon="13.03725805" lat="47.53543820"><ele>1722.99</ele></trkpt>
</trkseg><trkseg>
<trkpt lon="13.03725805" lat="47.53543820"><ele>1722.99</ele></trkpt>
<trkpt lon="13.03721597" lat="47.53546547"><ele>1721.94</ele></trkpt>
<trkpt lon="13.03719704" lat="47.53547063"><ele>1717.24</ele></trkpt>
<trkpt lon="13.03715365" lat="47.53544766"><ele>1713.45</ele></trkpt>
</trkseg><trkseg>
<trkpt lon="13.03711552" lat="47.53548318"><ele>1721.31</ele></trkpt>
<trkpt lon="13.03707016" lat="47.53545595"><ele>1718.56</ele></trkpt>
<trkpt lon="13.03706156" lat="47.53544438"><ele>1717.80</ele></trkpt>
<trkpt lon="13.03704263" lat="47.53546016"><ele>1717.33</ele></trkpt>
<trkpt lon="13.03702263" lat="47.53544425"><ele>1716.28</ele></trkpt>
<trkpt lon="13.03697815" lat="47.53549694"><ele>1715.46</ele></trkpt>
</trkseg><trkseg>
<trkpt lon="13.04471126" lat="47.52776630"><ele>1509.81</ele></trkpt>
<trkpt lon="13.04471307" lat="47.52773907"><ele>1509.66</ele></trkpt>
<trkpt lon="13.04480731" lat="47.52778783"><ele>1509.61</ele></trkpt>
<trkpt lon="13.04486731" lat="47.52780721"><ele>1508.67</ele></trkpt>
<trkpt lon="13.04497553" lat="47.52786223"><ele>1509.21</ele></trkpt>
</trkseg><trkseg>
<trkpt lon="13.04497553" lat="47.52786223"><ele>1509.21</ele></trkpt>
<trkpt lon="13.04497081" lat="47.52783921"><ele>1510.30</ele></trkpt>
<trkpt lon="13.04499765" lat="47.52782131"><ele>1510.39</ele></trkpt>
</trkseg><trkseg>
<trkpt lon="13.04945956" lat="47.52663286"><ele>1741.76</ele></trkpt>
<trkpt lon="13.04954525" lat="47.52663279"><ele>1733.26</ele></trkpt>
<trkpt lon="13.04952346" lat="47.52665086"><ele>1734.00</ele></trkpt>
<trkpt lon="13.04952217" lat="47.52667838"><ele>1732.50</ele></trkpt>
<trkpt lon="13.04949487" lat="47.52666954"><ele>1732.62</ele></trkpt>
<trkpt lon="13.04945662" lat="47.52670156"><ele>1732.50</ele></trkpt>
<trkpt lon="13.04947202" lat="47.52671973"><ele>1734.54</ele></trkpt>
<trkpt lon="13.04945494" lat="47.52673248"><ele>1734.68</ele></trkpt>
<trkpt lon="13.04942946" lat="47.52672449"><ele>1735.21</ele></trkpt>
<trkpt lon="13.04939765" lat="47.52674411"><ele>1734.84</ele></trkpt>
<trkpt lon="13.04937145" lat="47.52675194"><ele>1737.18</ele></trkpt>
<trkpt lon="13.04934357" lat="47.52676568"><ele>1737.95</ele></trkpt>
<trkpt lon="13.04933960" lat="47.52677614"><ele>1740.26</ele></trkpt>
<trkpt lon="13.04931060" lat="47.52676638"><ele>1739.77</ele></trkpt>
</trkseg><trkseg>
<trkpt lon="13.04945956" lat="47.52663286"><ele>1741.76</ele></trkpt>
<trkpt lon="13.04940650" lat="47.52664860"><ele>1741.34</ele></trkpt>
<trkpt lon="13.04940477" lat="47.52667368"><ele>1740.19</ele></trkpt>
<trkpt lon="13.04938179" lat="47.52668796"><ele>1742.24</ele></trkpt>
<trkpt lon="13.04933990" lat="47.52670353"><ele>1740.63</ele></trkpt>
<trkpt lon="13.04936262" lat="47.52671768"><ele>1740.88</ele></trkpt>
<trkpt lon="13.04932579" lat="47.52674360"><ele>1740.10</ele></trkpt>
<trkpt lon="13.04930321" lat="47.52675411"><ele>1739.11</ele></trkpt>
<trkpt lon="13.04929829" lat="47.52677580"><ele>1738.34</ele></trkpt>
</trkseg><trkseg>
<trkpt lon="13.04945956" lat="47.52663286"><ele>1741.76</ele></trkpt>
<trkpt lon="13.04945015" lat="47.52662874"><ele>1748.24</ele></trkpt>
<trkpt lon="13.04941570" lat="47.52664426"><ele>1746.81</ele></trkpt>
<trkpt lon="13.04938769" lat="47.52664702"><ele>1748.98</ele></trkpt>
<trkpt lon="13.04934855" lat="47.52666021"><ele>1749.42</ele></trkpt>
<trkpt lon="13.04935953" lat="47.52666841"><ele>1750.99</ele></trkpt>
<trkpt lon="13.04932305" lat="47.52667769"><ele>1750.34</ele></trkpt>
<trkpt lon="13.04932898" lat="47.52670055"><ele>1750.34</ele></trkpt>
</trkseg><trkseg>
<trkpt lon="13.04932898" lat="47.52670055"><ele>1750.34</ele></trkpt>
<trkpt lon="13.04939184" lat="47.52672862"><ele>1749.02</ele></trkpt>
<trkpt lon="13.04940011" lat="47.52672408"><ele>1748.24</ele></trkpt>
<trkpt lon="13.04942518" lat="47.52675042"><ele>1748.02</ele></trkpt>
<trkpt lon="13.04944453" lat="47.52678027"><ele>1750.64</ele></trkpt>
</trkseg><trkseg>
<trkpt lon="13.04339947" lat="47.52732649"><ele>1505.28</ele></trkpt>
<trkpt lon="13.04336852" lat="47.52734423"><ele>1501.09</ele></trkpt>
<trkpt lon="13.04334844" lat="47.52734118"><ele>1501.02</ele></trkpt>
<trkpt lon="13.04332638" lat="47.52738067"><ele>1498.89</ele></trkpt>
<trkpt lon="13.04332984" lat="47.52739108"><ele>1493.14</ele></trkpt>
<trkpt lon="13.04332984" lat="47.52739117"><ele>1493.14</ele></trkpt>
</trkseg><trkseg>
<trkpt lon="13.04339947" lat="47.52732649"><ele>1505.28</ele></trkpt>
<trkpt lon="13.04347817" lat="47.52735024"><ele>1505.37</ele></trkpt>
<trkpt lon="13.04354815" lat="47.52735116"><ele>1507.83</ele></trkpt>
<trkpt lon="13.04360034" lat="47.52736240"><ele>1509.04</ele></trkpt>
</trkseg><trkseg>
<trkpt lon="13.04360034" lat="47.52736240"><ele>1509.04</ele></trkpt>
<trkpt lon="13.04368216" lat="47.52736272"><ele>1511.81</ele></trkpt>
<trkpt lon="13.04374001" lat="47.52736136"><ele>1514.29</ele></trkpt>
<trkpt lon="13.04378398" lat="47.52739712"><ele>1512.20</ele></trkpt>
<trkpt lon="13.04384606" lat="47.52740331"><ele>1514.55</ele></trkpt>
<trkpt lon="13.04389023" lat="47.52740883"><ele>1514.77</ele></trkpt>
<trkpt lon="13.04395537" lat="47.52744683"><ele>1513.23</ele></trkpt>
<trkpt lon="13.04407313" lat="47.52746702"><ele>1515.31</ele></trkpt>
<trkpt lon="13.04414746" lat="47.52751526"><ele>1515.18</ele></trkpt>
<trkpt lon="13.04423118" lat="47.52752884"><ele>1515.82</ele></trkpt>
<trkpt lon="13.04429951" lat="47.52755637"><ele>1515.31</ele></trkpt>
<trkpt lon="13.04434200" lat="47.52759264"><ele>1515.52</ele></trkpt>
<trkpt lon="13.04442938" lat="47.52762949"><ele>1514.88</ele></trkpt>
<trkpt lon="13.04446216" lat="47.52764481"><ele>1515.20</ele></trkpt>
<trkpt lon="13.04454653" lat="47.52764823"><ele>1515.25</ele></trkpt>
<trkpt lon="13.04462725" lat="47.52770332"><ele>1515.26</ele></trkpt>
<trkpt lon="13.04463562" lat="47.52773550"><ele>1514.40</ele></trkpt>
<trkpt lon="13.04465379" lat="47.52777909"><ele>1511.12</ele></trkpt>
<trkpt lon="13.04471126" lat="47.52776630"><ele>1509.81</ele></trkpt>
</trkseg><trkseg>
<trkpt lon="13.04324921" lat="47.52740158"><ele>1496.86</ele></trkpt>
<trkpt lon="13.04330586" lat="47.52740012"><ele>1497.17</ele></trkpt>
<trkpt lon="13.04332984" lat="47.52739117"><ele>1493.14</ele></trkpt>
</trkseg><trkseg>
<trkpt lon="13.04324921" lat="47.52740158"><ele>1496.86</ele></trkpt>
<trkpt lon="13.04329053" lat="47.52733723"><ele>1501.48</ele></trkpt>
<trkpt lon="13.04334911" lat="47.52729818"><ele>1502.97</ele></trkpt>
<trkpt lon="13.04339947" lat="47.52732649"><ele>1505.28</ele></trkpt>
</trkseg><trkseg>
<trkpt lon="13.04324091" lat="47.52738542"><ele>1492.88</ele></trkpt>
<trkpt lon="13.04332984" lat="47.52739117"><ele>1493.14</ele></trkpt>
</trkseg><trkseg>
<trkpt lon="13.04435988" lat="47.52770506"><ele>1495.77</ele></trkpt>
<trkpt lon="13.04440522" lat="47.52772536"><ele>1495.64</ele></trkpt>
<trkpt lon="13.04443301" lat="47.52771045"><ele>1496.16</ele></trkpt>
<trkpt lon="13.04447009" lat="47.52772098"><ele>1500.35</ele></trkpt>
<trkpt lon="13.04455922" lat="47.52776056"><ele>1499.70</ele></trkpt>
<trkpt lon="13.04456682" lat="47.52774566"><ele>1505.35</ele></trkpt>
<trkpt lon="13.04459271" lat="47.52774962"><ele>1512.03</ele></trkpt>
<trkpt lon="13.04461872" lat="47.52773620"><ele>1511.18</ele></trkpt>
<trkpt lon="13.04471126" lat="47.52776630"><ele>1509.81</ele></trkpt>
</trkseg><trkseg>
<trkpt lon="13.04409986" lat="47.52764492"><ele>1491.06</ele></trkpt>
<trkpt lon="13.04409986" lat="47.52764501"><ele>1491.06</ele></trkpt>
<trkpt lon="13.04411751" lat="47.52766340"><ele>1493.09</ele></trkpt>
<trkpt lon="13.04415086" lat="47.52765596"><ele>1493.72</ele></trkpt>
<trkpt lon="13.04416589" lat="47.52768420"><ele>1495.08</ele></trkpt>
<trkpt lon="13.04419274" lat="47.52767314"><ele>1495.34</ele></trkpt>
<trkpt lon="13.04421225" lat="47.52768778"><ele>1495.92</ele></trkpt>
<trkpt lon="13.04423943" lat="47.52769293"><ele>1495.84</ele></trkpt>
<trkpt lon="13.04427298" lat="47.52767685"><ele>1496.19</ele></trkpt>
<trkpt lon="13.04431560" lat="47.52768820"><ele>1496.68</ele></trkpt>
<trkpt lon="13.04435988" lat="47.52770506"><ele>1495.77</ele></trkpt>
</trkseg><trkseg>
<trkpt lon="13.04409986" lat="47.52764492"><ele>1491.06</ele></trkpt>
<trkpt lon="13.04414660" lat="47.52763834"><ele>1490.42</ele></trkpt>
<trkpt lon="13.04415150" lat="47.52759955"><ele>1490.45</ele></trkpt>
<trkpt lon="13.04418166" lat="47.52759233"><ele>1491.41</ele></trkpt>
<trkpt lon="13.04418909" lat="47.52761765"><ele>1491.88</ele></trkpt>
<trkpt lon="13.04423889" lat="47.52763605"><ele>1492.55</ele></trkpt>
<trkpt lon="13.04427713" lat="47.52765812"><ele>1493.28</ele></trkpt>
<trkpt lon="13.04429475" lat="47.52765950"><ele>1493.14</ele></trkpt>
<trkpt lon="13.04432659" lat="47.52767120"><ele>1493.49</ele></trkpt>
<trkpt lon="13.04434637" lat="47.52770393"><ele>1494.20</ele></trkpt>
<trkpt lon="13.04435988" lat="47.52770506"><ele>1495.77</ele></trkpt>
</trkseg><trkseg>
<trkpt lon="13.04376055" lat="47.52763770"><ele>1484.40</ele></trkpt>
<trkpt lon="13.04381131" lat="47.52759456"><ele>1483.70</ele></trkpt>
<trkpt lon="13.04384581" lat="47.52760280"><ele>1482.63</ele></trkpt>
<trkpt lon="13.04394923" lat="47.52761194"><ele>1482.35</ele></trkpt>
<trkpt lon="13.04397232" lat="47.52760918"><ele>1488.25</ele></trkpt>
<trkpt lon="13.04398746" lat="47.52761646"><ele>1486.82</ele></trkpt>
<trkpt lon="13.04400114" lat="47.52763442"><ele>1489.77</ele></trkpt>
<trkpt lon="13.04403958" lat="47.52762968"><ele>1488.84</ele></trkpt>
<trkpt lon="13.04408007" lat="47.52763397"><ele>1490.43</ele></trkpt>
<trkpt lon="13.04409986" lat="47.52764492"><ele>1491.06</ele></trkpt>
</trkseg><trkseg>
<trkpt lon="13.04334698" lat="47.52724830"><ele>1459.00</ele></trkpt>
<trkpt lon="13.04338144" lat="47.52727552"><ele>1461.44</ele></trkpt>
<trkpt lon="13.04340371" lat="47.52730182"><ele>1479.84</ele></trkpt>
<trkpt lon="13.04340833" lat="47.52730972"><ele>1479.95</ele></trkpt>
<trkpt lon="13.04343782" lat="47.52729565"><ele>1480.38</ele></trkpt>
<trkpt lon="13.04345380" lat="47.52730519"><ele>1480.14</ele></trkpt>
<trkpt lon="13.04348788" lat="47.52731063"><ele>1479.99</ele></trkpt>
<trkpt lon="13.04352328" lat="47.52733031"><ele>1479.36</ele></trkpt>
<trkpt lon="13.04350859" lat="47.52734662"><ele>1480.13</ele></trkpt>
<trkpt lon="13.04345082" lat="47.52732107"><ele>1479.78</ele></trkpt>
<trkpt lon="13.04343356" lat="47.52734939"><ele>1482.02</ele></trkpt>
<trkpt lon="13.04339629" lat="47.52736198"><ele>1481.43</ele></trkpt>
<trkpt lon="13.04335289" lat="47.52735368"><ele>1481.56</ele></trkpt>
<trkpt lon="13.04333785" lat="47.52737574"><ele>1481.57</ele></trkpt>
<trkpt lon="13.04335666" lat="47.52740242"><ele>1481.57</ele></trkpt>
<trkpt lon="13.04339801" lat="47.52740862"><ele>1481.84</ele></trkpt>
<trkpt lon="13.04341259" lat="47.52742731"><ele>1481.90</ele></trkpt>
<trkpt lon="13.04344311" lat="47.52743899"><ele>1482.02</ele></trkpt>
<trkpt lon="13.04348960" lat="47.52748208"><ele>1481.44</ele></trkpt>
<trkpt lon="13.04363342" lat="47.52755886"><ele>1480.71</ele></trkpt>
<trkpt lon="13.04372105" lat="47.52759959"><ele>1482.04</ele></trkpt>
<trkpt lon="13.04376055" lat="47.52763770"><ele>1484.40</ele></trkpt>
</trkseg><trkseg>
<trkpt lon="13.04325952" lat="47.52723861"><ele>1457.64</ele></trkpt>
<trkpt lon="13.04332229" lat="47.52724778"><ele>1460.01</ele></trkpt>
<trkpt lon="13.04334698" lat="47.52724830"><ele>1459.00</ele></trkpt>
</trkseg><trkseg>
<trkpt lon="13.04322079" lat="47.52724407"><ele>1453.81</ele></trkpt>
<trkpt lon="13.04325106" lat="47.52725908"><ele>1453.95</ele></trkpt>
<trkpt lon="13.04328880" lat="47.52727664"><ele>1455.55</ele></trkpt>
<trkpt lon="13.04334698" lat="47.52724830"><ele>1459.00</ele></trkpt>
</trkseg><trkseg>
<trkpt lon="13.04322079" lat="47.52724407"><ele>1453.81</ele></trkpt>
<trkpt lon="13.04325952" lat="47.52723861"><ele>1457.64</ele></trkpt>
</trkseg><trkseg>
<trkpt lon="13.04320423" lat="47.52723569"><ele>1454.08</ele></trkpt>
<trkpt lon="13.04322079" lat="47.52724407"><ele>1453.81</ele></trkpt>
</trkseg><trkseg>
<trkpt lon="13.04322326" lat="47.52720281"><ele>1458.36</ele></trkpt>
<trkpt lon="13.04326141" lat="47.52721291"><ele>1458.08</ele></trkpt>
<trkpt lon="13.04325952" lat="47.52723870"><ele>1457.64</ele></trkpt>
<trkpt lon="13.04325952" lat="47.52723861"><ele>1457.64</ele></trkpt>
</trkseg><trkseg>
<trkpt lon="13.04322326" lat="47.52720281"><ele>1458.36</ele></trkpt>
<trkpt lon="13.04320423" lat="47.52723569"><ele>1454.08</ele></trkpt>
</trkseg><trkseg>
<trkpt lon="13.04316551" lat="47.52719103"><ele>1455.74</ele></trkpt>
<trkpt lon="13.04316564" lat="47.52719094"><ele>1455.73</ele></trkpt>
<trkpt lon="13.04322326" lat="47.52720281"><ele>1458.36</ele></trkpt>
</trkseg><trkseg>
<trkpt lon="13.04316551" lat="47.52719103"><ele>1455.74</ele></trkpt>
<trkpt lon="13.04318305" lat="47.52720159"><ele>1455.99</ele></trkpt>
<trkpt lon="13.04320423" lat="47.52723569"><ele>1454.08</ele></trkpt>
</trkseg><trkseg>
<trkpt lon="13.04306123" lat="47.52720851"><ele>1422.75</ele></trkpt>
<trkpt lon="13.04307312" lat="47.52721744"><ele>1441.78</ele></trkpt>
<trkpt lon="13.04311386" lat="47.52719375"><ele>1445.32</ele></trkpt>
<trkpt lon="13.04314949" lat="47.52718950"><ele>1453.26</ele></trkpt>
<trkpt lon="13.04316551" lat="47.52719103"><ele>1455.74</ele></trkpt>
</trkseg><trkseg>
<trkpt lon="13.04329795" lat="47.52710915"><ele>1414.75</ele></trkpt>
<trkpt lon="13.04328736" lat="47.52711536"><ele>1417.76</ele></trkpt>
<trkpt lon="13.04330369" lat="47.52714417"><ele>1418.55</ele></trkpt>
<trkpt lon="13.04327636" lat="47.52716458"><ele>1418.49</ele></trkpt>
<trkpt lon="13.04324008" lat="47.52717556"><ele>1419.16</ele></trkpt>
<trkpt lon="13.04320744" lat="47.52719939"><ele>1420.61</ele></trkpt>
<trkpt lon="13.04316691" lat="47.52719969"><ele>1421.55</ele></trkpt>
<trkpt lon="13.04315120" lat="47.52720419"><ele>1421.98</ele></trkpt>
<trkpt lon="13.04311385" lat="47.52720814"><ele>1423.30</ele></trkpt>
<trkpt lon="13.04306123" lat="47.52720851"><ele>1422.75</ele></trkpt>
</trkseg><trkseg>
<trkpt lon="13.04338589" lat="47.52723447"><ele>1408.66</ele></trkpt>
<trkpt lon="13.04340094" lat="47.52723347"><ele>1408.87</ele></trkpt>
<trkpt lon="13.04336977" lat="47.52722142"><ele>1408.63</ele></trkpt>
<trkpt lon="13.04334265" lat="47.52719693"><ele>1408.34</ele></trkpt>
<trkpt lon="13.04330352" lat="47.52720598"><ele>1409.06</ele></trkpt>
<trkpt lon="13.04331180" lat="47.52716896"><ele>1409.97</ele></trkpt>
<trkpt lon="13.04330345" lat="47.52714713"><ele>1409.98</ele></trkpt>
<trkpt lon="13.04331674" lat="47.52713260"><ele>1410.28</ele></trkpt>
<trkpt lon="13.04337217" lat="47.52711762"><ele>1410.89</ele></trkpt>
<trkpt lon="13.04336984" lat="47.52708015"><ele>1411.13</ele></trkpt>
<trkpt lon="13.04333430" lat="47.52707126"><ele>1411.44</ele></trkpt>
<trkpt lon="13.04331585" lat="47.52705313"><ele>1411.57</ele></trkpt>
<trkpt lon="13.04329865" lat="47.52706192"><ele>1411.66</ele></trkpt>
<trkpt lon="13.04332377" lat="47.52708305"><ele>1412.19</ele></trkpt>
<trkpt lon="13.04331874" lat="47.52709673"><ele>1415.81</ele></trkpt>
<trkpt lon="13.04329795" lat="47.52710915"><ele>1414.75</ele></trkpt>
</trkseg><trkseg>
<trkpt lon="13.04339003" lat="47.52724102"><ele>1411.13</ele></trkpt>
<trkpt lon="13.04338589" lat="47.52723447"><ele>1408.66</ele></trkpt>
</trkseg><trkseg>
<trkpt lon="13.04350602" lat="47.52735872"><ele>1407.12</ele></trkpt>
<trkpt lon="13.04350936" lat="47.52734384"><ele>1408.27</ele></trkpt>
<trkpt lon="13.04348040" lat="47.52731887"><ele>1410.28</ele></trkpt>
<trkpt lon="13.04345367" lat="47.52725156"><ele>1410.78</ele></trkpt>
<trkpt lon="13.04343088" lat="47.52726773"><ele>1410.72</ele></trkpt>
<trkpt lon="13.04339003" lat="47.52724102"><ele>1411.13</ele></trkpt>
</trkseg><trkseg>
<trkpt lon="13.04366219" lat="47.52744966"><ele>1400.96</ele></trkpt>
<trkpt lon="13.04363576" lat="47.52743886"><ele>1404.04</ele></trkpt>
<trkpt lon="13.04366570" lat="47.52742677"><ele>1404.25</ele></trkpt>
<trkpt lon="13.04368185" lat="47.52744271"><ele>1404.07</ele></trkpt>
<trkpt lon="13.04371031" lat="47.52741332"><ele>1403.36</ele></trkpt>
<trkpt lon="13.04371857" lat="47.52736631"><ele>1402.21</ele></trkpt>
<trkpt lon="13.04367961" lat="47.52741009"><ele>1401.73</ele></trkpt>
<trkpt lon="13.04368567" lat="47.52744718"><ele>1401.02</ele></trkpt>
</trkseg><trkseg>
<trkpt lon="13.04368567" lat="47.52744718"><ele>1401.02</ele></trkpt>
<trkpt lon="13.04366219" lat="47.52744966"><ele>1400.96</ele></trkpt>
</trkseg><trkseg>
<trkpt lon="13.04366219" lat="47.52744966"><ele>1400.96</ele></trkpt>
<trkpt lon="13.04363445" lat="47.52743839"><ele>1402.11</ele></trkpt>
<trkpt lon="13.04362822" lat="47.52739860"><ele>1403.42</ele></trkpt>
<trkpt lon="13.04357622" lat="47.52739654"><ele>1405.97</ele></trkpt>
<trkpt lon="13.04353459" lat="47.52740834"><ele>1406.85</ele></trkpt>
<trkpt lon="13.04350602" lat="47.52735872"><ele>1407.12</ele></trkpt>
</trkseg><trkseg>
<trkpt lon="13.04344875" lat="47.52744449"><ele>1491.79</ele></trkpt>
<trkpt lon="13.04352500" lat="47.52747692"><ele>1491.75</ele></trkpt>
<trkpt lon="13.04353617" lat="47.52751608"><ele>1490.70</ele></trkpt>
<trkpt lon="13.04360298" lat="47.52755915"><ele>1488.91</ele></trkpt>
<trkpt lon="13.04363946" lat="47.52757138"><ele>1488.90</ele></trkpt>
<trkpt lon="13.04363686" lat="47.52758411"><ele>1489.17</ele></trkpt>
<trkpt lon="13.04366944" lat="47.52758323"><ele>1489.39</ele></trkpt>
<trkpt lon="13.04368678" lat="47.52758866"><ele>1490.08</ele></trkpt>
<trkpt lon="13.04369290" lat="47.52756329"><ele>1492.85</ele></trkpt>
<trkpt lon="13.04366093" lat="47.52754439"><ele>1490.42</ele></trkpt>
<trkpt lon="13.04372239" lat="47.52757784"><ele>1489.12</ele></trkpt>
<trkpt lon="13.04375924" lat="47.52760501"><ele>1488.39</ele></trkpt>
<trkpt lon="13.04376817" lat="47.52757214"><ele>1488.82</ele></trkpt>
<trkpt lon="13.04379307" lat="47.52758498"><ele>1488.78</ele></trkpt>
<trkpt lon="13.04380221" lat="47.52761051"><ele>1484.44</ele></trkpt>
<trkpt lon="13.04376055" lat="47.52763770"><ele>1484.40</ele></trkpt>
</trkseg><trkseg>
<trkpt lon="13.04344875" lat="47.52744449"><ele>1491.79</ele></trkpt>
<trkpt lon="13.04344878" lat="47.52745079"><ele>1493.00</ele></trkpt>
<trkpt lon="13.04340161" lat="47.52744044"><ele>1494.49</ele></trkpt>
<trkpt lon="13.04335526" lat="47.52742220"><ele>1494.81</ele></trkpt>
<trkpt lon="13.04332000" lat="47.52743068"><ele>1495.06</ele></trkpt>
<trkpt lon="13.04324921" lat="47.52740158"><ele>1496.86</ele></trkpt>
</trkseg><trkseg>
<trkpt lon="13.04324091" lat="47.52738542"><ele>1492.88</ele></trkpt>
<trkpt lon="13.04327070" lat="47.52738107"><ele>1492.89</ele></trkpt>
<trkpt lon="13.04328457" lat="47.52737609"><ele>1493.01</ele></trkpt>
<trkpt lon="13.04328600" lat="47.52737692"><ele>1492.18</ele></trkpt>
<trkpt lon="13.04329463" lat="47.52736627"><ele>1492.21</ele></trkpt>
<trkpt lon="13.04332815" lat="47.52736873"><ele>1492.47</ele></trkpt>
<trkpt lon="13.04334059" lat="47.52735941"><ele>1492.40</ele></trkpt>
<trkpt lon="13.04334737" lat="47.52736978"><ele>1492.36</ele></trkpt>
<trkpt lon="13.04336765" lat="47.52737112"><ele>1492.14</ele></trkpt>
<trkpt lon="13.04339539" lat="47.52739319"><ele>1492.08</ele></trkpt>
<trkpt lon="13.04344033" lat="47.52742095"><ele>1492.42</ele></trkpt>
<trkpt lon="13.04344875" lat="47.52744449"><ele>1491.79</ele></trkpt>
</trkseg><trkseg>
<trkpt lon="13.04313959" lat="47.52737334"><ele>1488.86</ele></trkpt>
<trkpt lon="13.04315168" lat="47.52737688"><ele>1487.92</ele></trkpt>
<trkpt lon="13.04312942" lat="47.52738964"><ele>1486.89</ele></trkpt>
<trkpt lon="13.04315550" lat="47.52739557"><ele>1486.73</ele></trkpt>
<trkpt lon="13.04317892" lat="47.52740893"><ele>1485.98</ele></trkpt>
<trkpt lon="13.04319660" lat="47.52743353"><ele>1483.50</ele></trkpt>
<trkpt lon="13.04323457" lat="47.52743804"><ele>1485.88</ele></trkpt>
<trkpt lon="13.04320568" lat="47.52743233"><ele>1486.67</ele></trkpt>
<trkpt lon="13.04322565" lat="47.52743492"><ele>1487.67</ele></trkpt>
<trkpt lon="13.04324056" lat="47.52741619"><ele>1489.20</ele></trkpt>
<trkpt lon="13.04322173" lat="47.52740453"><ele>1489.76</ele></trkpt>
<trkpt lon="13.04324941" lat="47.52738890"><ele>1491.90</ele></trkpt>
<trkpt lon="13.04324091" lat="47.52738542"><ele>1492.88</ele></trkpt>
</trkseg><trkseg>
<trkpt lon="13.04313959" lat="47.52737334"><ele>1488.86</ele></trkpt>
<trkpt lon="13.04312546" lat="47.52737103"><ele>1489.26</ele></trkpt>
<trkpt lon="13.04310466" lat="47.52738741"><ele>1489.85</ele></trkpt>
<trkpt lon="13.04307240" lat="47.52739019"><ele>1491.87</ele></trkpt>
<trkpt lon="13.04301809" lat="47.52739673"><ele>1492.54</ele></trkpt>
<trkpt lon="13.04296765" lat="47.52741333"><ele>1490.51</ele></trkpt>
<trkpt lon="13.04296617" lat="47.52743886"><ele>1490.64</ele></trkpt>
<trkpt lon="13.04293088" lat="47.52744834"><ele>1489.37</ele></trkpt>
<trkpt lon="13.04289476" lat="47.52749073"><ele>1484.91</ele></trkpt>
<trkpt lon="13.04290167" lat="47.52750858"><ele>1483.72</ele></trkpt>
<trkpt lon="13.04294336" lat="47.52754132"><ele>1482.64</ele></trkpt>
<trkpt lon="13.04294753" lat="47.52755768"><ele>1482.95</ele></trkpt>
<trkpt lon="13.04299110" lat="47.52756148"><ele>1482.35</ele></trkpt>
<trkpt lon="13.04300909" lat="47.52760291"><ele>1482.24</ele></trkpt>
<trkpt lon="13.04294402" lat="47.52760198"><ele>1477.12</ele></trkpt>
</trkseg><trkseg>
<trkpt lon="13.04294402" lat="47.52760198"><ele>1477.12</ele></trkpt>
<trkpt lon="13.04298144" lat="47.52761036"><ele>1475.02</ele></trkpt>
<trkpt lon="13.04301122" lat="47.52759215"><ele>1474.84</ele></trkpt>
<trkpt lon="13.04300835" lat="47.52755143"><ele>1473.64</ele></trkpt>
<trkpt lon="13.04297647" lat="47.52752992"><ele>1472.59</ele></trkpt>
<trkpt lon="13.04299247" lat="47.52749609"><ele>1470.75</ele></trkpt>
<trkpt lon="13.04295656" lat="47.52748297"><ele>1470.45</ele></trkpt>
<trkpt lon="13.04293551" lat="47.52746659"><ele>1465.74</ele></trkpt>
<trkpt lon="13.04296936" lat="47.52742083"><ele>1458.36</ele></trkpt>
<trkpt lon="13.04291912" lat="47.52742519"><ele>1458.00</ele></trkpt>
<trkpt lon="13.04286796" lat="47.52741478"><ele>1457.71</ele></trkpt>
<trkpt lon="13.04289169" lat="47.52738756"><ele>1457.44</ele></trkpt>
<trkpt lon="13.04287850" lat="47.52737060"><ele>1455.98</ele></trkpt>
<trkpt lon="13.04294321" lat="47.52740239"><ele>1454.75</ele></trkpt>
<trkpt lon="13.04296617" lat="47.52739612"><ele>1452.47</ele></trkpt>
<trkpt lon="13.04307973" lat="47.52738258"><ele>1448.83</ele></trkpt>
<trkpt lon="13.04309024" lat="47.52742847"><ele>1447.47</ele></trkpt>
<trkpt lon="13.04305176" lat="47.52740577"><ele>1446.56</ele></trkpt>
<trkpt lon="13.04302923" lat="47.52742581"><ele>1446.67</ele></trkpt>
<trkpt lon="13.04299431" lat="47.52741100"><ele>1446.51</ele></trkpt>
<trkpt lon="13.04298377" lat="47.52738013"><ele>1445.69</ele></trkpt>
<trkpt lon="13.04300165" lat="47.52733859"><ele>1443.72</ele></trkpt>
</trkseg><trkseg>
<trkpt lon="13.04300165" lat="47.52733859"><ele>1443.72</ele></trkpt>
<trkpt lon="13.04304792" lat="47.52728045"><ele>1440.58</ele></trkpt>
<trkpt lon="13.04300410" lat="47.52725864"><ele>1435.47</ele></trkpt>
<trkpt lon="13.04306123" lat="47.52720851"><ele>1422.75</ele></trkpt>
</trkseg><trkseg>
<trkpt lon="13.04313959" lat="47.52737334"><ele>1488.86</ele></trkpt>
<trkpt lon="13.04321016" lat="47.52734764"><ele>1494.11</ele></trkpt>
<trkpt lon="13.04324091" lat="47.52738542"><ele>1492.88</ele></trkpt>
</trkseg><trkseg>
<trkpt lon="13.04430095" lat="47.52764989"><ele>1639.50</ele></trkpt>
<trkpt lon="13.04437073" lat="47.52768113"><ele>1639.00</ele></trkpt>
<trkpt lon="13.04438479" lat="47.52768524"><ele>1638.35</ele></trkpt>
<trkpt lon="13.04441184" lat="47.52769029"><ele>1638.13</ele></trkpt>
<trkpt lon="13.04442036" lat="47.52770069"><ele>1638.84</ele></trkpt>
</trkseg><trkseg>
<trkpt lon="13.04442036" lat="47.52770069"><ele>1638.84</ele></trkpt>
<trkpt lon="13.04448183" lat="47.52773387"><ele>1638.72</ele></trkpt>
<trkpt lon="13.04448693" lat="47.52771119"><ele>1638.65</ele></trkpt>
<trkpt lon="13.04459908" lat="47.52774630"><ele>1639.47</ele></trkpt>
<trkpt lon="13.04457427" lat="47.52774525"><ele>1638.78</ele></trkpt>
<trkpt lon="13.04466373" lat="47.52771537"><ele>1638.80</ele></trkpt>
<trkpt lon="13.04473150" lat="47.52773300"><ele>1638.76</ele></trkpt>
<trkpt lon="13.04475174" lat="47.52777824"><ele>1638.39</ele></trkpt>
<trkpt lon="13.04487722" lat="47.52780846"><ele>1643.18</ele></trkpt>
<trkpt lon="13.04488674" lat="47.52778477"><ele>1646.08</ele></trkpt>
<trkpt lon="13.04487934" lat="47.52776584"><ele>1647.06</ele></trkpt>
<trkpt lon="13.04490172" lat="47.52771412"><ele>1642.48</ele></trkpt>
<trkpt lon="13.04496799" lat="47.52774333"><ele>1638.61</ele></trkpt>
<trkpt lon="13.04493214" lat="47.52767856"><ele>1638.77</ele></trkpt>
<trkpt lon="13.04490345" lat="47.52761058"><ele>1639.03</ele></trkpt>
<trkpt lon="13.04494177" lat="47.52758028"><ele>1639.87</ele></trkpt>
<trkpt lon="13.04504280" lat="47.52762528"><ele>1638.51</ele></trkpt>
<trkpt lon="13.04507802" lat="47.52766404"><ele>1637.70</ele></trkpt>
</trkseg><trkseg>
<trkpt lon="13.04507802" lat="47.52766404"><ele>1637.70</ele></trkpt>
<trkpt lon="13.04517720" lat="47.52768022"><ele>1639.73</ele></trkpt>
</trkseg><trkseg>
<trkpt lon="13.04407192" lat="47.52771751"><ele>1648.71</ele></trkpt>
<trkpt lon="13.04412165" lat="47.52771260"><ele>1646.91</ele></trkpt>
<trkpt lon="13.04409818" lat="47.52769709"><ele>1646.76</ele></trkpt>
<trkpt lon="13.04412528" lat="47.52766866"><ele>1646.27</ele></trkpt>
<trkpt lon="13.04412808" lat="47.52767555"><ele>1644.24</ele></trkpt>
<trkpt lon="13.04420852" lat="47.52770257"><ele>1639.56</ele></trkpt>
<trkpt lon="13.04426595" lat="47.52771930"><ele>1639.71</ele></trkpt>
<trkpt lon="13.04430095" lat="47.52764989"><ele>1639.50</ele></trkpt>
</trkseg><trkseg>
<trkpt lon="13.04407192" lat="47.52771751"><ele>1648.71</ele></trkpt>
<trkpt lon="13.04407482" lat="47.52770380"><ele>1650.70</ele></trkpt>
<trkpt lon="13.04404970" lat="47.52768258"><ele>1650.85</ele></trkpt>
<trkpt lon="13.04405875" lat="47.52767509"><ele>1650.06</ele></trkpt>
<trkpt lon="13.04404416" lat="47.52766728"><ele>1649.91</ele></trkpt>
<trkpt lon="13.04405054" lat="47.52764201"><ele>1649.54</ele></trkpt>
<trkpt lon="13.04401963" lat="47.52763024"><ele>1646.99</ele></trkpt>
<trkpt lon="13.04407696" lat="47.52763554"><ele>1645.33</ele></trkpt>
<trkpt lon="13.04409230" lat="47.52760178"><ele>1643.24</ele></trkpt>
<trkpt lon="13.04418769" lat="47.52760521"><ele>1641.44</ele></trkpt>
<trkpt lon="13.04421137" lat="47.52760076"><ele>1640.32</ele></trkpt>
<trkpt lon="13.04423413" lat="47.52761410"><ele>1640.27</ele></trkpt>
<trkpt lon="13.04425652" lat="47.52764076"><ele>1639.00</ele></trkpt>
<trkpt lon="13.04430095" lat="47.52764989"><ele>1639.50</ele></trkpt>
</trkseg><trkseg>
<trkpt lon="13.04326993" lat="47.52712307"><ele>1414.08</ele></trkpt>
<trkpt lon="13.04329795" lat="47.52710915"><ele>1414.75</ele></trkpt>
</trkseg><trkseg>
<trkpt lon="13.04338589" lat="47.52723447"><ele>1408.66</ele></trkpt>
<trkpt lon="13.04338346" lat="47.52723893"><ele>1408.77</ele></trkpt>
<trkpt lon="13.04339607" lat="47.52726083"><ele>1408.80</ele></trkpt>
<trkpt lon="13.04339011" lat="47.52728881"><ele>1408.29</ele></trkpt>
<trkpt lon="13.04336507" lat="47.52731555"><ele>1407.78</ele></trkpt>
<trkpt lon="13.04341019" lat="47.52733117"><ele>1407.66</ele></trkpt>
<trkpt lon="13.04342751" lat="47.52736557"><ele>1407.91</ele></trkpt>
<trkpt lon="13.04347448" lat="47.52733155"><ele>1407.82</ele></trkpt>
<trkpt lon="13.04350602" lat="47.52735872"><ele>1407.12</ele></trkpt>
</trkseg><trkseg>
<trkpt lon="13.04339003" lat="47.52724102"><ele>1411.13</ele></trkpt>
<trkpt lon="13.04333915" lat="47.52723745"><ele>1411.72</ele></trkpt>
<trkpt lon="13.04333410" lat="47.52719085"><ele>1412.38</ele></trkpt>
<trkpt lon="13.04334350" lat="47.52718480"><ele>1412.43</ele></trkpt>
<trkpt lon="13.04332669" lat="47.52717587"><ele>1412.04</ele></trkpt>
<trkpt lon="13.04331065" lat="47.52717857"><ele>1412.08</ele></trkpt>
<trkpt lon="13.04331348" lat="47.52715612"><ele>1413.26</ele></trkpt>
<trkpt lon="13.04328087" lat="47.52714342"><ele>1413.27</ele></trkpt>
<trkpt lon="13.04328056" lat="47.52713018"><ele>1413.17</ele></trkpt>
<trkpt lon="13.04326993" lat="47.52712307"><ele>1414.08</ele></trkpt>
</trkseg><trkseg>
<trkpt lon="13.04551551" lat="47.52783941"><ele>1521.80</ele></trkpt>
<trkpt lon="13.04557126" lat="47.52781210"><ele>1523.09</ele></trkpt>
<trkpt lon="13.04563973" lat="47.52785709"><ele>1523.24</ele></trkpt>
<trkpt lon="13.04565338" lat="47.52784032"><ele>1523.94</ele></trkpt>
<trkpt lon="13.04567420" lat="47.52786281"><ele>1524.78</ele></trkpt>
<trkpt lon="13.04569988" lat="47.52785101"><ele>1525.79</ele></trkpt>
<trkpt lon="13.04574434" lat="47.52784862"><ele>1526.03</ele></trkpt>
<trkpt lon="13.04571585" lat="47.52790392"><ele>1526.86</ele></trkpt>
<trkpt lon="13.04568738" lat="47.52790497"><ele>1525.57</ele></trkpt>
<trkpt lon="13.04571123" lat="47.52794965"><ele>1522.20</ele></trkpt>
</trkseg><trkseg>
<trkpt lon="13.04571123" lat="47.52794965"><ele>1522.20</ele></trkpt>
<trkpt lon="13.04571615" lat="47.52788134"><ele>1521.37</ele></trkpt>
<trkpt lon="13.04564509" lat="47.52788112"><ele>1519.64</ele></trkpt>
<trkpt lon="13.04563192" lat="47.52786704"><ele>1518.27</ele></trkpt>
<trkpt lon="13.04561746" lat="47.52787381"><ele>1518.11</ele></trkpt>
<trkpt lon="13.04561794" lat="47.52783944"><ele>1516.42</ele></trkpt>
<trkpt lon="13.04557864" lat="47.52782447"><ele>1514.24</ele></trkpt>
<trkpt lon="13.04559933" lat="47.52780034"><ele>1514.32</ele></trkpt>
<trkpt lon="13.04552664" lat="47.52782574"><ele>1514.09</ele></trkpt>
<trkpt lon="13.04545906" lat="47.52781748"><ele>1514.05</ele></trkpt>
</trkseg><trkseg>
<trkpt lon="13.04551551" lat="47.52783941"><ele>1521.80</ele></trkpt>
<trkpt lon="13.04547777" lat="47.52785757"><ele>1520.32</ele></trkpt>
<trkpt lon="13.04542808" lat="47.52785043"><ele>1519.49</ele></trkpt>
<trkpt lon="13.04539502" lat="47.52782485"><ele>1519.37</ele></trkpt>
<trkpt lon="13.04540142" lat="47.52780993"><ele>1519.05</ele></trkpt>
<trkpt lon="13.04547703" lat="47.52780591"><ele>1516.58</ele></trkpt>
<trkpt lon="13.04545906" lat="47.52781748"><ele>1514.05</ele></trkpt>
</trkseg><trkseg>
<trkpt lon="13.04551551" lat="47.52783941"><ele>1521.80</ele></trkpt>
<trkpt lon="13.04548619" lat="47.52784899"><ele>1522.37</ele></trkpt>
<trkpt lon="13.04548237" lat="47.52786233"><ele>1521.49</ele></trkpt>
<trkpt lon="13.04539752" lat="47.52785746"><ele>1522.56</ele></trkpt>
<trkpt lon="13.04537510" lat="47.52786023"><ele>1522.60</ele></trkpt>
<trkpt lon="13.04534898" lat="47.52785160"><ele>1522.83</ele></trkpt>
<trkpt lon="13.04532418" lat="47.52784352"><ele>1522.90</ele></trkpt>
<trkpt lon="13.04528848" lat="47.52784238"><ele>1523.65</ele></trkpt>
<trkpt lon="13.04523380" lat="47.52781238"><ele>1523.58</ele></trkpt>
<trkpt lon="13.04520421" lat="47.52781853"><ele>1523.54</ele></trkpt>
<trkpt lon="13.04518216" lat="47.52783255"><ele>1524.28</ele></trkpt>
<trkpt lon="13.04519157" lat="47.52783316"><ele>1525.08</ele></trkpt>
<trkpt lon="13.04521098" lat="47.52784348"><ele>1525.32</ele></trkpt>
<trkpt lon="13.04524028" lat="47.52787017"><ele>1524.41</ele></trkpt>
<trkpt lon="13.04521826" lat="47.52786934"><ele>1523.66</ele></trkpt>
<trkpt lon="13.04523026" lat="47.52789312"><ele>1522.28</ele></trkpt>
<trkpt lon="13.04517133" lat="47.52789167"><ele>1518.52</ele></trkpt>
<trkpt lon="13.04513946" lat="47.52788402"><ele>1518.05</ele></trkpt>
<trkpt lon="13.04516319" lat="47.52784618"><ele>1516.42</ele></trkpt>
<trkpt lon="13.04510874" lat="47.52784210"><ele>1515.22</ele></trkpt>
<trkpt lon="13.04514119" lat="47.52787694"><ele>1513.47</ele></trkpt>
<trkpt lon="13.04510595" lat="47.52785996"><ele>1512.52</ele></trkpt>
<trkpt lon="13.04506840" lat="47.52787282"><ele>1509.38</ele></trkpt>
<trkpt lon="13.04504178" lat="47.52784195"><ele>1511.65</ele></trkpt>
<trkpt lon="13.04498691" lat="47.52781348"><ele>1511.47</ele></trkpt>
</trkseg><trkseg>
<trkpt lon="13.04105539" lat="47.52606385"><ele>1752.95</ele></trkpt>
<trkpt lon="13.04099981" lat="47.52607234"><ele>1751.93</ele></trkpt>
<trkpt lon="13.04099970" lat="47.52609322"><ele>1751.50</ele></trkpt>
<trkpt lon="13.04099579" lat="47.52611259"><ele>1751.11</ele></trkpt>
<trkpt lon="13.04105374" lat="47.52612969"><ele>1750.56</ele></trkpt>
<trkpt lon="13.04110436" lat="47.52614009"><ele>1750.94</ele></trkpt>
<trkpt lon="13.04112026" lat="47.52616637"><ele>1750.55</ele></trkpt>
<trkpt lon="13.04111016" lat="47.52621632"><ele>1750.46</ele></trkpt>
<trkpt lon="13.04120472" lat="47.52623152"><ele>1751.02</ele></trkpt>
<trkpt lon="13.04112294" lat="47.52627970"><ele>1750.47</ele></trkpt>
<trkpt lon="13.04113505" lat="47.52632913"><ele>1750.21</ele></trkpt>
<trkpt lon="13.04122276" lat="47.52634989"><ele>1747.31</ele></trkpt>
<trkpt lon="13.04125823" lat="47.52644974"><ele>1739.69</ele></trkpt>
</trkseg><trkseg>
<trkpt lon="13.04125823" lat="47.52644974"><ele>1739.69</ele></trkpt>
<trkpt lon="13.04122890" lat="47.52649172"><ele>1736.68</ele></trkpt>
<trkpt lon="13.04128810" lat="47.52650397"><ele>1736.14</ele></trkpt>
<trkpt lon="13.04129621" lat="47.52651788"><ele>1736.33</ele></trkpt>
<trkpt lon="13.04126922" lat="47.52655782"><ele>1736.39</ele></trkpt>
<trkpt lon="13.04117084" lat="47.52659879"><ele>1735.84</ele></trkpt>
<trkpt lon="13.04120228" lat="47.52661085"><ele>1735.79</ele></trkpt>
<trkpt lon="13.04117332" lat="47.52663942"><ele>1738.04</ele></trkpt>
<trkpt lon="13.04113421" lat="47.52664793"><ele>1738.35</ele></trkpt>
<trkpt lon="13.04120217" lat="47.52672792"><ele>1735.96</ele></trkpt>
<trkpt lon="13.04127249" lat="47.52673047"><ele>1735.93</ele></trkpt>
<trkpt lon="13.04134250" lat="47.52674129"><ele>1735.20</ele></trkpt>
<trkpt lon="13.04148045" lat="47.52668993"><ele>1737.56</ele></trkpt>
<trkpt lon="13.04155892" lat="47.52677684"><ele>1737.08</ele></trkpt>
<trkpt lon="13.04162049" lat="47.52677871"><ele>1737.96</ele></trkpt>
<trkpt lon="13.04179280" lat="47.52683951"><ele>1734.78</ele></trkpt>
<trkpt lon="13.04182910" lat="47.52682780"><ele>1731.38</ele></trkpt>
<trkpt lon="13.04190999" lat="47.52685699"><ele>1728.89</ele></trkpt>
<trkpt lon="13.04193276" lat="47.52685180"><ele>1726.26</ele></trkpt>
<trkpt lon="13.04205410" lat="47.52686863"><ele>1721.39</ele></trkpt>
<trkpt lon="13.04209821" lat="47.52687910"><ele>1715.34</ele></trkpt>
</trkseg><trkseg>
<trkpt lon="13.04209821" lat="47.52687910"><ele>1715.34</ele></trkpt>
<trkpt lon="13.04220444" lat="47.52684834"><ele>1714.05</ele></trkpt>
<trkpt lon="13.04223727" lat="47.52685871"><ele>1713.76</ele></trkpt>
<trkpt lon="13.04223808" lat="47.52682273"><ele>1714.26</ele></trkpt>
<trkpt lon="13.04229200" lat="47.52683742"><ele>1710.62</ele></trkpt>
<trkpt lon="13.04230815" lat="47.52682122"><ele>1710.98</ele></trkpt>
<trkpt lon="13.04237806" lat="47.52685616"><ele>1708.13</ele></trkpt>
<trkpt lon="13.04247157" lat="47.52683157"><ele>1707.31</ele></trkpt>
<trkpt lon="13.04252713" lat="47.52686303"><ele>1705.12</ele></trkpt>
<trkpt lon="13.04255953" lat="47.52690992"><ele>1700.62</ele></trkpt>
<trkpt lon="13.04249287" lat="47.52690194"><ele>1698.84</ele></trkpt>
<trkpt lon="13.04250604" lat="47.52692997"><ele>1696.41</ele></trkpt>
<trkpt lon="13.04246431" lat="47.52696589"><ele>1696.45</ele></trkpt>
<trkpt lon="13.04252725" lat="47.52698100"><ele>1693.20</ele></trkpt>
<trkpt lon="13.04253932" lat="47.52698525"><ele>1686.60</ele></trkpt>
<trkpt lon="13.04255444" lat="47.52700720"><ele>1683.89</ele></trkpt>
<trkpt lon="13.04261979" lat="47.52707562"><ele>1678.16</ele></trkpt>
</trkseg><trkseg>
<trkpt lon="13.04261979" lat="47.52707562"><ele>1678.16</ele></trkpt>
<trkpt lon="13.04267976" lat="47.52710274"><ele>1678.28</ele></trkpt>
<trkpt lon="13.04272590" lat="47.52708724"><ele>1676.55</ele></trkpt>
<trkpt lon="13.04277098" lat="47.52710034"><ele>1677.15</ele></trkpt>
<trkpt lon="13.04280987" lat="47.52709074"><ele>1676.25</ele></trkpt>
<trkpt lon="13.04284916" lat="47.52709519"><ele>1675.77</ele></trkpt>
<trkpt lon="13.04281709" lat="47.52714306"><ele>1675.58</ele></trkpt>
<trkpt lon="13.04295361" lat="47.52715862"><ele>1675.46</ele></trkpt>
<trkpt lon="13.04297566" lat="47.52718383"><ele>1675.53</ele></trkpt>
<trkpt lon="13.04302417" lat="47.52719393"><ele>1675.74</ele></trkpt>
<trkpt lon="13.04304174" lat="47.52722158"><ele>1674.63</ele></trkpt>
<trkpt lon="13.04307284" lat="47.52722850"><ele>1674.48</ele></trkpt>
<trkpt lon="13.04307863" lat="47.52725496"><ele>1674.67</ele></trkpt>
<trkpt lon="13.04312409" lat="47.52729353"><ele>1672.92</ele></trkpt>
<trkpt lon="13.04318865" lat="47.52730813"><ele>1672.53</ele></trkpt>
<trkpt lon="13.04317129" lat="47.52732484"><ele>1671.08</ele></trkpt>
<trkpt lon="13.04327932" lat="47.52737069"><ele>1668.38</ele></trkpt>
<trkpt lon="13.04334689" lat="47.52738282"><ele>1668.67</ele></trkpt>
<trkpt lon="13.04337424" lat="47.52740110"><ele>1667.76</ele></trkpt>
<trkpt lon="13.04340524" lat="47.52739983"><ele>1667.95</ele></trkpt>
<trkpt lon="13.04343970" lat="47.52744856"><ele>1667.79</ele></trkpt>
<trkpt lon="13.04346774" lat="47.52744490"><ele>1667.43</ele></trkpt>
<trkpt lon="13.04350755" lat="47.52745665"><ele>1662.54</ele></trkpt>
</trkseg><trkseg>
<trkpt lon="13.04350755" lat="47.52745665"><ele>1662.54</ele></trkpt>
<trkpt lon="13.04350602" lat="47.52747651"><ele>1662.42</ele></trkpt>
<trkpt lon="13.04353031" lat="47.52748772"><ele>1662.51</ele></trkpt>
<trkpt lon="13.04355655" lat="47.52753226"><ele>1660.47</ele></trkpt>
<trkpt lon="13.04363116" lat="47.52755522"><ele>1659.98</ele></trkpt>
<trkpt lon="13.04366667" lat="47.52756492"><ele>1658.58</ele></trkpt>
<trkpt lon="13.04372659" lat="47.52760058"><ele>1656.52</ele></trkpt>
<trkpt lon="13.04379174" lat="47.52764210"><ele>1656.17</ele></trkpt>
<trkpt lon="13.04387321" lat="47.52763764"><ele>1655.80</ele></trkpt>
<trkpt lon="13.04384603" lat="47.52759326"><ele>1656.16</ele></trkpt>
<trkpt lon="13.04387854" lat="47.52758374"><ele>1656.49</ele></trkpt>
<trkpt lon="13.04391846" lat="47.52762482"><ele>1652.29</ele></trkpt>
<trkpt lon="13.04407192" lat="47.52771751"><ele>1648.71</ele></trkpt>
</trkseg><trkseg>
<trkpt lon="13.04095283" lat="47.52598174"><ele>1752.97</ele></trkpt>
<trkpt lon="13.04105345" lat="47.52599839"><ele>1753.09</ele></trkpt>
<trkpt lon="13.04105539" lat="47.52606385"><ele>1752.95</ele></trkpt>
</trkseg><trkseg>
<trkpt lon="13.04087279" lat="47.52597992"><ele>1752.28</ele></trkpt>
<trkpt lon="13.04086805" lat="47.52602528"><ele>1754.44</ele></trkpt>
<trkpt lon="13.04096921" lat="47.52608064"><ele>1754.02</ele></trkpt>
<trkpt lon="13.04105539" lat="47.52606385"><ele>1752.95</ele></trkpt>
</trkseg><trkseg>
<trkpt lon="13.04087279" lat="47.52597992"><ele>1752.28</ele></trkpt>
<trkpt lon="13.04090185" lat="47.52599526"><ele>1753.21</ele></trkpt>
<trkpt lon="13.04092899" lat="47.52597989"><ele>1751.85</ele></trkpt>
<trkpt lon="13.04095283" lat="47.52598174"><ele>1752.97</ele></trkpt>
</trkseg><trkseg>
<trkpt lon="13.04177629" lat="47.52503496"><ele>1775.77</ele></trkpt>
<trkpt lon="13.04177127" lat="47.52509120"><ele>1774.85</ele></trkpt>
<trkpt lon="13.04171470" lat="47.52510481"><ele>1773.18</ele></trkpt>
<trkpt lon="13.04169298" lat="47.52509230"><ele>1772.92</ele></trkpt>
<trkpt lon="13.04166623" lat="47.52510795"><ele>1772.02</ele></trkpt>
<trkpt lon="13.04163806" lat="47.52510458"><ele>1771.75</ele></trkpt>
<trkpt lon="13.04162231" lat="47.52511358"><ele>1771.94</ele></trkpt>
<trkpt lon="13.04157037" lat="47.52509569"><ele>1770.34</ele></trkpt>
<trkpt lon="13.04157482" lat="47.52507246"><ele>1769.45</ele></trkpt>
<trkpt lon="13.04162472" lat="47.52504182"><ele>1768.90</ele></trkpt>
<trkpt lon="13.04159861" lat="47.52503291"><ele>1768.45</ele></trkpt>
<trkpt lon="13.04156846" lat="47.52503645"><ele>1768.58</ele></trkpt>
<trkpt lon="13.04152079" lat="47.52501800"><ele>1769.13</ele></trkpt>
<trkpt lon="13.04147614" lat="47.52501822"><ele>1767.75</ele></trkpt>
<trkpt lon="13.04146604" lat="47.52498629"><ele>1766.45</ele></trkpt>
<trkpt lon="13.04145707" lat="47.52495590"><ele>1760.09</ele></trkpt>
<trkpt lon="13.04146537" lat="47.52497215"><ele>1754.71</ele></trkpt>
<trkpt lon="13.04143457" lat="47.52494661"><ele>1754.54</ele></trkpt>
<trkpt lon="13.04141008" lat="47.52493701"><ele>1751.73</ele></trkpt>
<trkpt lon="13.04144164" lat="47.52491019"><ele>1752.14</ele></trkpt>
<trkpt lon="13.04146894" lat="47.52488339"><ele>1752.98</ele></trkpt>
<trkpt lon="13.04144583" lat="47.52485483"><ele>1752.47</ele></trkpt>
<trkpt lon="13.04144886" lat="47.52483401"><ele>1752.76</ele></trkpt>
<trkpt lon="13.04141809" lat="47.52481135"><ele>1753.25</ele></trkpt>
<trkpt lon="13.04143630" lat="47.52479312"><ele>1752.49</ele></trkpt>
<trkpt lon="13.04143300" lat="47.52477840"><ele>1751.45</ele></trkpt>
<trkpt lon="13.04138385" lat="47.52477819"><ele>1750.55</ele></trkpt>
<trkpt lon="13.04136017" lat="47.52484680"><ele>1753.61</ele></trkpt>
<trkpt lon="13.04123976" lat="47.52486616"><ele>1750.08</ele></trkpt>
<trkpt lon="13.04119427" lat="47.52487456"><ele>1749.84</ele></trkpt>
</trkseg><trkseg>
<trkpt lon="13.04119427" lat="47.52487456"><ele>1749.84</ele></trkpt>
<trkpt lon="13.04121342" lat="47.52493842"><ele>1746.48</ele></trkpt>
<trkpt lon="13.04114794" lat="47.52502368"><ele>1745.58</ele></trkpt>
<trkpt lon="13.04121657" lat="47.52504645"><ele>1748.85</ele></trkpt>
<trkpt lon="13.04115209" lat="47.52517241"><ele>1758.05</ele></trkpt>
<trkpt lon="13.04113512" lat="47.52519659"><ele>1757.98</ele></trkpt>
<trkpt lon="13.04105616" lat="47.52521558"><ele>1757.32</ele></trkpt>
<trkpt lon="13.04101363" lat="47.52528765"><ele>1757.80</ele></trkpt>
<trkpt lon="13.04098269" lat="47.52536559"><ele>1757.35</ele></trkpt>
<trkpt lon="13.04099385" lat="47.52539421"><ele>1756.88</ele></trkpt>
<trkpt lon="13.04096589" lat="47.52538510"><ele>1756.19</ele></trkpt>
<trkpt lon="13.04093723" lat="47.52543770"><ele>1756.31</ele></trkpt>
<trkpt lon="13.04091683" lat="47.52543609"><ele>1754.85</ele></trkpt>
<trkpt lon="13.04090116" lat="47.52546075"><ele>1754.96</ele></trkpt>
<trkpt lon="13.04086859" lat="47.52547936"><ele>1753.78</ele></trkpt>
</trkseg><trkseg>
<trkpt lon="13.04086859" lat="47.52547936"><ele>1753.78</ele></trkpt>
<trkpt lon="13.04086354" lat="47.52551491"><ele>1754.77</ele></trkpt>
<trkpt lon="13.04084794" lat="47.52551302"><ele>1754.20</ele></trkpt>
<trkpt lon="13.04084571" lat="47.52556571"><ele>1754.01</ele></trkpt>
<trkpt lon="13.04080784" lat="47.52556596"><ele>1755.01</ele></trkpt>
<trkpt lon="13.04079741" lat="47.52560340"><ele>1754.33</ele></trkpt>
<trkpt lon="13.04072414" lat="47.52565506"><ele>1754.08</ele></trkpt>
<trkpt lon="13.04070374" lat="47.52562150"><ele>1753.46</ele></trkpt>
<trkpt lon="13.04066536" lat="47.52564254"><ele>1753.73</ele></trkpt>
<trkpt lon="13.04060134" lat="47.52567060"><ele>1753.61</ele></trkpt>
<trkpt lon="13.04062963" lat="47.52570662"><ele>1753.51</ele></trkpt>
<trkpt lon="13.04061890" lat="47.52573074"><ele>1753.27</ele></trkpt>
<trkpt lon="13.04064388" lat="47.52574484"><ele>1752.96</ele></trkpt>
<trkpt lon="13.04062344" lat="47.52576582"><ele>1753.27</ele></trkpt>
<trkpt lon="13.04067022" lat="47.52579370"><ele>1753.96</ele></trkpt>
<trkpt lon="13.04069819" lat="47.52576700"><ele>1751.82</ele></trkpt>
<trkpt lon="13.04074633" lat="47.52570844"><ele>1753.28</ele></trkpt>
<trkpt lon="13.04077787" lat="47.52574641"><ele>1754.13</ele></trkpt>
<trkpt lon="13.04082515" lat="47.52572526"><ele>1753.56</ele></trkpt>
<trkpt lon="13.04087973" lat="47.52578288"><ele>1752.82</ele></trkpt>
<trkpt lon="13.04084820" lat="47.52581978"><ele>1752.53</ele></trkpt>
<trkpt lon="13.04088858" lat="47.52582002"><ele>1752.54</ele></trkpt>
<trkpt lon="13.04089993" lat="47.52585063"><ele>1752.74</ele></trkpt>
<trkpt lon="13.04092979" lat="47.52585501"><ele>1752.85</ele></trkpt>
<trkpt lon="13.04093236" lat="47.52593217"><ele>1753.46</ele></trkpt>
<trkpt lon="13.04095283" lat="47.52598174"><ele>1752.97</ele></trkpt>
</trkseg><trkseg>
<trkpt lon="13.04177629" lat="47.52503496"><ele>1775.77</ele></trkpt>
<trkpt lon="13.04174943" lat="47.52490357"><ele>1784.08</ele></trkpt>
<trkpt lon="13.04177552" lat="47.52487369"><ele>1783.76</ele></trkpt>
<trkpt lon="13.04179044" lat="47.52477245"><ele>1784.38</ele></trkpt>
</trkseg><trkseg>
<trkpt lon="13.04179044" lat="47.52477245"><ele>1784.38</ele></trkpt>
<trkpt lon="13.04178373" lat="47.52475290"><ele>1785.59</ele></trkpt>
<trkpt lon="13.04177553" lat="47.52473404"><ele>1785.82</ele></trkpt>
<trkpt lon="13.04178686" lat="47.52470472"><ele>1785.74</ele></trkpt>
<trkpt lon="13.04180327" lat="47.52470635"><ele>1785.06</ele></trkpt>
<trkpt lon="13.04181755" lat="47.52467960"><ele>1782.13</ele></trkpt>
<trkpt lon="13.04190454" lat="47.52461944"><ele>1781.68</ele></trkpt>
</trkseg><trkseg>
<trkpt lon="13.04190454" lat="47.52461944"><ele>1781.68</ele></trkpt>
<trkpt lon="13.04192038" lat="47.52466858"><ele>1779.63</ele></trkpt>
<trkpt lon="13.04190007" lat="47.52469324"><ele>1779.64</ele></trkpt>
<trkpt lon="13.04193778" lat="47.52472223"><ele>1779.31</ele></trkpt>
<trkpt lon="13.04194943" lat="47.52472351"><ele>1779.39</ele></trkpt>
<trkpt lon="13.04203164" lat="47.52475263"><ele>1779.05</ele></trkpt>
<trkpt lon="13.04205718" lat="47.52478744"><ele>1779.48</ele></trkpt>
<trkpt lon="13.04211651" lat="47.52478872"><ele>1778.61</ele></trkpt>
<trkpt lon="13.04214473" lat="47.52486578"><ele>1774.08</ele></trkpt>
<trkpt lon="13.04214101" lat="47.52493726"><ele>1774.94</ele></trkpt>
<trkpt lon="13.04211424" lat="47.52495336"><ele>1774.91</ele></trkpt>
<trkpt lon="13.04210482" lat="47.52501708"><ele>1774.20</ele></trkpt>
<trkpt lon="13.04209383" lat="47.52501969"><ele>1774.22</ele></trkpt>
<trkpt lon="13.04208093" lat="47.52503449"><ele>1773.46</ele></trkpt>
<trkpt lon="13.04210317" lat="47.52505791"><ele>1773.91</ele></trkpt>
<trkpt lon="13.04203259" lat="47.52508379"><ele>1773.32</ele></trkpt>
<trkpt lon="13.04198676" lat="47.52508732"><ele>1773.95</ele></trkpt>
<trkpt lon="13.04198679" lat="47.52509722"><ele>1774.98</ele></trkpt>
<trkpt lon="13.04201939" lat="47.52512451"><ele>1777.06</ele></trkpt>
</trkseg><trkseg>
<trkpt lon="13.04201939" lat="47.52512451"><ele>1777.06</ele></trkpt>
<trkpt lon="13.04192911" lat="47.52514069"><ele>1777.21</ele></trkpt>
<trkpt lon="13.04187485" lat="47.52509234"><ele>1776.80</ele></trkpt>
<trkpt lon="13.04187045" lat="47.52503558"><ele>1773.31</ele></trkpt>
<trkpt lon="13.04177629" lat="47.52503496"><ele>1775.77</ele></trkpt>
</trkseg><trkseg>
<trkpt lon="13.03596348" lat="47.53480432"><ele>1742.55</ele></trkpt>
<trkpt lon="13.03593379" lat="47.53482361"><ele>1740.44</ele></trkpt>
<trkpt lon="13.03595556" lat="47.53483829"><ele>1740.47</ele></trkpt>
<trkpt lon="13.03600287" lat="47.53485251"><ele>1740.80</ele></trkpt>
<trkpt lon="13.03597927" lat="47.53490079"><ele>1739.82</ele></trkpt>
<trkpt lon="13.03594572" lat="47.53493108"><ele>1738.85</ele></trkpt>
<trkpt lon="13.03590277" lat="47.53493898"><ele>1737.32</ele></trkpt>
<trkpt lon="13.03590432" lat="47.53495799"><ele>1737.30</ele></trkpt>
<trkpt lon="13.03587123" lat="47.53494753"><ele>1736.66</ele></trkpt>
<trkpt lon="13.03585615" lat="47.53494205"><ele>1736.26</ele></trkpt>
<trkpt lon="13.03585123" lat="47.53492784"><ele>1736.35</ele></trkpt>
<trkpt lon="13.03586038" lat="47.53491783"><ele>1736.62</ele></trkpt>
<trkpt lon="13.03583237" lat="47.53490997"><ele>1734.71</ele></trkpt>
<trkpt lon="13.03580776" lat="47.53491431"><ele>1734.38</ele></trkpt>
<trkpt lon="13.03577183" lat="47.53489426"><ele>1732.99</ele></trkpt>
<trkpt lon="13.03574251" lat="47.53490744"><ele>1731.84</ele></trkpt>
<trkpt lon="13.03573380" lat="47.53492709"><ele>1731.82</ele></trkpt>
<trkpt lon="13.03571999" lat="47.53493756"><ele>1731.06</ele></trkpt>
<trkpt lon="13.03567250" lat="47.53492477"><ele>1728.99</ele></trkpt>
<trkpt lon="13.03565240" lat="47.53491876"><ele>1728.18</ele></trkpt>
<trkpt lon="13.03563236" lat="47.53493588"><ele>1728.38</ele></trkpt>
<trkpt lon="13.03560626" lat="47.53493372"><ele>1727.19</ele></trkpt>
<trkpt lon="13.03557851" lat="47.53494377"><ele>1726.55</ele></trkpt>
<trkpt lon="13.03555789" lat="47.53493037"><ele>1726.85</ele></trkpt>
<trkpt lon="13.03558273" lat="47.53490200"><ele>1729.60</ele></trkpt>
<trkpt lon="13.03559215" lat="47.53483485"><ele>1734.01</ele></trkpt>
<trkpt lon="13.03559215" lat="47.53483485"><ele>1734.00</ele></trkpt>
</trkseg><trkseg>
<trkpt lon="13.03596348" lat="47.53480432"><ele>1742.55</ele></trkpt>
<trkpt lon="13.03599208" lat="47.53477845"><ele>1743.93</ele></trkpt>
<trkpt lon="13.03601906" lat="47.53479952"><ele>1743.83</ele></trkpt>
<trkpt lon="13.03608955" lat="47.53475150"><ele>1747.03</ele></trkpt>
<trkpt lon="13.03614412" lat="47.53477745"><ele>1750.13</ele></trkpt>
<trkpt lon="13.03616621" lat="47.53474823"><ele>1749.64</ele></trkpt>
<trkpt lon="13.03618429" lat="47.53476563"><ele>1749.52</ele></trkpt>
<trkpt lon="13.03624056" lat="47.53476390"><ele>1749.61</ele></trkpt>
<trkpt lon="13.03628636" lat="47.53476504"><ele>1749.99</ele></trkpt>
<trkpt lon="13.03635862" lat="47.53473002"><ele>1751.83</ele></trkpt>
<trkpt lon="13.03639957" lat="47.53477571"><ele>1752.27</ele></trkpt>
<trkpt lon="13.03645629" lat="47.53478676"><ele>1746.87</ele></trkpt>
<trkpt lon="13.03642339" lat="47.53480671"><ele>1747.33</ele></trkpt>
<trkpt lon="13.03639547" lat="47.53484646"><ele>1745.89</ele></trkpt>
</trkseg><trkseg>
<trkpt lon="13.03590529" lat="47.53478272"><ele>1742.29</ele></trkpt>
<trkpt lon="13.03588052" lat="47.53478050"><ele>1740.56</ele></trkpt>
<trkpt lon="13.03585913" lat="47.53476276"><ele>1740.00</ele></trkpt>
<trkpt lon="13.03584816" lat="47.53475763"><ele>1744.16</ele></trkpt>
<trkpt lon="13.03583803" lat="47.53474062"><ele>1744.36</ele></trkpt>
<trkpt lon="13.03579956" lat="47.53472476"><ele>1748.48</ele></trkpt>
<trkpt lon="13.03580934" lat="47.53474382"><ele>1755.33</ele></trkpt>
</trkseg><trkseg>
<trkpt lon="13.03590529" lat="47.53478272"><ele>1742.29</ele></trkpt>
<trkpt lon="13.03596348" lat="47.53480432"><ele>1742.55</ele></trkpt>
</trkseg><trkseg>
<trkpt lon="13.03577360" lat="47.53481511"><ele>1739.00</ele></trkpt>
<trkpt lon="13.03567140" lat="47.53485835"><ele>1739.24</ele></trkpt>
<trkpt lon="13.03562364" lat="47.53483125"><ele>1739.45</ele></trkpt>
<trkpt lon="13.03554140" lat="47.53483821"><ele>1738.49</ele></trkpt>
<trkpt lon="13.03549333" lat="47.53483397"><ele>1737.74</ele></trkpt>
<trkpt lon="13.03548698" lat="47.53485438"><ele>1733.01</ele></trkpt>
<trkpt lon="13.03548698" lat="47.53485438"><ele>1733.01</ele></trkpt>
<trkpt lon="13.03554441" lat="47.53484312"><ele>1733.00</ele></trkpt>
<trkpt lon="13.03559215" lat="47.53483485"><ele>1734.00</ele></trkpt>
</trkseg><trkseg>
<trkpt lon="13.03577360" lat="47.53481511"><ele>1739.00</ele></trkpt>
<trkpt lon="13.03572117" lat="47.53485983"><ele>1736.81</ele></trkpt>
<trkpt lon="13.03567767" lat="47.53483254"><ele>1735.87</ele></trkpt>
<trkpt lon="13.03559215" lat="47.53483485"><ele>1734.00</ele></trkpt>
</trkseg><trkseg>
<trkpt lon="13.03577360" lat="47.53481511"><ele>1739.00</ele></trkpt>
<trkpt lon="13.03580953" lat="47.53484200"><ele>1740.17</ele></trkpt>
<trkpt lon="13.03590529" lat="47.53478272"><ele>1742.29</ele></trkpt>
</trkseg><trkseg>
<trkpt lon="13.04135403" lat="47.52601766"><ele>1696.56</ele></trkpt>
<trkpt lon="13.04136525" lat="47.52600192"><ele>1696.79</ele></trkpt>
<trkpt lon="13.04143590" lat="47.52597038"><ele>1694.84</ele></trkpt>
<trkpt lon="13.04151356" lat="47.52595056"><ele>1693.14</ele></trkpt>
<trkpt lon="13.04155403" lat="47.52589492"><ele>1693.22</ele></trkpt>
<trkpt lon="13.04153676" lat="47.52587699"><ele>1692.21</ele></trkpt>
<trkpt lon="13.04158182" lat="47.52585148"><ele>1689.95</ele></trkpt>
<trkpt lon="13.04159962" lat="47.52582659"><ele>1691.27</ele></trkpt>
</trkseg><trkseg>
<trkpt lon="13.04159962" lat="47.52582659"><ele>1691.27</ele></trkpt>
<trkpt lon="13.04162306" lat="47.52582141"><ele>1693.29</ele></trkpt>
<trkpt lon="13.04164493" lat="47.52584050"><ele>1680.57</ele></trkpt>
<trkpt lon="13.04171845" lat="47.52582133"><ele>1680.97</ele></trkpt>
<trkpt lon="13.04173766" lat="47.52585117"><ele>1674.12</ele></trkpt>
</trkseg><trkseg>
<trkpt lon="13.04173766" lat="47.52585117"><ele>1674.12</ele></trkpt>
<trkpt lon="13.04174052" lat="47.52588856"><ele>1671.53</ele></trkpt>
<trkpt lon="13.04172968" lat="47.52590845"><ele>1658.65</ele></trkpt>
<trkpt lon="13.04178517" lat="47.52590615"><ele>1651.67</ele></trkpt>
<trkpt lon="13.04182952" lat="47.52588532"><ele>1646.76</ele></trkpt>
<trkpt lon="13.04186445" lat="47.52588564"><ele>1647.60</ele></trkpt>
<trkpt lon="13.04190042" lat="47.52590056"><ele>1630.68</ele></trkpt>
<trkpt lon="13.04195472" lat="47.52590518"><ele>1625.16</ele></trkpt>
<trkpt lon="13.04200889" lat="47.52586327"><ele>1624.76</ele></trkpt>
<trkpt lon="13.04207999" lat="47.52587700"><ele>1625.02</ele></trkpt>
<trkpt lon="13.04213243" lat="47.52583515"><ele>1615.30</ele></trkpt>
<trkpt lon="13.04211892" lat="47.52582673"><ele>1612.49</ele></trkpt>
<trkpt lon="13.04214898" lat="47.52581150"><ele>1582.34</ele></trkpt>
</trkseg><trkseg>
<trkpt lon="13.04214898" lat="47.52581150"><ele>1582.34</ele></trkpt>
<trkpt lon="13.04222143" lat="47.52579240"><ele>1587.74</ele></trkpt>
<trkpt lon="13.04229438" lat="47.52579931"><ele>1590.77</ele></trkpt>
<trkpt lon="13.04234282" lat="47.52581472"><ele>1589.64</ele></trkpt>
<trkpt lon="13.04237020" lat="47.52583579"><ele>1589.49</ele></trkpt>
<trkpt lon="13.04239197" lat="47.52581493"><ele>1583.49</ele></trkpt>
<trkpt lon="13.04239387" lat="47.52582450"><ele>1572.58</ele></trkpt>
<trkpt lon="13.04246274" lat="47.52584808"><ele>1562.88</ele></trkpt>
<trkpt lon="13.04251040" lat="47.52583477"><ele>1559.82</ele></trkpt>
<trkpt lon="13.04253821" lat="47.52581913"><ele>1561.01</ele></trkpt>
<trkpt lon="13.04257162" lat="47.52583176"><ele>1560.75</ele></trkpt>
<trkpt lon="13.04252875" lat="47.52587008"><ele>1556.98</ele></trkpt>
<trkpt lon="13.04254304" lat="47.52588589"><ele>1554.96</ele></trkpt>
<trkpt lon="13.04255309" lat="47.52592629"><ele>1548.31</ele></trkpt>
</trkseg><trkseg>
<trkpt lon="13.04255309" lat="47.52592629"><ele>1548.31</ele></trkpt>
<trkpt lon="13.04257847" lat="47.52593698"><ele>1542.99</ele></trkpt>
<trkpt lon="13.04257773" lat="47.52596036"><ele>1545.34</ele></trkpt>
<trkpt lon="13.04266736" lat="47.52596153"><ele>1547.52</ele></trkpt>
<trkpt lon="13.04265955" lat="47.52598920"><ele>1546.25</ele></trkpt>
<trkpt lon="13.04269514" lat="47.52603255"><ele>1546.14</ele></trkpt>
<trkpt lon="13.04266787" lat="47.52604064"><ele>1545.69</ele></trkpt>
<trkpt lon="13.04270414" lat="47.52605493"><ele>1546.53</ele></trkpt>
<trkpt lon="13.04275383" lat="47.52605128"><ele>1545.73</ele></trkpt>
<trkpt lon="13.04275948" lat="47.52605993"><ele>1540.70</ele></trkpt>
<trkpt lon="13.04272258" lat="47.52606263"><ele>1539.49</ele></trkpt>
<trkpt lon="13.04269761" lat="47.52609469"><ele>1535.44</ele></trkpt>
<trkpt lon="13.04265474" lat="47.52609728"><ele>1534.66</ele></trkpt>
<trkpt lon="13.04257941" lat="47.52611498"><ele>1535.95</ele></trkpt>
<trkpt lon="13.04256454" lat="47.52611833"><ele>1543.83</ele></trkpt>
<trkpt lon="13.04254327" lat="47.52616872"><ele>1542.55</ele></trkpt>
<trkpt lon="13.04251781" lat="47.52617098"><ele>1540.86</ele></trkpt>
<trkpt lon="13.04251365" lat="47.52622931"><ele>1535.62</ele></trkpt>
<trkpt lon="13.04254950" lat="47.52623343"><ele>1534.54</ele></trkpt>
<trkpt lon="13.04255921" lat="47.52625798"><ele>1529.80</ele></trkpt>
</trkseg><trkseg>
<trkpt lon="13.04255921" lat="47.52625798"><ele>1529.80</ele></trkpt>
<trkpt lon="13.04260073" lat="47.52630962"><ele>1522.25</ele></trkpt>
<trkpt lon="13.04261576" lat="47.52632356"><ele>1517.59</ele></trkpt>
<trkpt lon="13.04261520" lat="47.52637061"><ele>1517.50</ele></trkpt>
<trkpt lon="13.04259873" lat="47.52636709"><ele>1517.51</ele></trkpt>
<trkpt lon="13.04258705" lat="47.52640594"><ele>1517.33</ele></trkpt>
<trkpt lon="13.04251372" lat="47.52638813"><ele>1517.08</ele></trkpt>
<trkpt lon="13.04249014" lat="47.52636487"><ele>1515.99</ele></trkpt>
<trkpt lon="13.04244270" lat="47.52637225"><ele>1515.41</ele></trkpt>
<trkpt lon="13.04240206" lat="47.52633620"><ele>1511.07</ele></trkpt>
<trkpt lon="13.04242872" lat="47.52634097"><ele>1500.83</ele></trkpt>
<trkpt lon="13.04244192" lat="47.52637899"><ele>1498.35</ele></trkpt>
<trkpt lon="13.04252279" lat="47.52636552"><ele>1495.61</ele></trkpt>
<trkpt lon="13.04252324" lat="47.52638578"><ele>1495.43</ele></trkpt>
<trkpt lon="13.04249738" lat="47.52639523"><ele>1494.93</ele></trkpt>
<trkpt lon="13.04250693" lat="47.52641330"><ele>1494.85</ele></trkpt>
<trkpt lon="13.04252943" lat="47.52644419"><ele>1491.88</ele></trkpt>
<trkpt lon="13.04252601" lat="47.52648265"><ele>1486.49</ele></trkpt>
<trkpt lon="13.04256619" lat="47.52650610"><ele>1483.90</ele></trkpt>
<trkpt lon="13.04255895" lat="47.52655780"><ele>1482.95</ele></trkpt>
<trkpt lon="13.04264109" lat="47.52656020"><ele>1479.30</ele></trkpt>
</trkseg><trkseg>
<trkpt lon="13.04264109" lat="47.52656020"><ele>1479.30</ele></trkpt>
<trkpt lon="13.04266253" lat="47.52655903"><ele>1477.64</ele></trkpt>
<trkpt lon="13.04275643" lat="47.52658115"><ele>1476.04</ele></trkpt>
<trkpt lon="13.04273798" lat="47.52661287"><ele>1476.52</ele></trkpt>
<trkpt lon="13.04277657" lat="47.52662901"><ele>1474.90</ele></trkpt>
<trkpt lon="13.04280000" lat="47.52663112"><ele>1471.93</ele></trkpt>
<trkpt lon="13.04278332" lat="47.52666188"><ele>1471.58</ele></trkpt>
<trkpt lon="13.04281124" lat="47.52666820"><ele>1470.50</ele></trkpt>
<trkpt lon="13.04280855" lat="47.52669776"><ele>1469.90</ele></trkpt>
<trkpt lon="13.04285552" lat="47.52669586"><ele>1468.29</ele></trkpt>
<trkpt lon="13.04285716" lat="47.52670885"><ele>1468.83</ele></trkpt>
<trkpt lon="13.04291851" lat="47.52670594"><ele>1464.99</ele></trkpt>
<trkpt lon="13.04290538" lat="47.52674117"><ele>1466.39</ele></trkpt>
<trkpt lon="13.04292332" lat="47.52674111"><ele>1466.11</ele></trkpt>
<trkpt lon="13.04292813" lat="47.52677593"><ele>1464.89</ele></trkpt>
<trkpt lon="13.04295501" lat="47.52681409"><ele>1462.11</ele></trkpt>
<trkpt lon="13.04297809" lat="47.52683653"><ele>1454.07</ele></trkpt>
<trkpt lon="13.04296860" lat="47.52684528"><ele>1454.69</ele></trkpt>
<trkpt lon="13.04300225" lat="47.52685476"><ele>1453.69</ele></trkpt>
<trkpt lon="13.04302714" lat="47.52688218"><ele>1449.37</ele></trkpt>
<trkpt lon="13.04305235" lat="47.52691879"><ele>1444.28</ele></trkpt>
<trkpt lon="13.04301599" lat="47.52692842"><ele>1447.47</ele></trkpt>
</trkseg><trkseg>
<trkpt lon="13.04301599" lat="47.52692842"><ele>1447.47</ele></trkpt>
<trkpt lon="13.04298940" lat="47.52693229"><ele>1446.62</ele></trkpt>
<trkpt lon="13.04296964" lat="47.52695643"><ele>1445.46</ele></trkpt>
<trkpt lon="13.04298298" lat="47.52697645"><ele>1443.42</ele></trkpt>
<trkpt lon="13.04300586" lat="47.52699340"><ele>1438.32</ele></trkpt>
<trkpt lon="13.04297688" lat="47.52701891"><ele>1438.54</ele></trkpt>
<trkpt lon="13.04297766" lat="47.52703359"><ele>1437.66</ele></trkpt>
<trkpt lon="13.04294927" lat="47.52704318"><ele>1428.69</ele></trkpt>
<trkpt lon="13.04297057" lat="47.52702798"><ele>1429.19</ele></trkpt>
<trkpt lon="13.04299628" lat="47.52700826"><ele>1427.83</ele></trkpt>
<trkpt lon="13.04302221" lat="47.52697550"><ele>1426.60</ele></trkpt>
<trkpt lon="13.04299632" lat="47.52696435"><ele>1426.53</ele></trkpt>
<trkpt lon="13.04301446" lat="47.52694099"><ele>1426.03</ele></trkpt>
<trkpt lon="13.04304602" lat="47.52694603"><ele>1424.71</ele></trkpt>
<trkpt lon="13.04309552" lat="47.52695462"><ele>1420.83</ele></trkpt>
<trkpt lon="13.04309906" lat="47.52696295"><ele>1411.43</ele></trkpt>
<trkpt lon="13.04316614" lat="47.52697760"><ele>1409.30</ele></trkpt>
<trkpt lon="13.04315927" lat="47.52701941"><ele>1409.53</ele></trkpt>
</trkseg><trkseg>
<trkpt lon="13.04315927" lat="47.52701941"><ele>1409.53</ele></trkpt>
<trkpt lon="13.04316843" lat="47.52703037"><ele>1412.32</ele></trkpt>
<trkpt lon="13.04320938" lat="47.52706508"><ele>1412.86</ele></trkpt>
<trkpt lon="13.04322627" lat="47.52708624"><ele>1412.90</ele></trkpt>
<trkpt lon="13.04325861" lat="47.52710596"><ele>1413.25</ele></trkpt>
<trkpt lon="13.04326993" lat="47.52712307"><ele>1414.08</ele></trkpt>
</trkseg><trkseg>
<trkpt lon="13.04131002" lat="47.52610446"><ele>1699.94</ele></trkpt>
<trkpt lon="13.04129371" lat="47.52609275"><ele>1701.66</ele></trkpt>
<trkpt lon="13.04128025" lat="47.52607606"><ele>1703.33</ele></trkpt>
<trkpt lon="13.04130542" lat="47.52605300"><ele>1704.26</ele></trkpt>
<trkpt lon="13.04133856" lat="47.52601577"><ele>1704.59</ele></trkpt>
<trkpt lon="13.04133201" lat="47.52599191"><ele>1696.49</ele></trkpt>
<trkpt lon="13.04135403" lat="47.52601766"><ele>1696.56</ele></trkpt>
</trkseg><trkseg>
<trkpt lon="13.04131002" lat="47.52610446"><ele>1699.94</ele></trkpt>
<trkpt lon="13.04133891" lat="47.52608489"><ele>1699.51</ele></trkpt>
<trkpt lon="13.04137382" lat="47.52600729"><ele>1696.62</ele></trkpt>
<trkpt lon="13.04135403" lat="47.52601766"><ele>1696.56</ele></trkpt>
</trkseg><trkseg>
<trkpt lon="13.04131002" lat="47.52610446"><ele>1699.94</ele></trkpt>
<trkpt lon="13.04124004" lat="47.52607501"><ele>1706.73</ele></trkpt>
<trkpt lon="13.04114747" lat="47.52604913"><ele>1711.16</ele></trkpt>
<trkpt lon="13.04114370" lat="47.52602567"><ele>1712.57</ele></trkpt>
<trkpt lon="13.04106871" lat="47.52597733"><ele>1712.88</ele></trkpt>
<trkpt lon="13.04100975" lat="47.52603004"><ele>1713.05</ele></trkpt>
<trkpt lon="13.04096812" lat="47.52600279"><ele>1717.26</ele></trkpt>
<trkpt lon="13.04093972" lat="47.52599843"><ele>1722.78</ele></trkpt>
<trkpt lon="13.04093848" lat="47.52592129"><ele>1726.44</ele></trkpt>
</trkseg><trkseg>
<trkpt lon="13.04093848" lat="47.52592129"><ele>1726.44</ele></trkpt>
<trkpt lon="13.04091944" lat="47.52595093"><ele>1742.08</ele></trkpt>
<trkpt lon="13.04088072" lat="47.52596332"><ele>1748.08</ele></trkpt>
<trkpt lon="13.04087279" lat="47.52597992"><ele>1752.28</ele></trkpt>
</trkseg><trkseg>
<trkpt lon="13.03997084" lat="47.53272148"><ele>1766.12</ele></trkpt>
<trkpt lon="13.04000216" lat="47.53273309"><ele>1762.77</ele></trkpt>
<trkpt lon="13.04005461" lat="47.53266982"><ele>1759.00</ele></trkpt>
<trkpt lon="13.04004361" lat="47.53264786"><ele>1761.21</ele></trkpt>
</trkseg><trkseg>
<trkpt lon="13.03997084" lat="47.53272148"><ele>1766.12</ele></trkpt>
<trkpt lon="13.03998913" lat="47.53269408"><ele>1766.15</ele></trkpt>
<trkpt lon="13.04004361" lat="47.53264786"><ele>1761.21</ele></trkpt>
</trkseg><trkseg>
<trkpt lon="13.03995326" lat="47.53264056"><ele>1758.82</ele></trkpt>
<trkpt lon="13.03989544" lat="47.53273378"><ele>1765.79</ele></trkpt>
<trkpt lon="13.03993521" lat="47.53271142"><ele>1767.72</ele></trkpt>
<trkpt lon="13.03997084" lat="47.53272148"><ele>1766.12</ele></trkpt>
</trkseg><trkseg>
<trkpt lon="13.03995326" lat="47.53264056"><ele>1758.82</ele></trkpt>
<trkpt lon="13.04000903" lat="47.53261307"><ele>1760.93</ele></trkpt>
<trkpt lon="13.04004361" lat="47.53264786"><ele>1761.21</ele></trkpt>
</trkseg><trkseg>
<trkpt lon="13.04004003" lat="47.53271178"><ele>1747.18</ele></trkpt>
<trkpt lon="13.04004141" lat="47.53267824"><ele>1747.90</ele></trkpt>
<trkpt lon="13.03995326" lat="47.53264056"><ele>1758.82</ele></trkpt>
</trkseg><trkseg>
<trkpt lon="13.04004003" lat="47.53271178"><ele>1747.18</ele></trkpt>
<trkpt lon="13.04012968" lat="47.53266985"><ele>1748.33</ele></trkpt>
<trkpt lon="13.04018505" lat="47.53265298"><ele>1748.56</ele></trkpt>
<trkpt lon="13.04034818" lat="47.53265739"><ele>1750.23</ele></trkpt>
<trkpt lon="13.04037253" lat="47.53262802"><ele>1753.51</ele></trkpt>
</trkseg><trkseg>
<trkpt lon="13.04568667" lat="47.53043008"><ele>1757.76</ele></trkpt>
<trkpt lon="13.04562758" lat="47.53042565"><ele>1765.29</ele></trkpt>
<trkpt lon="13.04560321" lat="47.53041642"><ele>1766.51</ele></trkpt>
<trkpt lon="13.04555359" lat="47.53042880"><ele>1769.38</ele></trkpt>
<trkpt lon="13.04552182" lat="47.53046506"><ele>1768.91</ele></trkpt>
<trkpt lon="13.04547132" lat="47.53043676"><ele>1768.00</ele></trkpt>
<trkpt lon="13.04540219" lat="47.53043423"><ele>1768.07</ele></trkpt>
<trkpt lon="13.04535708" lat="47.53045776"><ele>1765.35</ele></trkpt>
<trkpt lon="13.04530958" lat="47.53053109"><ele>1762.76</ele></trkpt>
<trkpt lon="13.04540227" lat="47.53055004"><ele>1764.96</ele></trkpt>
<trkpt lon="13.04533187" lat="47.53059968"><ele>1759.82</ele></trkpt>
<trkpt lon="13.04521736" lat="47.53063147"><ele>1757.87</ele></trkpt>
</trkseg><trkseg>
<trkpt lon="13.03669280" lat="47.53538479"><ele>1724.78</ele></trkpt>
<trkpt lon="13.03671680" lat="47.53540401"><ele>1723.22</ele></trkpt>
<trkpt lon="13.03675627" lat="47.53539308"><ele>1722.20</ele></trkpt>
<trkpt lon="13.03681401" lat="47.53538039"><ele>1721.72</ele></trkpt>
<trkpt lon="13.03684508" lat="47.53537759"><ele>1722.54</ele></trkpt>
</trkseg><trkseg>
<trkpt lon="13.03684508" lat="47.53537759"><ele>1722.54</ele></trkpt>
<trkpt lon="13.03685237" lat="47.53540651"><ele>1719.79</ele></trkpt>
<trkpt lon="13.03682537" lat="47.53543214"><ele>1718.48</ele></trkpt>
<trkpt lon="13.03681395" lat="47.53547100"><ele>1719.17</ele></trkpt>
<trkpt lon="13.03680997" lat="47.53550288"><ele>1718.47</ele></trkpt>
<trkpt lon="13.03678726" lat="47.53550258"><ele>1718.03</ele></trkpt>
<trkpt lon="13.03677939" lat="47.53549984"><ele>1714.78</ele></trkpt>
<trkpt lon="13.03679717" lat="47.53552174"><ele>1713.87</ele></trkpt>
</trkseg><trkseg>
<trkpt lon="13.03679717" lat="47.53552174"><ele>1713.87</ele></trkpt>
<trkpt lon="13.03676663" lat="47.53555676"><ele>1715.52</ele></trkpt>
</trkseg><trkseg>
<trkpt lon="13.03669280" lat="47.53538479"><ele>1724.78</ele></trkpt>
<trkpt lon="13.03670402" lat="47.53536537"><ele>1725.72</ele></trkpt>
<trkpt lon="13.03672938" lat="47.53536958"><ele>1725.52</ele></trkpt>
<trkpt lon="13.03673828" lat="47.53534814"><ele>1724.40</ele></trkpt>
<trkpt lon="13.03672006" lat="47.53535206"><ele>1724.48</ele></trkpt>
<trkpt lon="13.03670833" lat="47.53534259"><ele>1727.08</ele></trkpt>
<trkpt lon="13.03670909" lat="47.53536833"><ele>1732.06</ele></trkpt>
<trkpt lon="13.03670554" lat="47.53533894"><ele>1734.02</ele></trkpt>
<trkpt lon="13.03675177" lat="47.53534288"><ele>1735.53</ele></trkpt>
<trkpt lon="13.03675022" lat="47.53529174"><ele>1734.88</ele></trkpt>
<trkpt lon="13.03669658" lat="47.53527292"><ele>1733.68</ele></trkpt>
<trkpt lon="13.03673607" lat="47.53526145"><ele>1732.69</ele></trkpt>
<trkpt lon="13.03669461" lat="47.53522951"><ele>1731.69</ele></trkpt>
<trkpt lon="13.03673656" lat="47.53521646"><ele>1731.88</ele></trkpt>
<trkpt lon="13.03671473" lat="47.53515688"><ele>1728.34</ele></trkpt>
<trkpt lon="13.03673476" lat="47.53515074"><ele>1728.38</ele></trkpt>
<trkpt lon="13.03673535" lat="47.53512772"><ele>1729.74</ele></trkpt>
<trkpt lon="13.03672607" lat="47.53509525"><ele>1730.74</ele></trkpt>
<trkpt lon="13.03669294" lat="47.53508920"><ele>1735.19</ele></trkpt>
<trkpt lon="13.03670185" lat="47.53507846"><ele>1734.67</ele></trkpt>
<trkpt lon="13.03668749" lat="47.53505365"><ele>1735.72</ele></trkpt>
<trkpt lon="13.03668356" lat="47.53504863"><ele>1736.54</ele></trkpt>
<trkpt lon="13.03666273" lat="47.53506196"><ele>1740.87</ele></trkpt>
<trkpt lon="13.03670652" lat="47.53506361"><ele>1743.05</ele></trkpt>
</trkseg><trkseg>
<trkpt lon="13.03646395" lat="47.53541786"><ele>1731.17</ele></trkpt>
<trkpt lon="13.03649805" lat="47.53542636"><ele>1730.65</ele></trkpt>
<trkpt lon="13.03656206" lat="47.53539164"><ele>1728.97</ele></trkpt>
<trkpt lon="13.03658108" lat="47.53539476"><ele>1727.57</ele></trkpt>
<trkpt lon="13.03658941" lat="47.53538509"><ele>1727.95</ele></trkpt>
<trkpt lon="13.03663245" lat="47.53540671"><ele>1725.27</ele></trkpt>
<trkpt lon="13.03664433" lat="47.53539116"><ele>1725.54</ele></trkpt>
<trkpt lon="13.03664775" lat="47.53540283"><ele>1724.94</ele></trkpt>
<trkpt lon="13.03669280" lat="47.53538479"><ele>1724.78</ele></trkpt>
</trkseg><trkseg>
<trkpt lon="13.03646395" lat="47.53541786"><ele>1731.17</ele></trkpt>
<trkpt lon="13.03646915" lat="47.53541021"><ele>1732.85</ele></trkpt>
<trkpt lon="13.03647018" lat="47.53538620"><ele>1733.05</ele></trkpt>
<trkpt lon="13.03644339" lat="47.53539195"><ele>1732.58</ele></trkpt>
<trkpt lon="13.03642019" lat="47.53537625"><ele>1731.69</ele></trkpt>
<trkpt lon="13.03640871" lat="47.53536355"><ele>1733.26</ele></trkpt>
<trkpt lon="13.03642652" lat="47.53534910"><ele>1735.93</ele></trkpt>
<trkpt lon="13.03642867" lat="47.53529874"><ele>1736.96</ele></trkpt>
<trkpt lon="13.03641681" lat="47.53526768"><ele>1738.84</ele></trkpt>
<trkpt lon="13.03639384" lat="47.53525648"><ele>1742.43</ele></trkpt>
<trkpt lon="13.03637013" lat="47.53526148"><ele>1742.95</ele></trkpt>
<trkpt lon="13.03633842" lat="47.53526381"><ele>1750.26</ele></trkpt>
<trkpt lon="13.03633470" lat="47.53523199"><ele>1750.29</ele></trkpt>
<trkpt lon="13.03633012" lat="47.53521940"><ele>1750.44</ele></trkpt>
<trkpt lon="13.03633229" lat="47.53520738"><ele>1751.13</ele></trkpt>
<trkpt lon="13.03631388" lat="47.53519870"><ele>1751.56</ele></trkpt>
<trkpt lon="13.03631179" lat="47.53517274"><ele>1751.67</ele></trkpt>
<trkpt lon="13.03629671" lat="47.53514603"><ele>1751.07</ele></trkpt>
<trkpt lon="13.03631183" lat="47.53510778"><ele>1751.10</ele></trkpt>
<trkpt lon="13.03623527" lat="47.53511195"><ele>1748.19</ele></trkpt>
<trkpt lon="13.03623524" lat="47.53509135"><ele>1748.77</ele></trkpt>
<trkpt lon="13.03629456" lat="47.53507563"><ele>1747.45</ele></trkpt>
<trkpt lon="13.03631357" lat="47.53505760"><ele>1748.67</ele></trkpt>
<trkpt lon="13.03636559" lat="47.53506308"><ele>1748.51</ele></trkpt>
<trkpt lon="13.03641582" lat="47.53503433"><ele>1747.07</ele></trkpt>
<trkpt lon="13.03634140" lat="47.53500975"><ele>1745.75</ele></trkpt>
<trkpt lon="13.03637318" lat="47.53498438"><ele>1745.68</ele></trkpt>
<trkpt lon="13.03644136" lat="47.53493768"><ele>1748.39</ele></trkpt>
<trkpt lon="13.03647662" lat="47.53492919"><ele>1747.45</ele></trkpt>
</trkseg><trkseg>
<trkpt lon="13.03647662" lat="47.53492919"><ele>1747.45</ele></trkpt>
<trkpt lon="13.03651649" lat="47.53491467"><ele>1747.49</ele></trkpt>
</trkseg><trkseg>
<trkpt lon="13.03630848" lat="47.53561019"><ele>1725.31</ele></trkpt>
<trkpt lon="13.03629820" lat="47.53557582"><ele>1724.75</ele></trkpt>
<trkpt lon="13.03629807" lat="47.53557582"><ele>1724.75</ele></trkpt>
<trkpt lon="13.03635279" lat="47.53560132"><ele>1727.34</ele></trkpt>
<trkpt lon="13.03633477" lat="47.53561775"><ele>1727.45</ele></trkpt>
<trkpt lon="13.03630848" lat="47.53561019"><ele>1725.31</ele></trkpt>
</trkseg><trkseg>
<trkpt lon="13.03630848" lat="47.53561019"><ele>1725.31</ele></trkpt>
<trkpt lon="13.03633175" lat="47.53561689"><ele>1732.95</ele></trkpt>
<trkpt lon="13.03630985" lat="47.53558403"><ele>1741.28</ele></trkpt>
<trkpt lon="13.03632346" lat="47.53557193"><ele>1742.12</ele></trkpt>
<trkpt lon="13.03631878" lat="47.53555862"><ele>1741.93</ele></trkpt>
</trkseg><trkseg>
<trkpt lon="13.03631878" lat="47.53555862"><ele>1741.93</ele></trkpt>
<trkpt lon="13.03633250" lat="47.53551855"><ele>1739.98</ele></trkpt>
<trkpt lon="13.03636161" lat="47.53546128"><ele>1736.09</ele></trkpt>
<trkpt lon="13.03640197" lat="47.53544793"><ele>1735.19</ele></trkpt>
<trkpt lon="13.03640380" lat="47.53543446"><ele>1734.92</ele></trkpt>
<trkpt lon="13.03646395" lat="47.53541786"><ele>1731.17</ele></trkpt>
</trkseg><trkseg>
<trkpt lon="13.05324745" lat="47.52901586"><ele>1746.06</ele></trkpt>
<trkpt lon="13.05323248" lat="47.52903621"><ele>1743.43</ele></trkpt>
<trkpt lon="13.05324529" lat="47.52906351"><ele>1739.99</ele></trkpt>
<trkpt lon="13.05324529" lat="47.52906360"><ele>1739.99</ele></trkpt>
</trkseg><trkseg>
<trkpt lon="13.05324745" lat="47.52901586"><ele>1746.06</ele></trkpt>
<trkpt lon="13.05321979" lat="47.52901674"><ele>1734.70</ele></trkpt>
<trkpt lon="13.05322006" lat="47.52901656"><ele>1734.69</ele></trkpt>
<trkpt lon="13.05321998" lat="47.52904023"><ele>1733.80</ele></trkpt>
<trkpt lon="13.05321255" lat="47.52904721"><ele>1740.04</ele></trkpt>
<trkpt lon="13.05324501" lat="47.52906378"><ele>1740.00</ele></trkpt>
<trkpt lon="13.05324529" lat="47.52906360"><ele>1739.99</ele></trkpt>
</trkseg><trkseg>
<trkpt lon="13.05320391" lat="47.52899685"><ele>1766.26</ele></trkpt>
<trkpt lon="13.05321983" lat="47.52899748"><ele>1767.44</ele></trkpt>
<trkpt lon="13.05322119" lat="47.52903620"><ele>1764.76</ele></trkpt>
<trkpt lon="13.05325622" lat="47.52901943"><ele>1758.89</ele></trkpt>
<trkpt lon="13.05322868" lat="47.52901707"><ele>1757.47</ele></trkpt>
<trkpt lon="13.05320905" lat="47.52901611"><ele>1756.70</ele></trkpt>
<trkpt lon="13.05322592" lat="47.52901261"><ele>1751.34</ele></trkpt>
<trkpt lon="13.05324745" lat="47.52901586"><ele>1746.06</ele></trkpt>
</trkseg><trkseg>
<trkpt lon="13.05320391" lat="47.52899685"><ele>1766.26</ele></trkpt>
<trkpt lon="13.05323151" lat="47.52905167"><ele>1765.84</ele></trkpt>
<trkpt lon="13.05321060" lat="47.52906742"><ele>1763.02</ele></trkpt>
<trkpt lon="13.05320325" lat="47.52908295"><ele>1748.42</ele></trkpt>
</trkseg><trkseg>
<trkpt lon="13.05320325" lat="47.52908295"><ele>1748.42</ele></trkpt>
<trkpt lon="13.05323604" lat="47.52907289"><ele>1746.05</ele></trkpt>
<trkpt lon="13.05324529" lat="47.52906360"><ele>1739.99</ele></trkpt>
</trkseg><trkseg>
<trkpt lon="13.05475463" lat="47.52742029"><ele>2016.33</ele></trkpt>
<trkpt lon="13.05475463" lat="47.52742029"><ele>2016.33</ele></trkpt>
<trkpt lon="13.05476492" lat="47.52742587"><ele>2017.49</ele></trkpt>
<trkpt lon="13.05480340" lat="47.52743777"><ele>2014.54</ele></trkpt>
<trkpt lon="13.05482481" lat="47.52744794"><ele>2011.88</ele></trkpt>
<trkpt lon="13.05480525" lat="47.52745975"><ele>2010.49</ele></trkpt>
<trkpt lon="13.05478327" lat="47.52746847"><ele>2010.58</ele></trkpt>
<trkpt lon="13.05468278" lat="47.52747342"><ele>2011.54</ele></trkpt>
<trkpt lon="13.05465438" lat="47.52747249"><ele>2011.65</ele></trkpt>
<trkpt lon="13.05470022" lat="47.52747255"><ele>2013.68</ele></trkpt>
<trkpt lon="13.05472816" lat="47.52746780"><ele>2013.40</ele></trkpt>
<trkpt lon="13.05470825" lat="47.52745649"><ele>2015.75</ele></trkpt>
<trkpt lon="13.05471420" lat="47.52745002"><ele>2016.46</ele></trkpt>
<trkpt lon="13.05473422" lat="47.52743317"><ele>2017.27</ele></trkpt>
<trkpt lon="13.05475463" lat="47.52742029"><ele>2016.33</ele></trkpt>
</trkseg><trkseg>
<trkpt lon="13.04204060" lat="47.52840172"><ele>2057.35</ele></trkpt>
<trkpt lon="13.04203438" lat="47.52832243"><ele>2063.64</ele></trkpt>
<trkpt lon="13.04203431" lat="47.52828167"><ele>2065.15</ele></trkpt>
<trkpt lon="13.04218517" lat="47.52832977"><ele>2061.83</ele></trkpt>
<trkpt lon="13.04223315" lat="47.52836479"><ele>2060.31</ele></trkpt>
<trkpt lon="13.04220061" lat="47.52835388"><ele>2060.79</ele></trkpt>
<trkpt lon="13.04219912" lat="47.52836529"><ele>2060.34</ele></trkpt>
<trkpt lon="13.04219680" lat="47.52838117"><ele>2055.29</ele></trkpt>
<trkpt lon="13.04213596" lat="47.52838823"><ele>2055.33</ele></trkpt>
<trkpt lon="13.04211605" lat="47.52839140"><ele>2057.25</ele></trkpt>
<trkpt lon="13.04204060" lat="47.52840172"><ele>2057.35</ele></trkpt>
</trkseg><trkseg>
<trkpt lon="13.04165888" lat="47.52873408"><ele>2065.02</ele></trkpt>
<trkpt lon="13.04170265" lat="47.52880736"><ele>2067.48</ele></trkpt>
<trkpt lon="13.04162503" lat="47.52879739"><ele>2071.84</ele></trkpt>
<trkpt lon="13.04162409" lat="47.52878343"><ele>2072.17</ele></trkpt>
<trkpt lon="13.04164535" lat="47.52874762"><ele>2065.37</ele></trkpt>
<trkpt lon="13.04165888" lat="47.52873408"><ele>2065.02</ele></trkpt>
</trkseg><trkseg>
<trkpt lon="13.04165888" lat="47.52873408"><ele>2065.02</ele></trkpt>
<trkpt lon="13.04176824" lat="47.52871570"><ele>2061.77</ele></trkpt>
<trkpt lon="13.04188360" lat="47.52869680"><ele>2059.53</ele></trkpt>
<trkpt lon="13.04197630" lat="47.52867264"><ele>2054.04</ele></trkpt>
<trkpt lon="13.04198892" lat="47.52866935"><ele>2050.38</ele></trkpt>
</trkseg><trkseg>
<trkpt lon="13.04198892" lat="47.52866935"><ele>2050.38</ele></trkpt>
<trkpt lon="13.04202676" lat="47.52865560"><ele>2050.10</ele></trkpt>
<trkpt lon="13.04206153" lat="47.52863514"><ele>2047.30</ele></trkpt>
<trkpt lon="13.04207454" lat="47.52856769"><ele>2049.85</ele></trkpt>
<trkpt lon="13.04207714" lat="47.52852634"><ele>2047.42</ele></trkpt>
<trkpt lon="13.04204060" lat="47.52840172"><ele>2057.35</ele></trkpt>
</trkseg><trkseg>
<trkpt lon="13.04703192" lat="47.51832911"><ele>2057.89</ele></trkpt>
<trkpt lon="13.04692535" lat="47.51828744"><ele>2062.87</ele></trkpt>
<trkpt lon="13.04695900" lat="47.51826839"><ele>2068.66</ele></trkpt>
<trkpt lon="13.04696279" lat="47.51825217"><ele>2060.95</ele></trkpt>
<trkpt lon="13.04697109" lat="47.51827544"><ele>2060.89</ele></trkpt>
<trkpt lon="13.04703192" lat="47.51832911"><ele>2057.89</ele></trkpt>
</trkseg><trkseg>
<trkpt lon="13.04700627" lat="47.52041918"><ele>2084.59</ele></trkpt>
<trkpt lon="13.04694961" lat="47.52045682"><ele>2079.99</ele></trkpt>
<trkpt lon="13.04701154" lat="47.52044906"><ele>2081.46</ele></trkpt>
<trkpt lon="13.04703394" lat="47.52044305"><ele>2082.89</ele></trkpt>
<trkpt lon="13.04700627" lat="47.52041918"><ele>2084.59</ele></trkpt>
</trkseg><trkseg>
<trkpt lon="13.05897205" lat="47.53251098"><ele>1992.00</ele></trkpt>
<trkpt lon="13.05893371" lat="47.53251303"><ele>1983.47</ele></trkpt>
<trkpt lon="13.05893593" lat="47.53253565"><ele>1983.81</ele></trkpt>
<trkpt lon="13.05894510" lat="47.53254994"><ele>1983.47</ele></trkpt>
<trkpt lon="13.05896888" lat="47.53255367"><ele>1983.19</ele></trkpt>
<trkpt lon="13.05897348" lat="47.53256239"><ele>1983.16</ele></trkpt>
<trkpt lon="13.05897542" lat="47.53258168"><ele>1972.53</ele></trkpt>
<trkpt lon="13.05899187" lat="47.53258240"><ele>1962.11</ele></trkpt>
<trkpt lon="13.05897709" lat="47.53259763"><ele>1946.35</ele></trkpt>
<trkpt lon="13.05900163" lat="47.53259157"><ele>1939.47</ele></trkpt>
<trkpt lon="13.05899938" lat="47.53260926"><ele>1929.17</ele></trkpt>
<trkpt lon="13.05894869" lat="47.53262558"><ele>1929.46</ele></trkpt>
</trkseg><trkseg>
<trkpt lon="13.05894869" lat="47.53262558"><ele>1929.46</ele></trkpt>
<trkpt lon="13.05891538" lat="47.53263537"><ele>1926.42</ele></trkpt>
<trkpt lon="13.05888787" lat="47.53263175"><ele>1925.46</ele></trkpt>
<trkpt lon="13.05888038" lat="47.53262236"><ele>1924.95</ele></trkpt>
<trkpt lon="13.05885259" lat="47.53261928"><ele>1922.65</ele></trkpt>
<trkpt lon="13.05883112" lat="47.53262494"><ele>1921.76</ele></trkpt>
<trkpt lon="13.05881889" lat="47.53261817"><ele>1919.94</ele></trkpt>
<trkpt lon="13.05880351" lat="47.53264238"><ele>1920.02</ele></trkpt>
<trkpt lon="13.05877923" lat="47.53264152"><ele>1919.87</ele></trkpt>
</trkseg><trkseg>
<trkpt lon="13.05877923" lat="47.53264152"><ele>1919.87</ele></trkpt>
<trkpt lon="13.05877442" lat="47.53267105"><ele>1919.82</ele></trkpt>
</trkseg><trkseg>
<trkpt lon="13.05877442" lat="47.53267105"><ele>1919.82</ele></trkpt>
<trkpt lon="13.05877196" lat="47.53267640"><ele>1914.55</ele></trkpt>
<trkpt lon="13.05874825" lat="47.53265998"><ele>1904.10</ele></trkpt>
<trkpt lon="13.05873992" lat="47.53262304"><ele>1897.43</ele></trkpt>
<trkpt lon="13.05866319" lat="47.53265000"><ele>1897.92</ele></trkpt>
<trkpt lon="13.05865874" lat="47.53262994"><ele>1897.52</ele></trkpt>
<trkpt lon="13.05865365" lat="47.53262410"><ele>1896.04</ele></trkpt>
<trkpt lon="13.05861122" lat="47.53261798"><ele>1889.24</ele></trkpt>
<trkpt lon="13.05859040" lat="47.53263841"><ele>1892.29</ele></trkpt>
</trkseg><trkseg>
<trkpt lon="13.05859040" lat="47.53263841"><ele>1892.29</ele></trkpt>
<trkpt lon="13.05858545" lat="47.53259982"><ele>1891.57</ele></trkpt>
<trkpt lon="13.05860104" lat="47.53257714"><ele>1891.12</ele></trkpt>
<trkpt lon="13.05861406" lat="47.53256980"><ele>1891.88</ele></trkpt>
<trkpt lon="13.05861978" lat="47.53255892"><ele>1891.62</ele></trkpt>
<trkpt lon="13.05863741" lat="47.53256002"><ele>1888.87</ele></trkpt>
<trkpt lon="13.05863783" lat="47.53254860"><ele>1888.37</ele></trkpt>
<trkpt lon="13.05864665" lat="47.53254353"><ele>1889.52</ele></trkpt>
<trkpt lon="13.05864128" lat="47.53252725"><ele>1889.66</ele></trkpt>
<trkpt lon="13.05865118" lat="47.53252903"><ele>1880.66</ele></trkpt>
<trkpt lon="13.05867090" lat="47.53250930"><ele>1880.60</ele></trkpt>
<trkpt lon="13.05867571" lat="47.53251955"><ele>1873.01</ele></trkpt>
<trkpt lon="13.05868646" lat="47.53248032"><ele>1873.34</ele></trkpt>
<trkpt lon="13.05867724" lat="47.53245659"><ele>1870.53</ele></trkpt>
<trkpt lon="13.05865557" lat="47.53246027"><ele>1868.85</ele></trkpt>
</trkseg><trkseg>
<trkpt lon="13.05865557" lat="47.53246027"><ele>1868.85</ele></trkpt>
<trkpt lon="13.05862274" lat="47.53243542"><ele>1856.35</ele></trkpt>
<trkpt lon="13.05851931" lat="47.53241927"><ele>1821.49</ele></trkpt>
<trkpt lon="13.05852246" lat="47.53236623"><ele>1815.90</ele></trkpt>
<trkpt lon="13.05854692" lat="47.53234433"><ele>1815.99</ele></trkpt>
<trkpt lon="13.05852707" lat="47.53227012"><ele>1763.76</ele></trkpt>
<trkpt lon="13.05855896" lat="47.53232402"><ele>1752.40</ele></trkpt>
</trkseg><trkseg>
<trkpt lon="13.05855896" lat="47.53232402"><ele>1752.40</ele></trkpt>
<trkpt lon="13.05859497" lat="47.53226281"><ele>1752.55</ele></trkpt>
<trkpt lon="13.05867760" lat="47.53221274"><ele>1750.71</ele></trkpt>
<trkpt lon="13.05865569" lat="47.53215856"><ele>1752.65</ele></trkpt>
<trkpt lon="13.05870567" lat="47.53215436"><ele>1744.86</ele></trkpt>
<trkpt lon="13.05870816" lat="47.53213011"><ele>1746.07</ele></trkpt>
<trkpt lon="13.05875137" lat="47.53214011"><ele>1744.96</ele></trkpt>
<trkpt lon="13.05874862" lat="47.53215698"><ele>1740.41</ele></trkpt>
<trkpt lon="13.05877396" lat="47.53217235"><ele>1740.77</ele></trkpt>
<trkpt lon="13.05880777" lat="47.53217436"><ele>1741.61</ele></trkpt>
<trkpt lon="13.05887386" lat="47.53215838"><ele>1744.38</ele></trkpt>
<trkpt lon="13.05891591" lat="47.53218528"><ele>1744.92</ele></trkpt>
<trkpt lon="13.05897104" lat="47.53219656"><ele>1737.08</ele></trkpt>
<trkpt lon="13.05898307" lat="47.53212604"><ele>1737.64</ele></trkpt>
<trkpt lon="13.05900372" lat="47.53209930"><ele>1737.04</ele></trkpt>
<trkpt lon="13.05900924" lat="47.53206862"><ele>1737.05</ele></trkpt>
<trkpt lon="13.05902484" lat="47.53204567"><ele>1736.55</ele></trkpt>
<trkpt lon="13.05902166" lat="47.53202726"><ele>1737.17</ele></trkpt>
<trkpt lon="13.05905283" lat="47.53192071"><ele>1735.75</ele></trkpt>
<trkpt lon="13.05904747" lat="47.53186096"><ele>1736.51</ele></trkpt>
<trkpt lon="13.05912369" lat="47.53180448"><ele>1735.12</ele></trkpt>
<trkpt lon="13.05910954" lat="47.53176302"><ele>1737.24</ele></trkpt>
<trkpt lon="13.05917334" lat="47.53170831"><ele>1736.34</ele></trkpt>
<trkpt lon="13.05920032" lat="47.53170454"><ele>1734.77</ele></trkpt>
<trkpt lon="13.05921121" lat="47.53166864"><ele>1734.37</ele></trkpt>
<trkpt lon="13.05930347" lat="47.53162773"><ele>1736.09</ele></trkpt>
<trkpt lon="13.05934627" lat="47.53159129"><ele>1732.94</ele></trkpt>
<trkpt lon="13.05928065" lat="47.53158001"><ele>1732.73</ele></trkpt>
<trkpt lon="13.05926549" lat="47.53153711"><ele>1732.90</ele></trkpt>
</trkseg><trkseg>
<trkpt lon="13.05926549" lat="47.53153711"><ele>1732.90</ele></trkpt>
<trkpt lon="13.05925267" lat="47.53150305"><ele>1730.80</ele></trkpt>
<trkpt lon="13.05927283" lat="47.53147136"><ele>1730.37</ele></trkpt>
<trkpt lon="13.05929080" lat="47.53141651"><ele>1728.69</ele></trkpt>
<trkpt lon="13.05929419" lat="47.53138957"><ele>1732.38</ele></trkpt>
<trkpt lon="13.05932120" lat="47.53138850"><ele>1734.38</ele></trkpt>
</trkseg><trkseg>
<trkpt lon="13.04386668" lat="47.52636668"><ele>2052.00</ele></trkpt>
<trkpt lon="13.04382399" lat="47.52637495"><ele>2050.26</ele></trkpt>
<trkpt lon="13.04379952" lat="47.52637580"><ele>2049.98</ele></trkpt>
<trkpt lon="13.04373130" lat="47.52634890"><ele>2048.73</ele></trkpt>
<trkpt lon="13.04369716" lat="47.52632753"><ele>2049.38</ele></trkpt>
<trkpt lon="13.04368715" lat="47.52628947"><ele>2049.76</ele></trkpt>
<trkpt lon="13.04365444" lat="47.52627587"><ele>2048.24</ele></trkpt>
<trkpt lon="13.04359242" lat="47.52622883"><ele>2046.00</ele></trkpt>
<trkpt lon="13.04354998" lat="47.52616961"><ele>2044.59</ele></trkpt>
<trkpt lon="13.04348203" lat="47.52617133"><ele>2042.65</ele></trkpt>
<trkpt lon="13.04338521" lat="47.52617787"><ele>2042.56</ele></trkpt>
<trkpt lon="13.04339583" lat="47.52621387"><ele>2041.47</ele></trkpt>
<trkpt lon="13.04338283" lat="47.52621670"><ele>2039.66</ele></trkpt>
<trkpt lon="13.04338782" lat="47.52622543"><ele>2037.66</ele></trkpt>
<trkpt lon="13.04338396" lat="47.52622221"><ele>2036.43</ele></trkpt>
<trkpt lon="13.04337767" lat="47.52622336"><ele>2035.11</ele></trkpt>
<trkpt lon="13.04338474" lat="47.52622969"><ele>2033.45</ele></trkpt>
<trkpt lon="13.04337352" lat="47.52620278"><ele>2033.30</ele></trkpt>
</trkseg><trkseg>
<trkpt lon="13.04320002" lat="47.53896672"><ele>1970.00</ele></trkpt>
<trkpt lon="13.04320002" lat="47.53896672"><ele>1943.45</ele></trkpt>
<trkpt lon="13.04319587" lat="47.53894622"><ele>1943.32</ele></trkpt>
<trkpt lon="13.04321887" lat="47.53898171"><ele>1941.40</ele></trkpt>
<trkpt lon="13.04329942" lat="47.53898110"><ele>1935.94</ele></trkpt>
<trkpt lon="13.04340817" lat="47.53903326"><ele>1928.65</ele></trkpt>
<trkpt lon="13.04342574" lat="47.53904661"><ele>1926.20</ele></trkpt>
<trkpt lon="13.04346473" lat="47.53908084"><ele>1925.78</ele></trkpt>
<trkpt lon="13.04348942" lat="47.53911023"><ele>1926.31</ele></trkpt>
</trkseg><trkseg>
<trkpt lon="13.04348942" lat="47.53911023"><ele>1926.31</ele></trkpt>
<trkpt lon="13.04353614" lat="47.53916151"><ele>1926.31</ele></trkpt>
<trkpt lon="13.04359365" lat="47.53920532"><ele>1919.79</ele></trkpt>
</trkseg><trkseg>
<trkpt lon="13.04359365" lat="47.53920532"><ele>1919.79</ele></trkpt>
<trkpt lon="13.04359603" lat="47.53919484"><ele>1916.18</ele></trkpt>
<trkpt lon="13.04364430" lat="47.53922266"><ele>1913.64</ele></trkpt>
<trkpt lon="13.04376465" lat="47.53926664"><ele>1896.50</ele></trkpt>
<trkpt lon="13.04380776" lat="47.53934008"><ele>1894.63</ele></trkpt>
<trkpt lon="13.04384802" lat="47.53936156"><ele>1891.15</ele></trkpt>
<trkpt lon="13.04387303" lat="47.53940014"><ele>1890.99</ele></trkpt>
<trkpt lon="13.04393231" lat="47.53946045"><ele>1885.76</ele></trkpt>
<trkpt lon="13.04392510" lat="47.53948273"><ele>1885.85</ele></trkpt>
<trkpt lon="13.04394625" lat="47.53948228"><ele>1886.25</ele></trkpt>
<trkpt lon="13.04399117" lat="47.53953569"><ele>1885.77</ele></trkpt>
<trkpt lon="13.04401165" lat="47.53956744"><ele>1884.95</ele></trkpt>
<trkpt lon="13.04401303" lat="47.53959815"><ele>1884.77</ele></trkpt>
<trkpt lon="13.04405550" lat="47.53966393"><ele>1878.76</ele></trkpt>
<trkpt lon="13.04408831" lat="47.53969995"><ele>1872.29</ele></trkpt>
<trkpt lon="13.04406703" lat="47.53970030"><ele>1871.76</ele></trkpt>
<trkpt lon="13.04401769" lat="47.53976218"><ele>1856.44</ele></trkpt>
<trkpt lon="13.04413046" lat="47.53975996"><ele>1852.66</ele></trkpt>
</trkseg><trkseg>
<trkpt lon="13.04413046" lat="47.53975996"><ele>1852.66</ele></trkpt>
<trkpt lon="13.04416526" lat="47.53973896"><ele>1849.66</ele></trkpt>
</trkseg><trkseg>
<trkpt lon="13.04416526" lat="47.53973896"><ele>1849.66</ele></trkpt>
<trkpt lon="13.04418328" lat="47.53972955"><ele>1830.13</ele></trkpt>
<trkpt lon="13.04424788" lat="47.53977214"><ele>1816.22</ele></trkpt>
</trkseg><trkseg>
<trkpt lon="13.05470006" lat="47.53521664"><ele>1880.00</ele></trkpt>
<trkpt lon="13.05471757" lat="47.53523898"><ele>1876.00</ele></trkpt>
<trkpt lon="13.05476893" lat="47.53521187"><ele>1873.30</ele></trkpt>
<trkpt lon="13.05485979" lat="47.53523429"><ele>1870.29</ele></trkpt>
<trkpt lon="13.05496395" lat="47.53524181"><ele>1864.74</ele></trkpt>
<trkpt lon="13.05496243" lat="47.53521101"><ele>1863.63</ele></trkpt>
<trkpt lon="13.05507191" lat="47.53521107"><ele>1849.17</ele></trkpt>
<trkpt lon="13.05513527" lat="47.53519379"><ele>1842.09</ele></trkpt>
<trkpt lon="13.05521964" lat="47.53518676"><ele>1826.66</ele></trkpt>
<trkpt lon="13.05521468" lat="47.53516283"><ele>1825.07</ele></trkpt>
<trkpt lon="13.05524661" lat="47.53512225"><ele>1810.14</ele></trkpt>
<trkpt lon="13.05530951" lat="47.53512449"><ele>1809.23</ele></trkpt>
<trkpt lon="13.05534118" lat="47.53510514"><ele>1802.93</ele></trkpt>
<trkpt lon="13.05537921" lat="47.53509733"><ele>1803.12</ele></trkpt>
<trkpt lon="13.05540745" lat="47.53510977"><ele>1801.83</ele></trkpt>
<trkpt lon="13.05549891" lat="47.53512995"><ele>1795.24</ele></trkpt>
<trkpt lon="13.05554834" lat="47.53515167"><ele>1793.40</ele></trkpt>
<trkpt lon="13.05561448" lat="47.53513803"><ele>1792.74</ele></trkpt>
<trkpt lon="13.05562875" lat="47.53513314"><ele>1792.76</ele></trkpt>
<trkpt lon="13.05557675" lat="47.53510554"><ele>1791.89</ele></trkpt>
<trkpt lon="13.05563123" lat="47.53506606"><ele>1787.52</ele></trkpt>
<trkpt lon="13.05564455" lat="47.53505782"><ele>1770.28</ele></trkpt>
<trkpt lon="13.05571074" lat="47.53506822"><ele>1763.24</ele></trkpt>
<trkpt lon="13.05575451" lat="47.53504160"><ele>1754.54</ele></trkpt>
</trkseg><trkseg>
<trkpt lon="13.05575451" lat="47.53504160"><ele>1754.54</ele></trkpt>
<trkpt lon="13.05575782" lat="47.53503464"><ele>1753.96</ele></trkpt>
<trkpt lon="13.05578677" lat="47.53501372"><ele>1753.45</ele></trkpt>
<trkpt lon="13.05585903" lat="47.53500333"><ele>1751.25</ele></trkpt>
<trkpt lon="13.05585832" lat="47.53497246"><ele>1750.13</ele></trkpt>
<trkpt lon="13.05592791" lat="47.53493008"><ele>1749.58</ele></trkpt>
<trkpt lon="13.05597048" lat="47.53488221"><ele>1733.90</ele></trkpt>
<trkpt lon="13.05600255" lat="47.53483768"><ele>1732.58</ele></trkpt>
<trkpt lon="13.05600840" lat="47.53486981"><ele>1732.64</ele></trkpt>
<trkpt lon="13.05604596" lat="47.53491058"><ele>1732.22</ele></trkpt>
<trkpt lon="13.05602509" lat="47.53498284"><ele>1734.18</ele></trkpt>
<trkpt lon="13.05600389" lat="47.53500984"><ele>1731.28</ele></trkpt>
<trkpt lon="13.05598311" lat="47.53501857"><ele>1730.34</ele></trkpt>
<trkpt lon="13.05597016" lat="47.53497696"><ele>1714.96</ele></trkpt>
<trkpt lon="13.05601354" lat="47.53496798"><ele>1713.54</ele></trkpt>
<trkpt lon="13.05603406" lat="47.53495924"><ele>1709.13</ele></trkpt>
<trkpt lon="13.05612391" lat="47.53494070"><ele>1707.32</ele></trkpt>
</trkseg><trkseg>
<trkpt lon="13.05612391" lat="47.53494070"><ele>1707.32</ele></trkpt>
<trkpt lon="13.05617410" lat="47.53498123"><ele>1706.58</ele></trkpt>
<trkpt lon="13.05620991" lat="47.53500820"><ele>1705.34</ele></trkpt>
<trkpt lon="13.05620957" lat="47.53501738"><ele>1705.19</ele></trkpt>
<trkpt lon="13.05619851" lat="47.53498929"><ele>1702.60</ele></trkpt>
<trkpt lon="13.05619128" lat="47.53499088"><ele>1698.56</ele></trkpt>
<trkpt lon="13.05622469" lat="47.53499289"><ele>1692.19</ele></trkpt>
<trkpt lon="13.05630686" lat="47.53502379"><ele>1691.41</ele></trkpt>
<trkpt lon="13.05632441" lat="47.53503066"><ele>1691.02</ele></trkpt>
<trkpt lon="13.05628649" lat="47.53503200"><ele>1691.29</ele></trkpt>
<trkpt lon="13.05631451" lat="47.53505038"><ele>1690.23</ele></trkpt>
<trkpt lon="13.05634463" lat="47.53509840"><ele>1690.23</ele></trkpt>
<trkpt lon="13.05636014" lat="47.53511729"><ele>1688.24</ele></trkpt>
<trkpt lon="13.05633512" lat="47.53512910"><ele>1686.16</ele></trkpt>
<trkpt lon="13.05638501" lat="47.53513823"><ele>1682.50</ele></trkpt>
<trkpt lon="13.05641119" lat="47.53513444"><ele>1682.56</ele></trkpt>
<trkpt lon="13.05644511" lat="47.53514780"><ele>1682.14</ele></trkpt>
<trkpt lon="13.05647099" lat="47.53516659"><ele>1681.36</ele></trkpt>
<trkpt lon="13.05649691" lat="47.53515569"><ele>1680.28</ele></trkpt>
<trkpt lon="13.05649691" lat="47.53515569"><ele>1675.41</ele></trkpt>
<trkpt lon="13.05653053" lat="47.53512324"><ele>1675.34</ele></trkpt>
<trkpt lon="13.05652335" lat="47.53509810"><ele>1674.37</ele></trkpt>
<trkpt lon="13.05653372" lat="47.53506210"><ele>1673.92</ele></trkpt>
<trkpt lon="13.05654776" lat="47.53503463"><ele>1669.76</ele></trkpt>
<trkpt lon="13.05657524" lat="47.53503527"><ele>1670.66</ele></trkpt>
<trkpt lon="13.05658408" lat="47.53501887"><ele>1670.81</ele></trkpt>
<trkpt lon="13.05659742" lat="47.53501018"><ele>1670.83</ele></trkpt>
<trkpt lon="13.05660527" lat="47.53499925"><ele>1660.12</ele></trkpt>
<trkpt lon="13.05661644" lat="47.53497739"><ele>1660.20</ele></trkpt>
<trkpt lon="13.05664221" lat="47.53498485"><ele>1659.25</ele></trkpt>
<trkpt lon="13.05665181" lat="47.53498042"><ele>1654.23</ele></trkpt>
<trkpt lon="13.05667881" lat="47.53497233"><ele>1654.91</ele></trkpt>
<trkpt lon="13.05670968" lat="47.53499643"><ele>1652.81</ele></trkpt>
<trkpt lon="13.05674795" lat="47.53498205"><ele>1653.17</ele></trkpt>
<trkpt lon="13.05674983" lat="47.53498505"><ele>1649.37</ele></trkpt>
<trkpt lon="13.05680644" lat="47.53494543"><ele>1648.00</ele></trkpt>
<trkpt lon="13.05683047" lat="47.53493855"><ele>1647.72</ele></trkpt>
<trkpt lon="13.05683884" lat="47.53497117"><ele>1647.72</ele></trkpt>
<trkpt lon="13.05686096" lat="47.53494428"><ele>1646.43</ele></trkpt>
<trkpt lon="13.05684505" lat="47.53493232"><ele>1644.80</ele></trkpt>
<trkpt lon="13.05684340" lat="47.53491951"><ele>1643.54</ele></trkpt>
<trkpt lon="13.05687523" lat="47.53492491"><ele>1642.78</ele></trkpt>
<trkpt lon="13.05689428" lat="47.53491992"><ele>1641.97</ele></trkpt>
<trkpt lon="13.05691346" lat="47.53493302"><ele>1641.31</ele></trkpt>
<trkpt lon="13.05693021" lat="47.53492206"><ele>1640.65</ele></trkpt>
<trkpt lon="13.05697579" lat="47.53493993"><ele>1638.78</ele></trkpt>
<trkpt lon="13.05703333" lat="47.53494684"><ele>1625.91</ele></trkpt>
<trkpt lon="13.05704605" lat="47.53496929"><ele>1627.12</ele></trkpt>
</trkseg><trkseg>
<trkpt lon="13.04963336" lat="47.53326663"><ele>1932.00</ele></trkpt>
<trkpt lon="13.04967746" lat="47.53326342"><ele>1922.83</ele></trkpt>
<trkpt lon="13.04968264" lat="47.53327053"><ele>1921.16</ele></trkpt>
<trkpt lon="13.04968264" lat="47.53327053"><ele>1914.92</ele></trkpt>
<trkpt lon="13.04972860" lat="47.53327095"><ele>1909.98</ele></trkpt>
<trkpt lon="13.04973959" lat="47.53327204"><ele>1897.96</ele></trkpt>
<trkpt lon="13.04973903" lat="47.53325475"><ele>1897.41</ele></trkpt>
<trkpt lon="13.04973487" lat="47.53323786"><ele>1895.81</ele></trkpt>
<trkpt lon="13.04974687" lat="47.53322969"><ele>1894.57</ele></trkpt>
<trkpt lon="13.04975072" lat="47.53321905"><ele>1893.62</ele></trkpt>
<trkpt lon="13.04976256" lat="47.53321871"><ele>1891.43</ele></trkpt>
<trkpt lon="13.04977981" lat="47.53321927"><ele>1889.17</ele></trkpt>
<trkpt lon="13.04978593" lat="47.53321902"><ele>1885.84</ele></trkpt>
<trkpt lon="13.04977398" lat="47.53322232"><ele>1883.91</ele></trkpt>
<trkpt lon="13.04978081" lat="47.53322460"><ele>1877.35</ele></trkpt>
<trkpt lon="13.04980573" lat="47.53322241"><ele>1872.88</ele></trkpt>
<trkpt lon="13.04982081" lat="47.53321718"><ele>1870.91</ele></trkpt>
<trkpt lon="13.04982081" lat="47.53321718"><ele>1866.22</ele></trkpt>
<trkpt lon="13.04982211" lat="47.53319993"><ele>1866.73</ele></trkpt>
<trkpt lon="13.04985174" lat="47.53321438"><ele>1865.27</ele></trkpt>
<trkpt lon="13.04987159" lat="47.53322003"><ele>1863.66</ele></trkpt>
<trkpt lon="13.04987521" lat="47.53323718"><ele>1863.49</ele></trkpt>
<trkpt lon="13.04988145" lat="47.53324080"><ele>1859.99</ele></trkpt>
<trkpt lon="13.04988145" lat="47.53324080"><ele>1857.61</ele></trkpt>
<trkpt lon="13.04988006" lat="47.53326048"><ele>1857.92</ele></trkpt>
<trkpt lon="13.04988006" lat="47.53326048"><ele>1846.52</ele></trkpt>
<trkpt lon="13.04990732" lat="47.53325258"><ele>1846.52</ele></trkpt>
<trkpt lon="13.04990855" lat="47.53325890"><ele>1839.73</ele></trkpt>
</trkseg><trkseg>
<trkpt lon="13.04990855" lat="47.53325890"><ele>1839.73</ele></trkpt>
<trkpt lon="13.04990855" lat="47.53325890"><ele>1839.73</ele></trkpt>
<trkpt lon="13.04991317" lat="47.53325970"><ele>1838.49</ele></trkpt>
<trkpt lon="13.04990851" lat="47.53325989"><ele>1818.44</ele></trkpt>
<trkpt lon="13.04986806" lat="47.53328313"><ele>1817.22</ele></trkpt>
<trkpt lon="13.04990325" lat="47.53331937"><ele>1807.34</ele></trkpt>
<trkpt lon="13.04994290" lat="47.53332499"><ele>1806.80</ele></trkpt>
<trkpt lon="13.04996801" lat="47.53334296"><ele>1806.36</ele></trkpt>
<trkpt lon="13.04999609" lat="47.53335991"><ele>1803.23</ele></trkpt>
<trkpt lon="13.05003031" lat="47.53336139"><ele>1794.21</ele></trkpt>
<trkpt lon="13.05005996" lat="47.53335362"><ele>1784.58</ele></trkpt>
<trkpt lon="13.05007182" lat="47.53335643"><ele>1776.87</ele></trkpt>
<trkpt lon="13.05009620" lat="47.53334037"><ele>1777.37</ele></trkpt>
<trkpt lon="13.05011187" lat="47.53336917"><ele>1780.66</ele></trkpt>
</trkseg><trkseg>
<trkpt lon="13.05316668" lat="47.52945001"><ele>2012.00</ele></trkpt>
<trkpt lon="13.05318000" lat="47.52946337"><ele>2010.51</ele></trkpt>
<trkpt lon="13.05317326" lat="47.52945525"><ele>2009.38</ele></trkpt>
<trkpt lon="13.05317180" lat="47.52946602"><ele>2006.58</ele></trkpt>
<trkpt lon="13.05314576" lat="47.52944794"><ele>2003.65</ele></trkpt>
<trkpt lon="13.05313613" lat="47.52943536"><ele>2002.15</ele></trkpt>
<trkpt lon="13.05310712" lat="47.52942947"><ele>1999.58</ele></trkpt>
<trkpt lon="13.05311673" lat="47.52940669"><ele>1998.31</ele></trkpt>
<trkpt lon="13.05308710" lat="47.52942121"><ele>1996.68</ele></trkpt>
<trkpt lon="13.05307389" lat="47.52941919"><ele>1993.61</ele></trkpt>
<trkpt lon="13.05306972" lat="47.52942425"><ele>1992.36</ele></trkpt>
<trkpt lon="13.05309642" lat="47.52940985"><ele>1991.57</ele></trkpt>
<trkpt lon="13.05307157" lat="47.52944236"><ele>1986.97</ele></trkpt>
<trkpt lon="13.05310702" lat="47.52944648"><ele>1985.46</ele></trkpt>
<trkpt lon="13.05311974" lat="47.52942249"><ele>1982.75</ele></trkpt>
<trkpt lon="13.05311055" lat="47.52943727"><ele>1980.47</ele></trkpt>
<trkpt lon="13.05311320" lat="47.52941599"><ele>1978.06</ele></trkpt>
<trkpt lon="13.05311642" lat="47.52940434"><ele>1975.81</ele></trkpt>
<trkpt lon="13.05311141" lat="47.52941056"><ele>1976.19</ele></trkpt>
</trkseg><trkseg>
<trkpt lon="13.05311141" lat="47.52941056"><ele>1976.19</ele></trkpt>
<trkpt lon="13.05311153" lat="47.52939661"><ele>1974.92</ele></trkpt>
<trkpt lon="13.05313126" lat="47.52936959"><ele>1967.69</ele></trkpt>
</trkseg><trkseg>
<trkpt lon="13.05313126" lat="47.52936959"><ele>1967.69</ele></trkpt>
<trkpt lon="13.05309107" lat="47.52936423"><ele>1965.84</ele></trkpt>
<trkpt lon="13.05308128" lat="47.52935938"><ele>1963.35</ele></trkpt>
<trkpt lon="13.05305140" lat="47.52934466"><ele>1962.27</ele></trkpt>
<trkpt lon="13.05304313" lat="47.52933489"><ele>1962.40</ele></trkpt>
<trkpt lon="13.05303669" lat="47.52932236"><ele>1961.16</ele></trkpt>
<trkpt lon="13.05300568" lat="47.52932013"><ele>1958.19</ele></trkpt>
<trkpt lon="13.05300630" lat="47.52932140"><ele>1959.85</ele></trkpt>
<trkpt lon="13.05300524" lat="47.52931058"><ele>1956.81</ele></trkpt>
<trkpt lon="13.05301745" lat="47.52928568"><ele>1954.70</ele></trkpt>
<trkpt lon="13.05301827" lat="47.52926725"><ele>1953.33</ele></trkpt>
<trkpt lon="13.05301392" lat="47.52925908"><ele>1952.25</ele></trkpt>
<trkpt lon="13.05305812" lat="47.52923868"><ele>1946.84</ele></trkpt>
<trkpt lon="13.05305812" lat="47.52923868"><ele>1946.84</ele></trkpt>
<trkpt lon="13.05303907" lat="47.52922918"><ele>1946.70</ele></trkpt>
<trkpt lon="13.05302385" lat="47.52921695"><ele>1945.85</ele></trkpt>
</trkseg><trkseg>
<trkpt lon="13.05302385" lat="47.52921695"><ele>1945.85</ele></trkpt>
<trkpt lon="13.05304106" lat="47.52919709"><ele>1945.22</ele></trkpt>
<trkpt lon="13.05300173" lat="47.52918643"><ele>1941.31</ele></trkpt>
<trkpt lon="13.05300527" lat="47.52916256"><ele>1939.59</ele></trkpt>
<trkpt lon="13.05303427" lat="47.52915063"><ele>1941.97</ele></trkpt>
<trkpt lon="13.05304589" lat="47.52912743"><ele>1941.38</ele></trkpt>
<trkpt lon="13.05309460" lat="47.52912520"><ele>1938.12</ele></trkpt>
<trkpt lon="13.05312125" lat="47.52910883"><ele>1938.84</ele></trkpt>
<trkpt lon="13.05312630" lat="47.52910522"><ele>1932.98</ele></trkpt>
<trkpt lon="13.05314573" lat="47.52908999"><ele>1932.60</ele></trkpt>
<trkpt lon="13.05316274" lat="47.52908641"><ele>1932.66</ele></trkpt>
<trkpt lon="13.05316708" lat="47.52909818"><ele>1933.05</ele></trkpt>
<trkpt lon="13.05319824" lat="47.52907846"><ele>1930.87</ele></trkpt>
<trkpt lon="13.05324268" lat="47.52908749"><ele>1930.03</ele></trkpt>
<trkpt lon="13.05322182" lat="47.52907661"><ele>1913.22</ele></trkpt>
<trkpt lon="13.05321474" lat="47.52905265"><ele>1915.64</ele></trkpt>
</trkseg><trkseg>
<trkpt lon="13.05321474" lat="47.52905265"><ele>1915.64</ele></trkpt>
<trkpt lon="13.05319500" lat="47.52904034"><ele>1909.11</ele></trkpt>
<trkpt lon="13.05318328" lat="47.52902305"><ele>1902.90</ele></trkpt>
<trkpt lon="13.05314475" lat="47.52902311"><ele>1897.63</ele></trkpt>
<trkpt lon="13.05312436" lat="47.52901053"><ele>1896.10</ele></trkpt>
<trkpt lon="13.05310782" lat="47.52901952"><ele>1892.79</ele></trkpt>
<trkpt lon="13.05308992" lat="47.52902929"><ele>1891.95</ele></trkpt>
<trkpt lon="13.05306800" lat="47.52903648"><ele>1893.03</ele></trkpt>
<trkpt lon="13.05305433" lat="47.52904317"><ele>1890.03</ele></trkpt>
<trkpt lon="13.05300396" lat="47.52906517"><ele>1884.11</ele></trkpt>
<trkpt lon="13.05300937" lat="47.52907696"><ele>1880.37</ele></trkpt>
<trkpt lon="13.05299920" lat="47.52909326"><ele>1880.81</ele></trkpt>
<trkpt lon="13.05300419" lat="47.52911287"><ele>1879.19</ele></trkpt>
<trkpt lon="13.05299282" lat="47.52911483"><ele>1876.72</ele></trkpt>
<trkpt lon="13.05299624" lat="47.52909771"><ele>1866.55</ele></trkpt>
<trkpt lon="13.05297181" lat="47.52905419"><ele>1849.39</ele></trkpt>
<trkpt lon="13.05301350" lat="47.52903006"><ele>1848.40</ele></trkpt>
<trkpt lon="13.05303227" lat="47.52903983"><ele>1840.73</ele></trkpt>
<trkpt lon="13.05306582" lat="47.52902717"><ele>1828.41</ele></trkpt>
<trkpt lon="13.05302885" lat="47.52902438"><ele>1822.14</ele></trkpt>
<trkpt lon="13.05306476" lat="47.52901977"><ele>1813.45</ele></trkpt>
<trkpt lon="13.05313236" lat="47.52904927"><ele>1802.20</ele></trkpt>
</trkseg><trkseg>
<trkpt lon="13.05313236" lat="47.52904927"><ele>1802.20</ele></trkpt>
<trkpt lon="13.05318166" lat="47.52901663"><ele>1779.46</ele></trkpt>
<trkpt lon="13.05320391" lat="47.52899685"><ele>1766.26</ele></trkpt>
</trkseg><trkseg>
<trkpt lon="13.05423332" lat="47.52735170"><ele>2058.00</ele></trkpt>
<trkpt lon="13.05422710" lat="47.52737967"><ele>2055.30</ele></trkpt>
<trkpt lon="13.05422488" lat="47.52737162"><ele>2034.58</ele></trkpt>
<trkpt lon="13.05424296" lat="47.52737832"><ele>2032.51</ele></trkpt>
<trkpt lon="13.05429083" lat="47.52738813"><ele>2027.87</ele></trkpt>
<trkpt lon="13.05439034" lat="47.52738082"><ele>2022.41</ele></trkpt>
<trkpt lon="13.05447243" lat="47.52735593"><ele>2023.37</ele></trkpt>
<trkpt lon="13.05446196" lat="47.52735180"><ele>2025.58</ele></trkpt>
<trkpt lon="13.05447126" lat="47.52736617"><ele>2031.65</ele></trkpt>
<trkpt lon="13.05449705" lat="47.52737642"><ele>2032.59</ele></trkpt>
<trkpt lon="13.05453775" lat="47.52736073"><ele>2032.43</ele></trkpt>
<trkpt lon="13.05457589" lat="47.52734977"><ele>2025.74</ele></trkpt>
<trkpt lon="13.05463610" lat="47.52731318"><ele>2019.20</ele></trkpt>
<trkpt lon="13.05472670" lat="47.52738149"><ele>2017.92</ele></trkpt>
<trkpt lon="13.05475760" lat="47.52739389"><ele>2017.39</ele></trkpt>
<trkpt lon="13.05475141" lat="47.52740674"><ele>2016.51</ele></trkpt>
<trkpt lon="13.05475463" lat="47.52742029"><ele>2016.33</ele></trkpt>
</trkseg><trkseg>
<trkpt lon="13.04198998" lat="47.52847302"><ele>2089.40</ele></trkpt>
<trkpt lon="13.04200060" lat="47.52854114"><ele>2084.11</ele></trkpt>
<trkpt lon="13.04197139" lat="47.52852625"><ele>2083.59</ele></trkpt>
<trkpt lon="13.04194901" lat="47.52848519"><ele>2082.99</ele></trkpt>
<trkpt lon="13.04200955" lat="47.52844330"><ele>2079.40</ele></trkpt>
<trkpt lon="13.04212069" lat="47.52839148"><ele>2055.36</ele></trkpt>
<trkpt lon="13.04206025" lat="47.52839846"><ele>2055.40</ele></trkpt>
<trkpt lon="13.04204060" lat="47.52840172"><ele>2057.35</ele></trkpt>
</trkseg><trkseg>
<trkpt lon="13.04747658" lat="47.51782252"><ele>2132.00</ele></trkpt>
<trkpt lon="13.04746350" lat="47.51782419"><ele>2131.54</ele></trkpt>
<trkpt lon="13.04745374" lat="47.51783671"><ele>2131.36</ele></trkpt>
<trkpt lon="13.04743229" lat="47.51784912"><ele>2131.26</ele></trkpt>
<trkpt lon="13.04743274" lat="47.51786227"><ele>2130.32</ele></trkpt>
<trkpt lon="13.04739152" lat="47.51787047"><ele>2124.67</ele></trkpt>
<trkpt lon="13.04737639" lat="47.51785942"><ele>2117.66</ele></trkpt>
<trkpt lon="13.04736390" lat="47.51786298"><ele>2112.18</ele></trkpt>
<trkpt lon="13.04735258" lat="47.51786738"><ele>2103.61</ele></trkpt>
<trkpt lon="13.04737867" lat="47.51788015"><ele>2103.40</ele></trkpt>
<trkpt lon="13.04738656" lat="47.51788245"><ele>2099.90</ele></trkpt>
<trkpt lon="13.04738539" lat="47.51788171"><ele>2097.59</ele></trkpt>
<trkpt lon="13.04737871" lat="47.51788267"><ele>2079.10</ele></trkpt>
<trkpt lon="13.04742304" lat="47.51791240"><ele>2078.09</ele></trkpt>
<trkpt lon="13.04740129" lat="47.51793282"><ele>2074.28</ele></trkpt>
<trkpt lon="13.04737534" lat="47.51796630"><ele>2070.09</ele></trkpt>
<trkpt lon="13.04738361" lat="47.51803708"><ele>2064.04</ele></trkpt>
<trkpt lon="13.04735423" lat="47.51804846"><ele>2062.75</ele></trkpt>
<trkpt lon="13.04734712" lat="47.51806471"><ele>2061.10</ele></trkpt>
<trkpt lon="13.04730886" lat="47.51810761"><ele>2057.81</ele></trkpt>
<trkpt lon="13.04720098" lat="47.51816192"><ele>2054.93</ele></trkpt>
<trkpt lon="13.04712452" lat="47.51822856"><ele>2052.80</ele></trkpt>
<trkpt lon="13.04708510" lat="47.51827423"><ele>2051.84</ele></trkpt>
<trkpt lon="13.04708955" lat="47.51827952"><ele>2053.63</ele></trkpt>
<trkpt lon="13.04703192" lat="47.51832911"><ele>2057.89</ele></trkpt>
</trkseg><trkseg>
<trkpt lon="13.04805590" lat="47.52010898"><ele>2134.00</ele></trkpt>
<trkpt lon="13.04805402" lat="47.52011660"><ele>2132.63</ele></trkpt>
<trkpt lon="13.04804918" lat="47.52012542"><ele>2131.09</ele></trkpt>
<trkpt lon="13.04802352" lat="47.52013308"><ele>2129.94</ele></trkpt>
<trkpt lon="13.04798996" lat="47.52016041"><ele>2129.11</ele></trkpt>
<trkpt lon="13.04801579" lat="47.52017686"><ele>2127.99</ele></trkpt>
<trkpt lon="13.04805023" lat="47.52020796"><ele>2126.80</ele></trkpt>
<trkpt lon="13.04798379" lat="47.52020520"><ele>2125.86</ele></trkpt>
<trkpt lon="13.04791475" lat="47.52022922"><ele>2121.82</ele></trkpt>
<trkpt lon="13.04787751" lat="47.52024488"><ele>2120.58</ele></trkpt>
<trkpt lon="13.04782130" lat="47.52018084"><ele>2118.89</ele></trkpt>
<trkpt lon="13.04781559" lat="47.52017013"><ele>2118.99</ele></trkpt>
<trkpt lon="13.04774035" lat="47.52019296"><ele>2116.72</ele></trkpt>
<trkpt lon="13.04768679" lat="47.52021158"><ele>2116.49</ele></trkpt>
<trkpt lon="13.04773615" lat="47.52024535"><ele>2116.89</ele></trkpt>
<trkpt lon="13.04764553" lat="47.52029258"><ele>2113.59</ele></trkpt>
<trkpt lon="13.04763566" lat="47.52028998"><ele>2103.93</ele></trkpt>
<trkpt lon="13.04759405" lat="47.52028378"><ele>2098.70</ele></trkpt>
<trkpt lon="13.04761306" lat="47.52025468"><ele>2093.91</ele></trkpt>
<trkpt lon="13.04758626" lat="47.52023596"><ele>2093.02</ele></trkpt>
<trkpt lon="13.04751742" lat="47.52024045"><ele>2092.53</ele></trkpt>
<trkpt lon="13.04750353" lat="47.52023887"><ele>2089.01</ele></trkpt>
<trkpt lon="13.04747756" lat="47.52025507"><ele>2090.21</ele></trkpt>
<trkpt lon="13.04749995" lat="47.52031385"><ele>2089.72</ele></trkpt>
<trkpt lon="13.04747287" lat="47.52035973"><ele>2086.93</ele></trkpt>
<trkpt lon="13.04741375" lat="47.52038158"><ele>2088.76</ele></trkpt>
<trkpt lon="13.04737374" lat="47.52032133"><ele>2088.14</ele></trkpt>
<trkpt lon="13.04731774" lat="47.52036276"><ele>2086.56</ele></trkpt>
<trkpt lon="13.04724757" lat="47.52036364"><ele>2085.95</ele></trkpt>
<trkpt lon="13.04719638" lat="47.52034342"><ele>2086.48</ele></trkpt>
<trkpt lon="13.04715833" lat="47.52037381"><ele>2086.31</ele></trkpt>
<trkpt lon="13.04711802" lat="47.52037169"><ele>2087.89</ele></trkpt>
<trkpt lon="13.04706832" lat="47.52040809"><ele>2089.62</ele></trkpt>
<trkpt lon="13.04702197" lat="47.52036114"><ele>2089.29</ele></trkpt>
<trkpt lon="13.04700627" lat="47.52041918"><ele>2084.59</ele></trkpt>
</trkseg><trkseg>
<trkpt lon="13.08096673" lat="47.49613337"><ele>1710.00</ele></trkpt>
<trkpt lon="13.08097162" lat="47.49627985"><ele>1706.83</ele></trkpt>
<trkpt lon="13.08104109" lat="47.49624268"><ele>1703.86</ele></trkpt>
<trkpt lon="13.08105006" lat="47.49625507"><ele>1701.40</ele></trkpt>
</trkseg><trkseg>
<trkpt lon="13.08104109" lat="47.49624268"><ele>1703.86</ele></trkpt>
<trkpt lon="13.08100510" lat="47.49623542"><ele>1700.37</ele></trkpt>
<trkpt lon="13.08103876" lat="47.49625182"><ele>1695.36</ele></trkpt>
<trkpt lon="13.08123533" lat="47.49637047"><ele>1691.51</ele></trkpt>
<trkpt lon="13.08132112" lat="47.49651210"><ele>1697.04</ele></trkpt>
<trkpt lon="13.08111253" lat="47.49645012"><ele>1695.84</ele></trkpt>
<trkpt lon="13.08102479" lat="47.49648213"><ele>1691.85</ele></trkpt>
<trkpt lon="13.08101116" lat="47.49656118"><ele>1676.52</ele></trkpt>
<trkpt lon="13.08095895" lat="47.49666009"><ele>1663.09</ele></trkpt>
<trkpt lon="13.08105025" lat="47.49680380"><ele>1653.84</ele></trkpt>
<trkpt lon="13.08115047" lat="47.49692470"><ele>1659.45</ele></trkpt>
<trkpt lon="13.08116074" lat="47.49709828"><ele>1664.62</ele></trkpt>
<trkpt lon="13.08108090" lat="47.49721590"><ele>1650.73</ele></trkpt>
<trkpt lon="13.08104014" lat="47.49731429"><ele>1643.07</ele></trkpt>
<trkpt lon="13.08107376" lat="47.49746998"><ele>1633.37</ele></trkpt>
<trkpt lon="13.08130680" lat="47.49754254"><ele>1627.83</ele></trkpt>
<trkpt lon="13.08153604" lat="47.49756636"><ele>1615.14</ele></trkpt>
<trkpt lon="13.08174840" lat="47.49749207"><ele>1604.32</ele></trkpt>
<trkpt lon="13.08181431" lat="47.49750541"><ele>1600.41</ele></trkpt>
<trkpt lon="13.08200156" lat="47.49745339"><ele>1587.16</ele></trkpt>
<trkpt lon="13.08219922" lat="47.49737814"><ele>1578.83</ele></trkpt>
<trkpt lon="13.08240106" lat="47.49731925"><ele>1579.99</ele></trkpt>
<trkpt lon="13.08257884" lat="47.49724303"><ele>1567.61</ele></trkpt>
<trkpt lon="13.08268884" lat="47.49719025"><ele>1568.50</ele></trkpt>
<trkpt lon="13.08293999" lat="47.49727958"><ele>1572.27</ele></trkpt>
<trkpt lon="13.08302395" lat="47.49734424"><ele>1568.20</ele></trkpt>
<trkpt lon="13.08306110" lat="47.49732291"><ele>1567.22</ele></trkpt>
<trkpt lon="13.08316410" lat="47.49736773"><ele>1560.52</ele></trkpt>
<trkpt lon="13.08323952" lat="47.49739680"><ele>1557.75</ele></trkpt>
<trkpt lon="13.08330227" lat="47.49746407"><ele>1554.87</ele></trkpt>
<trkpt lon="13.08331966" lat="47.49762103"><ele>1544.77</ele></trkpt>
<trkpt lon="13.08329387" lat="47.49770563"><ele>1542.02</ele></trkpt>
<trkpt lon="13.08330540" lat="47.49784116"><ele>1540.16</ele></trkpt>
<trkpt lon="13.08315093" lat="47.49796294"><ele>1538.92</ele></trkpt>
<trkpt lon="13.08299990" lat="47.49815784"><ele>1540.20</ele></trkpt>
<trkpt lon="13.08283040" lat="47.49823626"><ele>1539.12</ele></trkpt>
<trkpt lon="13.08269914" lat="47.49839882"><ele>1536.22</ele></trkpt>
<trkpt lon="13.08257736" lat="47.49855615"><ele>1537.60</ele></trkpt>
<trkpt lon="13.08239076" lat="47.49868845"><ele>1534.38</ele></trkpt>
<trkpt lon="13.08224490" lat="47.49878499"><ele>1535.45</ele></trkpt>
</trkseg><trkseg>
<trkpt lon="13.08239076" lat="47.49868845"><ele>1534.38</ele></trkpt>
<trkpt lon="13.08223119" lat="47.49875687"><ele>1538.46</ele></trkpt>
<trkpt lon="13.08231678" lat="47.49895528"><ele>1546.37</ele></trkpt>
<trkpt lon="13.08208729" lat="47.49912394"><ele>1549.50</ele></trkpt>
<trkpt lon="13.08208445" lat="47.49927857"><ele>1554.11</ele></trkpt>
<trkpt lon="13.08217193" lat="47.49938856"><ele>1551.16</ele></trkpt>
<trkpt lon="13.08221336" lat="47.49946871"><ele>1546.55</ele></trkpt>
<trkpt lon="13.08209152" lat="47.49955818"><ele>1541.63</ele></trkpt>
<trkpt lon="13.08208658" lat="47.49960993"><ele>1541.02</ele></trkpt>
<trkpt lon="13.08187116" lat="47.49970963"><ele>1537.91</ele></trkpt>
<trkpt lon="13.08195177" lat="47.49974202"><ele>1539.28</ele></trkpt>
<trkpt lon="13.08201106" lat="47.49992604"><ele>1534.83</ele></trkpt>
<trkpt lon="13.08200132" lat="47.50014985"><ele>1534.40</ele></trkpt>
<trkpt lon="13.08183407" lat="47.50018088"><ele>1540.22</ele></trkpt>
<trkpt lon="13.08177055" lat="47.50021491"><ele>1543.46</ele></trkpt>
<trkpt lon="13.08182421" lat="47.50041495"><ele>1543.46</ele></trkpt>
<trkpt lon="13.08201074" lat="47.50053991"><ele>1539.26</ele></trkpt>
<trkpt lon="13.08197069" lat="47.50069887"><ele>1529.32</ele></trkpt>
<trkpt lon="13.08185666" lat="47.50069795"><ele>1530.68</ele></trkpt>
<trkpt lon="13.08175325" lat="47.50072249"><ele>1524.68</ele></trkpt>
<trkpt lon="13.08174380" lat="47.50075977"><ele>1523.07</ele></trkpt>
<trkpt lon="13.08180705" lat="47.50086422"><ele>1524.17</ele></trkpt>
<trkpt lon="13.08196412" lat="47.50098113"><ele>1514.83</ele></trkpt>
<trkpt lon="13.08218727" lat="47.50113603"><ele>1519.94</ele></trkpt>
<trkpt lon="13.08240380" lat="47.50120660"><ele>1519.94</ele></trkpt>
<trkpt lon="13.08258428" lat="47.50134100"><ele>1519.94</ele></trkpt>
<trkpt lon="13.08264179" lat="47.50144625"><ele>1521.69</ele></trkpt>
<trkpt lon="13.08283269" lat="47.50154618"><ele>1529.79</ele></trkpt>
<trkpt lon="13.08293016" lat="47.50159721"><ele>1524.86</ele></trkpt>
<trkpt lon="13.08308123" lat="47.50160199"><ele>1524.46</ele></trkpt>
<trkpt lon="13.08309765" lat="47.50165805"><ele>1523.68</ele></trkpt>
<trkpt lon="13.08326018" lat="47.50166905"><ele>1527.21</ele></trkpt>
<trkpt lon="13.08336248" lat="47.50174787"><ele>1526.39</ele></trkpt>
<trkpt lon="13.08343840" lat="47.50189465"><ele>1520.10</ele></trkpt>
<trkpt lon="13.08351463" lat="47.50193453"><ele>1516.72</ele></trkpt>
<trkpt lon="13.08360116" lat="47.50180082"><ele>1518.14</ele></trkpt>
<trkpt lon="13.08371459" lat="47.50189135"><ele>1518.37</ele></trkpt>
<trkpt lon="13.08383954" lat="47.50186968"><ele>1520.26</ele></trkpt>
<trkpt lon="13.08392774" lat="47.50191264"><ele>1519.69</ele></trkpt>
<trkpt lon="13.08408153" lat="47.50205441"><ele>1515.53</ele></trkpt>
<trkpt lon="13.08427220" lat="47.50210583"><ele>1516.61</ele></trkpt>
<trkpt lon="13.08420972" lat="47.50222437"><ele>1523.74</ele></trkpt>
<trkpt lon="13.08438490" lat="47.50230046"><ele>1524.56</ele></trkpt>
<trkpt lon="13.08427095" lat="47.50245405"><ele>1531.14</ele></trkpt>
<trkpt lon="13.08410004" lat="47.50257105"><ele>1539.67</ele></trkpt>
<trkpt lon="13.08430847" lat="47.50262726"><ele>1540.26</ele></trkpt>
<trkpt lon="13.08450272" lat="47.50274452"><ele>1545.15</ele></trkpt>
<trkpt lon="13.08463554" lat="47.50280226"><ele>1545.56</ele></trkpt>
<trkpt lon="13.08473197" lat="47.50278317"><ele>1537.17</ele></trkpt>
<trkpt lon="13.08497794" lat="47.50276767"><ele>1532.87</ele></trkpt>
<trkpt lon="13.08510239" lat="47.50271225"><ele>1534.25</ele></trkpt>
<trkpt lon="13.08507976" lat="47.50260785"><ele>1535.48</ele></trkpt>
<trkpt lon="13.08518397" lat="47.50257593"><ele>1537.31</ele></trkpt>
<trkpt lon="13.08528992" lat="47.50256546"><ele>1534.05</ele></trkpt>
<trkpt lon="13.08528391" lat="47.50238747"><ele>1530.56</ele></trkpt>
<trkpt lon="13.08531019" lat="47.50229297"><ele>1524.88</ele></trkpt>
<trkpt lon="13.08540012" lat="47.50218613"><ele>1516.00</ele></trkpt>
<trkpt lon="13.08553822" lat="47.50210952"><ele>1505.12</ele></trkpt>
<trkpt lon="13.08571967" lat="47.50206405"><ele>1502.02</ele></trkpt>
<trkpt lon="13.08573037" lat="47.50224465"><ele>1502.02</ele></trkpt>
<trkpt lon="13.08572027" lat="47.50235057"><ele>1502.22</ele></trkpt>
<trkpt lon="13.08594263" lat="47.50245102"><ele>1503.98</ele></trkpt>
<trkpt lon="13.08600135" lat="47.50250140"><ele>1503.61</ele></trkpt>
<trkpt lon="13.08611004" lat="47.50270046"><ele>1503.20</ele></trkpt>
<trkpt lon="13.08623829" lat="47.50269387"><ele>1493.51</ele></trkpt>
<trkpt lon="13.08643062" lat="47.50263778"><ele>1482.05</ele></trkpt>
<trkpt lon="13.08640072" lat="47.50271512"><ele>1478.99</ele></trkpt>
<trkpt lon="13.08643617" lat="47.50282495"><ele>1478.99</ele></trkpt>
<trkpt lon="13.08646997" lat="47.50295086"><ele>1480.48</ele></trkpt>
<trkpt lon="13.08656434" lat="47.50312368"><ele>1479.77</ele></trkpt>
<trkpt lon="13.08677389" lat="47.50323336"><ele>1476.61</ele></trkpt>
<trkpt lon="13.08698303" lat="47.50334681"><ele>1475.55</ele></trkpt>
<trkpt lon="13.08710619" lat="47.50348402"><ele>1474.30</ele></trkpt>
<trkpt lon="13.08740950" lat="47.50339964"><ele>1481.39</ele></trkpt>
<trkpt lon="13.08758284" lat="47.50351177"><ele>1485.89</ele></trkpt>
<trkpt lon="13.08791308" lat="47.50362922"><ele>1485.40</ele></trkpt>
<trkpt lon="13.08808445" lat="47.50344833"><ele>1485.81</ele></trkpt>
<trkpt lon="13.08822454" lat="47.50352166"><ele>1487.92</ele></trkpt>
<trkpt lon="13.08807803" lat="47.50351526"><ele>1493.32</ele></trkpt>
<trkpt lon="13.08798561" lat="47.50358085"><ele>1493.84</ele></trkpt>
<trkpt lon="13.08796973" lat="47.50374750"><ele>1491.57</ele></trkpt>
<trkpt lon="13.08815024" lat="47.50388180"><ele>1491.21</ele></trkpt>
<trkpt lon="13.08836105" lat="47.50404441"><ele>1487.83</ele></trkpt>
<trkpt lon="13.08811852" lat="47.50411523"><ele>1484.32</ele></trkpt>
<trkpt lon="13.08786588" lat="47.50417193"><ele>1481.86</ele></trkpt>
<trkpt lon="13.08772415" lat="47.50419467"><ele>1481.09</ele></trkpt>
<trkpt lon="13.08764137" lat="47.50427275"><ele>1480.53</ele></trkpt>
<trkpt lon="13.08752183" lat="47.50428452"><ele>1479.58</ele></trkpt>
<trkpt lon="13.08759975" lat="47.50441324"><ele>1476.85</ele></trkpt>
<trkpt lon="13.08741718" lat="47.50450756"><ele>1477.15</ele></trkpt>
<trkpt lon="13.08735988" lat="47.50463717"><ele>1473.40</ele></trkpt>
<trkpt lon="13.08740394" lat="47.50464897"><ele>1472.45</ele></trkpt>
<trkpt lon="13.08746666" lat="47.50468070"><ele>1472.45</ele></trkpt>
<trkpt lon="13.08754436" lat="47.50474976"><ele>1475.58</ele></trkpt>
<trkpt lon="13.08775299" lat="47.50486293"><ele>1477.34</ele></trkpt>
<trkpt lon="13.08789758" lat="47.50500643"><ele>1482.52</ele></trkpt>
<trkpt lon="13.08808824" lat="47.50513892"><ele>1487.65</ele></trkpt>
<trkpt lon="13.08821006" lat="47.50504620"><ele>1493.79</ele></trkpt>
<trkpt lon="13.08830432" lat="47.50491909"><ele>1501.85</ele></trkpt>
<trkpt lon="13.08844685" lat="47.50489978"><ele>1505.20</ele></trkpt>
<trkpt lon="13.08854117" lat="47.50473066"><ele>1503.08</ele></trkpt>
<trkpt lon="13.08861557" lat="47.50457236"><ele>1504.05</ele></trkpt>
<trkpt lon="13.08892639" lat="47.50466914"><ele>1506.76</ele></trkpt>
<trkpt lon="13.08919138" lat="47.50469660"><ele>1507.11</ele></trkpt>
<trkpt lon="13.08936279" lat="47.50474507"><ele>1506.62</ele></trkpt>
<trkpt lon="13.08960303" lat="47.50473000"><ele>1499.28</ele></trkpt>
<trkpt lon="13.08970016" lat="47.50472496"><ele>1495.86</ele></trkpt>
<trkpt lon="13.08996198" lat="47.50475209"><ele>1492.70</ele></trkpt>
<trkpt lon="13.09020178" lat="47.50477111"><ele>1493.33</ele></trkpt>
<trkpt lon="13.09032690" lat="47.50476330"><ele>1494.16</ele></trkpt>
<trkpt lon="13.09046828" lat="47.50478653"><ele>1491.83</ele></trkpt>
<trkpt lon="13.09046762" lat="47.50470571"><ele>1494.41</ele></trkpt>
<trkpt lon="13.09057514" lat="47.50466305"><ele>1493.92</ele></trkpt>
<trkpt lon="13.09077086" lat="47.50475153"><ele>1486.03</ele></trkpt>
<trkpt lon="13.09079176" lat="47.50479408"><ele>1484.22</ele></trkpt>
<trkpt lon="13.09087403" lat="47.50490208"><ele>1469.20</ele></trkpt>
<trkpt lon="13.09089452" lat="47.50493751"><ele>1466.01</ele></trkpt>
<trkpt lon="13.09085955" lat="47.50509260"><ele>1461.99</ele></trkpt>
<trkpt lon="13.09101615" lat="47.50519051"><ele>1449.89</ele></trkpt>
<trkpt lon="13.09115293" lat="47.50524551"><ele>1447.34</ele></trkpt>
<trkpt lon="13.09136557" lat="47.50524473"><ele>1443.35</ele></trkpt>
<trkpt lon="13.09139188" lat="47.50534308"><ele>1439.09</ele></trkpt>
<trkpt lon="13.09159661" lat="47.50540677"><ele>1434.22</ele></trkpt>
<trkpt lon="13.09144690" lat="47.50549597"><ele>1429.63</ele></trkpt>
<trkpt lon="13.09127325" lat="47.50555670"><ele>1419.71</ele></trkpt>
<trkpt lon="13.09123335" lat="47.50573403"><ele>1410.41</ele></trkpt>
<trkpt lon="13.09131302" lat="47.50588814"><ele>1401.55</ele></trkpt>
<trkpt lon="13.09140775" lat="47.50603712"><ele>1397.39</ele></trkpt>
<trkpt lon="13.09164140" lat="47.50606125"><ele>1397.39</ele></trkpt>
<trkpt lon="13.09184712" lat="47.50595112"><ele>1399.82</ele></trkpt>
<trkpt lon="13.09191761" lat="47.50594068"><ele>1400.68</ele></trkpt>
<trkpt lon="13.09211989" lat="47.50591075"><ele>1400.68</ele></trkpt>
<trkpt lon="13.09218791" lat="47.50601267"><ele>1401.98</ele></trkpt>
<trkpt lon="13.09239757" lat="47.50607204"><ele>1396.42</ele></trkpt>
<trkpt lon="13.09260892" lat="47.50601904"><ele>1394.34</ele></trkpt>
<trkpt lon="13.09289644" lat="47.50607737"><ele>1396.32</ele></trkpt>
<trkpt lon="13.09307592" lat="47.50618195"><ele>1387.24</ele></trkpt>
<trkpt lon="13.09311630" lat="47.50622194"><ele>1376.18</ele></trkpt>
<trkpt lon="13.09325940" lat="47.50625294"><ele>1379.86</ele></trkpt>
<trkpt lon="13.09344169" lat="47.50614430"><ele>1367.99</ele></trkpt>
<trkpt lon="13.09353208" lat="47.50601703"><ele>1355.27</ele></trkpt>
<trkpt lon="13.09347800" lat="47.50597393"><ele>1351.19</ele></trkpt>
<trkpt lon="13.09361207" lat="47.50584739"><ele>1361.59</ele></trkpt>
<trkpt lon="13.09366218" lat="47.50579829"><ele>1362.53</ele></trkpt>
<trkpt lon="13.09385210" lat="47.50571371"><ele>1357.29</ele></trkpt>
<trkpt lon="13.09393169" lat="47.50566104"><ele>1353.02</ele></trkpt>
<trkpt lon="13.09417711" lat="47.50564263"><ele>1346.25</ele></trkpt>
<trkpt lon="13.09430710" lat="47.50548165"><ele>1346.25</ele></trkpt>
<trkpt lon="13.09438822" lat="47.50540516"><ele>1344.59</ele></trkpt>
<trkpt lon="13.09464775" lat="47.50544799"><ele>1346.35</ele></trkpt>
<trkpt lon="13.09475944" lat="47.50547360"><ele>1346.98</ele></trkpt>
<trkpt lon="13.09491803" lat="47.50550575"><ele>1349.85</ele></trkpt>
<trkpt lon="13.09497782" lat="47.50552699"><ele>1353.03</ele></trkpt>
<trkpt lon="13.09523344" lat="47.50557893"><ele>1358.42</ele></trkpt>
<trkpt lon="13.09544590" lat="47.50551686"><ele>1356.89</ele></trkpt>
<trkpt lon="13.09550847" lat="47.50536583"><ele>1353.82</ele></trkpt>
<trkpt lon="13.09553146" lat="47.50531042"><ele>1352.69</ele></trkpt>
<trkpt lon="13.09553552" lat="47.50521645"><ele>1345.64</ele></trkpt>
<trkpt lon="13.09561973" lat="47.50514254"><ele>1348.62</ele></trkpt>
<trkpt lon="13.09572128" lat="47.50520604"><ele>1345.04</ele></trkpt>
<trkpt lon="13.09573368" lat="47.50519005"><ele>1339.81</ele></trkpt>
<trkpt lon="13.09584768" lat="47.50526915"><ele>1321.57</ele></trkpt>
<trkpt lon="13.09597310" lat="47.50540351"><ele>1311.78</ele></trkpt>
<trkpt lon="13.09600020" lat="47.50526745"><ele>1314.47</ele></trkpt>
<trkpt lon="13.09617545" lat="47.50530528"><ele>1309.70</ele></trkpt>
<trkpt lon="13.09639117" lat="47.50541018"><ele>1306.89</ele></trkpt>
<trkpt lon="13.09650958" lat="47.50554740"><ele>1304.72</ele></trkpt>
<trkpt lon="13.09656174" lat="47.50557013"><ele>1302.44</ele></trkpt>
<trkpt lon="13.09670390" lat="47.50558311"><ele>1306.38</ele></trkpt>
<trkpt lon="13.09666212" lat="47.50564774"><ele>1306.10</ele></trkpt>
<trkpt lon="13.09674584" lat="47.50571959"><ele>1309.41</ele></trkpt>
<trkpt lon="13.09684738" lat="47.50587911"><ele>1315.31</ele></trkpt>
<trkpt lon="13.09692992" lat="47.50589910"><ele>1322.15</ele></trkpt>
<trkpt lon="13.09712213" lat="47.50593811"><ele>1325.09</ele></trkpt>
<trkpt lon="13.09728430" lat="47.50587133"><ele>1324.59</ele></trkpt>
<trkpt lon="13.09745145" lat="47.50585071"><ele>1326.16</ele></trkpt>
<trkpt lon="13.09758096" lat="47.50570268"><ele>1320.31</ele></trkpt>
<trkpt lon="13.09778774" lat="47.50560704"><ele>1313.07</ele></trkpt>
<trkpt lon="13.09803950" lat="47.50556352"><ele>1308.91</ele></trkpt>
<trkpt lon="13.09819161" lat="47.50570903"><ele>1312.77</ele></trkpt>
<trkpt lon="13.09831212" lat="47.50582864"><ele>1313.33</ele></trkpt>
<trkpt lon="13.09853354" lat="47.50575762"><ele>1321.55</ele></trkpt>
<trkpt lon="13.09856061" lat="47.50571767"><ele>1321.97</ele></trkpt>
<trkpt lon="13.09868086" lat="47.50565335"><ele>1308.69</ele></trkpt>
<trkpt lon="13.09870586" lat="47.50571504"><ele>1307.94</ele></trkpt>
<trkpt lon="13.09877475" lat="47.50569387"><ele>1305.04</ele></trkpt>
<trkpt lon="13.09887320" lat="47.50561901"><ele>1310.24</ele></trkpt>
<trkpt lon="13.09894524" lat="47.50558043"><ele>1311.33</ele></trkpt>
<trkpt lon="13.09916660" lat="47.50549268"><ele>1317.24</ele></trkpt>
<trkpt lon="13.09921450" lat="47.50533555"><ele>1326.72</ele></trkpt>
<trkpt lon="13.09942853" lat="47.50526694"><ele>1336.20</ele></trkpt>
<trkpt lon="13.09957152" lat="47.50527147"><ele>1341.70</ele></trkpt>
<trkpt lon="13.09976540" lat="47.50520926"><ele>1350.29</ele></trkpt>
<trkpt lon="13.09997315" lat="47.50529963"><ele>1358.18</ele></trkpt>
<trkpt lon="13.10010899" lat="47.50545080"><ele>1362.72</ele></trkpt>
<trkpt lon="13.10025109" lat="47.50554269"><ele>1363.24</ele></trkpt>
<trkpt lon="13.10049220" lat="47.50562129"><ele>1361.83</ele></trkpt>
<trkpt lon="13.10070688" lat="47.50572967"><ele>1360.78</ele></trkpt>
<trkpt lon="13.10095885" lat="47.50579072"><ele>1359.37</ele></trkpt>
<trkpt lon="13.10103659" lat="47.50587389"><ele>1357.24</ele></trkpt>
<trkpt lon="13.10104676" lat="47.50599329"><ele>1357.70</ele></trkpt>
<trkpt lon="13.10106748" lat="47.50606319"><ele>1363.46</ele></trkpt>
<trkpt lon="13.10113473" lat="47.50607267"><ele>1363.92</ele></trkpt>
<trkpt lon="13.10118333" lat="47.50606547"><ele>1368.08</ele></trkpt>
<trkpt lon="13.10136820" lat="47.50597675"><ele>1374.97</ele></trkpt>
<trkpt lon="13.10147732" lat="47.50608113"><ele>1371.69</ele></trkpt>
<trkpt lon="13.10138214" lat="47.50616477"><ele>1365.44</ele></trkpt>
<trkpt lon="13.10140482" lat="47.50623534"><ele>1361.17</ele></trkpt>
<trkpt lon="13.10151465" lat="47.50630896"><ele>1362.39</ele></trkpt>
<trkpt lon="13.10155418" lat="47.50631745"><ele>1364.19</ele></trkpt>
<trkpt lon="13.10163257" lat="47.50627978"><ele>1368.04</ele></trkpt>
<trkpt lon="13.10175845" lat="47.50630211"><ele>1369.42</ele></trkpt>
<trkpt lon="13.10190512" lat="47.50627494"><ele>1357.97</ele></trkpt>
<trkpt lon="13.10214902" lat="47.50621374"><ele>1357.28</ele></trkpt>
<trkpt lon="13.10223595" lat="47.50624460"><ele>1363.71</ele></trkpt>
<trkpt lon="13.10233807" lat="47.50621902"><ele>1363.71</ele></trkpt>
<trkpt lon="13.10241068" lat="47.50618666"><ele>1368.65</ele></trkpt>
<trkpt lon="13.10251310" lat="47.50624838"><ele>1374.14</ele></trkpt>
<trkpt lon="13.10250596" lat="47.50628452"><ele>1379.72</ele></trkpt>
<trkpt lon="13.10252415" lat="47.50631776"><ele>1383.27</ele></trkpt>
<trkpt lon="13.10262115" lat="47.50644498"><ele>1395.70</ele></trkpt>
<trkpt lon="13.10271022" lat="47.50644259"><ele>1398.56</ele></trkpt>
<trkpt lon="13.10292667" lat="47.50640235"><ele>1406.08</ele></trkpt>
<trkpt lon="13.10311925" lat="47.50633202"><ele>1408.10</ele></trkpt>
<trkpt lon="13.10320294" lat="47.50624999"><ele>1420.86</ele></trkpt>
<trkpt lon="13.10327565" lat="47.50624453"><ele>1427.66</ele></trkpt>
<trkpt lon="13.10339659" lat="47.50639671"><ele>1433.90</ele></trkpt>
<trkpt lon="13.10346701" lat="47.50645484"><ele>1429.82</ele></trkpt>
<trkpt lon="13.10354319" lat="47.50655931"><ele>1426.83</ele></trkpt>
<trkpt lon="13.10344118" lat="47.50665930"><ele>1415.09</ele></trkpt>
<trkpt lon="13.10343882" lat="47.50671371"><ele>1413.00</ele></trkpt>
<trkpt lon="13.10358982" lat="47.50678720"><ele>1418.38</ele></trkpt>
<trkpt lon="13.10369548" lat="47.50689189"><ele>1419.61</ele></trkpt>
<trkpt lon="13.10371399" lat="47.50691262"><ele>1424.29</ele></trkpt>
<trkpt lon="13.10388091" lat="47.50704577"><ele>1429.86</ele></trkpt>
<trkpt lon="13.10389753" lat="47.50708195"><ele>1430.75</ele></trkpt>
<trkpt lon="13.10406064" lat="47.50719911"><ele>1439.88</ele></trkpt>
<trkpt lon="13.10409075" lat="47.50723695"><ele>1443.34</ele></trkpt>
<trkpt lon="13.10418024" lat="47.50732247"><ele>1455.85</ele></trkpt>
<trkpt lon="13.10420631" lat="47.50736547"><ele>1462.22</ele></trkpt>
<trkpt lon="13.10427488" lat="47.50747863"><ele>1466.64</ele></trkpt>
</trkseg><trkseg>
<trkpt lon="13.06436673" lat="47.53001669"><ele>2025.00</ele></trkpt>
<trkpt lon="13.06428204" lat="47.53005782"><ele>2019.30</ele></trkpt>
<trkpt lon="13.06421386" lat="47.53004416"><ele>2018.01</ele></trkpt>
<trkpt lon="13.06418902" lat="47.53005472"><ele>2016.46</ele></trkpt>
<trkpt lon="13.06418674" lat="47.53005531"><ele>2012.47</ele></trkpt>
<trkpt lon="13.06416450" lat="47.53007113"><ele>2013.65</ele></trkpt>
<trkpt lon="13.06412542" lat="47.53007182"><ele>2005.04</ele></trkpt>
<trkpt lon="13.06413372" lat="47.53002319"><ele>2003.74</ele></trkpt>
<trkpt lon="13.06417654" lat="47.53001834"><ele>2002.50</ele></trkpt>
<trkpt lon="13.06415259" lat="47.52997249"><ele>2003.98</ele></trkpt>
<trkpt lon="13.06420418" lat="47.52994979"><ele>2005.24</ele></trkpt>
<trkpt lon="13.06420255" lat="47.52994697"><ele>2003.48</ele></trkpt>
<trkpt lon="13.06428479" lat="47.52996158"><ele>2003.28</ele></trkpt>
<trkpt lon="13.06428479" lat="47.52996158"><ele>1998.88</ele></trkpt>
<trkpt lon="13.06421279" lat="47.52996136"><ele>1997.11</ele></trkpt>
<trkpt lon="13.06419918" lat="47.52996635"><ele>1990.42</ele></trkpt>
<trkpt lon="13.06417730" lat="47.52997966"><ele>1984.84</ele></trkpt>
<trkpt lon="13.06415476" lat="47.52995687"><ele>1985.37</ele></trkpt>
<trkpt lon="13.06421556" lat="47.52992208"><ele>1985.65</ele></trkpt>
</trkseg><trkseg>
<trkpt lon="13.06428479" lat="47.52996158"><ele>1998.88</ele></trkpt>
<trkpt lon="13.06434412" lat="47.52996304"><ele>1999.37</ele></trkpt>
<trkpt lon="13.06437831" lat="47.52997279"><ele>1999.15</ele></trkpt>
<trkpt lon="13.06438993" lat="47.52996750"><ele>1998.84</ele></trkpt>
<trkpt lon="13.06445274" lat="47.52995389"><ele>1998.22</ele></trkpt>
<trkpt lon="13.06452239" lat="47.52996398"><ele>1997.54</ele></trkpt>
<trkpt lon="13.06455019" lat="47.52995950"><ele>1998.35</ele></trkpt>
<trkpt lon="13.06456183" lat="47.52996077"><ele>1997.40</ele></trkpt>
<trkpt lon="13.06456477" lat="47.52994948"><ele>1996.44</ele></trkpt>
<trkpt lon="13.06458243" lat="47.52994249"><ele>1995.50</ele></trkpt>
<trkpt lon="13.06460530" lat="47.52994936"><ele>1992.20</ele></trkpt>
<trkpt lon="13.06460530" lat="47.52994936"><ele>1969.00</ele></trkpt>
<trkpt lon="13.06460530" lat="47.52994936"><ele>1956.80</ele></trkpt>
</trkseg><trkseg>
<trkpt lon="13.06460530" lat="47.52994936"><ele>1969.00</ele></trkpt>
<trkpt lon="13.06457466" lat="47.52994794"><ele>1961.87</ele></trkpt>
<trkpt lon="13.06451547" lat="47.52997133"><ele>1934.86</ele></trkpt>
</trkseg><trkseg>
<trkpt lon="13.06451547" lat="47.52997133"><ele>1934.86</ele></trkpt>
<trkpt lon="13.06451286" lat="47.53000980"><ele>1933.51</ele></trkpt>
<trkpt lon="13.06448870" lat="47.53001290"><ele>1932.98</ele></trkpt>
<trkpt lon="13.06449883" lat="47.53001928"><ele>1933.16</ele></trkpt>
<trkpt lon="13.06449212" lat="47.53003536"><ele>1932.98</ele></trkpt>
<trkpt lon="13.06447024" lat="47.53003427"><ele>1932.23</ele></trkpt>
<trkpt lon="13.06446290" lat="47.53004612"><ele>1931.96</ele></trkpt>
<trkpt lon="13.06449363" lat="47.53005950"><ele>1931.52</ele></trkpt>
<trkpt lon="13.06449145" lat="47.53006100"><ele>1931.80</ele></trkpt>
<trkpt lon="13.06445470" lat="47.53007747"><ele>1931.24</ele></trkpt>
<trkpt lon="13.06445959" lat="47.53008196"><ele>1931.10</ele></trkpt>
<trkpt lon="13.06441219" lat="47.53009556"><ele>1929.85</ele></trkpt>
<trkpt lon="13.06436731" lat="47.53013089"><ele>1928.12</ele></trkpt>
<trkpt lon="13.06433955" lat="47.53013060"><ele>1927.92</ele></trkpt>
<trkpt lon="13.06430799" lat="47.53012521"><ele>1927.15</ele></trkpt>
<trkpt lon="13.06426679" lat="47.53011848"><ele>1926.48</ele></trkpt>
<trkpt lon="13.06424520" lat="47.53012019"><ele>1925.09</ele></trkpt>
<trkpt lon="13.06421547" lat="47.53011951"><ele>1923.90</ele></trkpt>
<trkpt lon="13.06420116" lat="47.53012907"><ele>1923.58</ele></trkpt>
<trkpt lon="13.06419192" lat="47.53012037"><ele>1923.44</ele></trkpt>
<trkpt lon="13.06417683" lat="47.53012605"><ele>1923.01</ele></trkpt>
<trkpt lon="13.06417547" lat="47.53011604"><ele>1922.20</ele></trkpt>
<trkpt lon="13.06419306" lat="47.53011112"><ele>1915.39</ele></trkpt>
<trkpt lon="13.06422488" lat="47.53011651"><ele>1915.74</ele></trkpt>
<trkpt lon="13.06419162" lat="47.53015015"><ele>1911.31</ele></trkpt>
<trkpt lon="13.06421800" lat="47.53016616"><ele>1909.38</ele></trkpt>
<trkpt lon="13.06421933" lat="47.53015880"><ele>1906.10</ele></trkpt>
</trkseg><trkseg>
<trkpt lon="13.06421933" lat="47.53015880"><ele>1906.10</ele></trkpt>
<trkpt lon="13.06423445" lat="47.53017769"><ele>1899.93</ele></trkpt>
</trkseg><trkseg>
<trkpt lon="13.06423445" lat="47.53017769"><ele>1899.93</ele></trkpt>
<trkpt lon="13.06424762" lat="47.53018088"><ele>1899.46</ele></trkpt>
</trkseg><trkseg>
<trkpt lon="13.06424762" lat="47.53018088"><ele>1899.46</ele></trkpt>
<trkpt lon="13.06425162" lat="47.53018769"><ele>1899.02</ele></trkpt>
</trkseg><trkseg>
<trkpt lon="13.06425162" lat="47.53018769"><ele>1899.02</ele></trkpt>
<trkpt lon="13.06425988" lat="47.53019062"><ele>1899.30</ele></trkpt>
</trkseg><trkseg>
<trkpt lon="13.06425988" lat="47.53019062"><ele>1899.30</ele></trkpt>
<trkpt lon="13.06426454" lat="47.53019772"><ele>1899.41</ele></trkpt>
</trkseg><trkseg>
<trkpt lon="13.06426454" lat="47.53019772"><ele>1899.41</ele></trkpt>
<trkpt lon="13.06425962" lat="47.53020124"><ele>1899.20</ele></trkpt>
</trkseg><trkseg>
<trkpt lon="13.06425962" lat="47.53020124"><ele>1899.20</ele></trkpt>
<trkpt lon="13.06425316" lat="47.53020725"><ele>1899.02</ele></trkpt>
</trkseg><trkseg>
<trkpt lon="13.06425316" lat="47.53020725"><ele>1899.02</ele></trkpt>
<trkpt lon="13.06424516" lat="47.53022601"><ele>1898.70</ele></trkpt>
</trkseg><trkseg>
<trkpt lon="13.06424516" lat="47.53022601"><ele>1898.70</ele></trkpt>
<trkpt lon="13.06425096" lat="47.53023096"><ele>1898.80</ele></trkpt>
</trkseg><trkseg>
<trkpt lon="13.06425096" lat="47.53023096"><ele>1898.80</ele></trkpt>
<trkpt lon="13.06427120" lat="47.53024417"><ele>1898.40</ele></trkpt>
</trkseg><trkseg>
<trkpt lon="13.06427120" lat="47.53024417"><ele>1898.40</ele></trkpt>
<trkpt lon="13.06431237" lat="47.53025171"><ele>1898.81</ele></trkpt>
</trkseg><trkseg>
<trkpt lon="13.06431237" lat="47.53025171"><ele>1898.81</ele></trkpt>
<trkpt lon="13.06432656" lat="47.53025249"><ele>1898.62</ele></trkpt>
</trkseg><trkseg>
<trkpt lon="13.06432656" lat="47.53025249"><ele>1898.62</ele></trkpt>
<trkpt lon="13.06434111" lat="47.53025066"><ele>1898.31</ele></trkpt>
</trkseg><trkseg>
<trkpt lon="13.06434111" lat="47.53025066"><ele>1898.31</ele></trkpt>
<trkpt lon="13.06435616" lat="47.53026037"><ele>1896.76</ele></trkpt>
</trkseg><trkseg>
<trkpt lon="13.06435616" lat="47.53026037"><ele>1896.76</ele></trkpt>
<trkpt lon="13.06436593" lat="47.53023695"><ele>1895.81</ele></trkpt>
</trkseg><trkseg>
<trkpt lon="13.06436593" lat="47.53023695"><ele>1895.81</ele></trkpt>
<trkpt lon="13.06433595" lat="47.53021404"><ele>1894.10</ele></trkpt>
</trkseg><trkseg>
<trkpt lon="13.06435616" lat="47.53026037"><ele>1896.76</ele></trkpt>
<trkpt lon="13.06437820" lat="47.53026812"><ele>1896.35</ele></trkpt>
</trkseg><trkseg>
<trkpt lon="13.06437820" lat="47.53026812"><ele>1896.35</ele></trkpt>
<trkpt lon="13.06437570" lat="47.53027815"><ele>1896.19</ele></trkpt>
</trkseg><trkseg>
<trkpt lon="13.06437570" lat="47.53027815"><ele>1896.19</ele></trkpt>
<trkpt lon="13.06436129" lat="47.53028358"><ele>1896.45</ele></trkpt>
</trkseg><trkseg>
<trkpt lon="13.06436129" lat="47.53028358"><ele>1896.45</ele></trkpt>
<trkpt lon="13.06435550" lat="47.53028915"><ele>1896.32</ele></trkpt>
</trkseg><trkseg>
<trkpt lon="13.06435550" lat="47.53028915"><ele>1896.32</ele></trkpt>
<trkpt lon="13.06435274" lat="47.53029558"><ele>1896.06</ele></trkpt>
</trkseg><trkseg>
<trkpt lon="13.06435274" lat="47.53029558"><ele>1896.06</ele></trkpt>
<trkpt lon="13.06434089" lat="47.53029619"><ele>1895.99</ele></trkpt>
</trkseg><trkseg>
<trkpt lon="13.03806665" lat="47.53930002"><ele>1977.30</ele></trkpt>
<trkpt lon="13.03806185" lat="47.53927195"><ele>1977.05</ele></trkpt>
<trkpt lon="13.03806751" lat="47.53920573"><ele>1966.90</ele></trkpt>
<trkpt lon="13.03806751" lat="47.53920573"><ele>1946.90</ele></trkpt>
<trkpt lon="13.03803681" lat="47.53919882"><ele>1931.54</ele></trkpt>
<trkpt lon="13.03803681" lat="47.53919882"><ele>1911.41</ele></trkpt>
<trkpt lon="13.03803873" lat="47.53919354"><ele>1911.41</ele></trkpt>
<trkpt lon="13.03803873" lat="47.53919354"><ele>1891.41</ele></trkpt>
<trkpt lon="13.03805181" lat="47.53919565"><ele>1891.41</ele></trkpt>
<trkpt lon="13.03802631" lat="47.53919162"><ele>1887.55</ele></trkpt>
<trkpt lon="13.03800963" lat="47.53913653"><ele>1886.76</ele></trkpt>
<trkpt lon="13.03804705" lat="47.53910955"><ele>1884.83</ele></trkpt>
<trkpt lon="13.03804705" lat="47.53910955"><ele>1848.63</ele></trkpt>
<trkpt lon="13.03806137" lat="47.53910673"><ele>1848.63</ele></trkpt>
<trkpt lon="13.03806137" lat="47.53910673"><ele>1832.23</ele></trkpt>
<trkpt lon="13.03811671" lat="47.53912289"><ele>1831.94</ele></trkpt>
<trkpt lon="13.03815631" lat="47.53912303"><ele>1827.08</ele></trkpt>
</trkseg><trkseg>
<trkpt lon="13.03815631" lat="47.53912303"><ele>1827.08</ele></trkpt>
<trkpt lon="13.03815937" lat="47.53912290"><ele>1825.60</ele></trkpt>
<trkpt lon="13.03815937" lat="47.53912290"><ele>1803.60</ele></trkpt>
<trkpt lon="13.03818357" lat="47.53914743"><ele>1800.43</ele></trkpt>
<trkpt lon="13.03813264" lat="47.53914116"><ele>1796.40</ele></trkpt>
<trkpt lon="13.03813264" lat="47.53914116"><ele>1782.23</ele></trkpt>
<trkpt lon="13.03812532" lat="47.53913797"><ele>1780.21</ele></trkpt>
<trkpt lon="13.03813044" lat="47.53911107"><ele>1778.02</ele></trkpt>
</trkseg><trkseg>
<trkpt lon="13.03812532" lat="47.53913797"><ele>1780.21</ele></trkpt>
<trkpt lon="13.03812066" lat="47.53916678"><ele>1779.04</ele></trkpt>
<trkpt lon="13.03809678" lat="47.53915485"><ele>1779.04</ele></trkpt>
<trkpt lon="13.03806918" lat="47.53913593"><ele>1779.04</ele></trkpt>
<trkpt lon="13.03806918" lat="47.53913593"><ele>1777.81</ele></trkpt>
<trkpt lon="13.03806178" lat="47.53910647"><ele>1777.10</ele></trkpt>
<trkpt lon="13.03806178" lat="47.53910647"><ele>1768.90</ele></trkpt>
<trkpt lon="13.03809531" lat="47.53908761"><ele>1765.94</ele></trkpt>
<trkpt lon="13.03809531" lat="47.53908761"><ele>1753.56</ele></trkpt>
<trkpt lon="13.03817402" lat="47.53906853"><ele>1752.11</ele></trkpt>
<trkpt lon="13.03818690" lat="47.53904742"><ele>1751.75</ele></trkpt>
<trkpt lon="13.03821579" lat="47.53906034"><ele>1747.59</ele></trkpt>
<trkpt lon="13.03823019" lat="47.53906958"><ele>1743.68</ele></trkpt>
<trkpt lon="13.03824272" lat="47.53906152"><ele>1743.68</ele></trkpt>
</trkseg><trkseg>
<trkpt lon="13.03824272" lat="47.53906152"><ele>1743.68</ele></trkpt>
<trkpt lon="13.03825041" lat="47.53908684"><ele>1743.22</ele></trkpt>
<trkpt lon="13.03823089" lat="47.53911135"><ele>1744.23</ele></trkpt>
<trkpt lon="13.03824160" lat="47.53914122"><ele>1745.97</ele></trkpt>
<trkpt lon="13.03831334" lat="47.53923792"><ele>1745.02</ele></trkpt>
<trkpt lon="13.03830671" lat="47.53921630"><ele>1745.10</ele></trkpt>
<trkpt lon="13.03832337" lat="47.53922901"><ele>1744.42</ele></trkpt>
<trkpt lon="13.03841154" lat="47.53922728"><ele>1731.39</ele></trkpt>
<trkpt lon="13.03842548" lat="47.53920970"><ele>1731.46</ele></trkpt>
<trkpt lon="13.03840550" lat="47.53918272"><ele>1729.41</ele></trkpt>
<trkpt lon="13.03843033" lat="47.53917613"><ele>1729.73</ele></trkpt>
<trkpt lon="13.03844117" lat="47.53918810"><ele>1730.38</ele></trkpt>
<trkpt lon="13.03848418" lat="47.53918218"><ele>1728.70</ele></trkpt>
<trkpt lon="13.03852937" lat="47.53917854"><ele>1720.41</ele></trkpt>
<trkpt lon="13.03855880" lat="47.53920532"><ele>1718.88</ele></trkpt>
<trkpt lon="13.03855867" lat="47.53921936"><ele>1718.23</ele></trkpt>
<trkpt lon="13.03854275" lat="47.53923303"><ele>1717.70</ele></trkpt>
<trkpt lon="13.03859914" lat="47.53923525"><ele>1718.17</ele></trkpt>
<trkpt lon="13.03860560" lat="47.53922601"><ele>1718.35</ele></trkpt>
</trkseg><trkseg>
<trkpt lon="13.03860560" lat="47.53922601"><ele>1718.35</ele></trkpt>
<trkpt lon="13.03859278" lat="47.53921697"><ele>1718.25</ele></trkpt>
<trkpt lon="13.03865950" lat="47.53920245"><ele>1712.40</ele></trkpt>
<trkpt lon="13.03866992" lat="47.53921163"><ele>1712.81</ele></trkpt>
<trkpt lon="13.03869606" lat="47.53920920"><ele>1698.65</ele></trkpt>
<trkpt lon="13.03869358" lat="47.53921851"><ele>1688.63</ele></trkpt>
<trkpt lon="13.03869871" lat="47.53933045"><ele>1691.73</ele></trkpt>
<trkpt lon="13.03870504" lat="47.53933533"><ele>1687.61</ele></trkpt>
<trkpt lon="13.03870245" lat="47.53935121"><ele>1686.02</ele></trkpt>
<trkpt lon="13.03870245" lat="47.53935121"><ele>1667.82</ele></trkpt>
<trkpt lon="13.03878518" lat="47.53936333"><ele>1667.82</ele></trkpt>
<trkpt lon="13.03876664" lat="47.53938677"><ele>1667.56</ele></trkpt>
<trkpt lon="13.03882334" lat="47.53936993"><ele>1668.05</ele></trkpt>
<trkpt lon="13.03883368" lat="47.53936362"><ele>1667.71</ele></trkpt>
<trkpt lon="13.03885063" lat="47.53935096"><ele>1665.44</ele></trkpt>
<trkpt lon="13.03890415" lat="47.53933028"><ele>1655.94</ele></trkpt>
<trkpt lon="13.03892724" lat="47.53937386"><ele>1656.30</ele></trkpt>
<trkpt lon="13.03893091" lat="47.53938598"><ele>1636.65</ele></trkpt>
<trkpt lon="13.03893091" lat="47.53938598"><ele>1620.91</ele></trkpt>
</trkseg><trkseg>
<trkpt lon="13.03893091" lat="47.53938598"><ele>1620.91</ele></trkpt>
<trkpt lon="13.03893990" lat="47.53933035"><ele>1619.58</ele></trkpt>
<trkpt lon="13.03893902" lat="47.53931117"><ele>1618.89</ele></trkpt>
<trkpt lon="13.03900359" lat="47.53929373"><ele>1615.36</ele></trkpt>
<trkpt lon="13.03904538" lat="47.53921706"><ele>1609.69</ele></trkpt>
<trkpt lon="13.03910885" lat="47.53918620"><ele>1607.31</ele></trkpt>
<trkpt lon="13.03910885" lat="47.53918620"><ele>1596.38</ele></trkpt>
<trkpt lon="13.03918918" lat="47.53918452"><ele>1594.18</ele></trkpt>
<trkpt lon="13.03920256" lat="47.53916774"><ele>1593.49</ele></trkpt>
<trkpt lon="13.03933118" lat="47.53917876"><ele>1576.58</ele></trkpt>
<trkpt lon="13.03940284" lat="47.53911718"><ele>1571.95</ele></trkpt>
<trkpt lon="13.03944201" lat="47.53912153"><ele>1570.22</ele></trkpt>
<trkpt lon="13.03949198" lat="47.53907866"><ele>1568.93</ele></trkpt>
<trkpt lon="13.03950686" lat="47.53908251"><ele>1568.76</ele></trkpt>
<trkpt lon="13.03955038" lat="47.53906283"><ele>1568.21</ele></trkpt>
<trkpt lon="13.03964486" lat="47.53900569"><ele>1566.87</ele></trkpt>
<trkpt lon="13.03964417" lat="47.53899928"><ele>1565.53</ele></trkpt>
</trkseg><trkseg>
<trkpt lon="13.03964417" lat="47.53899928"><ele>1565.53</ele></trkpt>
<trkpt lon="13.03971418" lat="47.53893929"><ele>1565.53</ele></trkpt>
<trkpt lon="13.03976055" lat="47.53889320"><ele>1565.53</ele></trkpt>
<trkpt lon="13.03976055" lat="47.53889320"><ele>1560.83</ele></trkpt>
<trkpt lon="13.03980635" lat="47.53883019"><ele>1560.83</ele></trkpt>
<trkpt lon="13.03980635" lat="47.53883019"><ele>1555.53</ele></trkpt>
<trkpt lon="13.03981826" lat="47.53877460"><ele>1555.53</ele></trkpt>
<trkpt lon="13.03981826" lat="47.53877460"><ele>1535.83</ele></trkpt>
<trkpt lon="13.03988365" lat="47.53876699"><ele>1535.83</ele></trkpt>
<trkpt lon="13.03988365" lat="47.53876699"><ele>1534.43</ele></trkpt>
<trkpt lon="13.03987960" lat="47.53867613"><ele>1534.43</ele></trkpt>
<trkpt lon="13.03987756" lat="47.53863101"><ele>1535.31</ele></trkpt>
<trkpt lon="13.03988528" lat="47.53860208"><ele>1531.14</ele></trkpt>
<trkpt lon="13.03991302" lat="47.53852805"><ele>1531.14</ele></trkpt>
<trkpt lon="13.03992312" lat="47.53852471"><ele>1525.20</ele></trkpt>
</trkseg><trkseg>
<trkpt lon="13.04716671" lat="47.52805552"><ele>2015.00</ele></trkpt>
<trkpt lon="13.04710592" lat="47.52802893"><ele>2006.55</ele></trkpt>
<trkpt lon="13.04708304" lat="47.52806562"><ele>2004.46</ele></trkpt>
<trkpt lon="13.04710350" lat="47.52808000"><ele>2002.56</ele></trkpt>
<trkpt lon="13.04707584" lat="47.52808763"><ele>2000.74</ele></trkpt>
<trkpt lon="13.04706843" lat="47.52810829"><ele>1999.47</ele></trkpt>
</trkseg><trkseg>
<trkpt lon="13.04674997" lat="47.52808334"><ele>2022.00</ele></trkpt>
<trkpt lon="13.04673526" lat="47.52806815"><ele>2006.24</ele></trkpt>
<trkpt lon="13.04673615" lat="47.52804423"><ele>2006.61</ele></trkpt>
<trkpt lon="13.04673514" lat="47.52804646"><ele>2004.63</ele></trkpt>
</trkseg><trkseg>
<trkpt lon="13.05899938" lat="47.53260926"><ele>1929.17</ele></trkpt>
<trkpt lon="13.05899718" lat="47.53256810"><ele>1928.10</ele></trkpt>
<trkpt lon="13.05900646" lat="47.53255431"><ele>1928.97</ele></trkpt>
<trkpt lon="13.05902392" lat="47.53255280"><ele>1934.43</ele></trkpt>
</trkseg><trkseg>
<trkpt lon="13.05859040" lat="47.53263841"><ele>1892.29</ele></trkpt>
<trkpt lon="13.05859040" lat="47.53263841"><ele>1892.29</ele></trkpt>
</trkseg><trkseg>
<trkpt lon="13.05859040" lat="47.53263841"><ele>1892.29</ele></trkpt>
<trkpt lon="13.05858816" lat="47.53268472"><ele>1888.16</ele></trkpt>
</trkseg><trkseg>
<trkpt lon="13.05855896" lat="47.53232402"><ele>1752.40</ele></trkpt>
<trkpt lon="13.05855701" lat="47.53233370"><ele>1752.41</ele></trkpt>
<trkpt lon="13.05854491" lat="47.53236985"><ele>1738.40</ele></trkpt>
<trkpt lon="13.05860055" lat="47.53240679"><ele>1735.44</ele></trkpt>
</trkseg><trkseg>
<trkpt lon="13.05860055" lat="47.53240679"><ele>1735.44</ele></trkpt>
<trkpt lon="13.05860776" lat="47.53242374"><ele>1733.19</ele></trkpt>
</trkseg><trkseg>
<trkpt lon="13.05860776" lat="47.53242374"><ele>1733.19</ele></trkpt>
<trkpt lon="13.05865269" lat="47.53240533"><ele>1727.74</ele></trkpt>
</trkseg><trkseg>
<trkpt lon="13.05865269" lat="47.53240533"><ele>1727.74</ele></trkpt>
<trkpt lon="13.05867701" lat="47.53235472"><ele>1729.12</ele></trkpt>
</trkseg><trkseg>
<trkpt lon="13.05867701" lat="47.53235472"><ele>1729.12</ele></trkpt>
<trkpt lon="13.05874721" lat="47.53236437"><ele>1727.27</ele></trkpt>
</trkseg><trkseg>
<trkpt lon="13.05874721" lat="47.53236437"><ele>1727.27</ele></trkpt>
<trkpt lon="13.05874294" lat="47.53238265"><ele>1726.88</ele></trkpt>
</trkseg><trkseg>
<trkpt lon="13.05874294" lat="47.53238265"><ele>1726.88</ele></trkpt>
<trkpt lon="13.05876583" lat="47.53239267"><ele>1724.72</ele></trkpt>
</trkseg><trkseg>
<trkpt lon="13.05876583" lat="47.53239267"><ele>1724.72</ele></trkpt>
<trkpt lon="13.05876939" lat="47.53240767"><ele>1724.66</ele></trkpt>
</trkseg><trkseg>
<trkpt lon="13.05876939" lat="47.53240767"><ele>1724.66</ele></trkpt>
<trkpt lon="13.05877092" lat="47.53242389"><ele>1725.57</ele></trkpt>
</trkseg><trkseg>
<trkpt lon="13.05877092" lat="47.53242389"><ele>1725.57</ele></trkpt>
<trkpt lon="13.05878239" lat="47.53242615"><ele>1725.47</ele></trkpt>
</trkseg><trkseg>
<trkpt lon="13.05878239" lat="47.53242615"><ele>1725.47</ele></trkpt>
<trkpt lon="13.05879973" lat="47.53242078"><ele>1726.16</ele></trkpt>
</trkseg><trkseg>
<trkpt lon="13.05879973" lat="47.53242078"><ele>1726.16</ele></trkpt>
<trkpt lon="13.05880022" lat="47.53241827"><ele>1725.68</ele></trkpt>
</trkseg><trkseg>
<trkpt lon="13.05880022" lat="47.53241827"><ele>1725.68</ele></trkpt>
<trkpt lon="13.05883539" lat="47.53240861"><ele>1724.48</ele></trkpt>
</trkseg><trkseg>
<trkpt lon="13.05883539" lat="47.53240861"><ele>1724.48</ele></trkpt>
<trkpt lon="13.05884538" lat="47.53240086"><ele>1724.27</ele></trkpt>
</trkseg><trkseg>
<trkpt lon="13.05884538" lat="47.53240086"><ele>1724.27</ele></trkpt>
<trkpt lon="13.05886636" lat="47.53240481"><ele>1724.88</ele></trkpt>
</trkseg><trkseg>
<trkpt lon="13.05886636" lat="47.53240481"><ele>1724.88</ele></trkpt>
<trkpt lon="13.05893139" lat="47.53236704"><ele>1722.28</ele></trkpt>
</trkseg><trkseg>
<trkpt lon="13.05893139" lat="47.53236704"><ele>1722.28</ele></trkpt>
<trkpt lon="13.05896228" lat="47.53236909"><ele>1719.84</ele></trkpt>
</trkseg><trkseg>
<trkpt lon="13.05896228" lat="47.53236909"><ele>1719.84</ele></trkpt>
<trkpt lon="13.05897621" lat="47.53236600"><ele>1716.50</ele></trkpt>
</trkseg><trkseg>
<trkpt lon="13.05874721" lat="47.53236437"><ele>1727.27</ele></trkpt>
<trkpt lon="13.05876580" lat="47.53237179"><ele>1725.05</ele></trkpt>
</trkseg><trkseg>
<trkpt lon="13.05876580" lat="47.53237179"><ele>1725.05</ele></trkpt>
<trkpt lon="13.05879679" lat="47.53237439"><ele>1722.76</ele></trkpt>
<trkpt lon="13.05881868" lat="47.53237908"><ele>1722.19</ele></trkpt>
<trkpt lon="13.05881331" lat="47.53239482"><ele>1721.74</ele></trkpt>
</trkseg><trkseg>
<trkpt lon="13.05917334" lat="47.53170831"><ele>1736.34</ele></trkpt>
<trkpt lon="13.05914315" lat="47.53167667"><ele>1737.73</ele></trkpt>
</trkseg><trkseg>
<trkpt lon="13.05914315" lat="47.53167667"><ele>1737.73</ele></trkpt>
<trkpt lon="13.05914724" lat="47.53167035"><ele>1738.89</ele></trkpt>
</trkseg><trkseg>
<trkpt lon="13.05914724" lat="47.53167035"><ele>1738.89</ele></trkpt>
<trkpt lon="13.05915370" lat="47.53166452"><ele>1739.89</ele></trkpt>
</trkseg><trkseg>
<trkpt lon="13.05915370" lat="47.53166452"><ele>1739.89</ele></trkpt>
<trkpt lon="13.05916346" lat="47.53165938"><ele>1741.14</ele></trkpt>
</trkseg><trkseg>
<trkpt lon="13.05916346" lat="47.53165938"><ele>1741.14</ele></trkpt>
<trkpt lon="13.05915050" lat="47.53164323"><ele>1741.19</ele></trkpt>
</trkseg><trkseg>
<trkpt lon="13.05932488" lat="47.53134645"><ele>1731.22</ele></trkpt>
<trkpt lon="13.05928442" lat="47.53133037"><ele>1728.26</ele></trkpt>
</trkseg><trkseg>
<trkpt lon="13.05928442" lat="47.53133037"><ele>1728.26</ele></trkpt>
<trkpt lon="13.05925877" lat="47.53134479"><ele>1727.29</ele></trkpt>
</trkseg><trkseg>
<trkpt lon="13.05925877" lat="47.53134479"><ele>1727.29</ele></trkpt>
<trkpt lon="13.05924554" lat="47.53136139"><ele>1727.33</ele></trkpt>
</trkseg><trkseg>
<trkpt lon="13.05921564" lat="47.53126424"><ele>1732.22</ele></trkpt>
<trkpt lon="13.05916735" lat="47.53123346"><ele>1732.28</ele></trkpt>
</trkseg><trkseg>
<trkpt lon="13.05916735" lat="47.53123346"><ele>1732.28</ele></trkpt>
<trkpt lon="13.05914662" lat="47.53121196"><ele>1732.58</ele></trkpt>
</trkseg><trkseg>
<trkpt lon="13.05878552" lat="47.53073271"><ele>1732.58</ele></trkpt>
<trkpt lon="13.05879099" lat="47.53069960"><ele>1733.84</ele></trkpt>
</trkseg><trkseg>
<trkpt lon="13.05879099" lat="47.53069960"><ele>1733.84</ele></trkpt>
<trkpt lon="13.05877326" lat="47.53067240"><ele>1733.61</ele></trkpt>
<trkpt lon="13.05876976" lat="47.53066640"><ele>1733.89</ele></trkpt>
</trkseg><trkseg>
<trkpt lon="13.05876976" lat="47.53066640"><ele>1733.89</ele></trkpt>
<trkpt lon="13.05876037" lat="47.53066543"><ele>1733.96</ele></trkpt>
</trkseg><trkseg>
<trkpt lon="13.05879099" lat="47.53069960"><ele>1733.84</ele></trkpt>
<trkpt lon="13.05879463" lat="47.53071613"><ele>1736.40</ele></trkpt>
</trkseg><trkseg>
<trkpt lon="13.05879463" lat="47.53071613"><ele>1736.40</ele></trkpt>
<trkpt lon="13.05873963" lat="47.53070179"><ele>1736.71</ele></trkpt>
</trkseg><trkseg>
<trkpt lon="13.05873963" lat="47.53070179"><ele>1736.71</ele></trkpt>
<trkpt lon="13.05872370" lat="47.53066895"><ele>1736.94</ele></trkpt>
</trkseg><trkseg>
<trkpt lon="13.05872370" lat="47.53066895"><ele>1736.94</ele></trkpt>
<trkpt lon="13.05871337" lat="47.53066094"><ele>1733.80</ele></trkpt>
</trkseg><trkseg>
<trkpt lon="13.05871337" lat="47.53066094"><ele>1733.80</ele></trkpt>
<trkpt lon="13.05867549" lat="47.53065751"><ele>1732.19</ele></trkpt>
</trkseg><trkseg>
<trkpt lon="13.05900279" lat="47.53067403"><ele>1701.57</ele></trkpt>
<trkpt lon="13.05905891" lat="47.53067264"><ele>1700.86</ele></trkpt>
</trkseg><trkseg>
<trkpt lon="13.05905891" lat="47.53067264"><ele>1700.86</ele></trkpt>
<trkpt lon="13.05908330" lat="47.53069222"><ele>1700.40</ele></trkpt>
</trkseg><trkseg>
<trkpt lon="13.05908330" lat="47.53069222"><ele>1700.40</ele></trkpt>
<trkpt lon="13.05912657" lat="47.53068243"><ele>1700.11</ele></trkpt>
</trkseg><trkseg>
<trkpt lon="13.05912657" lat="47.53068243"><ele>1700.11</ele></trkpt>
<trkpt lon="13.05914208" lat="47.53070852"><ele>1700.08</ele></trkpt>
</trkseg><trkseg>
<trkpt lon="13.05914208" lat="47.53070852"><ele>1700.08</ele></trkpt>
<trkpt lon="13.05922840" lat="47.53070980"><ele>1698.60</ele></trkpt>
</trkseg><trkseg>
<trkpt lon="13.05922840" lat="47.53070980"><ele>1698.60</ele></trkpt>
<trkpt lon="13.05922929" lat="47.53072520"><ele>1698.98</ele></trkpt>
</trkseg><trkseg>
<trkpt lon="13.05922929" lat="47.53072520"><ele>1698.98</ele></trkpt>
<trkpt lon="13.05928120" lat="47.53072257"><ele>1699.22</ele></trkpt>
</trkseg><trkseg>
<trkpt lon="13.05897104" lat="47.53219656"><ele>1737.08</ele></trkpt>
<trkpt lon="13.05894001" lat="47.53221628"><ele>1738.99</ele></trkpt>
</trkseg><trkseg>
<trkpt lon="13.05894001" lat="47.53221628"><ele>1738.99</ele></trkpt>
<trkpt lon="13.05895741" lat="47.53225617"><ele>1734.56</ele></trkpt>
</trkseg><trkseg>
<trkpt lon="13.05895741" lat="47.53225617"><ele>1734.56</ele></trkpt>
<trkpt lon="13.05892303" lat="47.53229500"><ele>1734.23</ele></trkpt>
</trkseg><trkseg>
<trkpt lon="13.05892303" lat="47.53229500"><ele>1734.23</ele></trkpt>
<trkpt lon="13.05892987" lat="47.53231464"><ele>1733.62</ele></trkpt>
</trkseg><trkseg>
<trkpt lon="13.05892987" lat="47.53231464"><ele>1733.62</ele></trkpt>
<trkpt lon="13.05890565" lat="47.53233016"><ele>1735.04</ele></trkpt>
</trkseg><trkseg>
<trkpt lon="13.05890565" lat="47.53233016"><ele>1735.04</ele></trkpt>
<trkpt lon="13.05887311" lat="47.53243048"><ele>1736.61</ele></trkpt>
</trkseg><trkseg>
<trkpt lon="13.05887311" lat="47.53243048"><ele>1736.61</ele></trkpt>
<trkpt lon="13.05888424" lat="47.53248178"><ele>1737.89</ele></trkpt>
</trkseg><trkseg>
<trkpt lon="13.05888424" lat="47.53248178"><ele>1737.89</ele></trkpt>
<trkpt lon="13.05888033" lat="47.53247973"><ele>1738.02</ele></trkpt>
</trkseg><trkseg>
<trkpt lon="13.05888033" lat="47.53247973"><ele>1738.02</ele></trkpt>
<trkpt lon="13.05887740" lat="47.53249426"><ele>1737.79</ele></trkpt>
</trkseg><trkseg>
<trkpt lon="13.05887740" lat="47.53249426"><ele>1737.79</ele></trkpt>
<trkpt lon="13.05886645" lat="47.53249938"><ele>1737.67</ele></trkpt>
</trkseg><trkseg>
<trkpt lon="13.05886645" lat="47.53249938"><ele>1737.67</ele></trkpt>
<trkpt lon="13.05886033" lat="47.53250324"><ele>1737.32</ele></trkpt>
</trkseg><trkseg>
<trkpt lon="13.05886033" lat="47.53250324"><ele>1737.32</ele></trkpt>
<trkpt lon="13.05884679" lat="47.53249932"><ele>1737.45</ele></trkpt>
</trkseg><trkseg>
<trkpt lon="13.05884679" lat="47.53249932"><ele>1737.45</ele></trkpt>
<trkpt lon="13.05885287" lat="47.53251094"><ele>1737.55</ele></trkpt>
</trkseg><trkseg>
<trkpt lon="13.05928120" lat="47.53072257"><ele>1699.22</ele></trkpt>
<trkpt lon="13.05933127" lat="47.53068715"><ele>1702.22</ele></trkpt>
<trkpt lon="13.05929809" lat="47.53066095"><ele>1702.69</ele></trkpt>
<trkpt lon="13.05925826" lat="47.53059197"><ele>1704.76</ele></trkpt>
<trkpt lon="13.05924420" lat="47.53056960"><ele>1702.64</ele></trkpt>
</trkseg><trkseg>
<trkpt lon="13.05928120" lat="47.53072257"><ele>1699.22</ele></trkpt>
<trkpt lon="13.05925289" lat="47.53074108"><ele>1698.44</ele></trkpt>
</trkseg><trkseg>
<trkpt lon="13.05925289" lat="47.53074108"><ele>1698.44</ele></trkpt>
<trkpt lon="13.05927864" lat="47.53077778"><ele>1697.98</ele></trkpt>
</trkseg><trkseg>
<trkpt lon="13.05927864" lat="47.53077778"><ele>1697.98</ele></trkpt>
<trkpt lon="13.05921171" lat="47.53079104"><ele>1696.42</ele></trkpt>
</trkseg><trkseg>
<trkpt lon="13.05921171" lat="47.53079104"><ele>1696.42</ele></trkpt>
<trkpt lon="13.05919721" lat="47.53081329"><ele>1695.44</ele></trkpt>
</trkseg><trkseg>
<trkpt lon="13.05919721" lat="47.53081329"><ele>1695.44</ele></trkpt>
<trkpt lon="13.05914485" lat="47.53081357"><ele>1694.31</ele></trkpt>
</trkseg><trkseg>
<trkpt lon="13.05914485" lat="47.53081357"><ele>1694.31</ele></trkpt>
<trkpt lon="13.05909438" lat="47.53083827"><ele>1692.64</ele></trkpt>
</trkseg><trkseg>
<trkpt lon="13.05909438" lat="47.53083827"><ele>1692.64</ele></trkpt>
<trkpt lon="13.05908025" lat="47.53083237"><ele>1692.50</ele></trkpt>
</trkseg><trkseg>
<trkpt lon="13.05908025" lat="47.53083237"><ele>1692.50</ele></trkpt>
<trkpt lon="13.05908151" lat="47.53085578"><ele>1691.40</ele></trkpt>
</trkseg><trkseg>
<trkpt lon="13.05908151" lat="47.53085578"><ele>1691.40</ele></trkpt>
<trkpt lon="13.05906140" lat="47.53086777"><ele>1691.06</ele></trkpt>
</trkseg><trkseg>
<trkpt lon="13.05906140" lat="47.53086777"><ele>1691.06</ele></trkpt>
<trkpt lon="13.05908042" lat="47.53087826"><ele>1690.47</ele></trkpt>
</trkseg><trkseg>
<trkpt lon="13.05908042" lat="47.53087826"><ele>1690.47</ele></trkpt>
<trkpt lon="13.05903318" lat="47.53088025"><ele>1689.50</ele></trkpt>
</trkseg><trkseg>
<trkpt lon="13.05930892" lat="47.53022363"><ele>1723.99</ele></trkpt>
<trkpt lon="13.05929505" lat="47.53017471"><ele>1728.54</ele></trkpt>
</trkseg><trkseg>
<trkpt lon="13.05929505" lat="47.53017471"><ele>1728.54</ele></trkpt>
<trkpt lon="13.05930349" lat="47.53016190"><ele>1731.14</ele></trkpt>
</trkseg><trkseg>
<trkpt lon="13.05930349" lat="47.53016190"><ele>1731.14</ele></trkpt>
<trkpt lon="13.05932285" lat="47.53009447"><ele>1736.05</ele></trkpt>
</trkseg><trkseg>
<trkpt lon="13.05932285" lat="47.53009447"><ele>1736.05</ele></trkpt>
<trkpt lon="13.05932277" lat="47.53007512"><ele>1737.58</ele></trkpt>
</trkseg><trkseg>
<trkpt lon="13.05967612" lat="47.53007300"><ele>1737.81</ele></trkpt>
<trkpt lon="13.05973010" lat="47.53005043"><ele>1738.79</ele></trkpt>
</trkseg><trkseg>
<trkpt lon="13.05973010" lat="47.53005043"><ele>1738.79</ele></trkpt>
<trkpt lon="13.05978816" lat="47.53005402"><ele>1738.45</ele></trkpt>
</trkseg><trkseg>
<trkpt lon="13.05978816" lat="47.53005402"><ele>1738.45</ele></trkpt>
<trkpt lon="13.05996387" lat="47.53003423"><ele>1739.35</ele></trkpt>
</trkseg><trkseg>
<trkpt lon="13.05996387" lat="47.53003423"><ele>1739.35</ele></trkpt>
<trkpt lon="13.06000368" lat="47.53001754"><ele>1740.35</ele></trkpt>
</trkseg><trkseg>
<trkpt lon="13.06000368" lat="47.53001754"><ele>1740.35</ele></trkpt>
<trkpt lon="13.06006931" lat="47.53002126"><ele>1740.35</ele></trkpt>
</trkseg><trkseg>
<trkpt lon="13.06006931" lat="47.53002126"><ele>1740.35</ele></trkpt>
<trkpt lon="13.06009071" lat="47.53002828"><ele>1740.01</ele></trkpt>
</trkseg><trkseg>
<trkpt lon="13.06009071" lat="47.53002828"><ele>1740.01</ele></trkpt>
<trkpt lon="13.06012109" lat="47.53000414"><ele>1740.97</ele></trkpt>
</trkseg><trkseg>
<trkpt lon="13.06012109" lat="47.53000414"><ele>1740.97</ele></trkpt>
<trkpt lon="13.06011781" lat="47.52999229"><ele>1741.31</ele></trkpt>
</trkseg><trkseg>
<trkpt lon="13.06011781" lat="47.52999229"><ele>1741.31</ele></trkpt>
<trkpt lon="13.06013751" lat="47.52996968"><ele>1742.31</ele></trkpt>
<trkpt lon="13.06026647" lat="47.52993479"><ele>1743.53</ele></trkpt>
</trkseg><trkseg>
<trkpt lon="13.06026647" lat="47.52993479"><ele>1743.53</ele></trkpt>
<trkpt lon="13.06029533" lat="47.52997028"><ele>1742.70</ele></trkpt>
</trkseg><trkseg>
<trkpt lon="13.06029533" lat="47.52997028"><ele>1742.70</ele></trkpt>
<trkpt lon="13.06031764" lat="47.52998488"><ele>1742.01</ele></trkpt>
<trkpt lon="13.06035051" lat="47.52997967"><ele>1741.48</ele></trkpt>
</trkseg><trkseg>
<trkpt lon="13.06035051" lat="47.52997967"><ele>1741.48</ele></trkpt>
<trkpt lon="13.06034887" lat="47.53000259"><ele>1741.23</ele></trkpt>
</trkseg><trkseg>
<trkpt lon="13.06034887" lat="47.53000259"><ele>1741.23</ele></trkpt>
<trkpt lon="13.06039477" lat="47.53002244"><ele>1740.08</ele></trkpt>
</trkseg><trkseg>
<trkpt lon="13.06039477" lat="47.53002244"><ele>1740.08</ele></trkpt>
<trkpt lon="13.06035780" lat="47.53004161"><ele>1738.87</ele></trkpt>
</trkseg><trkseg>
<trkpt lon="13.05930178" lat="47.53030557"><ele>1717.76</ele></trkpt>
<trkpt lon="13.05933045" lat="47.53035312"><ele>1712.81</ele></trkpt>
</trkseg><trkseg>
<trkpt lon="13.05933045" lat="47.53035312"><ele>1712.81</ele></trkpt>
<trkpt lon="13.05928372" lat="47.53037716"><ele>1711.64</ele></trkpt>
</trkseg><trkseg>
<trkpt lon="13.05928372" lat="47.53037716"><ele>1711.64</ele></trkpt>
<trkpt lon="13.05934945" lat="47.53042867"><ele>1706.45</ele></trkpt>
</trkseg><trkseg>
<trkpt lon="13.05934945" lat="47.53042867"><ele>1706.45</ele></trkpt>
<trkpt lon="13.05933191" lat="47.53043575"><ele>1704.70</ele></trkpt>
</trkseg><trkseg>
<trkpt lon="13.05933191" lat="47.53043575"><ele>1704.70</ele></trkpt>
<trkpt lon="13.05936508" lat="47.53045152"><ele>1703.78</ele></trkpt>
</trkseg><trkseg>
<trkpt lon="13.05936508" lat="47.53045152"><ele>1703.78</ele></trkpt>
<trkpt lon="13.05948948" lat="47.53047558"><ele>1701.28</ele></trkpt>
</trkseg><trkseg>
<trkpt lon="13.05948948" lat="47.53047558"><ele>1701.28</ele></trkpt>
<trkpt lon="13.05958883" lat="47.53059172"><ele>1688.55</ele></trkpt>
</trkseg><trkseg>
<trkpt lon="13.05958883" lat="47.53059172"><ele>1688.55</ele></trkpt>
<trkpt lon="13.05959242" lat="47.53060249"><ele>1687.95</ele></trkpt>
</trkseg><trkseg>
<trkpt lon="13.05959242" lat="47.53060249"><ele>1687.95</ele></trkpt>
<trkpt lon="13.05954328" lat="47.53063414"><ele>1687.26</ele></trkpt>
</trkseg><trkseg>
<trkpt lon="13.05954328" lat="47.53063414"><ele>1687.26</ele></trkpt>
<trkpt lon="13.05954398" lat="47.53065854"><ele>1685.63</ele></trkpt>
</trkseg><trkseg>
<trkpt lon="13.05954398" lat="47.53065854"><ele>1685.63</ele></trkpt>
<trkpt lon="13.05956539" lat="47.53067240"><ele>1684.26</ele></trkpt>
</trkseg><trkseg>
<trkpt lon="13.05956539" lat="47.53067240"><ele>1684.26</ele></trkpt>
<trkpt lon="13.05956803" lat="47.53070160"><ele>1684.02</ele></trkpt>
</trkseg><trkseg>
<trkpt lon="13.05956803" lat="47.53070160"><ele>1684.02</ele></trkpt>
<trkpt lon="13.05958678" lat="47.53070848"><ele>1683.19</ele></trkpt>
</trkseg><trkseg>
<trkpt lon="13.05958678" lat="47.53070848"><ele>1683.19</ele></trkpt>
<trkpt lon="13.05962341" lat="47.53073097"><ele>1681.72</ele></trkpt>
</trkseg><trkseg>
<trkpt lon="13.05962341" lat="47.53073097"><ele>1681.72</ele></trkpt>
<trkpt lon="13.05967395" lat="47.53074406"><ele>1680.81</ele></trkpt>
</trkseg><trkseg>
<trkpt lon="13.05967395" lat="47.53074406"><ele>1680.81</ele></trkpt>
<trkpt lon="13.05974501" lat="47.53078423"><ele>1680.49</ele></trkpt>
</trkseg><trkseg>
<trkpt lon="13.05974501" lat="47.53078423"><ele>1680.49</ele></trkpt>
<trkpt lon="13.05976029" lat="47.53076982"><ele>1680.48</ele></trkpt>
</trkseg><trkseg>
<trkpt lon="13.05976029" lat="47.53076982"><ele>1680.48</ele></trkpt>
<trkpt lon="13.05978583" lat="47.53076890"><ele>1680.64</ele></trkpt>
</trkseg><trkseg>
<trkpt lon="13.05978583" lat="47.53076890"><ele>1680.64</ele></trkpt>
<trkpt lon="13.05978960" lat="47.53075682"><ele>1680.76</ele></trkpt>
</trkseg><trkseg>
<trkpt lon="13.05978960" lat="47.53075682"><ele>1680.76</ele></trkpt>
<trkpt lon="13.05976403" lat="47.53074055"><ele>1681.74</ele></trkpt>
</trkseg><trkseg>
<trkpt lon="13.05976403" lat="47.53074055"><ele>1681.74</ele></trkpt>
<trkpt lon="13.05982295" lat="47.53070285"><ele>1683.75</ele></trkpt>
</trkseg><trkseg>
<trkpt lon="13.05927079" lat="47.53030991"><ele>1718.06</ele></trkpt>
<trkpt lon="13.05924123" lat="47.53030095"><ele>1717.43</ele></trkpt>
</trkseg><trkseg>
<trkpt lon="13.05924123" lat="47.53030095"><ele>1717.43</ele></trkpt>
<trkpt lon="13.05921040" lat="47.53031194"><ele>1716.75</ele></trkpt>
</trkseg><trkseg>
<trkpt lon="13.05921040" lat="47.53031194"><ele>1716.75</ele></trkpt>
<trkpt lon="13.05920772" lat="47.53029075"><ele>1716.37</ele></trkpt>
</trkseg><trkseg>
<trkpt lon="13.05920772" lat="47.53029075"><ele>1716.37</ele></trkpt>
<trkpt lon="13.05922231" lat="47.53029514"><ele>1714.13</ele></trkpt>
</trkseg><trkseg>
<trkpt lon="13.05922231" lat="47.53029514"><ele>1714.13</ele></trkpt>
<trkpt lon="13.05920237" lat="47.53028112"><ele>1714.63</ele></trkpt>
</trkseg><trkseg>
<trkpt lon="13.05920237" lat="47.53028112"><ele>1714.63</ele></trkpt>
<trkpt lon="13.05919548" lat="47.53025167"><ele>1714.56</ele></trkpt>
</trkseg><trkseg>
<trkpt lon="13.05919548" lat="47.53025167"><ele>1714.56</ele></trkpt>
<trkpt lon="13.05919956" lat="47.53023842"><ele>1716.32</ele></trkpt>
</trkseg><trkseg>
<trkpt lon="13.05919956" lat="47.53023842"><ele>1716.32</ele></trkpt>
<trkpt lon="13.05914454" lat="47.53022085"><ele>1715.13</ele></trkpt>
</trkseg><trkseg>
<trkpt lon="13.05914454" lat="47.53022085"><ele>1715.13</ele></trkpt>
<trkpt lon="13.05913355" lat="47.53020536"><ele>1716.43</ele></trkpt>
</trkseg><trkseg>
<trkpt lon="13.05913355" lat="47.53020536"><ele>1716.43</ele></trkpt>
<trkpt lon="13.05908172" lat="47.53019144"><ele>1716.88</ele></trkpt>
</trkseg><trkseg>
<trkpt lon="13.05908172" lat="47.53019144"><ele>1716.88</ele></trkpt>
<trkpt lon="13.05907038" lat="47.53017820"><ele>1718.64</ele></trkpt>
</trkseg><trkseg>
<trkpt lon="13.05907038" lat="47.53017820"><ele>1718.64</ele></trkpt>
<trkpt lon="13.05903090" lat="47.53012480"><ele>1719.50</ele></trkpt>
</trkseg><trkseg>
<trkpt lon="13.05903318" lat="47.53088025"><ele>1689.50</ele></trkpt>
<trkpt lon="13.05901677" lat="47.53090355"><ele>1687.30</ele></trkpt>
</trkseg><trkseg>
<trkpt lon="13.05901677" lat="47.53090355"><ele>1687.30</ele></trkpt>
<trkpt lon="13.05898200" lat="47.53089900"><ele>1686.21</ele></trkpt>
</trkseg><trkseg>
<trkpt lon="13.05898200" lat="47.53089900"><ele>1686.21</ele></trkpt>
<trkpt lon="13.05896533" lat="47.53088972"><ele>1685.20</ele></trkpt>
</trkseg><trkseg>
<trkpt lon="13.05896533" lat="47.53088972"><ele>1685.20</ele></trkpt>
<trkpt lon="13.05895276" lat="47.53089563"><ele>1683.28</ele></trkpt>
</trkseg><trkseg>
<trkpt lon="13.05895276" lat="47.53089563"><ele>1683.28</ele></trkpt>
<trkpt lon="13.05889296" lat="47.53091036"><ele>1682.71</ele></trkpt>
</trkseg><trkseg>
<trkpt lon="13.05889296" lat="47.53091036"><ele>1682.71</ele></trkpt>
<trkpt lon="13.05886014" lat="47.53092825"><ele>1682.75</ele></trkpt>
</trkseg><trkseg>
<trkpt lon="13.05886014" lat="47.53092825"><ele>1682.75</ele></trkpt>
<trkpt lon="13.05880581" lat="47.53092796"><ele>1682.81</ele></trkpt>
</trkseg><trkseg>
<trkpt lon="13.05880581" lat="47.53092796"><ele>1682.81</ele></trkpt>
<trkpt lon="13.05879569" lat="47.53091438"><ele>1682.51</ele></trkpt>
</trkseg><trkseg>
<trkpt lon="13.05879569" lat="47.53091438"><ele>1682.51</ele></trkpt>
<trkpt lon="13.05876592" lat="47.53091082"><ele>1682.65</ele></trkpt>
</trkseg><trkseg>
<trkpt lon="13.05876592" lat="47.53091082"><ele>1682.65</ele></trkpt>
<trkpt lon="13.05874295" lat="47.53090341"><ele>1681.71</ele></trkpt>
</trkseg><trkseg>
<trkpt lon="13.05874295" lat="47.53090341"><ele>1681.71</ele></trkpt>
<trkpt lon="13.05873375" lat="47.53088967"><ele>1681.08</ele></trkpt>
</trkseg><trkseg>
<trkpt lon="13.05873375" lat="47.53088967"><ele>1681.08</ele></trkpt>
<trkpt lon="13.05874358" lat="47.53087535"><ele>1680.89</ele></trkpt>
</trkseg><trkseg>
<trkpt lon="13.05874358" lat="47.53087535"><ele>1680.89</ele></trkpt>
<trkpt lon="13.05872015" lat="47.53085866"><ele>1680.72</ele></trkpt>
</trkseg><trkseg>
<trkpt lon="13.05872015" lat="47.53085866"><ele>1680.72</ele></trkpt>
<trkpt lon="13.05870318" lat="47.53085775"><ele>1679.67</ele></trkpt>
</trkseg><trkseg>
<trkpt lon="13.05870318" lat="47.53085775"><ele>1679.67</ele></trkpt>
<trkpt lon="13.05868920" lat="47.53084410"><ele>1676.34</ele></trkpt>
</trkseg><trkseg>
<trkpt lon="13.05843634" lat="47.53042373"><ele>1739.96</ele></trkpt>
<trkpt lon="13.05844551" lat="47.53040571"><ele>1740.94</ele></trkpt>
</trkseg><trkseg>
<trkpt lon="13.05844551" lat="47.53040571"><ele>1740.94</ele></trkpt>
<trkpt lon="13.05840522" lat="47.53041358"><ele>1742.43</ele></trkpt>
</trkseg><trkseg>
<trkpt lon="13.05840522" lat="47.53041358"><ele>1742.43</ele></trkpt>
<trkpt lon="13.05837046" lat="47.53038348"><ele>1737.41</ele></trkpt>
</trkseg><trkseg>
<trkpt lon="13.05982295" lat="47.53070285"><ele>1683.75</ele></trkpt>
<trkpt lon="13.05986702" lat="47.53068938"><ele>1685.74</ele></trkpt>
</trkseg><trkseg>
<trkpt lon="13.05986702" lat="47.53068938"><ele>1685.74</ele></trkpt>
<trkpt lon="13.05986339" lat="47.53066907"><ele>1686.43</ele></trkpt>
</trkseg><trkseg>
<trkpt lon="13.05986339" lat="47.53066907"><ele>1686.43</ele></trkpt>
<trkpt lon="13.05992723" lat="47.53067807"><ele>1687.03</ele></trkpt>
</trkseg><trkseg>
<trkpt lon="13.05986339" lat="47.53066907"><ele>1686.43</ele></trkpt>
<trkpt lon="13.05992614" lat="47.53066447"><ele>1687.15</ele></trkpt>
</trkseg><trkseg>
<trkpt lon="13.05992614" lat="47.53066447"><ele>1687.15</ele></trkpt>
<trkpt lon="13.05995971" lat="47.53059710"><ele>1693.60</ele></trkpt>
</trkseg><trkseg>
<trkpt lon="13.05877396" lat="47.53217235"><ele>1740.77</ele></trkpt>
<trkpt lon="13.05880113" lat="47.53214536"><ele>1738.37</ele></trkpt>
</trkseg><trkseg>
<trkpt lon="13.05880113" lat="47.53214536"><ele>1738.37</ele></trkpt>
<trkpt lon="13.05879869" lat="47.53211788"><ele>1735.73</ele></trkpt>
</trkseg><trkseg>
<trkpt lon="13.05879869" lat="47.53211788"><ele>1735.73</ele></trkpt>
<trkpt lon="13.05882501" lat="47.53210302"><ele>1728.64</ele></trkpt>
</trkseg><trkseg>
<trkpt lon="13.05882501" lat="47.53210302"><ele>1728.64</ele></trkpt>
<trkpt lon="13.05884391" lat="47.53211306"><ele>1728.07</ele></trkpt>
<trkpt lon="13.05885627" lat="47.53210931"><ele>1728.25</ele></trkpt>
<trkpt lon="13.05889936" lat="47.53211544"><ele>1729.39</ele></trkpt>
</trkseg><trkseg>
<trkpt lon="13.05889936" lat="47.53211544"><ele>1729.39</ele></trkpt>
<trkpt lon="13.05889969" lat="47.53213173"><ele>1728.76</ele></trkpt>
</trkseg><trkseg>
<trkpt lon="13.05889969" lat="47.53213173"><ele>1728.76</ele></trkpt>
<trkpt lon="13.05889397" lat="47.53213902"><ele>1724.32</ele></trkpt>
</trkseg><trkseg>
<trkpt lon="13.05889397" lat="47.53213902"><ele>1724.32</ele></trkpt>
<trkpt lon="13.05896246" lat="47.53214449"><ele>1711.69</ele></trkpt>
</trkseg><trkseg>
<trkpt lon="13.05896246" lat="47.53214449"><ele>1711.69</ele></trkpt>
<trkpt lon="13.05899045" lat="47.53213849"><ele>1711.05</ele></trkpt>
</trkseg><trkseg>
<trkpt lon="13.05899045" lat="47.53213849"><ele>1711.05</ele></trkpt>
<trkpt lon="13.05903858" lat="47.53213418"><ele>1697.36</ele></trkpt>
</trkseg><trkseg>
<trkpt lon="13.05903858" lat="47.53213418"><ele>1697.36</ele></trkpt>
<trkpt lon="13.05914433" lat="47.53216674"><ele>1687.37</ele></trkpt>
</trkseg><trkseg>
<trkpt lon="13.05914433" lat="47.53216674"><ele>1687.37</ele></trkpt>
<trkpt lon="13.05913886" lat="47.53214946"><ele>1684.56</ele></trkpt>
<trkpt lon="13.05917851" lat="47.53209758"><ele>1685.34</ele></trkpt>
<trkpt lon="13.05918392" lat="47.53205529"><ele>1685.57</ele></trkpt>
</trkseg><trkseg>
<trkpt lon="13.05913886" lat="47.53214946"><ele>1684.56</ele></trkpt>
<trkpt lon="13.05911377" lat="47.53215588"><ele>1683.88</ele></trkpt>
<trkpt lon="13.05915717" lat="47.53216093"><ele>1682.53</ele></trkpt>
<trkpt lon="13.05923962" lat="47.53213020"><ele>1668.26</ele></trkpt>
<trkpt lon="13.05924997" lat="47.53210176"><ele>1662.95</ele></trkpt>
<trkpt lon="13.05925631" lat="47.53208477"><ele>1663.35</ele></trkpt>
<trkpt lon="13.05925084" lat="47.53205300"><ele>1652.68</ele></trkpt>
<trkpt lon="13.05930092" lat="47.53206042"><ele>1651.80</ele></trkpt>
<trkpt lon="13.05934084" lat="47.53202645"><ele>1648.82</ele></trkpt>
<trkpt lon="13.05933033" lat="47.53199793"><ele>1647.11</ele></trkpt>
</trkseg><trkseg>
<trkpt lon="13.05915717" lat="47.53216093"><ele>1682.53</ele></trkpt>
<trkpt lon="13.05915587" lat="47.53218538"><ele>1682.60</ele></trkpt>
<trkpt lon="13.05914404" lat="47.53220354"><ele>1682.94</ele></trkpt>
</trkseg><trkseg>
<trkpt lon="13.05914404" lat="47.53220354"><ele>1682.94</ele></trkpt>
<trkpt lon="13.05912668" lat="47.53220567"><ele>1680.99</ele></trkpt>
<trkpt lon="13.05911464" lat="47.53223319"><ele>1679.97</ele></trkpt>
</trkseg><trkseg>
<trkpt lon="13.05911464" lat="47.53223319"><ele>1679.97</ele></trkpt>
<trkpt lon="13.05911181" lat="47.53225959"><ele>1681.68</ele></trkpt>
</trkseg><trkseg>
<trkpt lon="13.05911181" lat="47.53225959"><ele>1681.68</ele></trkpt>
<trkpt lon="13.05909888" lat="47.53230383"><ele>1680.51</ele></trkpt>
</trkseg><trkseg>
<trkpt lon="13.05909888" lat="47.53230383"><ele>1680.51</ele></trkpt>
<trkpt lon="13.05909565" lat="47.53232294"><ele>1682.12</ele></trkpt>
</trkseg><trkseg>
<trkpt lon="13.05909565" lat="47.53232294"><ele>1682.12</ele></trkpt>
<trkpt lon="13.05907226" lat="47.53233028"><ele>1680.83</ele></trkpt>
<trkpt lon="13.05907416" lat="47.53235074"><ele>1680.03</ele></trkpt>
</trkseg><trkseg>
<trkpt lon="13.05907416" lat="47.53235074"><ele>1680.03</ele></trkpt>
<trkpt lon="13.05905842" lat="47.53235236"><ele>1680.71</ele></trkpt>
<trkpt lon="13.05905144" lat="47.53237240"><ele>1681.37</ele></trkpt>
</trkseg><trkseg>
<trkpt lon="13.05885287" lat="47.53251094"><ele>1737.55</ele></trkpt>
<trkpt lon="13.05884150" lat="47.53253469"><ele>1738.58</ele></trkpt>
<trkpt lon="13.05881065" lat="47.53258204"><ele>1738.87</ele></trkpt>
<trkpt lon="13.05893876" lat="47.53258132"><ele>1727.09</ele></trkpt>
</trkseg><trkseg>
<trkpt lon="13.05881065" lat="47.53258204"><ele>1738.87</ele></trkpt>
<trkpt lon="13.05883557" lat="47.53260900"><ele>1736.73</ele></trkpt>
</trkseg><trkseg>
<trkpt lon="13.05883557" lat="47.53260900"><ele>1736.73</ele></trkpt>
<trkpt lon="13.05883964" lat="47.53266432"><ele>1735.15</ele></trkpt>
</trkseg><trkseg>
<trkpt lon="13.05881065" lat="47.53258204"><ele>1738.87</ele></trkpt>
<trkpt lon="13.05880571" lat="47.53258267"><ele>1741.70</ele></trkpt>
</trkseg><trkseg>
<trkpt lon="13.05880571" lat="47.53258267"><ele>1741.70</ele></trkpt>
<trkpt lon="13.05879105" lat="47.53260195"><ele>1743.07</ele></trkpt>
</trkseg><trkseg>
<trkpt lon="13.05933033" lat="47.53199793"><ele>1647.11</ele></trkpt>
<trkpt lon="13.05937836" lat="47.53195285"><ele>1639.88</ele></trkpt>
<trkpt lon="13.05944599" lat="47.53190244"><ele>1631.19</ele></trkpt>
</trkseg><trkseg>
<trkpt lon="13.05944599" lat="47.53190244"><ele>1631.19</ele></trkpt>
<trkpt lon="13.05944084" lat="47.53186555"><ele>1630.94</ele></trkpt>
</trkseg><trkseg>
<trkpt lon="13.05944084" lat="47.53186555"><ele>1630.94</ele></trkpt>
<trkpt lon="13.05946934" lat="47.53187467"><ele>1628.58</ele></trkpt>
</trkseg><trkseg>
<trkpt lon="13.05946934" lat="47.53187467"><ele>1628.58</ele></trkpt>
<trkpt lon="13.05950483" lat="47.53185250"><ele>1622.03</ele></trkpt>
</trkseg><trkseg>
<trkpt lon="13.05950483" lat="47.53185250"><ele>1622.03</ele></trkpt>
<trkpt lon="13.05955376" lat="47.53186260"><ele>1613.18</ele></trkpt>
</trkseg><trkseg>
<trkpt lon="13.05955376" lat="47.53186260"><ele>1613.18</ele></trkpt>
<trkpt lon="13.05955615" lat="47.53187686"><ele>1609.22</ele></trkpt>
</trkseg><trkseg>
<trkpt lon="13.05955615" lat="47.53187686"><ele>1609.22</ele></trkpt>
<trkpt lon="13.05960468" lat="47.53187606"><ele>1600.78</ele></trkpt>
</trkseg><trkseg>
<trkpt lon="13.05960468" lat="47.53187606"><ele>1600.78</ele></trkpt>
<trkpt lon="13.05965087" lat="47.53188080"><ele>1599.07</ele></trkpt>
<trkpt lon="13.05965686" lat="47.53191662"><ele>1598.38</ele></trkpt>
<trkpt lon="13.05967582" lat="47.53196095"><ele>1598.11</ele></trkpt>
<trkpt lon="13.05958373" lat="47.53199007"><ele>1602.56</ele></trkpt>
</trkseg><trkseg>
<trkpt lon="13.05992723" lat="47.53067807"><ele>1687.03</ele></trkpt>
<trkpt lon="13.06000757" lat="47.53067916"><ele>1686.12</ele></trkpt>
<trkpt lon="13.06009861" lat="47.53067836"><ele>1687.45</ele></trkpt>
<trkpt lon="13.06029609" lat="47.53064121"><ele>1692.79</ele></trkpt>
<trkpt lon="13.06043218" lat="47.53066178"><ele>1694.55</ele></trkpt>
<trkpt lon="13.06050505" lat="47.53063116"><ele>1696.97</ele></trkpt>
<trkpt lon="13.06063232" lat="47.53057743"><ele>1699.99</ele></trkpt>
<trkpt lon="13.06074497" lat="47.53057439"><ele>1700.48</ele></trkpt>
<trkpt lon="13.06087668" lat="47.53056600"><ele>1701.87</ele></trkpt>
<trkpt lon="13.06093174" lat="47.53054641"><ele>1703.91</ele></trkpt>
<trkpt lon="13.06098392" lat="47.53055468"><ele>1704.37</ele></trkpt>
<trkpt lon="13.06099559" lat="47.53053355"><ele>1707.80</ele></trkpt>
<trkpt lon="13.06105272" lat="47.53047953"><ele>1709.22</ele></trkpt>
<trkpt lon="13.06104820" lat="47.53042547"><ele>1714.53</ele></trkpt>
<trkpt lon="13.06107560" lat="47.53042467"><ele>1714.43</ele></trkpt>
<trkpt lon="13.06103754" lat="47.53041926"><ele>1718.61</ele></trkpt>
<trkpt lon="13.06095307" lat="47.53042566"><ele>1716.57</ele></trkpt>
<trkpt lon="13.06089674" lat="47.53043622"><ele>1714.66</ele></trkpt>
<trkpt lon="13.06088071" lat="47.53042776"><ele>1714.73</ele></trkpt>
</trkseg><trkseg>
<trkpt lon="13.06107560" lat="47.53042467"><ele>1714.43</ele></trkpt>
<trkpt lon="13.06111245" lat="47.53044158"><ele>1715.56</ele></trkpt>
</trkseg><trkseg>
<trkpt lon="13.06111245" lat="47.53044158"><ele>1715.56</ele></trkpt>
<trkpt lon="13.06111988" lat="47.53034803"><ele>1722.69</ele></trkpt>
</trkseg><trkseg>
<trkpt lon="13.06111988" lat="47.53034803"><ele>1722.69</ele></trkpt>
<trkpt lon="13.06117909" lat="47.53028434"><ele>1728.32</ele></trkpt>
</trkseg><trkseg>
<trkpt lon="13.06117909" lat="47.53028434"><ele>1728.32</ele></trkpt>
<trkpt lon="13.06121374" lat="47.53027079"><ele>1729.32</ele></trkpt>
</trkseg><trkseg>
<trkpt lon="13.06121374" lat="47.53027079"><ele>1729.32</ele></trkpt>
<trkpt lon="13.06117964" lat="47.53023710"><ele>1730.56</ele></trkpt>
</trkseg><trkseg>
<trkpt lon="13.06117964" lat="47.53023710"><ele>1730.56</ele></trkpt>
<trkpt lon="13.06119483" lat="47.53022161"><ele>1731.79</ele></trkpt>
</trkseg><trkseg>
<trkpt lon="13.06119483" lat="47.53022161"><ele>1731.79</ele></trkpt>
<trkpt lon="13.06119544" lat="47.53019787"><ele>1732.71</ele></trkpt>
</trkseg><trkseg>
<trkpt lon="13.06119544" lat="47.53019787"><ele>1732.71</ele></trkpt>
<trkpt lon="13.06115751" lat="47.53019957"><ele>1734.30</ele></trkpt>
</trkseg><trkseg>
<trkpt lon="13.06115751" lat="47.53019957"><ele>1734.30</ele></trkpt>
<trkpt lon="13.06102859" lat="47.53013953"><ele>1738.60</ele></trkpt>
</trkseg><trkseg>
<trkpt lon="13.06102859" lat="47.53013953"><ele>1738.60</ele></trkpt>
<trkpt lon="13.06095882" lat="47.53008220"><ele>1738.25</ele></trkpt>
</trkseg><trkseg>
<trkpt lon="13.06095882" lat="47.53008220"><ele>1738.25</ele></trkpt>
<trkpt lon="13.06092491" lat="47.53005796"><ele>1738.39</ele></trkpt>
<trkpt lon="13.06089366" lat="47.53004420"><ele>1738.74</ele></trkpt>
<trkpt lon="13.06085451" lat="47.53002491"><ele>1739.88</ele></trkpt>
</trkseg><trkseg>
<trkpt lon="13.06121374" lat="47.53027079"><ele>1729.32</ele></trkpt>
<trkpt lon="13.06123797" lat="47.53029100"><ele>1727.90</ele></trkpt>
</trkseg><trkseg>
<trkpt lon="13.06123797" lat="47.53029100"><ele>1727.90</ele></trkpt>
<trkpt lon="13.06132013" lat="47.53030058"><ele>1725.72</ele></trkpt>
</trkseg><trkseg>
<trkpt lon="13.06132013" lat="47.53030058"><ele>1725.72</ele></trkpt>
<trkpt lon="13.06136416" lat="47.53033138"><ele>1722.84</ele></trkpt>
</trkseg><trkseg>
<trkpt lon="13.06136416" lat="47.53033138"><ele>1722.84</ele></trkpt>
<trkpt lon="13.06140655" lat="47.53032040"><ele>1723.95</ele></trkpt>
</trkseg><trkseg>
<trkpt lon="13.05958373" lat="47.53199007"><ele>1602.56</ele></trkpt>
<trkpt lon="13.05956762" lat="47.53199817"><ele>1602.64</ele></trkpt>
<trkpt lon="13.05955356" lat="47.53201188"><ele>1604.43</ele></trkpt>
<trkpt lon="13.05951263" lat="47.53200489"><ele>1601.66</ele></trkpt>
<trkpt lon="13.05952057" lat="47.53205991"><ele>1598.47</ele></trkpt>
<trkpt lon="13.05950469" lat="47.53206522"><ele>1595.85</ele></trkpt>
<trkpt lon="13.05949478" lat="47.53208899"><ele>1593.70</ele></trkpt>
<trkpt lon="13.05953859" lat="47.53211502"><ele>1590.23</ele></trkpt>
<trkpt lon="13.05952914" lat="47.53214086"><ele>1592.47</ele></trkpt>
<trkpt lon="13.05957733" lat="47.53215985"><ele>1593.60</ele></trkpt>
<trkpt lon="13.05957150" lat="47.53217037"><ele>1592.70</ele></trkpt>
<trkpt lon="13.05957802" lat="47.53224193"><ele>1590.05</ele></trkpt>
<trkpt lon="13.05957470" lat="47.53227085"><ele>1589.33</ele></trkpt>
</trkseg><trkseg>
<trkpt lon="13.05944084" lat="47.53186555"><ele>1630.94</ele></trkpt>
<trkpt lon="13.05947537" lat="47.53184813"><ele>1631.43</ele></trkpt>
<trkpt lon="13.05952731" lat="47.53186638"><ele>1635.88</ele></trkpt>
<trkpt lon="13.05956234" lat="47.53184610"><ele>1638.39</ele></trkpt>
<trkpt lon="13.05957265" lat="47.53182944"><ele>1638.64</ele></trkpt>
<trkpt lon="13.05958866" lat="47.53180974"><ele>1636.25</ele></trkpt>
<trkpt lon="13.05950617" lat="47.53179115"><ele>1628.64</ele></trkpt>
<trkpt lon="13.05951628" lat="47.53175830"><ele>1626.40</ele></trkpt>
<trkpt lon="13.05952602" lat="47.53173219"><ele>1621.85</ele></trkpt>
<trkpt lon="13.05955678" lat="47.53173028"><ele>1619.33</ele></trkpt>
<trkpt lon="13.05956084" lat="47.53171370"><ele>1618.31</ele></trkpt>
<trkpt lon="13.05957951" lat="47.53170115"><ele>1617.91</ele></trkpt>
<trkpt lon="13.05956914" lat="47.53167965"><ele>1617.93</ele></trkpt>
<trkpt lon="13.05957806" lat="47.53167566"><ele>1616.59</ele></trkpt>
</trkseg><trkseg>
<trkpt lon="13.05944084" lat="47.53186555"><ele>1630.94</ele></trkpt>
<trkpt lon="13.05949471" lat="47.53190353"><ele>1632.63</ele></trkpt>
</trkseg><trkseg>
<trkpt lon="13.05949471" lat="47.53190353"><ele>1632.63</ele></trkpt>
<trkpt lon="13.05948401" lat="47.53190929"><ele>1632.18</ele></trkpt>
</trkseg><trkseg>
<trkpt lon="13.05957470" lat="47.53227085"><ele>1589.33</ele></trkpt>
<trkpt lon="13.05953118" lat="47.53229072"><ele>1577.45</ele></trkpt>
<trkpt lon="13.05948844" lat="47.53231105"><ele>1565.56</ele></trkpt>
<trkpt lon="13.05950410" lat="47.53231159"><ele>1552.26</ele></trkpt>
<trkpt lon="13.05956777" lat="47.53233624"><ele>1549.88</ele></trkpt>
<trkpt lon="13.05960710" lat="47.53230739"><ele>1549.32</ele></trkpt>
<trkpt lon="13.05963277" lat="47.53230656"><ele>1539.53</ele></trkpt>
<trkpt lon="13.05964594" lat="47.53226665"><ele>1534.91</ele></trkpt>
<trkpt lon="13.05966809" lat="47.53228926"><ele>1526.83</ele></trkpt>
<trkpt lon="13.05969711" lat="47.53230936"><ele>1526.62</ele></trkpt>
<trkpt lon="13.05971900" lat="47.53232089"><ele>1523.40</ele></trkpt>
<trkpt lon="13.05971560" lat="47.53230860"><ele>1519.82</ele></trkpt>
<trkpt lon="13.05971506" lat="47.53225847"><ele>1515.42</ele></trkpt>
</trkseg><trkseg>
<trkpt lon="13.05903090" lat="47.53012480"><ele>1719.50</ele></trkpt>
<trkpt lon="13.05901110" lat="47.53008541"><ele>1721.22</ele></trkpt>
<trkpt lon="13.05899344" lat="47.53006352"><ele>1720.70</ele></trkpt>
<trkpt lon="13.05898218" lat="47.53004101"><ele>1722.59</ele></trkpt>
<trkpt lon="13.05893300" lat="47.53002722"><ele>1722.29</ele></trkpt>
<trkpt lon="13.05887451" lat="47.52999563"><ele>1723.49</ele></trkpt>
</trkseg><trkseg>
<trkpt lon="13.05959242" lat="47.53060249"><ele>1687.95</ele></trkpt>
<trkpt lon="13.05960057" lat="47.53065149"><ele>1685.08</ele></trkpt>
</trkseg><trkseg>
<trkpt lon="13.05960057" lat="47.53065149"><ele>1685.08</ele></trkpt>
<trkpt lon="13.05956911" lat="47.53067588"><ele>1680.48</ele></trkpt>
</trkseg><trkseg>
<trkpt lon="13.05956911" lat="47.53067588"><ele>1680.48</ele></trkpt>
<trkpt lon="13.05952700" lat="47.53066869"><ele>1679.36</ele></trkpt>
</trkseg><trkseg>
<trkpt lon="13.05952700" lat="47.53066869"><ele>1679.36</ele></trkpt>
<trkpt lon="13.05951408" lat="47.53066586"><ele>1671.34</ele></trkpt>
</trkseg><trkseg>
<trkpt lon="13.05951408" lat="47.53066586"><ele>1671.34</ele></trkpt>
<trkpt lon="13.05954670" lat="47.53060630"><ele>1673.96</ele></trkpt>
</trkseg><trkseg>
<trkpt lon="13.05954670" lat="47.53060630"><ele>1673.96</ele></trkpt>
<trkpt lon="13.05959608" lat="47.53056791"><ele>1677.63</ele></trkpt>
</trkseg><trkseg>
<trkpt lon="13.05959608" lat="47.53056791"><ele>1677.63</ele></trkpt>
<trkpt lon="13.05955920" lat="47.53051968"><ele>1679.68</ele></trkpt>
</trkseg><trkseg>
<trkpt lon="13.05955920" lat="47.53051968"><ele>1679.68</ele></trkpt>
<trkpt lon="13.05961310" lat="47.53051007"><ele>1680.23</ele></trkpt>
</trkseg><trkseg>
<trkpt lon="13.05961310" lat="47.53051007"><ele>1680.23</ele></trkpt>
<trkpt lon="13.05966428" lat="47.53049851"><ele>1681.76</ele></trkpt>
</trkseg><trkseg>
<trkpt lon="13.05966428" lat="47.53049851"><ele>1681.76</ele></trkpt>
<trkpt lon="13.05971795" lat="47.53051670"><ele>1680.89</ele></trkpt>
</trkseg><trkseg>
<trkpt lon="13.05971795" lat="47.53051670"><ele>1680.89</ele></trkpt>
<trkpt lon="13.05976822" lat="47.53051899"><ele>1680.79</ele></trkpt>
</trkseg><trkseg>
<trkpt lon="13.05976822" lat="47.53051899"><ele>1680.79</ele></trkpt>
<trkpt lon="13.05980436" lat="47.53046120"><ele>1683.77</ele></trkpt>
</trkseg><trkseg>
<trkpt lon="13.05980436" lat="47.53046120"><ele>1683.77</ele></trkpt>
<trkpt lon="13.05987301" lat="47.53044428"><ele>1683.92</ele></trkpt>
</trkseg><trkseg>
<trkpt lon="13.05987301" lat="47.53044428"><ele>1683.92</ele></trkpt>
<trkpt lon="13.05995367" lat="47.53035026"><ele>1688.66</ele></trkpt>
</trkseg><trkseg>
<trkpt lon="13.05995367" lat="47.53035026"><ele>1688.66</ele></trkpt>
<trkpt lon="13.05997751" lat="47.53028767"><ele>1691.90</ele></trkpt>
</trkseg><trkseg>
<trkpt lon="13.05997751" lat="47.53028767"><ele>1691.90</ele></trkpt>
<trkpt lon="13.06003129" lat="47.53026672"><ele>1693.10</ele></trkpt>
</trkseg><trkseg>
<trkpt lon="13.06003129" lat="47.53026672"><ele>1693.10</ele></trkpt>
<trkpt lon="13.06008510" lat="47.53020554"><ele>1696.29</ele></trkpt>
</trkseg><trkseg>
<trkpt lon="13.06008510" lat="47.53020554"><ele>1696.29</ele></trkpt>
<trkpt lon="13.06018112" lat="47.53014886"><ele>1699.93</ele></trkpt>
</trkseg><trkseg>
<trkpt lon="13.06018112" lat="47.53014886"><ele>1699.93</ele></trkpt>
<trkpt lon="13.06024082" lat="47.53009003"><ele>1702.89</ele></trkpt>
</trkseg><trkseg>
<trkpt lon="13.06024082" lat="47.53009003"><ele>1702.89</ele></trkpt>
<trkpt lon="13.06029422" lat="47.53007959"><ele>1703.25</ele></trkpt>
</trkseg><trkseg>
<trkpt lon="13.06029422" lat="47.53007959"><ele>1703.25</ele></trkpt>
<trkpt lon="13.06033519" lat="47.53010710"><ele>1702.53</ele></trkpt>
</trkseg><trkseg>
<trkpt lon="13.06033519" lat="47.53010710"><ele>1702.53</ele></trkpt>
<trkpt lon="13.06036737" lat="47.53008110"><ele>1703.10</ele></trkpt>
</trkseg><trkseg>
<trkpt lon="13.06036737" lat="47.53008110"><ele>1703.10</ele></trkpt>
<trkpt lon="13.06044682" lat="47.53013868"><ele>1700.62</ele></trkpt>
</trkseg><trkseg>
<trkpt lon="13.06044682" lat="47.53013868"><ele>1700.62</ele></trkpt>
<trkpt lon="13.06051810" lat="47.53011172"><ele>1702.55</ele></trkpt>
</trkseg><trkseg>
<trkpt lon="13.06051810" lat="47.53011172"><ele>1702.55</ele></trkpt>
<trkpt lon="13.06062243" lat="47.53006382"><ele>1705.65</ele></trkpt>
</trkseg><trkseg>
<trkpt lon="13.06062243" lat="47.53006382"><ele>1705.65</ele></trkpt>
<trkpt lon="13.06059527" lat="47.53005454"><ele>1705.94</ele></trkpt>
</trkseg><trkseg>
<trkpt lon="13.06059527" lat="47.53005454"><ele>1705.94</ele></trkpt>
<trkpt lon="13.06060001" lat="47.53002709"><ele>1699.95</ele></trkpt>
</trkseg><trkseg>
<trkpt lon="13.06060001" lat="47.53002709"><ele>1699.95</ele></trkpt>
<trkpt lon="13.06058913" lat="47.53000126"><ele>1699.57</ele></trkpt>
</trkseg><trkseg>
<trkpt lon="13.06058913" lat="47.53000126"><ele>1699.57</ele></trkpt>
<trkpt lon="13.06065260" lat="47.53000584"><ele>1699.66</ele></trkpt>
</trkseg><trkseg>
<trkpt lon="13.06065260" lat="47.53000584"><ele>1699.66</ele></trkpt>
<trkpt lon="13.06070049" lat="47.52998622"><ele>1700.10</ele></trkpt>
</trkseg><trkseg>
<trkpt lon="13.06070049" lat="47.52998622"><ele>1700.10</ele></trkpt>
<trkpt lon="13.06071592" lat="47.52994968"><ele>1701.24</ele></trkpt>
</trkseg><trkseg>
<trkpt lon="13.06071592" lat="47.52994968"><ele>1701.24</ele></trkpt>
<trkpt lon="13.06078561" lat="47.52993358"><ele>1702.05</ele></trkpt>
</trkseg><trkseg>
<trkpt lon="13.06078561" lat="47.52993358"><ele>1702.05</ele></trkpt>
<trkpt lon="13.06084739" lat="47.52990457"><ele>1704.40</ele></trkpt>
</trkseg><trkseg>
<trkpt lon="13.06084739" lat="47.52990457"><ele>1704.40</ele></trkpt>
<trkpt lon="13.06083884" lat="47.52987707"><ele>1704.68</ele></trkpt>
</trkseg><trkseg>
<trkpt lon="13.06083884" lat="47.52987707"><ele>1704.68</ele></trkpt>
<trkpt lon="13.06081385" lat="47.52989546"><ele>1703.79</ele></trkpt>
<trkpt lon="13.06085580" lat="47.52987115"><ele>1702.48</ele></trkpt>
</trkseg><trkseg>
<trkpt lon="13.06085580" lat="47.52987115"><ele>1702.48</ele></trkpt>
<trkpt lon="13.06087637" lat="47.52985008"><ele>1703.34</ele></trkpt>
</trkseg><trkseg>
<trkpt lon="13.06087637" lat="47.52985008"><ele>1703.34</ele></trkpt>
<trkpt lon="13.06090010" lat="47.52984788"><ele>1705.48</ele></trkpt>
</trkseg><trkseg>
<trkpt lon="13.06090010" lat="47.52984788"><ele>1705.48</ele></trkpt>
<trkpt lon="13.06094266" lat="47.52984302"><ele>1697.99</ele></trkpt>
</trkseg><trkseg>
<trkpt lon="13.06094266" lat="47.52984302"><ele>1697.99</ele></trkpt>
<trkpt lon="13.06093450" lat="47.52982290"><ele>1697.83</ele></trkpt>
<trkpt lon="13.06096032" lat="47.52980021"><ele>1694.60</ele></trkpt>
</trkseg><trkseg>
<trkpt lon="13.06096032" lat="47.52980021"><ele>1694.60</ele></trkpt>
<trkpt lon="13.06093937" lat="47.52977736"><ele>1691.38</ele></trkpt>
</trkseg><trkseg>
<trkpt lon="13.06093937" lat="47.52977736"><ele>1691.38</ele></trkpt>
<trkpt lon="13.06097846" lat="47.52977667"><ele>1684.23</ele></trkpt>
</trkseg><trkseg>
<trkpt lon="13.05971506" lat="47.53225847"><ele>1515.42</ele></trkpt>
<trkpt lon="13.05974450" lat="47.53223845"><ele>1516.82</ele></trkpt>
</trkseg><trkseg>
<trkpt lon="13.05974450" lat="47.53223845"><ele>1516.82</ele></trkpt>
<trkpt lon="13.05974542" lat="47.53220625"><ele>1516.17</ele></trkpt>
</trkseg><trkseg>
<trkpt lon="13.05974542" lat="47.53220625"><ele>1516.17</ele></trkpt>
<trkpt lon="13.05976533" lat="47.53218886"><ele>1512.29</ele></trkpt>
</trkseg><trkseg>
<trkpt lon="13.05976533" lat="47.53218886"><ele>1512.29</ele></trkpt>
<trkpt lon="13.05979174" lat="47.53215727"><ele>1508.87</ele></trkpt>
</trkseg><trkseg>
<trkpt lon="13.05979174" lat="47.53215727"><ele>1508.87</ele></trkpt>
<trkpt lon="13.05977405" lat="47.53214348"><ele>1510.44</ele></trkpt>
<trkpt lon="13.05975308" lat="47.53213196"><ele>1510.18</ele></trkpt>
</trkseg><trkseg>
<trkpt lon="13.05975308" lat="47.53213196"><ele>1510.18</ele></trkpt>
<trkpt lon="13.05973759" lat="47.53212675"><ele>1504.99</ele></trkpt>
</trkseg><trkseg>
<trkpt lon="13.05973759" lat="47.53212675"><ele>1504.99</ele></trkpt>
<trkpt lon="13.05972783" lat="47.53213199"><ele>1504.16</ele></trkpt>
</trkseg><trkseg>
<trkpt lon="13.05972783" lat="47.53213199"><ele>1504.16</ele></trkpt>
<trkpt lon="13.05970252" lat="47.53213390"><ele>1502.34</ele></trkpt>
</trkseg><trkseg>
<trkpt lon="13.05970252" lat="47.53213390"><ele>1502.34</ele></trkpt>
<trkpt lon="13.05963196" lat="47.53215205"><ele>1502.28</ele></trkpt>
</trkseg><trkseg>
<trkpt lon="13.05963196" lat="47.53215205"><ele>1502.28</ele></trkpt>
<trkpt lon="13.05961570" lat="47.53215708"><ele>1502.27</ele></trkpt>
</trkseg><trkseg>
<trkpt lon="13.05961570" lat="47.53215708"><ele>1502.27</ele></trkpt>
<trkpt lon="13.05966511" lat="47.53216467"><ele>1502.00</ele></trkpt>
</trkseg><trkseg>
<trkpt lon="13.06097846" lat="47.52977667"><ele>1684.23</ele></trkpt>
<trkpt lon="13.06097308" lat="47.52981087"><ele>1683.10</ele></trkpt>
</trkseg><trkseg>
<trkpt lon="13.06097308" lat="47.52981087"><ele>1683.10</ele></trkpt>
<trkpt lon="13.06094282" lat="47.52981719"><ele>1682.42</ele></trkpt>
</trkseg><trkseg>
<trkpt lon="13.06094282" lat="47.52981719"><ele>1682.42</ele></trkpt>
<trkpt lon="13.06087301" lat="47.52983329"><ele>1681.87</ele></trkpt>
</trkseg><trkseg>
<trkpt lon="13.06087301" lat="47.52983329"><ele>1681.87</ele></trkpt>
<trkpt lon="13.06084914" lat="47.52984989"><ele>1682.12</ele></trkpt>
</trkseg><trkseg>
<trkpt lon="13.06084914" lat="47.52984989"><ele>1682.12</ele></trkpt>
<trkpt lon="13.06083420" lat="47.52983362"><ele>1682.72</ele></trkpt>
</trkseg><trkseg>
<trkpt lon="13.06083420" lat="47.52983362"><ele>1682.72</ele></trkpt>
<trkpt lon="13.06081180" lat="47.52986465"><ele>1681.54</ele></trkpt>
</trkseg><trkseg>
<trkpt lon="13.06081180" lat="47.52986465"><ele>1681.54</ele></trkpt>
<trkpt lon="13.06072065" lat="47.52991530"><ele>1679.39</ele></trkpt>
</trkseg><trkseg>
<trkpt lon="13.06072065" lat="47.52991530"><ele>1679.39</ele></trkpt>
<trkpt lon="13.06070162" lat="47.52990166"><ele>1679.95</ele></trkpt>
</trkseg><trkseg>
<trkpt lon="13.06070162" lat="47.52990166"><ele>1679.95</ele></trkpt>
<trkpt lon="13.06064321" lat="47.52988600"><ele>1680.32</ele></trkpt>
</trkseg><trkseg>
<trkpt lon="13.06064321" lat="47.52988600"><ele>1680.32</ele></trkpt>
<trkpt lon="13.06059756" lat="47.52987362"><ele>1680.38</ele></trkpt>
</trkseg><trkseg>
<trkpt lon="13.06059756" lat="47.52987362"><ele>1680.38</ele></trkpt>
<trkpt lon="13.06059228" lat="47.52991232"><ele>1679.49</ele></trkpt>
</trkseg><trkseg>
<trkpt lon="13.06059228" lat="47.52991232"><ele>1679.49</ele></trkpt>
<trkpt lon="13.06057387" lat="47.52994692"><ele>1678.48</ele></trkpt>
</trkseg><trkseg>
<trkpt lon="13.06057387" lat="47.52994692"><ele>1678.48</ele></trkpt>
<trkpt lon="13.06055138" lat="47.52994789"><ele>1678.44</ele></trkpt>
</trkseg><trkseg>
<trkpt lon="13.06055138" lat="47.52994789"><ele>1678.44</ele></trkpt>
<trkpt lon="13.06054552" lat="47.52996992"><ele>1676.80</ele></trkpt>
</trkseg><trkseg>
<trkpt lon="13.06054552" lat="47.52996992"><ele>1676.80</ele></trkpt>
<trkpt lon="13.06048753" lat="47.53001843"><ele>1674.35</ele></trkpt>
</trkseg><trkseg>
<trkpt lon="13.06048753" lat="47.53001843"><ele>1674.35</ele></trkpt>
<trkpt lon="13.06047745" lat="47.53004670"><ele>1673.39</ele></trkpt>
</trkseg><trkseg>
<trkpt lon="13.06047745" lat="47.53004670"><ele>1673.39</ele></trkpt>
<trkpt lon="13.06050119" lat="47.53004773"><ele>1671.30</ele></trkpt>
</trkseg><trkseg>
<trkpt lon="13.06050119" lat="47.53004773"><ele>1671.30</ele></trkpt>
<trkpt lon="13.06047132" lat="47.53005793"><ele>1670.35</ele></trkpt>
</trkseg><trkseg>
<trkpt lon="13.06047132" lat="47.53005793"><ele>1670.35</ele></trkpt>
<trkpt lon="13.06048589" lat="47.53009147"><ele>1668.78</ele></trkpt>
</trkseg><trkseg>
<trkpt lon="13.05890983" lat="47.53062243"><ele>1702.85</ele></trkpt>
<trkpt lon="13.05888294" lat="47.53065257"><ele>1703.65</ele></trkpt>
</trkseg><trkseg>
<trkpt lon="13.05905144" lat="47.53237240"><ele>1681.37</ele></trkpt>
<trkpt lon="13.05904705" lat="47.53241930"><ele>1681.99</ele></trkpt>
<trkpt lon="13.05903367" lat="47.53245066"><ele>1682.13</ele></trkpt>
<trkpt lon="13.05900768" lat="47.53251779"><ele>1685.79</ele></trkpt>
<trkpt lon="13.05900542" lat="47.53256437"><ele>1687.18</ele></trkpt>
<trkpt lon="13.05897431" lat="47.53261531"><ele>1690.25</ele></trkpt>
</trkseg><trkseg>
<trkpt lon="13.05966511" lat="47.53216467"><ele>1502.00</ele></trkpt>
<trkpt lon="13.05967716" lat="47.53216586"><ele>1502.05</ele></trkpt>
<trkpt lon="13.05970991" lat="47.53219638"><ele>1501.31</ele></trkpt>
<trkpt lon="13.05973276" lat="47.53221827"><ele>1501.30</ele></trkpt>
<trkpt lon="13.05976105" lat="47.53223288"><ele>1499.95</ele></trkpt>
<trkpt lon="13.05981210" lat="47.53225732"><ele>1499.99</ele></trkpt>
<trkpt lon="13.05982623" lat="47.53227052"><ele>1497.58</ele></trkpt>
<trkpt lon="13.05982648" lat="47.53227790"><ele>1496.56</ele></trkpt>
<trkpt lon="13.05984782" lat="47.53228663"><ele>1496.10</ele></trkpt>
<trkpt lon="13.05982815" lat="47.53230105"><ele>1496.07</ele></trkpt>
<trkpt lon="13.05985914" lat="47.53231463"><ele>1498.03</ele></trkpt>
<trkpt lon="13.05984726" lat="47.53232333"><ele>1497.57</ele></trkpt>
<trkpt lon="13.05982443" lat="47.53234085"><ele>1496.32</ele></trkpt>
<trkpt lon="13.05983182" lat="47.53234935"><ele>1493.34</ele></trkpt>
<trkpt lon="13.05983179" lat="47.53237526"><ele>1492.42</ele></trkpt>
<trkpt lon="13.05986219" lat="47.53239404"><ele>1490.90</ele></trkpt>
<trkpt lon="13.05988109" lat="47.53242208"><ele>1483.92</ele></trkpt>
</trkseg><trkseg>
<trkpt lon="13.05988109" lat="47.53242208"><ele>1483.92</ele></trkpt>
<trkpt lon="13.05987052" lat="47.53242028"><ele>1483.44</ele></trkpt>
<trkpt lon="13.05986935" lat="47.53244842"><ele>1477.56</ele></trkpt>
<trkpt lon="13.05984826" lat="47.53246543"><ele>1474.66</ele></trkpt>
<trkpt lon="13.05983730" lat="47.53248540"><ele>1467.69</ele></trkpt>
<trkpt lon="13.05984768" lat="47.53246326"><ele>1466.25</ele></trkpt>
<trkpt lon="13.05983656" lat="47.53243338"><ele>1466.61</ele></trkpt>
<trkpt lon="13.05980524" lat="47.53244311"><ele>1467.71</ele></trkpt>
<trkpt lon="13.05980773" lat="47.53244423"><ele>1469.79</ele></trkpt>
<trkpt lon="13.05977931" lat="47.53244744"><ele>1469.65</ele></trkpt>
<trkpt lon="13.05975525" lat="47.53244037"><ele>1468.05</ele></trkpt>
<trkpt lon="13.05975153" lat="47.53243671"><ele>1468.32</ele></trkpt>
<trkpt lon="13.05973430" lat="47.53246818"><ele>1467.22</ele></trkpt>
<trkpt lon="13.05972803" lat="47.53245062"><ele>1466.03</ele></trkpt>
<trkpt lon="13.05972653" lat="47.53245168"><ele>1463.95</ele></trkpt>
<trkpt lon="13.05969890" lat="47.53244077"><ele>1463.02</ele></trkpt>
<trkpt lon="13.05968726" lat="47.53247171"><ele>1463.28</ele></trkpt>
<trkpt lon="13.05967803" lat="47.53248082"><ele>1466.18</ele></trkpt>
<trkpt lon="13.05966085" lat="47.53249250"><ele>1465.85</ele></trkpt>
<trkpt lon="13.05959334" lat="47.53246409"><ele>1465.65</ele></trkpt>
<trkpt lon="13.05959052" lat="47.53245045"><ele>1465.71</ele></trkpt>
<trkpt lon="13.05955814" lat="47.53244955"><ele>1465.22</ele></trkpt>
<trkpt lon="13.05953532" lat="47.53245933"><ele>1465.01</ele></trkpt>
<trkpt lon="13.05949758" lat="47.53247048"><ele>1464.64</ele></trkpt>
<trkpt lon="13.05944343" lat="47.53246515"><ele>1463.57</ele></trkpt>
<trkpt lon="13.05943308" lat="47.53247199"><ele>1463.19</ele></trkpt>
<trkpt lon="13.05941861" lat="47.53247886"><ele>1463.44</ele></trkpt>
<trkpt lon="13.05937856" lat="47.53250545"><ele>1461.57</ele></trkpt>
<trkpt lon="13.05937163" lat="47.53253133"><ele>1460.25</ele></trkpt>
<trkpt lon="13.05944039" lat="47.53255472"><ele>1459.91</ele></trkpt>
<trkpt lon="13.05943857" lat="47.53258241"><ele>1457.80</ele></trkpt>
<trkpt lon="13.05941630" lat="47.53258833"><ele>1457.42</ele></trkpt>
<trkpt lon="13.05945451" lat="47.53260409"><ele>1456.94</ele></trkpt>
<trkpt lon="13.05945229" lat="47.53262835"><ele>1455.72</ele></trkpt>
<trkpt lon="13.05943531" lat="47.53262752"><ele>1455.63</ele></trkpt>
<trkpt lon="13.05942709" lat="47.53264502"><ele>1454.86</ele></trkpt>
<trkpt lon="13.05939303" lat="47.53267513"><ele>1452.77</ele></trkpt>
<trkpt lon="13.05931635" lat="47.53270074"><ele>1450.75</ele></trkpt>
<trkpt lon="13.05927333" lat="47.53269992"><ele>1449.39</ele></trkpt>
<trkpt lon="13.05925406" lat="47.53271435"><ele>1449.04</ele></trkpt>
<trkpt lon="13.05926375" lat="47.53274349"><ele>1447.54</ele></trkpt>
<trkpt lon="13.05919483" lat="47.53273179"><ele>1446.97</ele></trkpt>
<trkpt lon="13.05919519" lat="47.53273630"><ele>1447.01</ele></trkpt>
<trkpt lon="13.05913592" lat="47.53274033"><ele>1445.79</ele></trkpt>
<trkpt lon="13.05909653" lat="47.53275263"><ele>1444.73</ele></trkpt>
<trkpt lon="13.05904032" lat="47.53271685"><ele>1445.56</ele></trkpt>
<trkpt lon="13.05906480" lat="47.53271232"><ele>1445.82</ele></trkpt>
<trkpt lon="13.05906463" lat="47.53272788"><ele>1445.27</ele></trkpt>
<trkpt lon="13.05909591" lat="47.53273714"><ele>1444.49</ele></trkpt>
<trkpt lon="13.05914286" lat="47.53276466"><ele>1444.41</ele></trkpt>
<trkpt lon="13.05913700" lat="47.53278642"><ele>1443.18</ele></trkpt>
<trkpt lon="13.05914618" lat="47.53278982"><ele>1443.21</ele></trkpt>
</trkseg><trkseg>
<trkpt lon="13.05909653" lat="47.53275263"><ele>1444.73</ele></trkpt>
<trkpt lon="13.05910756" lat="47.53276352"><ele>1444.45</ele></trkpt>
</trkseg><trkseg>
<trkpt lon="13.05941630" lat="47.53258833"><ele>1457.42</ele></trkpt>
<trkpt lon="13.05939554" lat="47.53259986"><ele>1457.69</ele></trkpt>
</trkseg><trkseg>
<trkpt lon="13.05973430" lat="47.53246818"><ele>1467.22</ele></trkpt>
<trkpt lon="13.05971861" lat="47.53247926"><ele>1467.38</ele></trkpt>
</trkseg><trkseg>
<trkpt lon="13.05852781" lat="47.53037525"><ele>1713.71</ele></trkpt>
<trkpt lon="13.05849589" lat="47.53040135"><ele>1709.64</ele></trkpt>
</trkseg><trkseg>
<trkpt lon="13.05855189" lat="47.53041390"><ele>1713.81</ele></trkpt>
<trkpt lon="13.05855596" lat="47.53037564"><ele>1718.00</ele></trkpt>
</trkseg><trkseg>
<trkpt lon="13.06072065" lat="47.52991530"><ele>1679.39</ele></trkpt>
<trkpt lon="13.06068491" lat="47.52992594"><ele>1678.44</ele></trkpt>
</trkseg><trkseg>
<trkpt lon="13.06068491" lat="47.52992594"><ele>1678.44</ele></trkpt>
<trkpt lon="13.06071107" lat="47.52994798"><ele>1678.08</ele></trkpt>
</trkseg><trkseg>
<trkpt lon="13.06071107" lat="47.52994798"><ele>1678.08</ele></trkpt>
<trkpt lon="13.06077743" lat="47.52992841"><ele>1679.17</ele></trkpt>
</trkseg><trkseg>
<trkpt lon="13.06077743" lat="47.52992841"><ele>1679.17</ele></trkpt>
<trkpt lon="13.06084926" lat="47.52993313"><ele>1677.96</ele></trkpt>
</trkseg><trkseg>
<trkpt lon="13.06084926" lat="47.52993313"><ele>1677.96</ele></trkpt>
<trkpt lon="13.06096622" lat="47.52997533"><ele>1676.55</ele></trkpt>
</trkseg><trkseg>
<trkpt lon="13.06096622" lat="47.52997533"><ele>1676.55</ele></trkpt>
<trkpt lon="13.06105283" lat="47.52997941"><ele>1676.32</ele></trkpt>
</trkseg><trkseg>
<trkpt lon="13.06105283" lat="47.52997941"><ele>1676.32</ele></trkpt>
<trkpt lon="13.06104997" lat="47.53001715"><ele>1674.81</ele></trkpt>
</trkseg><trkseg>
<trkpt lon="13.06104997" lat="47.53001715"><ele>1674.81</ele></trkpt>
<trkpt lon="13.06103405" lat="47.53004172"><ele>1673.27</ele></trkpt>
</trkseg><trkseg>
<trkpt lon="13.06103405" lat="47.53004172"><ele>1673.27</ele></trkpt>
<trkpt lon="13.06104420" lat="47.53006924"><ele>1672.32</ele></trkpt>
</trkseg><trkseg>
<trkpt lon="13.06104420" lat="47.53006924"><ele>1672.32</ele></trkpt>
<trkpt lon="13.06102360" lat="47.53007654"><ele>1671.88</ele></trkpt>
</trkseg><trkseg>
<trkpt lon="13.06102360" lat="47.53007654"><ele>1671.88</ele></trkpt>
<trkpt lon="13.06097564" lat="47.53007654"><ele>1671.84</ele></trkpt>
</trkseg><trkseg>
<trkpt lon="13.06097564" lat="47.53007654"><ele>1671.84</ele></trkpt>
<trkpt lon="13.06092815" lat="47.53007088"><ele>1672.99</ele></trkpt>
</trkseg><trkseg>
<trkpt lon="13.06092815" lat="47.53007088"><ele>1672.99</ele></trkpt>
<trkpt lon="13.06092849" lat="47.53010121"><ele>1672.13</ele></trkpt>
</trkseg><trkseg>
<trkpt lon="13.06092849" lat="47.53010121"><ele>1672.13</ele></trkpt>
<trkpt lon="13.06088655" lat="47.53011445"><ele>1671.29</ele></trkpt>
</trkseg><trkseg>
<trkpt lon="13.06088655" lat="47.53011445"><ele>1671.29</ele></trkpt>
<trkpt lon="13.06086362" lat="47.53016337"><ele>1668.85</ele></trkpt>
</trkseg><trkseg>
<trkpt lon="13.06086362" lat="47.53016337"><ele>1668.85</ele></trkpt>
<trkpt lon="13.06081882" lat="47.53016063"><ele>1669.26</ele></trkpt>
</trkseg><trkseg>
<trkpt lon="13.06081882" lat="47.53016063"><ele>1669.26</ele></trkpt>
<trkpt lon="13.06084196" lat="47.53019954"><ele>1668.17</ele></trkpt>
</trkseg><trkseg>
<trkpt lon="13.06084196" lat="47.53019954"><ele>1668.17</ele></trkpt>
<trkpt lon="13.06086404" lat="47.53021692"><ele>1668.84</ele></trkpt>
</trkseg><trkseg>
<trkpt lon="13.06086404" lat="47.53021692"><ele>1668.84</ele></trkpt>
<trkpt lon="13.06085740" lat="47.53024560"><ele>1672.30</ele></trkpt>
</trkseg><trkseg>
<trkpt lon="13.06085740" lat="47.53024560"><ele>1672.30</ele></trkpt>
<trkpt lon="13.06087540" lat="47.53025490"><ele>1672.20</ele></trkpt>
</trkseg><trkseg>
<trkpt lon="13.06087540" lat="47.53025490"><ele>1672.20</ele></trkpt>
<trkpt lon="13.06081101" lat="47.53026794"><ele>1671.74</ele></trkpt>
</trkseg><trkseg>
<trkpt lon="13.06081101" lat="47.53026794"><ele>1671.74</ele></trkpt>
<trkpt lon="13.06078673" lat="47.53027428"><ele>1671.59</ele></trkpt>
</trkseg><trkseg>
<trkpt lon="13.06078673" lat="47.53027428"><ele>1671.59</ele></trkpt>
<trkpt lon="13.06077606" lat="47.53028247"><ele>1671.05</ele></trkpt>
</trkseg><trkseg>
<trkpt lon="13.06077606" lat="47.53028247"><ele>1671.05</ele></trkpt>
<trkpt lon="13.06073943" lat="47.53030317"><ele>1669.88</ele></trkpt>
</trkseg><trkseg>
<trkpt lon="13.06073943" lat="47.53030317"><ele>1669.88</ele></trkpt>
<trkpt lon="13.06069281" lat="47.53032416"><ele>1668.77</ele></trkpt>
</trkseg><trkseg>
<trkpt lon="13.06069281" lat="47.53032416"><ele>1668.77</ele></trkpt>
<trkpt lon="13.06066795" lat="47.53032455"><ele>1668.69</ele></trkpt>
<trkpt lon="13.06066104" lat="47.53032102"><ele>1668.78</ele></trkpt>
</trkseg><trkseg>
<trkpt lon="13.06066104" lat="47.53032102"><ele>1668.78</ele></trkpt>
<trkpt lon="13.06061848" lat="47.53032578"><ele>1668.36</ele></trkpt>
</trkseg><trkseg>
<trkpt lon="13.06061848" lat="47.53032578"><ele>1668.36</ele></trkpt>
<trkpt lon="13.06059807" lat="47.53033885"><ele>1667.95</ele></trkpt>
</trkseg><trkseg>
<trkpt lon="13.05712060" lat="47.52996007"><ele>1700.32</ele></trkpt>
<trkpt lon="13.05708505" lat="47.52995479"><ele>1700.70</ele></trkpt>
</trkseg><trkseg>
<trkpt lon="13.05650394" lat="47.53032080"><ele>1736.24</ele></trkpt>
<trkpt lon="13.05647464" lat="47.53042721"><ele>1743.87</ele></trkpt>
</trkseg><trkseg>
<trkpt lon="13.05515262" lat="47.53033847"><ele>1738.22</ele></trkpt>
<trkpt lon="13.05534609" lat="47.53023017"><ele>1734.69</ele></trkpt>
</trkseg><trkseg>
<trkpt lon="13.05515262" lat="47.53033847"><ele>1738.22</ele></trkpt>
<trkpt lon="13.05521819" lat="47.53020002"><ele>1737.11</ele></trkpt>
</trkseg><trkseg>
<trkpt lon="13.05820617" lat="47.53020927"><ele>1730.58</ele></trkpt>
<trkpt lon="13.05825393" lat="47.53014988"><ele>1728.62</ele></trkpt>
</trkseg><trkseg>
<trkpt lon="13.05452558" lat="47.53033314"><ele>1735.58</ele></trkpt>
<trkpt lon="13.05446797" lat="47.53035691"><ele>1734.18</ele></trkpt>
<trkpt lon="13.05436180" lat="47.53038597"><ele>1732.04</ele></trkpt>
<trkpt lon="13.05430073" lat="47.53042066"><ele>1731.43</ele></trkpt>
<trkpt lon="13.05425146" lat="47.53039481"><ele>1730.61</ele></trkpt>
<trkpt lon="13.05421950" lat="47.53040038"><ele>1730.15</ele></trkpt>
<trkpt lon="13.05413409" lat="47.53041054"><ele>1728.02</ele></trkpt>
<trkpt lon="13.05408141" lat="47.53044834"><ele>1727.56</ele></trkpt>
<trkpt lon="13.05402818" lat="47.53048667"><ele>1727.09</ele></trkpt>
</trkseg><trkseg>
<trkpt lon="13.05413409" lat="47.53041054"><ele>1728.02</ele></trkpt>
<trkpt lon="13.05411161" lat="47.53040053"><ele>1732.06</ele></trkpt>
<trkpt lon="13.05407567" lat="47.53036285"><ele>1731.84</ele></trkpt>
<trkpt lon="13.05401936" lat="47.53037665"><ele>1730.88</ele></trkpt>
<trkpt lon="13.05398172" lat="47.53039203"><ele>1733.32</ele></trkpt>
<trkpt lon="13.05388339" lat="47.53041403"><ele>1734.73</ele></trkpt>
<trkpt lon="13.05376184" lat="47.53033098"><ele>1734.28</ele></trkpt>
<trkpt lon="13.05371388" lat="47.53033079"><ele>1735.41</ele></trkpt>
<trkpt lon="13.05367648" lat="47.53032908"><ele>1736.41</ele></trkpt>
<trkpt lon="13.05355954" lat="47.53032952"><ele>1738.64</ele></trkpt>
<trkpt lon="13.05355057" lat="47.53039236"><ele>1738.61</ele></trkpt>
<trkpt lon="13.05354790" lat="47.53043236"><ele>1739.05</ele></trkpt>
<trkpt lon="13.05351022" lat="47.53042353"><ele>1738.06</ele></trkpt>
<trkpt lon="13.05343388" lat="47.53047946"><ele>1736.06</ele></trkpt>
<trkpt lon="13.05347066" lat="47.53050168"><ele>1736.51</ele></trkpt>
<trkpt lon="13.05343293" lat="47.53056628"><ele>1736.25</ele></trkpt>
<trkpt lon="13.05348361" lat="47.53057551"><ele>1735.48</ele></trkpt>
<trkpt lon="13.05349409" lat="47.53060466"><ele>1736.35</ele></trkpt>
<trkpt lon="13.05349758" lat="47.53069686"><ele>1738.71</ele></trkpt>
<trkpt lon="13.05346381" lat="47.53078735"><ele>1740.18</ele></trkpt>
<trkpt lon="13.05342549" lat="47.53083187"><ele>1743.20</ele></trkpt>
<trkpt lon="13.05338475" lat="47.53090578"><ele>1741.62</ele></trkpt>
<trkpt lon="13.05335259" lat="47.53102086"><ele>1740.24</ele></trkpt>
<trkpt lon="13.05329048" lat="47.53106939"><ele>1743.26</ele></trkpt>
<trkpt lon="13.05326376" lat="47.53107694"><ele>1744.58</ele></trkpt>
<trkpt lon="13.05321946" lat="47.53109635"><ele>1745.56</ele></trkpt>
<trkpt lon="13.05320631" lat="47.53111061"><ele>1746.29</ele></trkpt>
<trkpt lon="13.05324242" lat="47.53116872"><ele>1744.69</ele></trkpt>
<trkpt lon="13.05322292" lat="47.53121833"><ele>1744.76</ele></trkpt>
<trkpt lon="13.05319987" lat="47.53127751"><ele>1744.47</ele></trkpt>
<trkpt lon="13.05316975" lat="47.53128339"><ele>1744.56</ele></trkpt>
<trkpt lon="13.05313501" lat="47.53131384"><ele>1745.41</ele></trkpt>
<trkpt lon="13.05316508" lat="47.53134504"><ele>1745.41</ele></trkpt>
<trkpt lon="13.05317419" lat="47.53137525"><ele>1747.04</ele></trkpt>
<trkpt lon="13.05313825" lat="47.53141657"><ele>1747.77</ele></trkpt>
<trkpt lon="13.05313956" lat="47.53143144"><ele>1747.88</ele></trkpt>
<trkpt lon="13.05316056" lat="47.53145267"><ele>1746.76</ele></trkpt>
<trkpt lon="13.05314805" lat="47.53148207"><ele>1746.57</ele></trkpt>
<trkpt lon="13.05312983" lat="47.53153278"><ele>1745.10</ele></trkpt>
<trkpt lon="13.05315564" lat="47.53153537"><ele>1744.97</ele></trkpt>
<trkpt lon="13.05316161" lat="47.53155356"><ele>1744.91</ele></trkpt>
<trkpt lon="13.05312971" lat="47.53158982"><ele>1745.19</ele></trkpt>
<trkpt lon="13.05305098" lat="47.53159893"><ele>1747.39</ele></trkpt>
<trkpt lon="13.05305049" lat="47.53157282"><ele>1746.77</ele></trkpt>
<trkpt lon="13.05301335" lat="47.53158182"><ele>1746.11</ele></trkpt>
<trkpt lon="13.05300521" lat="47.53159707"><ele>1745.75</ele></trkpt>
<trkpt lon="13.05297772" lat="47.53158229"><ele>1745.74</ele></trkpt>
<trkpt lon="13.05293977" lat="47.53158480"><ele>1744.88</ele></trkpt>
<trkpt lon="13.05288206" lat="47.53157509"><ele>1744.78</ele></trkpt>
<trkpt lon="13.05284937" lat="47.53159325"><ele>1745.27</ele></trkpt>
<trkpt lon="13.05282493" lat="47.53158222"><ele>1745.44</ele></trkpt>
<trkpt lon="13.05276561" lat="47.53160911"><ele>1750.75</ele></trkpt>
<trkpt lon="13.05265805" lat="47.53162546"><ele>1756.45</ele></trkpt>
<trkpt lon="13.05262967" lat="47.53163127"><ele>1759.00</ele></trkpt>
<trkpt lon="13.05258955" lat="47.53163824"><ele>1762.01</ele></trkpt>
</trkseg><trkseg>
<trkpt lon="13.05282493" lat="47.53158222"><ele>1745.44</ele></trkpt>
<trkpt lon="13.05281166" lat="47.53159612"><ele>1746.11</ele></trkpt>
<trkpt lon="13.05277034" lat="47.53161782"><ele>1746.14</ele></trkpt>
<trkpt lon="13.05275213" lat="47.53163596"><ele>1746.01</ele></trkpt>
<trkpt lon="13.05275806" lat="47.53165523"><ele>1746.23</ele></trkpt>
<trkpt lon="13.05270854" lat="47.53168633"><ele>1746.28</ele></trkpt>
<trkpt lon="13.05268594" lat="47.53168667"><ele>1746.70</ele></trkpt>
<trkpt lon="13.05265216" lat="47.53170922"><ele>1746.84</ele></trkpt>
<trkpt lon="13.05263829" lat="47.53171762"><ele>1747.39</ele></trkpt>
<trkpt lon="13.05265558" lat="47.53174221"><ele>1747.03</ele></trkpt>
<trkpt lon="13.05264017" lat="47.53175662"><ele>1747.06</ele></trkpt>
<trkpt lon="13.05261260" lat="47.53175120"><ele>1747.67</ele></trkpt>
<trkpt lon="13.05258768" lat="47.53176410"><ele>1749.00</ele></trkpt>
<trkpt lon="13.05253229" lat="47.53176711"><ele>1748.35</ele></trkpt>
</trkseg><trkseg>
<trkpt lon="13.05349409" lat="47.53060466"><ele>1736.35</ele></trkpt>
<trkpt lon="13.05357902" lat="47.53056786"><ele>1730.46</ele></trkpt>
</trkseg><trkseg>
<trkpt lon="13.05357902" lat="47.53056786"><ele>1730.46</ele></trkpt>
<trkpt lon="13.05360378" lat="47.53054137"><ele>1733.06</ele></trkpt>
<trkpt lon="13.05363069" lat="47.53053238"><ele>1730.78</ele></trkpt>
</trkseg><trkseg>
<trkpt lon="13.05363069" lat="47.53053238"><ele>1730.78</ele></trkpt>
<trkpt lon="13.05361218" lat="47.53051182"><ele>1731.01</ele></trkpt>
</trkseg><trkseg>
<trkpt lon="13.05361218" lat="47.53051182"><ele>1731.01</ele></trkpt>
<trkpt lon="13.05363484" lat="47.53049547"><ele>1731.74</ele></trkpt>
</trkseg><trkseg>
<trkpt lon="13.05363484" lat="47.53049547"><ele>1731.74</ele></trkpt>
<trkpt lon="13.05360348" lat="47.53049215"><ele>1731.90</ele></trkpt>
</trkseg><trkseg>
<trkpt lon="13.05360348" lat="47.53049215"><ele>1731.90</ele></trkpt>
<trkpt lon="13.05362145" lat="47.53047689"><ele>1730.45</ele></trkpt>
</trkseg><trkseg>
<trkpt lon="13.05355954" lat="47.53032952"><ele>1738.64</ele></trkpt>
<trkpt lon="13.05357079" lat="47.53027680"><ele>1741.85</ele></trkpt>
</trkseg><trkseg>
<trkpt lon="13.05357079" lat="47.53027680"><ele>1741.85</ele></trkpt>
<trkpt lon="13.05354343" lat="47.53021209"><ele>1741.95</ele></trkpt>
</trkseg><trkseg>
<trkpt lon="13.05354343" lat="47.53021209"><ele>1741.95</ele></trkpt>
<trkpt lon="13.05352291" lat="47.53018502"><ele>1743.19</ele></trkpt>
</trkseg><trkseg>
<trkpt lon="13.05352291" lat="47.53018502"><ele>1743.19</ele></trkpt>
<trkpt lon="13.05350020" lat="47.53017041"><ele>1746.30</ele></trkpt>
</trkseg><trkseg>
<trkpt lon="13.05350020" lat="47.53017041"><ele>1746.30</ele></trkpt>
<trkpt lon="13.05346323" lat="47.53015341"><ele>1748.76</ele></trkpt>
</trkseg><trkseg>
<trkpt lon="13.05983656" lat="47.53243338"><ele>1466.61</ele></trkpt>
<trkpt lon="13.05980156" lat="47.53239176"><ele>1467.52</ele></trkpt>
</trkseg><trkseg>
<trkpt lon="13.05980156" lat="47.53239176"><ele>1467.52</ele></trkpt>
<trkpt lon="13.05978741" lat="47.53238270"><ele>1466.77</ele></trkpt>
</trkseg><trkseg>
<trkpt lon="13.05978741" lat="47.53238270"><ele>1466.77</ele></trkpt>
<trkpt lon="13.05982047" lat="47.53236517"><ele>1461.67</ele></trkpt>
</trkseg><trkseg>
<trkpt lon="13.05982047" lat="47.53236517"><ele>1461.67</ele></trkpt>
<trkpt lon="13.05983189" lat="47.53231146"><ele>1457.59</ele></trkpt>
</trkseg><trkseg>
<trkpt lon="13.05983189" lat="47.53231146"><ele>1457.59</ele></trkpt>
<trkpt lon="13.05984508" lat="47.53231052"><ele>1451.08</ele></trkpt>
</trkseg><trkseg>
<trkpt lon="13.05984508" lat="47.53231052"><ele>1451.08</ele></trkpt>
<trkpt lon="13.05986890" lat="47.53227358"><ele>1451.20</ele></trkpt>
</trkseg><trkseg>
<trkpt lon="13.05580953" lat="47.53090517"><ele>1734.97</ele></trkpt>
<trkpt lon="13.05584728" lat="47.53090455"><ele>1733.79</ele></trkpt>
</trkseg><trkseg>
<trkpt lon="13.05584728" lat="47.53090455"><ele>1733.79</ele></trkpt>
<trkpt lon="13.05584336" lat="47.53093535"><ele>1733.37</ele></trkpt>
</trkseg><trkseg>
<trkpt lon="13.05584336" lat="47.53093535"><ele>1733.37</ele></trkpt>
<trkpt lon="13.05586655" lat="47.53096562"><ele>1730.16</ele></trkpt>
</trkseg><trkseg>
<trkpt lon="13.05586655" lat="47.53096562"><ele>1730.16</ele></trkpt>
<trkpt lon="13.05588694" lat="47.53098909"><ele>1729.86</ele></trkpt>
</trkseg><trkseg>
<trkpt lon="13.05588694" lat="47.53098909"><ele>1729.86</ele></trkpt>
<trkpt lon="13.05584883" lat="47.53101022"><ele>1731.33</ele></trkpt>
</trkseg><trkseg>
<trkpt lon="13.05584883" lat="47.53101022"><ele>1731.33</ele></trkpt>
<trkpt lon="13.05582928" lat="47.53102501"><ele>1731.99</ele></trkpt>
</trkseg><trkseg>
<trkpt lon="13.05582928" lat="47.53102501"><ele>1731.99</ele></trkpt>
<trkpt lon="13.05581945" lat="47.53103924"><ele>1732.75</ele></trkpt>
</trkseg><trkseg>
<trkpt lon="13.05576433" lat="47.53088803"><ele>1734.42</ele></trkpt>
<trkpt lon="13.05573938" lat="47.53086907"><ele>1735.72</ele></trkpt>
</trkseg><trkseg>
<trkpt lon="13.05573938" lat="47.53086907"><ele>1735.72</ele></trkpt>
<trkpt lon="13.05571767" lat="47.53089219"><ele>1736.28</ele></trkpt>
</trkseg><trkseg>
<trkpt lon="13.05571767" lat="47.53089219"><ele>1736.28</ele></trkpt>
<trkpt lon="13.05569163" lat="47.53090281"><ele>1737.07</ele></trkpt>
</trkseg><trkseg>
<trkpt lon="13.05569163" lat="47.53090281"><ele>1737.07</ele></trkpt>
<trkpt lon="13.05567657" lat="47.53091147"><ele>1738.77</ele></trkpt>
</trkseg><trkseg>
<trkpt lon="13.05567657" lat="47.53091147"><ele>1738.77</ele></trkpt>
<trkpt lon="13.05564508" lat="47.53090787"><ele>1739.87</ele></trkpt>
</trkseg><trkseg>
<trkpt lon="13.05564508" lat="47.53090787"><ele>1739.87</ele></trkpt>
<trkpt lon="13.05560697" lat="47.53088923"><ele>1740.46</ele></trkpt>
</trkseg><trkseg>
<trkpt lon="13.05282493" lat="47.53158222"><ele>1745.44</ele></trkpt>
<trkpt lon="13.05282432" lat="47.53162018"><ele>1743.75</ele></trkpt>
<trkpt lon="13.05287473" lat="47.53160799"><ele>1736.51</ele></trkpt>
<trkpt lon="13.05287748" lat="47.53159112"><ele>1735.62</ele></trkpt>
<trkpt lon="13.05290429" lat="47.53158492"><ele>1729.36</ele></trkpt>
<trkpt lon="13.05289303" lat="47.53155881"><ele>1727.69</ele></trkpt>
<trkpt lon="13.05288809" lat="47.53160606"><ele>1724.53</ele></trkpt>
<trkpt lon="13.05291593" lat="47.53163290"><ele>1723.45</ele></trkpt>
<trkpt lon="13.05291980" lat="47.53166104"><ele>1723.29</ele></trkpt>
<trkpt lon="13.05295301" lat="47.53171514"><ele>1722.53</ele></trkpt>
<trkpt lon="13.05288547" lat="47.53171993"><ele>1720.04</ele></trkpt>
<trkpt lon="13.05293191" lat="47.53172531"><ele>1709.64</ele></trkpt>
</trkseg><trkseg>
<trkpt lon="13.05319987" lat="47.53127751"><ele>1744.47</ele></trkpt>
<trkpt lon="13.05324210" lat="47.53128525"><ele>1744.11</ele></trkpt>
</trkseg><trkseg>
<trkpt lon="13.05324210" lat="47.53128525"><ele>1744.11</ele></trkpt>
<trkpt lon="13.05328972" lat="47.53128372"><ele>1740.98</ele></trkpt>
</trkseg><trkseg>
<trkpt lon="13.05328972" lat="47.53128372"><ele>1740.98</ele></trkpt>
<trkpt lon="13.05330820" lat="47.53125470"><ele>1742.11</ele></trkpt>
</trkseg><trkseg>
<trkpt lon="13.05330820" lat="47.53125470"><ele>1742.11</ele></trkpt>
<trkpt lon="13.05331690" lat="47.53124936"><ele>1741.65</ele></trkpt>
</trkseg><trkseg>
<trkpt lon="13.05262967" lat="47.53163127"><ele>1759.00</ele></trkpt>
<trkpt lon="13.05267866" lat="47.53162860"><ele>1762.09</ele></trkpt>
</trkseg><trkseg>
<trkpt lon="13.06016263" lat="47.53172713"><ele>1722.93</ele></trkpt>
<trkpt lon="13.06020923" lat="47.53177831"><ele>1728.83</ele></trkpt>
<trkpt lon="13.06020694" lat="47.53181156"><ele>1731.58</ele></trkpt>
<trkpt lon="13.06022206" lat="47.53188794"><ele>1733.54</ele></trkpt>
<trkpt lon="13.06034648" lat="47.53188294"><ele>1725.90</ele></trkpt>
<trkpt lon="13.06042697" lat="47.53190149"><ele>1729.95</ele></trkpt>
<trkpt lon="13.06046728" lat="47.53193978"><ele>1729.20</ele></trkpt>
</trkseg><trkseg>
<trkpt lon="13.06034648" lat="47.53188294"><ele>1725.90</ele></trkpt>
<trkpt lon="13.06038158" lat="47.53192187"><ele>1727.43</ele></trkpt>
</trkseg><trkseg>
<trkpt lon="13.06038158" lat="47.53192187"><ele>1727.43</ele></trkpt>
<trkpt lon="13.06040918" lat="47.53193007"><ele>1724.91</ele></trkpt>
</trkseg><trkseg>
<trkpt lon="13.06608329" lat="47.53596667"><ele>1950.00</ele></trkpt>
<trkpt lon="13.06606555" lat="47.53597924"><ele>1948.15</ele></trkpt>
<trkpt lon="13.06602354" lat="47.53602326"><ele>1945.89</ele></trkpt>
<trkpt lon="13.06603508" lat="47.53609256"><ele>1943.49</ele></trkpt>
<trkpt lon="13.06603215" lat="47.53609629"><ele>1943.22</ele></trkpt>
<trkpt lon="13.06601952" lat="47.53612181"><ele>1942.17</ele></trkpt>
<trkpt lon="13.06599394" lat="47.53614531"><ele>1940.44</ele></trkpt>
<trkpt lon="13.06600756" lat="47.53616516"><ele>1937.81</ele></trkpt>
<trkpt lon="13.06599609" lat="47.53618800"><ele>1938.64</ele></trkpt>
<trkpt lon="13.06600987" lat="47.53619256"><ele>1937.96</ele></trkpt>
<trkpt lon="13.06603213" lat="47.53620139"><ele>1938.57</ele></trkpt>
<trkpt lon="13.06610609" lat="47.53621029"><ele>1938.77</ele></trkpt>
</trkseg><trkseg>
<trkpt lon="13.06599609" lat="47.53618800"><ele>1938.64</ele></trkpt>
<trkpt lon="13.06595394" lat="47.53617793"><ele>1938.03</ele></trkpt>
</trkseg><trkseg>
<trkpt lon="13.06595394" lat="47.53617793"><ele>1938.03</ele></trkpt>
<trkpt lon="13.06589321" lat="47.53617070"><ele>1939.43</ele></trkpt>
</trkseg><trkseg>
<trkpt lon="13.06589321" lat="47.53617070"><ele>1939.43</ele></trkpt>
<trkpt lon="13.06584673" lat="47.53615561"><ele>1938.55</ele></trkpt>
</trkseg><trkseg>
<trkpt lon="13.06599609" lat="47.53618800"><ele>1938.64</ele></trkpt>
<trkpt lon="13.06599534" lat="47.53617584"><ele>1937.88</ele></trkpt>
<trkpt lon="13.06599865" lat="47.53617617"><ele>1935.13</ele></trkpt>
<trkpt lon="13.06598701" lat="47.53617471"><ele>1933.04</ele></trkpt>
</trkseg><trkseg>
<trkpt lon="13.06598701" lat="47.53617471"><ele>1933.04</ele></trkpt>
<trkpt lon="13.06584304" lat="47.53613314"><ele>1918.23</ele></trkpt>
</trkseg><trkseg>
<trkpt lon="13.06598701" lat="47.53617471"><ele>1933.04</ele></trkpt>
<trkpt lon="13.06602334" lat="47.53615868"><ele>1902.41</ele></trkpt>
</trkseg><trkseg>
<trkpt lon="13.04958337" lat="47.52131665"><ele>2072.00</ele></trkpt>
<trkpt lon="13.04953413" lat="47.52132967"><ele>2070.61</ele></trkpt>
<trkpt lon="13.04950955" lat="47.52141941"><ele>2064.51</ele></trkpt>
<trkpt lon="13.04948177" lat="47.52147734"><ele>2063.84</ele></trkpt>
<trkpt lon="13.04948523" lat="47.52148784"><ele>2063.92</ele></trkpt>
<trkpt lon="13.04940640" lat="47.52151808"><ele>2062.30</ele></trkpt>
<trkpt lon="13.04942248" lat="47.52157873"><ele>2055.68</ele></trkpt>
<trkpt lon="13.04942130" lat="47.52163207"><ele>2053.01</ele></trkpt>
<trkpt lon="13.04931693" lat="47.52165234"><ele>2052.37</ele></trkpt>
<trkpt lon="13.04932478" lat="47.52169495"><ele>2049.06</ele></trkpt>
</trkseg><trkseg>
<trkpt lon="13.04932478" lat="47.52169495"><ele>2049.06</ele></trkpt>
<trkpt lon="13.04931403" lat="47.52166957"><ele>2047.45</ele></trkpt>
<trkpt lon="13.04928470" lat="47.52165467"><ele>2046.74</ele></trkpt>
<trkpt lon="13.04924000" lat="47.52169225"><ele>2045.54</ele></trkpt>
<trkpt lon="13.04921169" lat="47.52177149"><ele>2040.74</ele></trkpt>
<trkpt lon="13.04920898" lat="47.52178008"><ele>2040.54</ele></trkpt>
<trkpt lon="13.04914877" lat="47.52178446"><ele>2039.21</ele></trkpt>
<trkpt lon="13.04914187" lat="47.52181655"><ele>2036.77</ele></trkpt>
<trkpt lon="13.04909955" lat="47.52185453"><ele>2034.28</ele></trkpt>
<trkpt lon="13.04902695" lat="47.52188137"><ele>2029.75</ele></trkpt>
<trkpt lon="13.04900173" lat="47.52189506"><ele>2029.17</ele></trkpt>
<trkpt lon="13.04900307" lat="47.52195925"><ele>2027.92</ele></trkpt>
<trkpt lon="13.04909424" lat="47.52202973"><ele>2020.84</ele></trkpt>
</trkseg><trkseg>
<trkpt lon="13.04900307" lat="47.52195925"><ele>2027.92</ele></trkpt>
<trkpt lon="13.04897025" lat="47.52184135"><ele>2020.03</ele></trkpt>
</trkseg><trkseg>
<trkpt lon="13.04932478" lat="47.52169495"><ele>2049.06</ele></trkpt>
<trkpt lon="13.04938219" lat="47.52166587"><ele>2045.13</ele></trkpt>
<trkpt lon="13.04942316" lat="47.52160700"><ele>2046.04</ele></trkpt>
<trkpt lon="13.04952515" lat="47.52163294"><ele>2045.49</ele></trkpt>
<trkpt lon="13.04955310" lat="47.52172088"><ele>2042.86</ele></trkpt>
<trkpt lon="13.04964314" lat="47.52173609"><ele>2042.08</ele></trkpt>
<trkpt lon="13.04968190" lat="47.52173333"><ele>2041.64</ele></trkpt>
<trkpt lon="13.04970766" lat="47.52171928"><ele>2041.54</ele></trkpt>
<trkpt lon="13.04974381" lat="47.52172952"><ele>2041.24</ele></trkpt>
<trkpt lon="13.04978729" lat="47.52171749"><ele>2040.16</ele></trkpt>
<trkpt lon="13.04983292" lat="47.52171943"><ele>2040.87</ele></trkpt>
<trkpt lon="13.04990770" lat="47.52170883"><ele>2043.28</ele></trkpt>
<trkpt lon="13.04997533" lat="47.52168343"><ele>2045.01</ele></trkpt>
<trkpt lon="13.05001180" lat="47.52168504"><ele>2045.02</ele></trkpt>
<trkpt lon="13.05000884" lat="47.52168598"><ele>2045.01</ele></trkpt>
</trkseg><trkseg>
<trkpt lon="13.04978729" lat="47.52171749"><ele>2040.16</ele></trkpt>
<trkpt lon="13.04979923" lat="47.52176106"><ele>2030.96</ele></trkpt>
<trkpt lon="13.04982587" lat="47.52178419"><ele>2028.04</ele></trkpt>
<trkpt lon="13.04983507" lat="47.52186209"><ele>2028.20</ele></trkpt>
<trkpt lon="13.04987500" lat="47.52184927"><ele>2024.56</ele></trkpt>
<trkpt lon="13.04992715" lat="47.52183288"><ele>2019.84</ele></trkpt>
<trkpt lon="13.04993059" lat="47.52182970"><ele>2010.95</ele></trkpt>
<trkpt lon="13.04989973" lat="47.52186283"><ele>2002.42</ele></trkpt>
<trkpt lon="13.04987708" lat="47.52187199"><ele>1998.21</ele></trkpt>
<trkpt lon="13.04990598" lat="47.52189146"><ele>1998.44</ele></trkpt>
<trkpt lon="13.04989760" lat="47.52189879"><ele>1998.17</ele></trkpt>
<trkpt lon="13.04990647" lat="47.52190695"><ele>1998.20</ele></trkpt>
<trkpt lon="13.04985277" lat="47.52189704"><ele>1995.81</ele></trkpt>
<trkpt lon="13.04978191" lat="47.52189853"><ele>1980.18</ele></trkpt>
<trkpt lon="13.04979347" lat="47.52188757"><ele>1981.70</ele></trkpt>
<trkpt lon="13.04981939" lat="47.52185859"><ele>1983.53</ele></trkpt>
</trkseg><trkseg>
<trkpt lon="13.04993059" lat="47.52182970"><ele>2010.95</ele></trkpt>
<trkpt lon="13.04988083" lat="47.52181383"><ele>2010.31</ele></trkpt>
</trkseg><trkseg>
<trkpt lon="13.04988083" lat="47.52181383"><ele>2010.31</ele></trkpt>
<trkpt lon="13.04986751" lat="47.52180047"><ele>2010.71</ele></trkpt>
</trkseg><trkseg>
<trkpt lon="13.04986751" lat="47.52180047"><ele>2010.71</ele></trkpt>
<trkpt lon="13.04984595" lat="47.52180496"><ele>2010.48</ele></trkpt>
</trkseg><trkseg>
<trkpt lon="13.04298338" lat="47.52773331"><ele>2090.00</ele></trkpt>
<trkpt lon="13.04309491" lat="47.52774934"><ele>2083.12</ele></trkpt>
<trkpt lon="13.04320930" lat="47.52773861"><ele>2076.38</ele></trkpt>
<trkpt lon="13.04321934" lat="47.52777234"><ele>2075.59</ele></trkpt>
<trkpt lon="13.04328549" lat="47.52777608"><ele>2069.35</ele></trkpt>
<trkpt lon="13.04334091" lat="47.52777559"><ele>2068.82</ele></trkpt>
<trkpt lon="13.04338537" lat="47.52776267"><ele>2067.44</ele></trkpt>
<trkpt lon="13.04345738" lat="47.52780889"><ele>2066.02</ele></trkpt>
<trkpt lon="13.04369538" lat="47.52783257"><ele>2062.27</ele></trkpt>
<trkpt lon="13.04372159" lat="47.52787792"><ele>2061.05</ele></trkpt>
<trkpt lon="13.04378429" lat="47.52792803"><ele>2061.17</ele></trkpt>
<trkpt lon="13.04391387" lat="47.52793393"><ele>2059.62</ele></trkpt>
<trkpt lon="13.04390889" lat="47.52789641"><ele>2061.75</ele></trkpt>
<trkpt lon="13.04393797" lat="47.52787558"><ele>2059.51</ele></trkpt>
<trkpt lon="13.04397369" lat="47.52783660"><ele>2057.21</ele></trkpt>
<trkpt lon="13.04391570" lat="47.52780267"><ele>2059.49</ele></trkpt>
<trkpt lon="13.04394163" lat="47.52777702"><ele>2060.80</ele></trkpt>
<trkpt lon="13.04397940" lat="47.52779395"><ele>2061.96</ele></trkpt>
<trkpt lon="13.04400018" lat="47.52782094"><ele>2060.03</ele></trkpt>
<trkpt lon="13.04408581" lat="47.52780828"><ele>2059.93</ele></trkpt>
<trkpt lon="13.04413615" lat="47.52785881"><ele>2062.37</ele></trkpt>
</trkseg><trkseg>
<trkpt lon="13.04393797" lat="47.52787558"><ele>2059.51</ele></trkpt>
<trkpt lon="13.04401723" lat="47.52787333"><ele>2055.85</ele></trkpt>
</trkseg><trkseg>
<trkpt lon="13.04391570" lat="47.52780267"><ele>2059.49</ele></trkpt>
<trkpt lon="13.04388963" lat="47.52782841"><ele>2058.18</ele></trkpt>
<trkpt lon="13.04379760" lat="47.52779877"><ele>2055.28</ele></trkpt>
<trkpt lon="13.04375298" lat="47.52780539"><ele>2053.67</ele></trkpt>
<trkpt lon="13.04370430" lat="47.52776757"><ele>2054.10</ele></trkpt>
<trkpt lon="13.04367032" lat="47.52773460"><ele>2054.67</ele></trkpt>
<trkpt lon="13.04369600" lat="47.52771938"><ele>2053.83</ele></trkpt>
<trkpt lon="13.04375638" lat="47.52771762"><ele>2048.51</ele></trkpt>
<trkpt lon="13.04370234" lat="47.52769168"><ele>2045.97</ele></trkpt>
</trkseg><trkseg>
<trkpt lon="13.04369600" lat="47.52771938"><ele>2053.83</ele></trkpt>
<trkpt lon="13.04370884" lat="47.52768145"><ele>2054.66</ele></trkpt>
<trkpt lon="13.04369172" lat="47.52764876"><ele>2056.33</ele></trkpt>
<trkpt lon="13.04369852" lat="47.52764447"><ele>2057.03</ele></trkpt>
<trkpt lon="13.04376440" lat="47.52761644"><ele>2052.34</ele></trkpt>
<trkpt lon="13.04374344" lat="47.52758323"><ele>2047.49</ele></trkpt>
</trkseg><trkseg>
<trkpt lon="13.04369852" lat="47.52764447"><ele>2057.03</ele></trkpt>
<trkpt lon="13.04369852" lat="47.52764447"><ele>2057.93</ele></trkpt>
<trkpt lon="13.04368225" lat="47.52763555"><ele>2059.61</ele></trkpt>
<trkpt lon="13.04363120" lat="47.52759716"><ele>2056.80</ele></trkpt>
<trkpt lon="13.04355162" lat="47.52765060"><ele>2055.73</ele></trkpt>
<trkpt lon="13.04345180" lat="47.52767337"><ele>2051.69</ele></trkpt>
<trkpt lon="13.04339844" lat="47.52764690"><ele>2052.08</ele></trkpt>
<trkpt lon="13.04337995" lat="47.52756560"><ele>2045.44</ele></trkpt>
<trkpt lon="13.04331813" lat="47.52755600"><ele>2044.99</ele></trkpt>
</trkseg><trkseg>
<trkpt lon="13.04345180" lat="47.52767337"><ele>2051.69</ele></trkpt>
<trkpt lon="13.04341956" lat="47.52765059"><ele>2050.24</ele></trkpt>
<trkpt lon="13.04338134" lat="47.52769241"><ele>2053.94</ele></trkpt>
<trkpt lon="13.04326223" lat="47.52765853"><ele>2048.60</ele></trkpt>
</trkseg><trkseg>
<trkpt lon="13.04365444" lat="47.52627587"><ele>2048.24</ele></trkpt>
<trkpt lon="13.04372805" lat="47.52625418"><ele>2050.26</ele></trkpt>
<trkpt lon="13.04377661" lat="47.52626662"><ele>2050.45</ele></trkpt>
</trkseg><trkseg>
<trkpt lon="13.04348203" lat="47.52617133"><ele>2042.65</ele></trkpt>
<trkpt lon="13.04338296" lat="47.52611700"><ele>2048.03</ele></trkpt>
<trkpt lon="13.04335295" lat="47.52609867"><ele>2049.32</ele></trkpt>
</trkseg><trkseg>
<trkpt lon="13.04348203" lat="47.52617133"><ele>2042.65</ele></trkpt>
<trkpt lon="13.04338196" lat="47.52629722"><ele>2052.69</ele></trkpt>
</trkseg><trkseg>
<trkpt lon="13.04338521" lat="47.52617787"><ele>2042.56</ele></trkpt>
<trkpt lon="13.04332878" lat="47.52620912"><ele>2045.85</ele></trkpt>
</trkseg><trkseg>
<trkpt lon="13.04337352" lat="47.52620278"><ele>2033.30</ele></trkpt>
<trkpt lon="13.04337300" lat="47.52623822"><ele>2032.88</ele></trkpt>
</trkseg><trkseg>
<trkpt lon="13.04327401" lat="47.52625651"><ele>2025.24</ele></trkpt>
<trkpt lon="13.04324916" lat="47.52626382"><ele>2024.39</ele></trkpt>
<trkpt lon="13.04318745" lat="47.52627978"><ele>2022.16</ele></trkpt>
<trkpt lon="13.04308219" lat="47.52628464"><ele>2017.17</ele></trkpt>
<trkpt lon="13.04301763" lat="47.52630216"><ele>2015.19</ele></trkpt>
<trkpt lon="13.04300998" lat="47.52627234"><ele>2014.39</ele></trkpt>
<trkpt lon="13.04295567" lat="47.52628221"><ele>2013.54</ele></trkpt>
<trkpt lon="13.04293747" lat="47.52625004"><ele>2012.56</ele></trkpt>
<trkpt lon="13.04291634" lat="47.52624311"><ele>2012.81</ele></trkpt>
<trkpt lon="13.04290951" lat="47.52620169"><ele>2011.85</ele></trkpt>
<trkpt lon="13.04286069" lat="47.52618196"><ele>2011.60</ele></trkpt>
<trkpt lon="13.04284688" lat="47.52616031"><ele>2013.46</ele></trkpt>
<trkpt lon="13.04286242" lat="47.52614969"><ele>2014.96</ele></trkpt>
<trkpt lon="13.04282808" lat="47.52614433"><ele>2017.19</ele></trkpt>
<trkpt lon="13.04285392" lat="47.52605335"><ele>2019.86</ele></trkpt>
<trkpt lon="13.04282673" lat="47.52605217"><ele>2019.37</ele></trkpt>
<trkpt lon="13.04282195" lat="47.52601996"><ele>2018.93</ele></trkpt>
<trkpt lon="13.04283892" lat="47.52601368"><ele>2016.80</ele></trkpt>
<trkpt lon="13.04285793" lat="47.52600267"><ele>2016.46</ele></trkpt>
</trkseg><trkseg>
<trkpt lon="13.04318745" lat="47.52627978"><ele>2022.16</ele></trkpt>
<trkpt lon="13.04319816" lat="47.52628842"><ele>2020.12</ele></trkpt>
</trkseg><trkseg>
<trkpt lon="13.04286069" lat="47.52618196"><ele>2011.60</ele></trkpt>
<trkpt lon="13.04286477" lat="47.52622244"><ele>2008.53</ele></trkpt>
<trkpt lon="13.04287027" lat="47.52621740"><ele>2007.02</ele></trkpt>
<trkpt lon="13.04287824" lat="47.52623176"><ele>2005.88</ele></trkpt>
</trkseg><trkseg>
<trkpt lon="13.04282673" lat="47.52605217"><ele>2019.37</ele></trkpt>
<trkpt lon="13.04283632" lat="47.52605152"><ele>2020.20</ele></trkpt>
<trkpt lon="13.04282028" lat="47.52605764"><ele>2021.33</ele></trkpt>
<trkpt lon="13.04279830" lat="47.52604142"><ele>2022.77</ele></trkpt>
</trkseg><trkseg>
<trkpt lon="13.04279830" lat="47.52604142"><ele>2022.77</ele></trkpt>
<trkpt lon="13.04274032" lat="47.52603216"><ele>2024.81</ele></trkpt>
<trkpt lon="13.04273785" lat="47.52605227"><ele>2025.93</ele></trkpt>
</trkseg><trkseg>
<trkpt lon="13.04282808" lat="47.52614433"><ele>2017.19</ele></trkpt>
<trkpt lon="13.04281595" lat="47.52617058"><ele>2018.79</ele></trkpt>
<trkpt lon="13.04277384" lat="47.52618831"><ele>2020.28</ele></trkpt>
</trkseg><trkseg>
<trkpt lon="13.05030005" lat="47.52313338"><ele>2075.00</ele></trkpt>
<trkpt lon="13.05029408" lat="47.52310448"><ele>2074.38</ele></trkpt>
<trkpt lon="13.05022090" lat="47.52310044"><ele>2071.57</ele></trkpt>
<trkpt lon="13.05010922" lat="47.52313157"><ele>2071.71</ele></trkpt>
<trkpt lon="13.05008230" lat="47.52311599"><ele>2070.56</ele></trkpt>
<trkpt lon="13.04993837" lat="47.52306010"><ele>2070.75</ele></trkpt>
<trkpt lon="13.04981055" lat="47.52306809"><ele>2075.12</ele></trkpt>
<trkpt lon="13.04984309" lat="47.52299306"><ele>2069.98</ele></trkpt>
<trkpt lon="13.04990857" lat="47.52298247"><ele>2065.91</ele></trkpt>
<trkpt lon="13.04987650" lat="47.52295529"><ele>2066.40</ele></trkpt>
<trkpt lon="13.04977326" lat="47.52300258"><ele>2065.96</ele></trkpt>
<trkpt lon="13.04976122" lat="47.52308714"><ele>2058.87</ele></trkpt>
<trkpt lon="13.04969213" lat="47.52312321"><ele>2058.25</ele></trkpt>
<trkpt lon="13.04974304" lat="47.52313695"><ele>2057.46</ele></trkpt>
<trkpt lon="13.04980936" lat="47.52318973"><ele>2041.09</ele></trkpt>
<trkpt lon="13.04975994" lat="47.52316108"><ele>2039.33</ele></trkpt>
<trkpt lon="13.04970160" lat="47.52315091"><ele>2040.88</ele></trkpt>
<trkpt lon="13.04969905" lat="47.52311235"><ele>2044.78</ele></trkpt>
<trkpt lon="13.04966525" lat="47.52313895"><ele>2045.66</ele></trkpt>
<trkpt lon="13.04957032" lat="47.52304061"><ele>2048.15</ele></trkpt>
<trkpt lon="13.04950817" lat="47.52295406"><ele>2048.32</ele></trkpt>
<trkpt lon="13.04947279" lat="47.52288723"><ele>2048.69</ele></trkpt>
<trkpt lon="13.04939705" lat="47.52283403"><ele>2051.22</ele></trkpt>
<trkpt lon="13.04937869" lat="47.52274517"><ele>2051.85</ele></trkpt>
<trkpt lon="13.04948645" lat="47.52270525"><ele>2059.49</ele></trkpt>
<trkpt lon="13.04956452" lat="47.52265250"><ele>2063.89</ele></trkpt>
<trkpt lon="13.04970056" lat="47.52260208"><ele>2066.69</ele></trkpt>
<trkpt lon="13.04967508" lat="47.52256934"><ele>2065.14</ele></trkpt>
<trkpt lon="13.04967155" lat="47.52251745"><ele>2063.94</ele></trkpt>
<trkpt lon="13.04972128" lat="47.52249472"><ele>2062.63</ele></trkpt>
<trkpt lon="13.04975174" lat="47.52249731"><ele>2060.01</ele></trkpt>
<trkpt lon="13.04975174" lat="47.52249731"><ele>2053.01</ele></trkpt>
</trkseg><trkseg>
<trkpt lon="13.04937869" lat="47.52274517"><ele>2051.85</ele></trkpt>
<trkpt lon="13.04935452" lat="47.52269140"><ele>2053.24</ele></trkpt>
<trkpt lon="13.04930598" lat="47.52262119"><ele>2058.71</ele></trkpt>
<trkpt lon="13.04929639" lat="47.52260384"><ele>2057.93</ele></trkpt>
<trkpt lon="13.04920961" lat="47.52261208"><ele>2054.16</ele></trkpt>
<trkpt lon="13.04914407" lat="47.52262051"><ele>2056.15</ele></trkpt>
<trkpt lon="13.04904448" lat="47.52262997"><ele>2058.74</ele></trkpt>
<trkpt lon="13.04900202" lat="47.52260009"><ele>2057.40</ele></trkpt>
<trkpt lon="13.04902947" lat="47.52257627"><ele>2058.38</ele></trkpt>
<trkpt lon="13.04904230" lat="47.52256353"><ele>2051.70</ele></trkpt>
<trkpt lon="13.04905970" lat="47.52257075"><ele>2046.94</ele></trkpt>
<trkpt lon="13.04910225" lat="47.52251227"><ele>2035.91</ele></trkpt>
<trkpt lon="13.04906039" lat="47.52252352"><ele>2036.12</ele></trkpt>
<trkpt lon="13.04903536" lat="47.52252130"><ele>2036.21</ele></trkpt>
<trkpt lon="13.04902493" lat="47.52249808"><ele>2036.17</ele></trkpt>
<trkpt lon="13.04897090" lat="47.52250085"><ele>2036.56</ele></trkpt>
<trkpt lon="13.04892383" lat="47.52248394"><ele>2037.79</ele></trkpt>
<trkpt lon="13.04866189" lat="47.52254418"><ele>2029.54</ele></trkpt>
<trkpt lon="13.04861712" lat="47.52254081"><ele>2027.24</ele></trkpt>
<trkpt lon="13.04856320" lat="47.52255456"><ele>2024.76</ele></trkpt>
<trkpt lon="13.04852424" lat="47.52253770"><ele>2025.15</ele></trkpt>
<trkpt lon="13.04851161" lat="47.52254522"><ele>2024.17</ele></trkpt>
<trkpt lon="13.04848550" lat="47.52253650"><ele>2024.88</ele></trkpt>
<trkpt lon="13.04841054" lat="47.52249815"><ele>2024.32</ele></trkpt>
<trkpt lon="13.04831925" lat="47.52252026"><ele>2021.56</ele></trkpt>
<trkpt lon="13.04826537" lat="47.52250090"><ele>2021.27</ele></trkpt>
<trkpt lon="13.04825539" lat="47.52254788"><ele>2018.03</ele></trkpt>
<trkpt lon="13.04819177" lat="47.52250469"><ele>2013.43</ele></trkpt>
<trkpt lon="13.04822298" lat="47.52244034"><ele>2010.44</ele></trkpt>
<trkpt lon="13.04827029" lat="47.52243988"><ele>2008.63</ele></trkpt>
</trkseg><trkseg>
<trkpt lon="13.04914407" lat="47.52262051"><ele>2056.15</ele></trkpt>
<trkpt lon="13.04914407" lat="47.52262051"><ele>2056.95</ele></trkpt>
<trkpt lon="13.04919631" lat="47.52255877"><ele>2067.14</ele></trkpt>
<trkpt lon="13.04917037" lat="47.52253817"><ele>2065.36</ele></trkpt>
<trkpt lon="13.04911075" lat="47.52251241"><ele>2068.74</ele></trkpt>
<trkpt lon="13.04907057" lat="47.52251407"><ele>2068.11</ele></trkpt>
<trkpt lon="13.04900197" lat="47.52261215"><ele>2072.67</ele></trkpt>
<trkpt lon="13.04897851" lat="47.52262858"><ele>2072.10</ele></trkpt>
<trkpt lon="13.04897177" lat="47.52265996"><ele>2070.02</ele></trkpt>
<trkpt lon="13.04891972" lat="47.52267014"><ele>2069.63</ele></trkpt>
<trkpt lon="13.04895095" lat="47.52264116"><ele>2068.67</ele></trkpt>
<trkpt lon="13.04892642" lat="47.52264713"><ele>2067.67</ele></trkpt>
<trkpt lon="13.04894069" lat="47.52268498"><ele>2065.63</ele></trkpt>
<trkpt lon="13.04891609" lat="47.52273559"><ele>2063.81</ele></trkpt>
<trkpt lon="13.04890101" lat="47.52276251"><ele>2063.81</ele></trkpt>
</trkseg><trkseg>
<trkpt lon="13.04891972" lat="47.52267014"><ele>2069.63</ele></trkpt>
<trkpt lon="13.04878405" lat="47.52268898"><ele>2077.72</ele></trkpt>
</trkseg><trkseg>
<trkpt lon="13.04956452" lat="47.52265250"><ele>2063.89</ele></trkpt>
<trkpt lon="13.04957256" lat="47.52262213"><ele>2060.25</ele></trkpt>
<trkpt lon="13.04959808" lat="47.52257874"><ele>2060.25</ele></trkpt>
</trkseg><trkseg>
<trkpt lon="13.04993837" lat="47.52306010"><ele>2070.75</ele></trkpt>
<trkpt lon="13.04990776" lat="47.52295051"><ele>2069.19</ele></trkpt>
</trkseg><trkseg>
<trkpt lon="13.04726668" lat="47.52283330"><ele>2140.00</ele></trkpt>
<trkpt lon="13.04706406" lat="47.52277352"><ele>2134.59</ele></trkpt>
<trkpt lon="13.04708155" lat="47.52272460"><ele>2137.01</ele></trkpt>
<trkpt lon="13.04708569" lat="47.52269524"><ele>2139.64</ele></trkpt>
</trkseg><trkseg>
<trkpt lon="13.04706406" lat="47.52277352"><ele>2134.59</ele></trkpt>
<trkpt lon="13.04696517" lat="47.52272468"><ele>2137.91</ele></trkpt>
<trkpt lon="13.04689182" lat="47.52265370"><ele>2139.75</ele></trkpt>
</trkseg><trkseg>
<trkpt lon="13.04706406" lat="47.52277352"><ele>2134.59</ele></trkpt>
<trkpt lon="13.04697267" lat="47.52285565"><ele>2137.91</ele></trkpt>
<trkpt lon="13.04693779" lat="47.52291471"><ele>2142.25</ele></trkpt>
</trkseg><trkseg>
<trkpt lon="13.04346473" lat="47.53908084"><ele>1925.78</ele></trkpt>
<trkpt lon="13.04347245" lat="47.53906270"><ele>1922.15</ele></trkpt>
<trkpt lon="13.04348698" lat="47.53903298"><ele>1921.08</ele></trkpt>
<trkpt lon="13.04349680" lat="47.53904044"><ele>1919.77</ele></trkpt>
<trkpt lon="13.04351635" lat="47.53903646"><ele>1917.10</ele></trkpt>
<trkpt lon="13.04362016" lat="47.53901411"><ele>1911.57</ele></trkpt>
</trkseg><trkseg>
<trkpt lon="13.04321887" lat="47.53898171"><ele>1941.40</ele></trkpt>
<trkpt lon="13.04324777" lat="47.53906202"><ele>1942.69</ele></trkpt>
<trkpt lon="13.04324238" lat="47.53911052"><ele>1943.74</ele></trkpt>
</trkseg><trkseg>
<trkpt lon="13.04324777" lat="47.53906202"><ele>1942.69</ele></trkpt>
<trkpt lon="13.04328528" lat="47.53907876"><ele>1945.15</ele></trkpt>
</trkseg><trkseg>
<trkpt lon="13.04359365" lat="47.53920532"><ele>1919.79</ele></trkpt>
<trkpt lon="13.04352639" lat="47.53919869"><ele>1919.63</ele></trkpt>
<trkpt lon="13.04348466" lat="47.53923442"><ele>1918.42</ele></trkpt>
<trkpt lon="13.04352602" lat="47.53925501"><ele>1917.74</ele></trkpt>
</trkseg><trkseg>
<trkpt lon="13.04401165" lat="47.53956744"><ele>1884.95</ele></trkpt>
<trkpt lon="13.04401165" lat="47.53956744"><ele>1880.05</ele></trkpt>
</trkseg><trkseg>
<trkpt lon="13.04348466" lat="47.53923442"><ele>1918.42</ele></trkpt>
<trkpt lon="13.04345752" lat="47.53924241"><ele>1915.02</ele></trkpt>
</trkseg><trkseg>
<trkpt lon="13.04345752" lat="47.53924241"><ele>1915.02</ele></trkpt>
<trkpt lon="13.04343901" lat="47.53924345"><ele>1914.92</ele></trkpt>
<trkpt lon="13.04341836" lat="47.53926640"><ele>1914.01</ele></trkpt>
<trkpt lon="13.04341836" lat="47.53926640"><ele>1912.81</ele></trkpt>
<trkpt lon="13.04338423" lat="47.53927662"><ele>1911.50</ele></trkpt>
<trkpt lon="13.04337484" lat="47.53926449"><ele>1911.21</ele></trkpt>
<trkpt lon="13.04329948" lat="47.53924368"><ele>1908.22</ele></trkpt>
<trkpt lon="13.04329295" lat="47.53925490"><ele>1907.95</ele></trkpt>
<trkpt lon="13.04327169" lat="47.53926192"><ele>1907.30</ele></trkpt>
<trkpt lon="13.04324629" lat="47.53928011"><ele>1905.83</ele></trkpt>
<trkpt lon="13.04319339" lat="47.53928758"><ele>1905.25</ele></trkpt>
<trkpt lon="13.04317681" lat="47.53929395"><ele>1904.82</ele></trkpt>
<trkpt lon="13.04317439" lat="47.53930561"><ele>1904.47</ele></trkpt>
<trkpt lon="13.04314711" lat="47.53931369"><ele>1904.23</ele></trkpt>
<trkpt lon="13.04314439" lat="47.53931545"><ele>1900.99</ele></trkpt>
<trkpt lon="13.04305823" lat="47.53925234"><ele>1900.99</ele></trkpt>
</trkseg><trkseg>
<trkpt lon="13.04314439" lat="47.53931545"><ele>1900.99</ele></trkpt>
<trkpt lon="13.04318191" lat="47.53933201"><ele>1899.77</ele></trkpt>
<trkpt lon="13.04315781" lat="47.53934762"><ele>1899.68</ele></trkpt>
<trkpt lon="13.04320131" lat="47.53937842"><ele>1898.14</ele></trkpt>
<trkpt lon="13.04320131" lat="47.53937842"><ele>1885.49</ele></trkpt>
</trkseg><trkseg>
<trkpt lon="13.04441203" lat="47.54012461"><ele>1778.51</ele></trkpt>
<trkpt lon="13.04443779" lat="47.54017877"><ele>1780.94</ele></trkpt>
</trkseg><trkseg>
<trkpt lon="13.04452463" lat="47.54023064"><ele>1769.07</ele></trkpt>
<trkpt lon="13.04450650" lat="47.54026786"><ele>1769.07</ele></trkpt>
</trkseg><trkseg>
<trkpt lon="13.04452463" lat="47.54023064"><ele>1769.07</ele></trkpt>
<trkpt lon="13.04454130" lat="47.54020771"><ele>1769.07</ele></trkpt>
</trkseg><trkseg>
<trkpt lon="13.04514851" lat="47.54056352"><ele>1744.77</ele></trkpt>
<trkpt lon="13.04516990" lat="47.54056019"><ele>1740.69</ele></trkpt>
</trkseg><trkseg>
<trkpt lon="13.04498297" lat="47.54048052"><ele>1760.79</ele></trkpt>
<trkpt lon="13.04496222" lat="47.54044156"><ele>1761.52</ele></trkpt>
<trkpt lon="13.04499260" lat="47.54038584"><ele>1764.45</ele></trkpt>
<trkpt lon="13.04497538" lat="47.54037736"><ele>1767.61</ele></trkpt>
</trkseg><trkseg>
<trkpt lon="13.04492831" lat="47.54062446"><ele>1758.29</ele></trkpt>
<trkpt lon="13.04494799" lat="47.54060635"><ele>1756.34</ele></trkpt>
<trkpt lon="13.04484219" lat="47.54058547"><ele>1764.07</ele></trkpt>
</trkseg><trkseg>
<trkpt lon="13.04495763" lat="47.54081509"><ele>1763.25</ele></trkpt>
<trkpt lon="13.04496934" lat="47.54086110"><ele>1764.84</ele></trkpt>
<trkpt lon="13.04495762" lat="47.54088681"><ele>1763.63</ele></trkpt>
<trkpt lon="13.04496209" lat="47.54091685"><ele>1762.54</ele></trkpt>
</trkseg><trkseg>
<trkpt lon="13.04542924" lat="47.54085850"><ele>1716.94</ele></trkpt>
<trkpt lon="13.04535875" lat="47.54086000"><ele>1716.94</ele></trkpt>
<trkpt lon="13.04536951" lat="47.54080286"><ele>1716.94</ele></trkpt>
</trkseg><trkseg>
<trkpt lon="13.04561173" lat="47.54103258"><ele>1716.70</ele></trkpt>
<trkpt lon="13.04561173" lat="47.54103258"><ele>1713.20</ele></trkpt>
</trkseg><trkseg>
<trkpt lon="13.04546228" lat="47.54087751"><ele>1715.54</ele></trkpt>
<trkpt lon="13.04546228" lat="47.54087751"><ele>1711.94</ele></trkpt>
</trkseg><trkseg>
<trkpt lon="13.04429146" lat="47.53975074"><ele>1811.27</ele></trkpt>
<trkpt lon="13.04427522" lat="47.53973364"><ele>1811.62</ele></trkpt>
<trkpt lon="13.04422444" lat="47.53967347"><ele>1811.76</ele></trkpt>
<trkpt lon="13.04423783" lat="47.53964221"><ele>1811.63</ele></trkpt>
<trkpt lon="13.04419528" lat="47.53955726"><ele>1811.81</ele></trkpt>
<trkpt lon="13.04415927" lat="47.53937848"><ele>1811.81</ele></trkpt>
<trkpt lon="13.04417462" lat="47.53938378"><ele>1811.55</ele></trkpt>
<trkpt lon="13.04416313" lat="47.53930691"><ele>1811.55</ele></trkpt>
<trkpt lon="13.04409263" lat="47.53921231"><ele>1814.06</ele></trkpt>
</trkseg><trkseg>
<trkpt lon="13.03979998" lat="47.53605003"><ele>1971.00</ele></trkpt>
<trkpt lon="13.03979186" lat="47.53603981"><ele>1970.12</ele></trkpt>
<trkpt lon="13.03982667" lat="47.53600415"><ele>1970.05</ele></trkpt>
<trkpt lon="13.03987735" lat="47.53602058"><ele>1968.30</ele></trkpt>
<trkpt lon="13.03996563" lat="47.53610127"><ele>1962.39</ele></trkpt>
<trkpt lon="13.03998509" lat="47.53614597"><ele>1960.52</ele></trkpt>
<trkpt lon="13.04001288" lat="47.53616318"><ele>1960.65</ele></trkpt>
<trkpt lon="13.04001523" lat="47.53616088"><ele>1961.30</ele></trkpt>
<trkpt lon="13.04007251" lat="47.53614638"><ele>1959.31</ele></trkpt>
<trkpt lon="13.04012032" lat="47.53609348"><ele>1958.44</ele></trkpt>
<trkpt lon="13.04011353" lat="47.53605836"><ele>1958.88</ele></trkpt>
<trkpt lon="13.04014614" lat="47.53606045"><ele>1957.81</ele></trkpt>
<trkpt lon="13.04018187" lat="47.53603586"><ele>1955.20</ele></trkpt>
<trkpt lon="13.04028599" lat="47.53605141"><ele>1950.62</ele></trkpt>
<trkpt lon="13.04032740" lat="47.53604924"><ele>1950.42</ele></trkpt>
<trkpt lon="13.04032757" lat="47.53603035"><ele>1948.95</ele></trkpt>
<trkpt lon="13.04033347" lat="47.53602190"><ele>1941.66</ele></trkpt>
<trkpt lon="13.04035003" lat="47.53601237"><ele>1942.00</ele></trkpt>
<trkpt lon="13.04035588" lat="47.53599088"><ele>1937.04</ele></trkpt>
<trkpt lon="13.04033762" lat="47.53598877"><ele>1936.75</ele></trkpt>
<trkpt lon="13.04032803" lat="47.53600732"><ele>1933.93</ele></trkpt>
<trkpt lon="13.04032340" lat="47.53600688"><ele>1932.25</ele></trkpt>
<trkpt lon="13.04032264" lat="47.53602720"><ele>1931.93</ele></trkpt>
<trkpt lon="13.04036471" lat="47.53602135"><ele>1929.33</ele></trkpt>
<trkpt lon="13.04037866" lat="47.53602159"><ele>1928.22</ele></trkpt>
</trkseg><trkseg>
<trkpt lon="13.04032757" lat="47.53603035"><ele>1948.95</ele></trkpt>
<trkpt lon="13.04038080" lat="47.53604601"><ele>1950.68</ele></trkpt>
<trkpt lon="13.04032656" lat="47.53604311"><ele>1954.52</ele></trkpt>
</trkseg><trkseg>
<trkpt lon="13.04038080" lat="47.53604601"><ele>1950.68</ele></trkpt>
<trkpt lon="13.04038112" lat="47.53607310"><ele>1951.10</ele></trkpt>
</trkseg><trkseg>
<trkpt lon="13.04038080" lat="47.53604601"><ele>1950.68</ele></trkpt>
<trkpt lon="13.04037796" lat="47.53603319"><ele>1948.15</ele></trkpt>
</trkseg><trkseg>
<trkpt lon="13.04028599" lat="47.53605141"><ele>1950.62</ele></trkpt>
<trkpt lon="13.04028280" lat="47.53606215"><ele>1951.73</ele></trkpt>
<trkpt lon="13.04028722" lat="47.53609327"><ele>1957.02</ele></trkpt>
</trkseg><trkseg>
<trkpt lon="13.04028599" lat="47.53605141"><ele>1950.62</ele></trkpt>
<trkpt lon="13.04025234" lat="47.53602744"><ele>1956.42</ele></trkpt>
</trkseg><trkseg>
<trkpt lon="13.04011353" lat="47.53605836"><ele>1958.88</ele></trkpt>
<trkpt lon="13.04008005" lat="47.53606166"><ele>1960.78</ele></trkpt>
</trkseg><trkseg>
<trkpt lon="13.04012032" lat="47.53609348"><ele>1958.44</ele></trkpt>
<trkpt lon="13.04002543" lat="47.53609411"><ele>1962.08</ele></trkpt>
</trkseg><trkseg>
<trkpt lon="13.04001523" lat="47.53616088"><ele>1961.30</ele></trkpt>
<trkpt lon="13.04002669" lat="47.53624197"><ele>1960.30</ele></trkpt>
<trkpt lon="13.04003279" lat="47.53627798"><ele>1959.54</ele></trkpt>
<trkpt lon="13.04003472" lat="47.53630816"><ele>1958.08</ele></trkpt>
</trkseg><trkseg>
<trkpt lon="13.03982667" lat="47.53600415"><ele>1970.05</ele></trkpt>
<trkpt lon="13.03981180" lat="47.53601829"><ele>1974.51</ele></trkpt>
</trkseg><trkseg>
<trkpt lon="13.04001288" lat="47.53616318"><ele>1960.65</ele></trkpt>
<trkpt lon="13.03994919" lat="47.53619998"><ele>1968.03</ele></trkpt>
<trkpt lon="13.03993203" lat="47.53623271"><ele>1969.22</ele></trkpt>
</trkseg><trkseg>
<trkpt lon="13.03888328" lat="47.53071667"><ele>2130.00</ele></trkpt>
<trkpt lon="13.03886070" lat="47.53072006"><ele>2128.78</ele></trkpt>
<trkpt lon="13.03885223" lat="47.53072631"><ele>2128.70</ele></trkpt>
<trkpt lon="13.03883077" lat="47.53073170"><ele>2128.39</ele></trkpt>
<trkpt lon="13.03882796" lat="47.53072877"><ele>2128.01</ele></trkpt>
<trkpt lon="13.03881154" lat="47.53072732"><ele>2127.67</ele></trkpt>
<trkpt lon="13.03879798" lat="47.53072025"><ele>2127.79</ele></trkpt>
<trkpt lon="13.03878295" lat="47.53072449"><ele>2126.03</ele></trkpt>
<trkpt lon="13.03877380" lat="47.53070958"><ele>2126.87</ele></trkpt>
<trkpt lon="13.03874769" lat="47.53071507"><ele>2125.42</ele></trkpt>
<trkpt lon="13.03874175" lat="47.53072478"><ele>2125.00</ele></trkpt>
<trkpt lon="13.03874175" lat="47.53072478"><ele>2118.24</ele></trkpt>
<trkpt lon="13.03869989" lat="47.53072847"><ele>2120.07</ele></trkpt>
<trkpt lon="13.03867530" lat="47.53074659"><ele>2119.83</ele></trkpt>
<trkpt lon="13.03861041" lat="47.53074458"><ele>2117.01</ele></trkpt>
<trkpt lon="13.03861041" lat="47.53074458"><ele>2113.15</ele></trkpt>
<trkpt lon="13.03858997" lat="47.53074396"><ele>2113.71</ele></trkpt>
<trkpt lon="13.03856661" lat="47.53075399"><ele>2113.15</ele></trkpt>
<trkpt lon="13.03855894" lat="47.53075665"><ele>2111.75</ele></trkpt>
<trkpt lon="13.03856037" lat="47.53076451"><ele>2112.20</ele></trkpt>
<trkpt lon="13.03853312" lat="47.53077205"><ele>2111.60</ele></trkpt>
<trkpt lon="13.03852848" lat="47.53078583"><ele>2111.18</ele></trkpt>
<trkpt lon="13.03851139" lat="47.53078095"><ele>2109.63</ele></trkpt>
<trkpt lon="13.03850076" lat="47.53078472"><ele>2109.63</ele></trkpt>
<trkpt lon="13.03847868" lat="47.53077094"><ele>2109.02</ele></trkpt>
<trkpt lon="13.03844521" lat="47.53077801"><ele>2107.79</ele></trkpt>
<trkpt lon="13.03841944" lat="47.53077415"><ele>2096.57</ele></trkpt>
<trkpt lon="13.03836148" lat="47.53075363"><ele>2088.04</ele></trkpt>
<trkpt lon="13.03836026" lat="47.53074722"><ele>2079.82</ele></trkpt>
<trkpt lon="13.03837138" lat="47.53075902"><ele>2081.67</ele></trkpt>
<trkpt lon="13.03837804" lat="47.53077974"><ele>2072.86</ele></trkpt>
<trkpt lon="13.03837971" lat="47.53080641"><ele>2056.03</ele></trkpt>
<trkpt lon="13.03837004" lat="47.53085555"><ele>2040.88</ele></trkpt>
</trkseg><trkseg>
<trkpt lon="13.03836026" lat="47.53074722"><ele>2079.82</ele></trkpt>
<trkpt lon="13.03834930" lat="47.53071329"><ele>2084.42</ele></trkpt>
<trkpt lon="13.03834930" lat="47.53071329"><ele>2069.51</ele></trkpt>
<trkpt lon="13.03835753" lat="47.53069580"><ele>2069.15</ele></trkpt>
<trkpt lon="13.03833752" lat="47.53070139"><ele>2067.20</ele></trkpt>
<trkpt lon="13.03833752" lat="47.53070139"><ele>2041.96</ele></trkpt>
</trkseg><trkseg>
<trkpt lon="13.03841944" lat="47.53077415"><ele>2096.57</ele></trkpt>
<trkpt lon="13.03837374" lat="47.53078822"><ele>2092.52</ele></trkpt>
<trkpt lon="13.03835606" lat="47.53081698"><ele>2090.52</ele></trkpt>
<trkpt lon="13.03838968" lat="47.53084185"><ele>2091.52</ele></trkpt>
<trkpt lon="13.03838757" lat="47.53085216"><ele>2091.21</ele></trkpt>
<trkpt lon="13.03838622" lat="47.53087392"><ele>2089.18</ele></trkpt>
<trkpt lon="13.03840540" lat="47.53091555"><ele>2089.69</ele></trkpt>
<trkpt lon="13.03836950" lat="47.53093770"><ele>2087.13</ele></trkpt>
<trkpt lon="13.03836673" lat="47.53097976"><ele>2085.43</ele></trkpt>
<trkpt lon="13.03835754" lat="47.53102658"><ele>2082.98</ele></trkpt>
<trkpt lon="13.03839470" lat="47.53101354"><ele>2082.98</ele></trkpt>
<trkpt lon="13.03845406" lat="47.53103921"><ele>2083.44</ele></trkpt>
<trkpt lon="13.03848187" lat="47.53107730"><ele>2080.60</ele></trkpt>
<trkpt lon="13.03848187" lat="47.53107730"><ele>2069.40</ele></trkpt>
<trkpt lon="13.03849907" lat="47.53109703"><ele>2069.76</ele></trkpt>
<trkpt lon="13.03849256" lat="47.53119338"><ele>2070.51</ele></trkpt>
<trkpt lon="13.03847879" lat="47.53126315"><ele>2064.83</ele></trkpt>
<trkpt lon="13.03849273" lat="47.53130280"><ele>2065.38</ele></trkpt>
<trkpt lon="13.03847726" lat="47.53132908"><ele>2067.59</ele></trkpt>
<trkpt lon="13.03845859" lat="47.53135945"><ele>2068.78</ele></trkpt>
<trkpt lon="13.03841241" lat="47.53139006"><ele>2067.38</ele></trkpt>
<trkpt lon="13.03841072" lat="47.53143170"><ele>2066.90</ele></trkpt>
<trkpt lon="13.03846114" lat="47.53148349"><ele>2061.70</ele></trkpt>
<trkpt lon="13.03858285" lat="47.53146542"><ele>2064.39</ele></trkpt>
<trkpt lon="13.03871571" lat="47.53145851"><ele>2063.51</ele></trkpt>
<trkpt lon="13.03880750" lat="47.53144478"><ele>2067.43</ele></trkpt>
<trkpt lon="13.03884770" lat="47.53144277"><ele>2068.66</ele></trkpt>
<trkpt lon="13.03889259" lat="47.53142896"><ele>2069.86</ele></trkpt>
<trkpt lon="13.03893528" lat="47.53137804"><ele>2073.32</ele></trkpt>
<trkpt lon="13.03903200" lat="47.53141380"><ele>2074.34</ele></trkpt>
<trkpt lon="13.03905781" lat="47.53140587"><ele>2080.21</ele></trkpt>
<trkpt lon="13.03910985" lat="47.53132137"><ele>2086.82</ele></trkpt>
<trkpt lon="13.03919717" lat="47.53133141"><ele>2090.37</ele></trkpt>
<trkpt lon="13.03922975" lat="47.53134834"><ele>2091.55</ele></trkpt>
<trkpt lon="13.03928334" lat="47.53134368"><ele>2094.10</ele></trkpt>
<trkpt lon="13.03930830" lat="47.53137254"><ele>2092.44</ele></trkpt>
<trkpt lon="13.03932767" lat="47.53138412"><ele>2092.61</ele></trkpt>
<trkpt lon="13.03937755" lat="47.53138624"><ele>2094.45</ele></trkpt>
<trkpt lon="13.03940710" lat="47.53140600"><ele>2093.78</ele></trkpt>
<trkpt lon="13.03945684" lat="47.53138705"><ele>2095.26</ele></trkpt>
<trkpt lon="13.03951214" lat="47.53140041"><ele>2092.05</ele></trkpt>
<trkpt lon="13.03953490" lat="47.53140998"><ele>2086.18</ele></trkpt>
<trkpt lon="13.03957857" lat="47.53140767"><ele>2077.61</ele></trkpt>
<trkpt lon="13.03958286" lat="47.53140297"><ele>2076.82</ele></trkpt>
</trkseg><trkseg>
<trkpt lon="13.03958286" lat="47.53140297"><ele>2076.82</ele></trkpt>
<trkpt lon="13.03951965" lat="47.53137004"><ele>2075.44</ele></trkpt>
<trkpt lon="13.03946346" lat="47.53134838"><ele>2079.52</ele></trkpt>
<trkpt lon="13.03942593" lat="47.53133937"><ele>2083.96</ele></trkpt>
<trkpt lon="13.03940975" lat="47.53133846"><ele>2084.46</ele></trkpt>
<trkpt lon="13.03939820" lat="47.53130272"><ele>2085.62</ele></trkpt>
<trkpt lon="13.03936520" lat="47.53128614"><ele>2086.17</ele></trkpt>
<trkpt lon="13.03934560" lat="47.53126664"><ele>2085.00</ele></trkpt>
<trkpt lon="13.03931551" lat="47.53122914"><ele>2084.16</ele></trkpt>
<trkpt lon="13.03931531" lat="47.53120241"><ele>2087.03</ele></trkpt>
<trkpt lon="13.03930936" lat="47.53118396"><ele>2089.13</ele></trkpt>
<trkpt lon="13.03929396" lat="47.53115859"><ele>2088.60</ele></trkpt>
</trkseg><trkseg>
<trkpt lon="13.03931531" lat="47.53120241"><ele>2087.03</ele></trkpt>
<trkpt lon="13.03929659" lat="47.53119840"><ele>2086.77</ele></trkpt>
<trkpt lon="13.03928571" lat="47.53119453"><ele>2085.67</ele></trkpt>
<trkpt lon="13.03927569" lat="47.53120327"><ele>2085.67</ele></trkpt>
<trkpt lon="13.03923151" lat="47.53121565"><ele>2083.15</ele></trkpt>
</trkseg><trkseg>
<trkpt lon="13.03838757" lat="47.53085216"><ele>2091.21</ele></trkpt>
<trkpt lon="13.03847434" lat="47.53085905"><ele>2073.17</ele></trkpt>
</trkseg><trkseg>
<trkpt lon="13.03836950" lat="47.53093770"><ele>2087.13</ele></trkpt>
<trkpt lon="13.03835122" lat="47.53093253"><ele>2087.00</ele></trkpt>
<trkpt lon="13.03832252" lat="47.53091125"><ele>2081.87</ele></trkpt>
</trkseg><trkseg>
<trkpt lon="13.03928334" lat="47.53134368"><ele>2094.10</ele></trkpt>
<trkpt lon="13.03929455" lat="47.53132453"><ele>2093.13</ele></trkpt>
<trkpt lon="13.03928377" lat="47.53131417"><ele>2096.01</ele></trkpt>
</trkseg><trkseg>
<trkpt lon="13.03958286" lat="47.53140297"><ele>2076.82</ele></trkpt>
<trkpt lon="13.03961413" lat="47.53136976"><ele>2075.23</ele></trkpt>
<trkpt lon="13.03963300" lat="47.53138377"><ele>2072.21</ele></trkpt>
<trkpt lon="13.03966038" lat="47.53140142"><ele>2071.18</ele></trkpt>
</trkseg><trkseg>
<trkpt lon="13.03963300" lat="47.53138377"><ele>2072.21</ele></trkpt>
<trkpt lon="13.03957858" lat="47.53136448"><ele>2072.62</ele></trkpt>
</trkseg><trkseg>
<trkpt lon="13.03835606" lat="47.53081698"><ele>2090.52</ele></trkpt>
<trkpt lon="13.03826829" lat="47.53076230"><ele>2084.23</ele></trkpt>
<trkpt lon="13.03822692" lat="47.53076348"><ele>2083.10</ele></trkpt>
<trkpt lon="13.03824453" lat="47.53072608"><ele>2081.51</ele></trkpt>
<trkpt lon="13.03817637" lat="47.53069054"><ele>2080.94</ele></trkpt>
<trkpt lon="13.03813732" lat="47.53067952"><ele>2080.67</ele></trkpt>
<trkpt lon="13.03809632" lat="47.53067072"><ele>2079.49</ele></trkpt>
<trkpt lon="13.03809535" lat="47.53065406"><ele>2077.93</ele></trkpt>
<trkpt lon="13.03811267" lat="47.53063150"><ele>2082.83</ele></trkpt>
<trkpt lon="13.03805852" lat="47.53059773"><ele>2081.86</ele></trkpt>
<trkpt lon="13.03805852" lat="47.53059773"><ele>2076.96</ele></trkpt>
</trkseg><trkseg>
<trkpt lon="13.03805852" lat="47.53059773"><ele>2081.86</ele></trkpt>
<trkpt lon="13.03805037" lat="47.53059894"><ele>2080.51</ele></trkpt>
<trkpt lon="13.03799840" lat="47.53060669"><ele>2078.19</ele></trkpt>
</trkseg><trkseg>
<trkpt lon="13.04264996" lat="47.53385003"><ele>1978.00</ele></trkpt>
<trkpt lon="13.04268495" lat="47.53385252"><ele>1973.48</ele></trkpt>
</trkseg><trkseg>
<trkpt lon="13.04268495" lat="47.53385252"><ele>1973.48</ele></trkpt>
<trkpt lon="13.04271480" lat="47.53384646"><ele>1970.93</ele></trkpt>
</trkseg><trkseg>
<trkpt lon="13.04271480" lat="47.53384646"><ele>1970.93</ele></trkpt>
<trkpt lon="13.04273354" lat="47.53387854"><ele>1970.36</ele></trkpt>
</trkseg><trkseg>
<trkpt lon="13.04273354" lat="47.53387854"><ele>1970.36</ele></trkpt>
<trkpt lon="13.04267518" lat="47.53387944"><ele>1967.57</ele></trkpt>
</trkseg><trkseg>
<trkpt lon="13.04267518" lat="47.53387944"><ele>1967.57</ele></trkpt>
<trkpt lon="13.04266595" lat="47.53389161"><ele>1966.63</ele></trkpt>
</trkseg><trkseg>
<trkpt lon="13.04266595" lat="47.53389161"><ele>1966.63</ele></trkpt>
<trkpt lon="13.04269265" lat="47.53388837"><ele>1961.61</ele></trkpt>
</trkseg><trkseg>
<trkpt lon="13.04269265" lat="47.53388837"><ele>1961.61</ele></trkpt>
<trkpt lon="13.04272852" lat="47.53389924"><ele>1954.72</ele></trkpt>
</trkseg><trkseg>
<trkpt lon="13.04272852" lat="47.53389924"><ele>1954.72</ele></trkpt>
<trkpt lon="13.04273985" lat="47.53393021"><ele>1948.58</ele></trkpt>
</trkseg><trkseg>
<trkpt lon="13.04273985" lat="47.53393021"><ele>1948.58</ele></trkpt>
<trkpt lon="13.04275584" lat="47.53394686"><ele>1940.12</ele></trkpt>
</trkseg><trkseg>
<trkpt lon="13.04275584" lat="47.53394686"><ele>1940.12</ele></trkpt>
<trkpt lon="13.04277742" lat="47.53393841"><ele>1938.50</ele></trkpt>
</trkseg><trkseg>
<trkpt lon="13.04273985" lat="47.53393021"><ele>1948.58</ele></trkpt>
<trkpt lon="13.04273985" lat="47.53393021"><ele>1948.58</ele></trkpt>
<trkpt lon="13.04274575" lat="47.53395038"><ele>1947.55</ele></trkpt>
</trkseg><trkseg>
<trkpt lon="13.04266595" lat="47.53389161"><ele>1966.63</ele></trkpt>
<trkpt lon="13.04266595" lat="47.53389161"><ele>1966.63</ele></trkpt>
</trkseg><trkseg>
<trkpt lon="13.04266595" lat="47.53389161"><ele>1966.63</ele></trkpt>
<trkpt lon="13.04265124" lat="47.53390863"><ele>1965.16</ele></trkpt>
</trkseg><trkseg>
<trkpt lon="13.04265124" lat="47.53390863"><ele>1965.16</ele></trkpt>
<trkpt lon="13.04265599" lat="47.53391294"><ele>1964.01</ele></trkpt>
</trkseg><trkseg>
<trkpt lon="13.04268495" lat="47.53385252"><ele>1973.48</ele></trkpt>
<trkpt lon="13.04268495" lat="47.53385252"><ele>1973.48</ele></trkpt>
<trkpt lon="13.04264394" lat="47.53382626"><ele>1973.47</ele></trkpt>
</trkseg><trkseg>
<trkpt lon="13.04271480" lat="47.53384646"><ele>1970.93</ele></trkpt>
<trkpt lon="13.04271480" lat="47.53384646"><ele>1970.93</ele></trkpt>
<trkpt lon="13.04273119" lat="47.53385232"><ele>1970.35</ele></trkpt>
</trkseg><trkseg>
<trkpt lon="13.04273119" lat="47.53385232"><ele>1970.35</ele></trkpt>
<trkpt lon="13.04272667" lat="47.53384531"><ele>1973.72</ele></trkpt>
<trkpt lon="13.04273484" lat="47.53384365"><ele>1974.19</ele></trkpt>
</trkseg><trkseg>
<trkpt lon="13.04286169" lat="47.53156005"><ele>2044.00</ele></trkpt>
<trkpt lon="13.04290526" lat="47.53158167"><ele>2039.32</ele></trkpt>
<trkpt lon="13.04293250" lat="47.53154254"><ele>2037.48</ele></trkpt>
<trkpt lon="13.04301528" lat="47.53152452"><ele>2033.38</ele></trkpt>
<trkpt lon="13.04304521" lat="47.53144485"><ele>2026.74</ele></trkpt>
<trkpt lon="13.04311228" lat="47.53145634"><ele>2024.53</ele></trkpt>
<trkpt lon="13.04325722" lat="47.53146026"><ele>2030.10</ele></trkpt>
</trkseg><trkseg>
<trkpt lon="13.04293250" lat="47.53154254"><ele>2037.48</ele></trkpt>
<trkpt lon="13.04300363" lat="47.53159459"><ele>2033.63</ele></trkpt>
<trkpt lon="13.04305819" lat="47.53162819"><ele>2029.88</ele></trkpt>
<trkpt lon="13.04305819" lat="47.53162819"><ele>2028.98</ele></trkpt>
<trkpt lon="13.04321403" lat="47.53161762"><ele>2027.74</ele></trkpt>
</trkseg><trkseg>
<trkpt lon="13.04300363" lat="47.53159459"><ele>2033.63</ele></trkpt>
<trkpt lon="13.04296405" lat="47.53159779"><ele>2044.83</ele></trkpt>
</trkseg><trkseg>
<trkpt lon="13.09298338" lat="47.54635002"><ele>1601.00</ele></trkpt>
<trkpt lon="13.09298338" lat="47.54635002"><ele>1551.00</ele></trkpt>
</trkseg><trkseg>
<trkpt lon="13.03466663" lat="47.53647163"><ele>2007.00</ele></trkpt>
<trkpt lon="13.03466560" lat="47.53648502"><ele>2003.12</ele></trkpt>
<trkpt lon="13.03462160" lat="47.53649948"><ele>1999.43</ele></trkpt>
<trkpt lon="13.03459923" lat="47.53651511"><ele>1997.11</ele></trkpt>
<trkpt lon="13.03458906" lat="47.53652420"><ele>1995.64</ele></trkpt>
<trkpt lon="13.03453316" lat="47.53654421"><ele>1991.51</ele></trkpt>
<trkpt lon="13.03453206" lat="47.53655238"><ele>1991.02</ele></trkpt>
</trkseg><trkseg>
<trkpt lon="13.03497163" lat="47.53627836"><ele>2025.00</ele></trkpt>
<trkpt lon="13.03489756" lat="47.53620888"><ele>2013.23</ele></trkpt>
<trkpt lon="13.03481740" lat="47.53612796"><ele>1998.87</ele></trkpt>
<trkpt lon="13.03482539" lat="47.53613818"><ele>1996.74</ele></trkpt>
<trkpt lon="13.03484001" lat="47.53609191"><ele>1999.08</ele></trkpt>
<trkpt lon="13.03487097" lat="47.53608479"><ele>1994.64</ele></trkpt>
</trkseg><trkseg>
<trkpt lon="13.03484001" lat="47.53609191"><ele>1999.08</ele></trkpt>
<trkpt lon="13.03492189" lat="47.53608035"><ele>2003.65</ele></trkpt>
</trkseg><trkseg>
<trkpt lon="13.03482539" lat="47.53613818"><ele>1996.74</ele></trkpt>
<trkpt lon="13.03478961" lat="47.53617824"><ele>1994.20</ele></trkpt>
<trkpt lon="13.03479786" lat="47.53620285"><ele>1995.57</ele></trkpt>
<trkpt lon="13.03479511" lat="47.53621603"><ele>1992.55</ele></trkpt>
</trkseg><trkseg>
<trkpt lon="13.03811666" lat="47.53608333"><ele>1968.00</ele></trkpt>
<trkpt lon="13.03811538" lat="47.53610706"><ele>1966.15</ele></trkpt>
<trkpt lon="13.03811982" lat="47.53620153"><ele>1954.48</ele></trkpt>
<trkpt lon="13.03811266" lat="47.53620483"><ele>1945.22</ele></trkpt>
<trkpt lon="13.03816885" lat="47.53618023"><ele>1938.54</ele></trkpt>
<trkpt lon="13.03817584" lat="47.53619592"><ele>1932.18</ele></trkpt>
<trkpt lon="13.03816324" lat="47.53618814"><ele>1929.54</ele></trkpt>
<trkpt lon="13.03815997" lat="47.53619025"><ele>1928.37</ele></trkpt>
<trkpt lon="13.03812991" lat="47.53619837"><ele>1905.15</ele></trkpt>
<trkpt lon="13.03810747" lat="47.53616577"><ele>1901.55</ele></trkpt>
<trkpt lon="13.03807381" lat="47.53621676"><ele>1897.97</ele></trkpt>
<trkpt lon="13.03804973" lat="47.53629238"><ele>1897.52</ele></trkpt>
<trkpt lon="13.03800048" lat="47.53630180"><ele>1897.38</ele></trkpt>
<trkpt lon="13.03800048" lat="47.53630180"><ele>1894.48</ele></trkpt>
</trkseg><trkseg>
<trkpt lon="13.03804973" lat="47.53629238"><ele>1897.52</ele></trkpt>
<trkpt lon="13.03800442" lat="47.53628522"><ele>1897.52</ele></trkpt>
</trkseg><trkseg>
<trkpt lon="13.03817584" lat="47.53619592"><ele>1932.18</ele></trkpt>
<trkpt lon="13.03819247" lat="47.53620610"><ele>1932.18</ele></trkpt>
<trkpt lon="13.03819247" lat="47.53620610"><ele>1927.78</ele></trkpt>
<trkpt lon="13.03819861" lat="47.53624094"><ele>1927.78</ele></trkpt>
</trkseg><trkseg>
<trkpt lon="13.03772167" lat="47.53641670"><ele>1954.00</ele></trkpt>
<trkpt lon="13.03774846" lat="47.53641446"><ele>1951.20</ele></trkpt>
<trkpt lon="13.03772133" lat="47.53642228"><ele>1947.91</ele></trkpt>
<trkpt lon="13.03771327" lat="47.53640306"><ele>1946.47</ele></trkpt>
<trkpt lon="13.03770499" lat="47.53638654"><ele>1945.06</ele></trkpt>
</trkseg><trkseg>
<trkpt lon="13.03771327" lat="47.53640306"><ele>1946.47</ele></trkpt>
<trkpt lon="13.03772077" lat="47.53636234"><ele>1947.61</ele></trkpt>
<trkpt lon="13.03770952" lat="47.53631841"><ele>1948.75</ele></trkpt>
<trkpt lon="13.03770472" lat="47.53632607"><ele>1949.71</ele></trkpt>
<trkpt lon="13.03768575" lat="47.53631441"><ele>1947.64</ele></trkpt>
<trkpt lon="13.03768467" lat="47.53626868"><ele>1947.82</ele></trkpt>
</trkseg><trkseg>
<trkpt lon="13.05735926" lat="47.53485348"><ele>1492.22</ele></trkpt>
<trkpt lon="13.05731857" lat="47.53481121"><ele>1490.07</ele></trkpt>
<trkpt lon="13.05736068" lat="47.53473256"><ele>1472.58</ele></trkpt>
<trkpt lon="13.05732422" lat="47.53470882"><ele>1464.77</ele></trkpt>
<trkpt lon="13.05737663" lat="47.53468910"><ele>1453.03</ele></trkpt>
<trkpt lon="13.05739601" lat="47.53467881"><ele>1451.92</ele></trkpt>
<trkpt lon="13.05739601" lat="47.53467881"><ele>1434.88</ele></trkpt>
<trkpt lon="13.05743641" lat="47.53466429"><ele>1418.65</ele></trkpt>
<trkpt lon="13.05746622" lat="47.53469530"><ele>1404.30</ele></trkpt>
<trkpt lon="13.05748560" lat="47.53466710"><ele>1403.24</ele></trkpt>
<trkpt lon="13.05753050" lat="47.53469261"><ele>1391.11</ele></trkpt>
<trkpt lon="13.05756707" lat="47.53472787"><ele>1379.82</ele></trkpt>
<trkpt lon="13.05758271" lat="47.53466776"><ele>1369.75</ele></trkpt>
<trkpt lon="13.05761881" lat="47.53466162"><ele>1356.54</ele></trkpt>
<trkpt lon="13.05764156" lat="47.53462853"><ele>1355.60</ele></trkpt>
<trkpt lon="13.05767281" lat="47.53459172"><ele>1351.49</ele></trkpt>
<trkpt lon="13.05778843" lat="47.53455174"><ele>1342.70</ele></trkpt>
<trkpt lon="13.05781871" lat="47.53450546"><ele>1331.65</ele></trkpt>
<trkpt lon="13.05783457" lat="47.53451482"><ele>1330.37</ele></trkpt>
<trkpt lon="13.05789118" lat="47.53451479"><ele>1320.79</ele></trkpt>
<trkpt lon="13.05792832" lat="47.53451650"><ele>1319.61</ele></trkpt>
<trkpt lon="13.05793994" lat="47.53451112"><ele>1318.10</ele></trkpt>
<trkpt lon="13.05795228" lat="47.53451870"><ele>1311.63</ele></trkpt>
<trkpt lon="13.05799788" lat="47.53451102"><ele>1311.51</ele></trkpt>
<trkpt lon="13.05803450" lat="47.53451227"><ele>1307.98</ele></trkpt>
<trkpt lon="13.05806567" lat="47.53451037"><ele>1305.36</ele></trkpt>
<trkpt lon="13.05808311" lat="47.53453811"><ele>1302.93</ele></trkpt>
<trkpt lon="13.05811096" lat="47.53456126"><ele>1297.61</ele></trkpt>
<trkpt lon="13.05809517" lat="47.53457134"><ele>1287.34</ele></trkpt>
<trkpt lon="13.05813350" lat="47.53454436"><ele>1290.83</ele></trkpt>
</trkseg><trkseg>
<trkpt lon="13.05813350" lat="47.53454436"><ele>1290.83</ele></trkpt>
<trkpt lon="13.05817692" lat="47.53453799"><ele>1286.05</ele></trkpt>
<trkpt lon="13.05817641" lat="47.53452673"><ele>1284.55</ele></trkpt>
<trkpt lon="13.05823539" lat="47.53453439"><ele>1281.27</ele></trkpt>
<trkpt lon="13.05828382" lat="47.53450020"><ele>1271.77</ele></trkpt>
<trkpt lon="13.05827423" lat="47.53448996"><ele>1264.15</ele></trkpt>
<trkpt lon="13.05832002" lat="47.53448768"><ele>1264.09</ele></trkpt>
<trkpt lon="13.05834856" lat="47.53447773"><ele>1255.07</ele></trkpt>
<trkpt lon="13.05840505" lat="47.53449155"><ele>1254.28</ele></trkpt>
<trkpt lon="13.05843643" lat="47.53454130"><ele>1245.99</ele></trkpt>
<trkpt lon="13.05852705" lat="47.53453789"><ele>1233.14</ele></trkpt>
<trkpt lon="13.05856234" lat="47.53456431"><ele>1232.45</ele></trkpt>
<trkpt lon="13.05861924" lat="47.53460676"><ele>1230.38</ele></trkpt>
<trkpt lon="13.05873357" lat="47.53461607"><ele>1220.41</ele></trkpt>
<trkpt lon="13.05875070" lat="47.53462356"><ele>1218.44</ele></trkpt>
<trkpt lon="13.05878302" lat="47.53460809"><ele>1216.58</ele></trkpt>
<trkpt lon="13.05881219" lat="47.53459194"><ele>1214.74</ele></trkpt>
<trkpt lon="13.05883464" lat="47.53456316"><ele>1212.20</ele></trkpt>
<trkpt lon="13.05885646" lat="47.53453735"><ele>1215.39</ele></trkpt>
<trkpt lon="13.05891837" lat="47.53451581"><ele>1222.35</ele></trkpt>
<trkpt lon="13.05894552" lat="47.53449674"><ele>1225.39</ele></trkpt>
<trkpt lon="13.05896729" lat="47.53447201"><ele>1225.67</ele></trkpt>
<trkpt lon="13.05898555" lat="47.53446692"><ele>1221.58</ele></trkpt>
<trkpt lon="13.05900884" lat="47.53443717"><ele>1220.86</ele></trkpt>
<trkpt lon="13.05902119" lat="47.53443378"><ele>1214.52</ele></trkpt>
<trkpt lon="13.05909683" lat="47.53443632"><ele>1210.52</ele></trkpt>
<trkpt lon="13.05912557" lat="47.53443896"><ele>1205.13</ele></trkpt>
<trkpt lon="13.05910053" lat="47.53444763"><ele>1199.31</ele></trkpt>
<trkpt lon="13.05906100" lat="47.53448907"><ele>1190.54</ele></trkpt>
<trkpt lon="13.05901707" lat="47.53446601"><ele>1180.67</ele></trkpt>
<trkpt lon="13.05901707" lat="47.53446601"><ele>1176.67</ele></trkpt>
</trkseg><trkseg>
<trkpt lon="13.05901707" lat="47.53446601"><ele>1180.67</ele></trkpt>
<trkpt lon="13.05897921" lat="47.53445871"><ele>1181.46</ele></trkpt>
<trkpt lon="13.05899911" lat="47.53449189"><ele>1180.62</ele></trkpt>
<trkpt lon="13.05901153" lat="47.53451892"><ele>1181.06</ele></trkpt>
<trkpt lon="13.05906162" lat="47.53454082"><ele>1184.20</ele></trkpt>
<trkpt lon="13.05905954" lat="47.53456832"><ele>1185.08</ele></trkpt>
<trkpt lon="13.05908809" lat="47.53455081"><ele>1187.34</ele></trkpt>
<trkpt lon="13.05912547" lat="47.53453155"><ele>1187.28</ele></trkpt>
<trkpt lon="13.05917527" lat="47.53451431"><ele>1184.85</ele></trkpt>
<trkpt lon="13.05917527" lat="47.53451431"><ele>1180.90</ele></trkpt>
<trkpt lon="13.05914553" lat="47.53452793"><ele>1180.85</ele></trkpt>
<trkpt lon="13.05917583" lat="47.53457821"><ele>1179.68</ele></trkpt>
<trkpt lon="13.05919079" lat="47.53459430"><ele>1178.25</ele></trkpt>
<trkpt lon="13.05917119" lat="47.53459253"><ele>1169.81</ele></trkpt>
<trkpt lon="13.05917881" lat="47.53460912"><ele>1169.50</ele></trkpt>
<trkpt lon="13.05919179" lat="47.53464993"><ele>1160.00</ele></trkpt>
<trkpt lon="13.05922087" lat="47.53469361"><ele>1160.66</ele></trkpt>
<trkpt lon="13.05928393" lat="47.53468442"><ele>1145.69</ele></trkpt>
</trkseg><trkseg>
<trkpt lon="13.05928393" lat="47.53468442"><ele>1145.69</ele></trkpt>
<trkpt lon="13.05935725" lat="47.53473911"><ele>1145.69</ele></trkpt>
<trkpt lon="13.05940608" lat="47.53476972"><ele>1143.35</ele></trkpt>
<trkpt lon="13.05947491" lat="47.53478042"><ele>1140.15</ele></trkpt>
<trkpt lon="13.05963321" lat="47.53479705"><ele>1129.30</ele></trkpt>
<trkpt lon="13.05966456" lat="47.53482602"><ele>1128.67</ele></trkpt>
<trkpt lon="13.05967009" lat="47.53481657"><ele>1128.11</ele></trkpt>
<trkpt lon="13.05971794" lat="47.53479462"><ele>1125.70</ele></trkpt>
<trkpt lon="13.05972002" lat="47.53481013"><ele>1124.66</ele></trkpt>
<trkpt lon="13.05972786" lat="47.53482466"><ele>1124.24</ele></trkpt>
<trkpt lon="13.05974971" lat="47.53483376"><ele>1122.24</ele></trkpt>
<trkpt lon="13.05977433" lat="47.53483291"><ele>1122.07</ele></trkpt>
<trkpt lon="13.05977240" lat="47.53485277"><ele>1121.84</ele></trkpt>
<trkpt lon="13.05974998" lat="47.53486265"><ele>1120.32</ele></trkpt>
<trkpt lon="13.05975857" lat="47.53484228"><ele>1119.74</ele></trkpt>
<trkpt lon="13.05979804" lat="47.53485635"><ele>1118.45</ele></trkpt>
</trkseg><trkseg>
<trkpt lon="13.05979804" lat="47.53485635"><ele>1118.45</ele></trkpt>
<trkpt lon="13.05982850" lat="47.53488449"><ele>1109.74</ele></trkpt>
<trkpt lon="13.05985484" lat="47.53490500"><ele>1103.55</ele></trkpt>
<trkpt lon="13.05988229" lat="47.53494272"><ele>1100.63</ele></trkpt>
<trkpt lon="13.05990262" lat="47.53498230"><ele>1099.89</ele></trkpt>
<trkpt lon="13.05992969" lat="47.53499041"><ele>1090.24</ele></trkpt>
<trkpt lon="13.05998175" lat="47.53497671"><ele>1076.50</ele></trkpt>
<trkpt lon="13.06001274" lat="47.53492918"><ele>1072.30</ele></trkpt>
<trkpt lon="13.06001260" lat="47.53490038"><ele>1070.30</ele></trkpt>
<trkpt lon="13.06002074" lat="47.53487794"><ele>1065.25</ele></trkpt>
<trkpt lon="13.05999104" lat="47.53484027"><ele>1061.67</ele></trkpt>
<trkpt lon="13.06000322" lat="47.53482689"><ele>1057.74</ele></trkpt>
<trkpt lon="13.06004506" lat="47.53481302"><ele>1053.25</ele></trkpt>
<trkpt lon="13.06004097" lat="47.53479414"><ele>1049.73</ele></trkpt>
<trkpt lon="13.06004447" lat="47.53478206"><ele>1038.60</ele></trkpt>
<trkpt lon="13.06007517" lat="47.53476386"><ele>1032.56</ele></trkpt>
<trkpt lon="13.06009423" lat="47.53475509"><ele>1024.43</ele></trkpt>
</trkseg><trkseg>
<trkpt lon="13.06004506" lat="47.53481302"><ele>1053.25</ele></trkpt>
<trkpt lon="13.06005998" lat="47.53480823"><ele>1051.71</ele></trkpt>
<trkpt lon="13.06006758" lat="47.53481835"><ele>1050.10</ele></trkpt>
<trkpt lon="13.06007261" lat="47.53482617"><ele>1046.30</ele></trkpt>
<trkpt lon="13.06009292" lat="47.53481581"><ele>1041.04</ele></trkpt>
</trkseg><trkseg>
<trkpt lon="13.05720377" lat="47.53481836"><ele>1519.77</ele></trkpt>
<trkpt lon="13.05719303" lat="47.53480333"><ele>1519.66</ele></trkpt>
<trkpt lon="13.05714018" lat="47.53480603"><ele>1523.36</ele></trkpt>
<trkpt lon="13.05713585" lat="47.53477590"><ele>1524.38</ele></trkpt>
<trkpt lon="13.05712256" lat="47.53476884"><ele>1525.21</ele></trkpt>
<trkpt lon="13.05700590" lat="47.53466446"><ele>1536.16</ele></trkpt>
</trkseg><trkseg>
<trkpt lon="13.05806567" lat="47.53451037"><ele>1305.36</ele></trkpt>
<trkpt lon="13.05806634" lat="47.53449562"><ele>1304.63</ele></trkpt>
<trkpt lon="13.05804890" lat="47.53446797"><ele>1302.20</ele></trkpt>
<trkpt lon="13.05804439" lat="47.53446034"><ele>1297.92</ele></trkpt>
<trkpt lon="13.05804127" lat="47.53440476"><ele>1290.55</ele></trkpt>
<trkpt lon="13.05800284" lat="47.53440897"><ele>1288.99</ele></trkpt>
<trkpt lon="13.05799257" lat="47.53440277"><ele>1285.98</ele></trkpt>
<trkpt lon="13.05801922" lat="47.53439008"><ele>1284.73</ele></trkpt>
<trkpt lon="13.05800156" lat="47.53435748"><ele>1283.62</ele></trkpt>
<trkpt lon="13.05799524" lat="47.53432354"><ele>1279.68</ele></trkpt>
<trkpt lon="13.05807202" lat="47.53430945"><ele>1270.79</ele></trkpt>
<trkpt lon="13.05805934" lat="47.53429673"><ele>1269.42</ele></trkpt>
<trkpt lon="13.05806933" lat="47.53427800"><ele>1269.07</ele></trkpt>
<trkpt lon="13.05809629" lat="47.53425686"><ele>1267.75</ele></trkpt>
<trkpt lon="13.05812161" lat="47.53423318"><ele>1266.76</ele></trkpt>
<trkpt lon="13.05817355" lat="47.53420130"><ele>1266.85</ele></trkpt>
<trkpt lon="13.05821154" lat="47.53417630"><ele>1265.93</ele></trkpt>
<trkpt lon="13.05822917" lat="47.53416661"><ele>1263.29</ele></trkpt>
<trkpt lon="13.05822113" lat="47.53413606"><ele>1259.59</ele></trkpt>
<trkpt lon="13.05827165" lat="47.53410281"><ele>1254.28</ele></trkpt>
<trkpt lon="13.05829274" lat="47.53410020"><ele>1254.63</ele></trkpt>
<trkpt lon="13.05832950" lat="47.53409443"><ele>1241.28</ele></trkpt>
<trkpt lon="13.05837782" lat="47.53407041"><ele>1241.28</ele></trkpt>
<trkpt lon="13.05839342" lat="47.53406177"><ele>1242.47</ele></trkpt>
<trkpt lon="13.05843755" lat="47.53411525"><ele>1239.00</ele></trkpt>
<trkpt lon="13.05840977" lat="47.53413700"><ele>1238.55</ele></trkpt>
<trkpt lon="13.05839876" lat="47.53414735"><ele>1240.12</ele></trkpt>
<trkpt lon="13.05837876" lat="47.53416365"><ele>1242.65</ele></trkpt>
<trkpt lon="13.05837842" lat="47.53417661"><ele>1243.01</ele></trkpt>
<trkpt lon="13.05843126" lat="47.53414529"><ele>1238.88</ele></trkpt>
<trkpt lon="13.05843693" lat="47.53415375"><ele>1236.19</ele></trkpt>
</trkseg><trkseg>
<trkpt lon="13.03821664" lat="47.53303333"><ele>2040.00</ele></trkpt>
<trkpt lon="13.03831009" lat="47.53302881"><ele>2037.29</ele></trkpt>
<trkpt lon="13.03833109" lat="47.53302503"><ele>2034.96</ele></trkpt>
<trkpt lon="13.03842325" lat="47.53308320"><ele>2030.53</ele></trkpt>
<trkpt lon="13.03848534" lat="47.53303954"><ele>2033.25</ele></trkpt>
<trkpt lon="13.03870163" lat="47.53299735"><ele>2041.52</ele></trkpt>
<trkpt lon="13.03875915" lat="47.53299051"><ele>2045.34</ele></trkpt>
</trkseg><trkseg>
<trkpt lon="13.03875915" lat="47.53299051"><ele>2045.34</ele></trkpt>
<trkpt lon="13.03880112" lat="47.53299447"><ele>2045.12</ele></trkpt>
<trkpt lon="13.03885025" lat="47.53290271"><ele>2045.12</ele></trkpt>
</trkseg><trkseg>
<trkpt lon="13.03885025" lat="47.53290271"><ele>2045.12</ele></trkpt>
<trkpt lon="13.03887316" lat="47.53285478"><ele>2041.89</ele></trkpt>
<trkpt lon="13.03893041" lat="47.53281977"><ele>2045.52</ele></trkpt>
</trkseg><trkseg>
<trkpt lon="13.04153332" lat="47.53786664"><ele>1985.00</ele></trkpt>
<trkpt lon="13.04165230" lat="47.53792941"><ele>1980.41</ele></trkpt>
<trkpt lon="13.04172030" lat="47.53789458"><ele>1978.69</ele></trkpt>
<trkpt lon="13.04172030" lat="47.53789458"><ele>1977.29</ele></trkpt>
<trkpt lon="13.04175987" lat="47.53787042"><ele>1976.44</ele></trkpt>
<trkpt lon="13.04175190" lat="47.53780982"><ele>1973.98</ele></trkpt>
</trkseg><trkseg>
<trkpt lon="13.05888335" lat="47.53079997"><ele>2025.00</ele></trkpt>
<trkpt lon="13.05884127" lat="47.53078801"><ele>2021.44</ele></trkpt>
<trkpt lon="13.05884127" lat="47.53078801"><ele>1964.74</ele></trkpt>
<trkpt lon="13.05882946" lat="47.53081282"><ele>1963.69</ele></trkpt>
<trkpt lon="13.05883028" lat="47.53082660"><ele>1959.48</ele></trkpt>
<trkpt lon="13.05880594" lat="47.53083816"><ele>1957.07</ele></trkpt>
<trkpt lon="13.05879269" lat="47.53082993"><ele>1956.76</ele></trkpt>
<trkpt lon="13.05879269" lat="47.53082993"><ele>1944.90</ele></trkpt>
<trkpt lon="13.05879269" lat="47.53082993"><ele>1943.66</ele></trkpt>
</trkseg><trkseg>
<trkpt lon="13.05879269" lat="47.53082993"><ele>1944.90</ele></trkpt>
<trkpt lon="13.05874103" lat="47.53086163"><ele>1944.90</ele></trkpt>
<trkpt lon="13.05874103" lat="47.53086163"><ele>1927.46</ele></trkpt>
<trkpt lon="13.05864487" lat="47.53085730"><ele>1927.96</ele></trkpt>
<trkpt lon="13.05862922" lat="47.53087098"><ele>1928.86</ele></trkpt>
<trkpt lon="13.05861978" lat="47.53086398"><ele>1929.05</ele></trkpt>
</trkseg><trkseg>
<trkpt lon="13.05861978" lat="47.53086398"><ele>1929.05</ele></trkpt>
<trkpt lon="13.05866359" lat="47.53086850"><ele>1920.36</ele></trkpt>
<trkpt lon="13.05870321" lat="47.53088204"><ele>1888.55</ele></trkpt>
</trkseg><trkseg>
<trkpt lon="13.05870321" lat="47.53088204"><ele>1888.55</ele></trkpt>
<trkpt lon="13.05870321" lat="47.53088204"><ele>1869.39</ele></trkpt>
<trkpt lon="13.05870696" lat="47.53086330"><ele>1869.25</ele></trkpt>
<trkpt lon="13.05870696" lat="47.53086330"><ele>1856.06</ele></trkpt>
<trkpt lon="13.05872808" lat="47.53087050"><ele>1856.34</ele></trkpt>
<trkpt lon="13.05872808" lat="47.53087050"><ele>1848.91</ele></trkpt>
<trkpt lon="13.05871147" lat="47.53088875"><ele>1849.29</ele></trkpt>
</trkseg><trkseg>
<trkpt lon="13.05870321" lat="47.53088204"><ele>1888.55</ele></trkpt>
<trkpt lon="13.05870321" lat="47.53088204"><ele>1835.15</ele></trkpt>
</trkseg><trkseg>
<trkpt lon="13.05870321" lat="47.53088204"><ele>1835.15</ele></trkpt>
<trkpt lon="13.05870258" lat="47.53086305"><ele>1848.51</ele></trkpt>
<trkpt lon="13.05868964" lat="47.53082863"><ele>1845.64</ele></trkpt>
<trkpt lon="13.05868964" lat="47.53082863"><ele>1836.40</ele></trkpt>
<trkpt lon="13.05867483" lat="47.53080517"><ele>1836.35</ele></trkpt>
<trkpt lon="13.05867483" lat="47.53080517"><ele>1827.60</ele></trkpt>
<trkpt lon="13.05868587" lat="47.53076873"><ele>1829.44</ele></trkpt>
<trkpt lon="13.05863513" lat="47.53077561"><ele>1828.32</ele></trkpt>
</trkseg><trkseg>
<trkpt lon="13.05870321" lat="47.53088204"><ele>1835.15</ele></trkpt>
<trkpt lon="13.05865241" lat="47.53090134"><ele>1834.85</ele></trkpt>
<trkpt lon="13.05864410" lat="47.53092846"><ele>1833.28</ele></trkpt>
<trkpt lon="13.05861528" lat="47.53094624"><ele>1830.90</ele></trkpt>
<trkpt lon="13.05859667" lat="47.53091389"><ele>1831.04</ele></trkpt>
<trkpt lon="13.05855449" lat="47.53094818"><ele>1825.72</ele></trkpt>
<trkpt lon="13.05853448" lat="47.53096098"><ele>1825.16</ele></trkpt>
<trkpt lon="13.05853448" lat="47.53096098"><ele>1797.36</ele></trkpt>
<trkpt lon="13.05845522" lat="47.53099896"><ele>1794.99</ele></trkpt>
<trkpt lon="13.05845522" lat="47.53099896"><ele>1784.79</ele></trkpt>
<trkpt lon="13.05846015" lat="47.53108147"><ele>1782.84</ele></trkpt>
<trkpt lon="13.05846015" lat="47.53108147"><ele>1775.44</ele></trkpt>
<trkpt lon="13.05845265" lat="47.53110816"><ele>1774.22</ele></trkpt>
<trkpt lon="13.05840643" lat="47.53111493"><ele>1773.91</ele></trkpt>
<trkpt lon="13.05840453" lat="47.53112336"><ele>1773.55</ele></trkpt>
<trkpt lon="13.05842487" lat="47.53113747"><ele>1773.58</ele></trkpt>
<trkpt lon="13.05842487" lat="47.53113747"><ele>1769.88</ele></trkpt>
<trkpt lon="13.05844022" lat="47.53115690"><ele>1768.58</ele></trkpt>
<trkpt lon="13.05838879" lat="47.53118248"><ele>1770.73</ele></trkpt>
</trkseg><trkseg>
<trkpt lon="13.04994290" lat="47.53332499"><ele>1806.80</ele></trkpt>
<trkpt lon="13.04994290" lat="47.53332499"><ele>1796.17</ele></trkpt>
</trkseg><trkseg>
<trkpt lon="13.04961147" lat="47.53346638"><ele>1832.63</ele></trkpt>
<trkpt lon="13.04960378" lat="47.53346220"><ele>1831.46</ele></trkpt>
<trkpt lon="13.04959261" lat="47.53346966"><ele>1830.42</ele></trkpt>
<trkpt lon="13.04959109" lat="47.53346406"><ele>1814.03</ele></trkpt>
<trkpt lon="13.04965300" lat="47.53342849"><ele>1813.41</ele></trkpt>
<trkpt lon="13.04973691" lat="47.53343738"><ele>1813.27</ele></trkpt>
</trkseg><trkseg>
<trkpt lon="13.04959109" lat="47.53346406"><ele>1814.03</ele></trkpt>
<trkpt lon="13.04955573" lat="47.53342512"><ele>1813.15</ele></trkpt>
</trkseg><trkseg>
<trkpt lon="13.04959109" lat="47.53346406"><ele>1814.03</ele></trkpt>
<trkpt lon="13.04954723" lat="47.53351100"><ele>1814.84</ele></trkpt>
</trkseg><trkseg>
<trkpt lon="13.04959109" lat="47.53346406"><ele>1814.03</ele></trkpt>
<trkpt lon="13.04958913" lat="47.53346663"><ele>1818.38</ele></trkpt>
<trkpt lon="13.04956107" lat="47.53349252"><ele>1819.82</ele></trkpt>
<trkpt lon="13.04953696" lat="47.53354070"><ele>1813.14</ele></trkpt>
<trkpt lon="13.04952213" lat="47.53347836"><ele>1810.25</ele></trkpt>
<trkpt lon="13.04954305" lat="47.53347332"><ele>1810.61</ele></trkpt>
<trkpt lon="13.04955579" lat="47.53346292"><ele>1810.51</ele></trkpt>
</trkseg><trkseg>
<trkpt lon="13.04953696" lat="47.53354070"><ele>1813.14</ele></trkpt>
<trkpt lon="13.04961015" lat="47.53356274"><ele>1812.29</ele></trkpt>
<trkpt lon="13.04957254" lat="47.53362373"><ele>1816.83</ele></trkpt>
<trkpt lon="13.04954827" lat="47.53362260"><ele>1816.89</ele></trkpt>
<trkpt lon="13.04953813" lat="47.53365950"><ele>1817.81</ele></trkpt>
<trkpt lon="13.04954040" lat="47.53365567"><ele>1819.11</ele></trkpt>
<trkpt lon="13.04954438" lat="47.53367023"><ele>1818.82</ele></trkpt>
<trkpt lon="13.04954334" lat="47.53367309"><ele>1818.44</ele></trkpt>
<trkpt lon="13.04956499" lat="47.53368416"><ele>1819.30</ele></trkpt>
<trkpt lon="13.04958709" lat="47.53370812"><ele>1816.87</ele></trkpt>
<trkpt lon="13.04957618" lat="47.53372278"><ele>1816.32</ele></trkpt>
</trkseg><trkseg>
<trkpt lon="13.04942297" lat="47.53383058"><ele>1830.26</ele></trkpt>
<trkpt lon="13.04929249" lat="47.53383412"><ele>1839.31</ele></trkpt>
<trkpt lon="13.04934453" lat="47.53386389"><ele>1851.61</ele></trkpt>
</trkseg><trkseg>
<trkpt lon="13.04929249" lat="47.53383412"><ele>1839.31</ele></trkpt>
<trkpt lon="13.04926468" lat="47.53386748"><ele>1840.89</ele></trkpt>
<trkpt lon="13.04928398" lat="47.53388806"><ele>1841.43</ele></trkpt>
<trkpt lon="13.04926195" lat="47.53392304"><ele>1840.20</ele></trkpt>
<trkpt lon="13.04926754" lat="47.53391576"><ele>1837.66</ele></trkpt>
<trkpt lon="13.04927560" lat="47.53395279"><ele>1831.93</ele></trkpt>
<trkpt lon="13.04922835" lat="47.53400148"><ele>1833.55</ele></trkpt>
</trkseg><trkseg>
<trkpt lon="13.04927560" lat="47.53395279"><ele>1831.93</ele></trkpt>
<trkpt lon="13.04927497" lat="47.53395521"><ele>1830.48</ele></trkpt>
<trkpt lon="13.04926916" lat="47.53397950"><ele>1830.10</ele></trkpt>
<trkpt lon="13.04928736" lat="47.53397954"><ele>1827.62</ele></trkpt>
<trkpt lon="13.04932083" lat="47.53389750"><ele>1826.46</ele></trkpt>
</trkseg><trkseg>
<trkpt lon="13.04928736" lat="47.53397954"><ele>1827.62</ele></trkpt>
<trkpt lon="13.04926684" lat="47.53400978"><ele>1827.98</ele></trkpt>
<trkpt lon="13.04930207" lat="47.53401992"><ele>1828.94</ele></trkpt>
</trkseg><trkseg>
<trkpt lon="13.04926684" lat="47.53400978"><ele>1827.98</ele></trkpt>
<trkpt lon="13.04922261" lat="47.53400570"><ele>1827.10</ele></trkpt>
<trkpt lon="13.04922925" lat="47.53399142"><ele>1826.38</ele></trkpt>
<trkpt lon="13.04920074" lat="47.53399345"><ele>1836.39</ele></trkpt>
</trkseg><trkseg>
<trkpt lon="13.04922925" lat="47.53399142"><ele>1826.38</ele></trkpt>
<trkpt lon="13.04923820" lat="47.53399022"><ele>1818.45</ele></trkpt>
</trkseg><trkseg>
<trkpt lon="13.04922925" lat="47.53399142"><ele>1826.38</ele></trkpt>
<trkpt lon="13.04927892" lat="47.53402439"><ele>1820.73</ele></trkpt>
</trkseg><trkseg>
<trkpt lon="13.04926684" lat="47.53400978"><ele>1827.98</ele></trkpt>
<trkpt lon="13.04928667" lat="47.53400877"><ele>1828.44</ele></trkpt>
<trkpt lon="13.04928021" lat="47.53401820"><ele>1833.02</ele></trkpt>
<trkpt lon="13.04931975" lat="47.53402319"><ele>1834.19</ele></trkpt>
<trkpt lon="13.04926093" lat="47.53404001"><ele>1830.13</ele></trkpt>
</trkseg><trkseg>
<trkpt lon="13.04931975" lat="47.53402319"><ele>1834.19</ele></trkpt>
<trkpt lon="13.04931520" lat="47.53400620"><ele>1837.87</ele></trkpt>
<trkpt lon="13.04934058" lat="47.53400987"><ele>1838.09</ele></trkpt>
<trkpt lon="13.04930179" lat="47.53404889"><ele>1838.56</ele></trkpt>
<trkpt lon="13.04921465" lat="47.53398037"><ele>1846.15</ele></trkpt>
</trkseg><trkseg>
<trkpt lon="13.04930179" lat="47.53404889"><ele>1838.56</ele></trkpt>
<trkpt lon="13.04919399" lat="47.53409673"><ele>1834.74</ele></trkpt>
<trkpt lon="13.04915219" lat="47.53417052"><ele>1830.26</ele></trkpt>
</trkseg><trkseg>
<trkpt lon="13.04919399" lat="47.53409673"><ele>1834.74</ele></trkpt>
<trkpt lon="13.04921068" lat="47.53408738"><ele>1841.19</ele></trkpt>
<trkpt lon="13.04920214" lat="47.53412053"><ele>1844.84</ele></trkpt>
<trkpt lon="13.04917084" lat="47.53413332"><ele>1845.12</ele></trkpt>
<trkpt lon="13.04916121" lat="47.53413153"><ele>1838.11</ele></trkpt>
<trkpt lon="13.04911937" lat="47.53415251"><ele>1833.64</ele></trkpt>
</trkseg><trkseg>
<trkpt lon="13.04916121" lat="47.53413153"><ele>1838.11</ele></trkpt>
<trkpt lon="13.04909691" lat="47.53410974"><ele>1845.13</ele></trkpt>
<trkpt lon="13.04909577" lat="47.53409020"><ele>1847.73</ele></trkpt>
<trkpt lon="13.04902865" lat="47.53414097"><ele>1854.99</ele></trkpt>
<trkpt lon="13.04904632" lat="47.53418051"><ele>1854.95</ele></trkpt>
<trkpt lon="13.04895083" lat="47.53419346"><ele>1853.97</ele></trkpt>
<trkpt lon="13.04894993" lat="47.53420352"><ele>1851.86</ele></trkpt>
<trkpt lon="13.04891755" lat="47.53420603"><ele>1851.48</ele></trkpt>
<trkpt lon="13.04886676" lat="47.53420310"><ele>1849.47</ele></trkpt>
<trkpt lon="13.04877133" lat="47.53419338"><ele>1852.39</ele></trkpt>
<trkpt lon="13.04874778" lat="47.53420836"><ele>1855.49</ele></trkpt>
<trkpt lon="13.04869457" lat="47.53420296"><ele>1855.25</ele></trkpt>
<trkpt lon="13.04866950" lat="47.53421261"><ele>1855.18</ele></trkpt>
</trkseg><trkseg>
<trkpt lon="13.04877133" lat="47.53419338"><ele>1852.39</ele></trkpt>
<trkpt lon="13.04876955" lat="47.53415879"><ele>1853.10</ele></trkpt>
<trkpt lon="13.04873969" lat="47.53415441"><ele>1859.29</ele></trkpt>
</trkseg><trkseg>
<trkpt lon="13.04877133" lat="47.53419338"><ele>1852.39</ele></trkpt>
<trkpt lon="13.04880246" lat="47.53418500"><ele>1851.51</ele></trkpt>
<trkpt lon="13.04896688" lat="47.53416926"><ele>1834.78</ele></trkpt>
<trkpt lon="13.04893488" lat="47.53418293"><ele>1835.11</ele></trkpt>
<trkpt lon="13.04889554" lat="47.53416516"><ele>1836.61</ele></trkpt>
<trkpt lon="13.04887681" lat="47.53418302"><ele>1837.11</ele></trkpt>
<trkpt lon="13.04885144" lat="47.53416855"><ele>1836.34</ele></trkpt>
<trkpt lon="13.04885149" lat="47.53414921"><ele>1835.16</ele></trkpt>
<trkpt lon="13.04878243" lat="47.53413759"><ele>1833.05</ele></trkpt>
<trkpt lon="13.04879255" lat="47.53415504"><ele>1838.50</ele></trkpt>
<trkpt lon="13.04874421" lat="47.53415062"><ele>1838.38</ele></trkpt>
<trkpt lon="13.04873925" lat="47.53414820"><ele>1838.91</ele></trkpt>
<trkpt lon="13.04872593" lat="47.53416354"><ele>1841.68</ele></trkpt>
</trkseg><trkseg>
<trkpt lon="13.04896688" lat="47.53416926"><ele>1834.78</ele></trkpt>
<trkpt lon="13.04898017" lat="47.53417632"><ele>1833.01</ele></trkpt>
<trkpt lon="13.04901573" lat="47.53416334"><ele>1832.28</ele></trkpt>
<trkpt lon="13.04903030" lat="47.53419679"><ele>1831.81</ele></trkpt>
<trkpt lon="13.04907170" lat="47.53420911"><ele>1831.98</ele></trkpt>
<trkpt lon="13.04909740" lat="47.53418948"><ele>1829.79</ele></trkpt>
<trkpt lon="13.04912809" lat="47.53417173"><ele>1829.55</ele></trkpt>
</trkseg><trkseg>
<trkpt lon="13.05007182" lat="47.53335643"><ele>1776.87</ele></trkpt>
<trkpt lon="13.05011088" lat="47.53336357"><ele>1773.64</ele></trkpt>
</trkseg><trkseg>
<trkpt lon="13.05011088" lat="47.53336357"><ele>1773.64</ele></trkpt>
<trkpt lon="13.05016272" lat="47.53338461"><ele>1772.49</ele></trkpt>
</trkseg><trkseg>
<trkpt lon="13.05016272" lat="47.53338461"><ele>1772.49</ele></trkpt>
<trkpt lon="13.05014636" lat="47.53339216"><ele>1772.76</ele></trkpt>
</trkseg><trkseg>
<trkpt lon="13.05014636" lat="47.53339216"><ele>1772.76</ele></trkpt>
<trkpt lon="13.05013929" lat="47.53341453"><ele>1773.04</ele></trkpt>
</trkseg><trkseg>
<trkpt lon="13.05013929" lat="47.53341453"><ele>1773.04</ele></trkpt>
<trkpt lon="13.05013106" lat="47.53342852"><ele>1773.12</ele></trkpt>
</trkseg><trkseg>
<trkpt lon="13.05013106" lat="47.53342852"><ele>1773.12</ele></trkpt>
<trkpt lon="13.05013113" lat="47.53344454"><ele>1773.51</ele></trkpt>
</trkseg><trkseg>
<trkpt lon="13.05013113" lat="47.53344454"><ele>1773.51</ele></trkpt>
<trkpt lon="13.05011647" lat="47.53344924"><ele>1772.88</ele></trkpt>
</trkseg><trkseg>
<trkpt lon="13.05011647" lat="47.53344924"><ele>1772.88</ele></trkpt>
<trkpt lon="13.05011425" lat="47.53345919"><ele>1772.77</ele></trkpt>
</trkseg><trkseg>
<trkpt lon="13.05011425" lat="47.53345919"><ele>1772.77</ele></trkpt>
<trkpt lon="13.05008746" lat="47.53346125"><ele>1773.00</ele></trkpt>
</trkseg><trkseg>
<trkpt lon="13.05008746" lat="47.53346125"><ele>1773.00</ele></trkpt>
<trkpt lon="13.05008231" lat="47.53347124"><ele>1773.21</ele></trkpt>
</trkseg><trkseg>
<trkpt lon="13.05008231" lat="47.53347124"><ele>1773.21</ele></trkpt>
<trkpt lon="13.05010104" lat="47.53348209"><ele>1770.59</ele></trkpt>
</trkseg><trkseg>
<trkpt lon="13.05010104" lat="47.53348209"><ele>1770.59</ele></trkpt>
<trkpt lon="13.05010923" lat="47.53347611"><ele>1786.09</ele></trkpt>
</trkseg><trkseg>
<trkpt lon="13.05010104" lat="47.53348209"><ele>1770.59</ele></trkpt>
<trkpt lon="13.05007466" lat="47.53349838"><ele>1771.57</ele></trkpt>
</trkseg><trkseg>
<trkpt lon="13.05007466" lat="47.53349838"><ele>1771.57</ele></trkpt>
<trkpt lon="13.05006484" lat="47.53349452"><ele>1771.70</ele></trkpt>
</trkseg><trkseg>
<trkpt lon="13.05006484" lat="47.53349452"><ele>1771.70</ele></trkpt>
<trkpt lon="13.05004367" lat="47.53349551"><ele>1772.56</ele></trkpt>
<trkpt lon="13.05002460" lat="47.53350113"><ele>1772.92</ele></trkpt>
</trkseg><trkseg>
<trkpt lon="13.04812189" lat="47.53148641"><ele>1733.51</ele></trkpt>
<trkpt lon="13.04807122" lat="47.53144811"><ele>1733.68</ele></trkpt>
<trkpt lon="13.04806764" lat="47.53146956"><ele>1733.39</ele></trkpt>
<trkpt lon="13.04807652" lat="47.53146296"><ele>1732.73</ele></trkpt>
</trkseg><trkseg>
<trkpt lon="13.04802336" lat="47.53116637"><ele>1751.61</ele></trkpt>
<trkpt lon="13.04800017" lat="47.53119684"><ele>1759.39</ele></trkpt>
</trkseg><trkseg>
<trkpt lon="13.04779074" lat="47.53081840"><ele>1750.92</ele></trkpt>
<trkpt lon="13.04775075" lat="47.53077551"><ele>1754.56</ele></trkpt>
<trkpt lon="13.04766297" lat="47.53080281"><ele>1758.30</ele></trkpt>
<trkpt lon="13.04764595" lat="47.53076032"><ele>1760.60</ele></trkpt>
</trkseg><trkseg>
<trkpt lon="13.04793644" lat="47.53055848"><ele>1750.25</ele></trkpt>
<trkpt lon="13.04798148" lat="47.53060136"><ele>1750.60</ele></trkpt>
</trkseg><trkseg>
<trkpt lon="13.04802938" lat="47.53056016"><ele>1756.58</ele></trkpt>
<trkpt lon="13.04800137" lat="47.53056319"><ele>1755.93</ele></trkpt>
<trkpt lon="13.04798892" lat="47.53057630"><ele>1755.41</ele></trkpt>
<trkpt lon="13.04793939" lat="47.53059363"><ele>1757.10</ele></trkpt>
<trkpt lon="13.04792075" lat="47.53055174"><ele>1758.00</ele></trkpt>
<trkpt lon="13.04794527" lat="47.53055342"><ele>1757.72</ele></trkpt>
</trkseg><trkseg>
<trkpt lon="13.04821147" lat="47.53050477"><ele>1764.74</ele></trkpt>
<trkpt lon="13.04821037" lat="47.53049494"><ele>1760.47</ele></trkpt>
</trkseg><trkseg>
<trkpt lon="13.04833366" lat="47.53050577"><ele>1767.07</ele></trkpt>
<trkpt lon="13.04833648" lat="47.53051580"><ele>1767.33</ele></trkpt>
<trkpt lon="13.04835028" lat="47.53051622"><ele>1766.91</ele></trkpt>
</trkseg><trkseg>
<trkpt lon="13.05013430" lat="47.53318724"><ele>1780.73</ele></trkpt>
<trkpt lon="13.05017316" lat="47.53316028"><ele>1783.57</ele></trkpt>
</trkseg><trkseg>
<trkpt lon="13.05011085" lat="47.53313519"><ele>1786.54</ele></trkpt>
<trkpt lon="13.05009886" lat="47.53310016"><ele>1789.24</ele></trkpt>
<trkpt lon="13.04996421" lat="47.53313396"><ele>1788.80</ele></trkpt>
</trkseg><trkseg>
<trkpt lon="13.05011085" lat="47.53313519"><ele>1786.54</ele></trkpt>
<trkpt lon="13.04996762" lat="47.53306689"><ele>1795.31</ele></trkpt>
</trkseg><trkseg>
<trkpt lon="13.04921741" lat="47.53246986"><ele>1756.22</ele></trkpt>
<trkpt lon="13.04921313" lat="47.53246340"><ele>1755.24</ele></trkpt>
<trkpt lon="13.04921505" lat="47.53243670"><ele>1753.38</ele></trkpt>
</trkseg><trkseg>
<trkpt lon="13.04911700" lat="47.53236863"><ele>1756.84</ele></trkpt>
<trkpt lon="13.04909235" lat="47.53235615"><ele>1758.07</ele></trkpt>
<trkpt lon="13.04907581" lat="47.53236496"><ele>1759.33</ele></trkpt>
<trkpt lon="13.04895711" lat="47.53235187"><ele>1771.38</ele></trkpt>
</trkseg><trkseg>
<trkpt lon="13.04797804" lat="47.53201126"><ele>1752.44</ele></trkpt>
<trkpt lon="13.04794643" lat="47.53202872"><ele>1753.84</ele></trkpt>
<trkpt lon="13.04793412" lat="47.53202401"><ele>1753.88</ele></trkpt>
<trkpt lon="13.04790086" lat="47.53202866"><ele>1752.81</ele></trkpt>
<trkpt lon="13.04790709" lat="47.53203642"><ele>1753.29</ele></trkpt>
<trkpt lon="13.04786687" lat="47.53207821"><ele>1758.20</ele></trkpt>
</trkseg><trkseg>
<trkpt lon="13.04794643" lat="47.53202872"><ele>1753.84</ele></trkpt>
<trkpt lon="13.04797670" lat="47.53206172"><ele>1753.29</ele></trkpt>
<trkpt lon="13.04799222" lat="47.53206225"><ele>1753.27</ele></trkpt>
</trkseg><trkseg>
<trkpt lon="13.04761975" lat="47.53052124"><ele>1741.96</ele></trkpt>
<trkpt lon="13.04759430" lat="47.53054465"><ele>1741.30</ele></trkpt>
<trkpt lon="13.04756461" lat="47.53052147"><ele>1750.18</ele></trkpt>
</trkseg><trkseg>
<trkpt lon="13.04807455" lat="47.53175213"><ele>1752.44</ele></trkpt>
<trkpt lon="13.04816148" lat="47.53177980"><ele>1745.19</ele></trkpt>
<trkpt lon="13.04813257" lat="47.53178911"><ele>1740.60</ele></trkpt>
<trkpt lon="13.04816324" lat="47.53176102"><ele>1740.98</ele></trkpt>
<trkpt lon="13.04817533" lat="47.53175043"><ele>1738.03</ele></trkpt>
<trkpt lon="13.04818645" lat="47.53174063"><ele>1738.74</ele></trkpt>
<trkpt lon="13.04818338" lat="47.53173410"><ele>1738.70</ele></trkpt>
<trkpt lon="13.04822341" lat="47.53171147"><ele>1735.52</ele></trkpt>
<trkpt lon="13.04822492" lat="47.53170295"><ele>1733.29</ele></trkpt>
<trkpt lon="13.04825116" lat="47.53169053"><ele>1734.37</ele></trkpt>
<trkpt lon="13.04827146" lat="47.53166973"><ele>1732.54</ele></trkpt>
<trkpt lon="13.04829089" lat="47.53166547"><ele>1731.74</ele></trkpt>
<trkpt lon="13.04826039" lat="47.53162446"><ele>1730.85</ele></trkpt>
</trkseg><trkseg>
<trkpt lon="13.04825116" lat="47.53169053"><ele>1734.37</ele></trkpt>
<trkpt lon="13.04821903" lat="47.53168269"><ele>1736.61</ele></trkpt>
<trkpt lon="13.04824633" lat="47.53167380"><ele>1734.44</ele></trkpt>
<trkpt lon="13.04821096" lat="47.53163874"><ele>1733.74</ele></trkpt>
<trkpt lon="13.04817562" lat="47.53163507"><ele>1735.54</ele></trkpt>
<trkpt lon="13.04816474" lat="47.53159899"><ele>1733.69</ele></trkpt>
<trkpt lon="13.04816830" lat="47.53158546"><ele>1733.15</ele></trkpt>
<trkpt lon="13.04817229" lat="47.53156735"><ele>1733.11</ele></trkpt>
<trkpt lon="13.04816336" lat="47.53155748"><ele>1733.65</ele></trkpt>
<trkpt lon="13.04815105" lat="47.53154557"><ele>1733.78</ele></trkpt>
<trkpt lon="13.04810958" lat="47.53154235"><ele>1736.86</ele></trkpt>
</trkseg><trkseg>
<trkpt lon="13.04817562" lat="47.53163507"><ele>1735.54</ele></trkpt>
<trkpt lon="13.04815543" lat="47.53167792"><ele>1740.08</ele></trkpt>
<trkpt lon="13.04813617" lat="47.53165987"><ele>1741.46</ele></trkpt>
<trkpt lon="13.04808936" lat="47.53167905"><ele>1743.93</ele></trkpt>
<trkpt lon="13.04804207" lat="47.53167518"><ele>1746.83</ele></trkpt>
<trkpt lon="13.04802738" lat="47.53169509"><ele>1750.27</ele></trkpt>
<trkpt lon="13.04801038" lat="47.53169840"><ele>1752.12</ele></trkpt>
</trkseg><trkseg>
<trkpt lon="13.04807455" lat="47.53175213"><ele>1752.44</ele></trkpt>
<trkpt lon="13.04805867" lat="47.53178282"><ele>1749.46</ele></trkpt>
<trkpt lon="13.04806332" lat="47.53176472"><ele>1739.96</ele></trkpt>
</trkseg><trkseg>
<trkpt lon="13.04825927" lat="47.53206275"><ele>1736.98</ele></trkpt>
<trkpt lon="13.04814699" lat="47.53208082"><ele>1731.34</ele></trkpt>
<trkpt lon="13.04816392" lat="47.53209721"><ele>1730.86</ele></trkpt>
<trkpt lon="13.04812019" lat="47.53212625"><ele>1727.36</ele></trkpt>
<trkpt lon="13.04815121" lat="47.53213524"><ele>1726.36</ele></trkpt>
<trkpt lon="13.04808294" lat="47.53215261"><ele>1723.33</ele></trkpt>
<trkpt lon="13.04807532" lat="47.53220026"><ele>1720.79</ele></trkpt>
<trkpt lon="13.04803211" lat="47.53221915"><ele>1716.99</ele></trkpt>
<trkpt lon="13.04802024" lat="47.53221660"><ele>1713.95</ele></trkpt>
</trkseg><trkseg>
<trkpt lon="13.04803211" lat="47.53221915"><ele>1716.99</ele></trkpt>
<trkpt lon="13.04804416" lat="47.53224167"><ele>1718.68</ele></trkpt>
<trkpt lon="13.04805699" lat="47.53224332"><ele>1718.21</ele></trkpt>
<trkpt lon="13.04805218" lat="47.53227600"><ele>1717.07</ele></trkpt>
</trkseg><trkseg>
<trkpt lon="13.04808294" lat="47.53215261"><ele>1723.33</ele></trkpt>
<trkpt lon="13.04807453" lat="47.53213933"><ele>1721.97</ele></trkpt>
<trkpt lon="13.04812872" lat="47.53210768"><ele>1721.88</ele></trkpt>
<trkpt lon="13.04812183" lat="47.53215354"><ele>1719.02</ele></trkpt>
<trkpt lon="13.04808852" lat="47.53218492"><ele>1715.26</ele></trkpt>
</trkseg><trkseg>
<trkpt lon="13.04812183" lat="47.53215354"><ele>1719.02</ele></trkpt>
<trkpt lon="13.04809873" lat="47.53213183"><ele>1716.82</ele></trkpt>
<trkpt lon="13.04805795" lat="47.53210279"><ele>1717.17</ele></trkpt>
<trkpt lon="13.04814294" lat="47.53205384"><ele>1722.25</ele></trkpt>
</trkseg><trkseg>
<trkpt lon="13.04825927" lat="47.53206275"><ele>1736.98</ele></trkpt>
<trkpt lon="13.04831036" lat="47.53208225"><ele>1741.03</ele></trkpt>
<trkpt lon="13.04832106" lat="47.53209467"><ele>1743.24</ele></trkpt>
<trkpt lon="13.04835222" lat="47.53210348"><ele>1742.12</ele></trkpt>
<trkpt lon="13.04839153" lat="47.53214338"><ele>1743.59</ele></trkpt>
</trkseg><trkseg>
<trkpt lon="13.04843209" lat="47.53191695"><ele>1755.88</ele></trkpt>
<trkpt lon="13.04847256" lat="47.53190774"><ele>1755.97</ele></trkpt>
</trkseg><trkseg>
<trkpt lon="13.04787048" lat="47.53095734"><ele>1728.12</ele></trkpt>
<trkpt lon="13.04787249" lat="47.53096772"><ele>1727.88</ele></trkpt>
</trkseg><trkseg>
<trkpt lon="13.04787249" lat="47.53096772"><ele>1727.88</ele></trkpt>
<trkpt lon="13.04784557" lat="47.53098778"><ele>1729.09</ele></trkpt>
<trkpt lon="13.04779394" lat="47.53101858"><ele>1729.17</ele></trkpt>
<trkpt lon="13.04782215" lat="47.53109599"><ele>1723.54</ele></trkpt>
<trkpt lon="13.04781053" lat="47.53109048"><ele>1717.18</ele></trkpt>
<trkpt lon="13.04783831" lat="47.53109042"><ele>1716.77</ele></trkpt>
<trkpt lon="13.04781757" lat="47.53114432"><ele>1715.95</ele></trkpt>
</trkseg><trkseg>
<trkpt lon="13.04748598" lat="47.53063513"><ele>1740.56</ele></trkpt>
<trkpt lon="13.04749110" lat="47.53068336"><ele>1755.47</ele></trkpt>
</trkseg><trkseg>
<trkpt lon="13.04690217" lat="47.53050686"><ele>1747.24</ele></trkpt>
<trkpt lon="13.04695387" lat="47.53056713"><ele>1743.81</ele></trkpt>
<trkpt lon="13.04693571" lat="47.53057311"><ele>1743.98</ele></trkpt>
</trkseg><trkseg>
<trkpt lon="13.04653463" lat="47.52994629"><ele>1749.54</ele></trkpt>
<trkpt lon="13.04654904" lat="47.52994105"><ele>1746.08</ele></trkpt>
</trkseg><trkseg>
<trkpt lon="13.04649082" lat="47.52985241"><ele>1749.07</ele></trkpt>
<trkpt lon="13.04655219" lat="47.52985274"><ele>1744.04</ele></trkpt>
</trkseg><trkseg>
<trkpt lon="13.04767330" lat="47.53083952"><ele>1748.42</ele></trkpt>
<trkpt lon="13.04762146" lat="47.53084746"><ele>1745.94</ele></trkpt>
</trkseg><trkseg>
<trkpt lon="13.04762146" lat="47.53084746"><ele>1745.94</ele></trkpt>
<trkpt lon="13.04756389" lat="47.53088778"><ele>1774.97</ele></trkpt>
</trkseg><trkseg>
<trkpt lon="13.04792216" lat="47.53109356"><ele>1753.27</ele></trkpt>
<trkpt lon="13.04785057" lat="47.53109648"><ele>1750.51</ele></trkpt>
</trkseg><trkseg>
<trkpt lon="13.04785057" lat="47.53109648"><ele>1750.51</ele></trkpt>
<trkpt lon="13.04783325" lat="47.53108709"><ele>1763.49</ele></trkpt>
</trkseg><trkseg>
<trkpt lon="13.04568984" lat="47.53035923"><ele>1757.15</ele></trkpt>
<trkpt lon="13.04562396" lat="47.53035505"><ele>1756.07</ele></trkpt>
</trkseg><trkseg>
<trkpt lon="13.04735785" lat="47.53050427"><ele>1697.75</ele></trkpt>
<trkpt lon="13.04739955" lat="47.53054043"><ele>1700.79</ele></trkpt>
<trkpt lon="13.04728115" lat="47.53062678"><ele>1713.88</ele></trkpt>
</trkseg><trkseg>
<trkpt lon="13.04739955" lat="47.53054043"><ele>1700.79</ele></trkpt>
<trkpt lon="13.04743527" lat="47.53055166"><ele>1695.79</ele></trkpt>
<trkpt lon="13.04745262" lat="47.53055681"><ele>1695.83</ele></trkpt>
<trkpt lon="13.04746917" lat="47.53054756"><ele>1695.67</ele></trkpt>
<trkpt lon="13.04747346" lat="47.53055735"><ele>1695.76</ele></trkpt>
<trkpt lon="13.04744460" lat="47.53056892"><ele>1695.60</ele></trkpt>
<trkpt lon="13.04747626" lat="47.53058556"><ele>1695.43</ele></trkpt>
</trkseg><trkseg>
<trkpt lon="13.04729265" lat="47.53038879"><ele>1703.72</ele></trkpt>
<trkpt lon="13.04723423" lat="47.53036971"><ele>1703.90</ele></trkpt>
<trkpt lon="13.04720306" lat="47.53034686"><ele>1701.41</ele></trkpt>
<trkpt lon="13.04714260" lat="47.53027195"><ele>1709.53</ele></trkpt>
<trkpt lon="13.04690853" lat="47.53027103"><ele>1720.99</ele></trkpt>
<trkpt lon="13.04686299" lat="47.53023453"><ele>1720.33</ele></trkpt>
<trkpt lon="13.04686966" lat="47.53026946"><ele>1709.56</ele></trkpt>
</trkseg><trkseg>
<trkpt lon="13.04686299" lat="47.53023453"><ele>1720.33</ele></trkpt>
<trkpt lon="13.04686325" lat="47.53024524"><ele>1721.12</ele></trkpt>
<trkpt lon="13.04680935" lat="47.53023343"><ele>1726.17</ele></trkpt>
</trkseg><trkseg>
<trkpt lon="13.04426310" lat="47.53104334"><ele>1754.25</ele></trkpt>
<trkpt lon="13.04427020" lat="47.53105957"><ele>1759.04</ele></trkpt>
</trkseg><trkseg>
<trkpt lon="13.04442613" lat="47.53091466"><ele>1753.28</ele></trkpt>
<trkpt lon="13.04444862" lat="47.53086348"><ele>1753.71</ele></trkpt>
</trkseg><trkseg>
<trkpt lon="13.04430146" lat="47.53101943"><ele>1747.52</ele></trkpt>
<trkpt lon="13.04427990" lat="47.53102743"><ele>1747.40</ele></trkpt>
</trkseg><trkseg>
<trkpt lon="13.04427990" lat="47.53102743"><ele>1747.40</ele></trkpt>
<trkpt lon="13.04427946" lat="47.53102859"><ele>1748.40</ele></trkpt>
</trkseg><trkseg>
<trkpt lon="13.04430146" lat="47.53101943"><ele>1747.52</ele></trkpt>
<trkpt lon="13.04428274" lat="47.53100840"><ele>1748.02</ele></trkpt>
</trkseg><trkseg>
<trkpt lon="13.04428274" lat="47.53100840"><ele>1748.02</ele></trkpt>
<trkpt lon="13.04428247" lat="47.53100849"><ele>1749.61</ele></trkpt>
</trkseg><trkseg>
<trkpt lon="13.04429921" lat="47.53094776"><ele>1747.51</ele></trkpt>
<trkpt lon="13.04426034" lat="47.53091408"><ele>1748.89</ele></trkpt>
<trkpt lon="13.04423704" lat="47.53092592"><ele>1750.98</ele></trkpt>
</trkseg><trkseg>
<trkpt lon="13.04426034" lat="47.53091408"><ele>1748.89</ele></trkpt>
<trkpt lon="13.04424902" lat="47.53088266"><ele>1750.33</ele></trkpt>
</trkseg><trkseg>
<trkpt lon="13.04432189" lat="47.53092385"><ele>1744.14</ele></trkpt>
<trkpt lon="13.04431731" lat="47.53091109"><ele>1744.52</ele></trkpt>
</trkseg><trkseg>
<trkpt lon="13.04433231" lat="47.53095076"><ele>1743.12</ele></trkpt>
<trkpt lon="13.04432352" lat="47.53098714"><ele>1741.90</ele></trkpt>
</trkseg><trkseg>
<trkpt lon="13.04438001" lat="47.53095085"><ele>1740.53</ele></trkpt>
<trkpt lon="13.04437427" lat="47.53096569"><ele>1737.98</ele></trkpt>
</trkseg><trkseg>
<trkpt lon="13.04438232" lat="47.53097447"><ele>1742.55</ele></trkpt>
<trkpt lon="13.04439673" lat="47.53100837"><ele>1743.07</ele></trkpt>
</trkseg><trkseg>
<trkpt lon="13.04436906" lat="47.53091998"><ele>1745.22</ele></trkpt>
<trkpt lon="13.04436714" lat="47.53091086"><ele>1745.19</ele></trkpt>
</trkseg><trkseg>
<trkpt lon="13.04437628" lat="47.53105463"><ele>1753.01</ele></trkpt>
<trkpt lon="13.04434258" lat="47.53106755"><ele>1752.60</ele></trkpt>
</trkseg><trkseg>
<trkpt lon="13.04488555" lat="47.53074000"><ele>1767.08</ele></trkpt>
<trkpt lon="13.04501276" lat="47.53075621"><ele>1766.14</ele></trkpt>
</trkseg><trkseg>
<trkpt lon="13.04501276" lat="47.53075621"><ele>1766.14</ele></trkpt>
<trkpt lon="13.04501025" lat="47.53077380"><ele>1765.44</ele></trkpt>
<trkpt lon="13.04509306" lat="47.53078350"><ele>1765.65</ele></trkpt>
</trkseg><trkseg>
<trkpt lon="13.04509306" lat="47.53078350"><ele>1765.65</ele></trkpt>
<trkpt lon="13.04510588" lat="47.53078533"><ele>1766.41</ele></trkpt>
</trkseg><trkseg>
<trkpt lon="13.04510588" lat="47.53078533"><ele>1766.41</ele></trkpt>
<trkpt lon="13.04514519" lat="47.53080022"><ele>1768.36</ele></trkpt>
</trkseg><trkseg>
<trkpt lon="13.04514519" lat="47.53080022"><ele>1768.36</ele></trkpt>
<trkpt lon="13.04512673" lat="47.53082132"><ele>1770.52</ele></trkpt>
</trkseg><trkseg>
<trkpt lon="13.04512673" lat="47.53082132"><ele>1770.52</ele></trkpt>
<trkpt lon="13.04515727" lat="47.53082895"><ele>1770.66</ele></trkpt>
</trkseg><trkseg>
<trkpt lon="13.04515727" lat="47.53082895"><ele>1770.66</ele></trkpt>
<trkpt lon="13.04514415" lat="47.53084942"><ele>1770.94</ele></trkpt>
</trkseg><trkseg>
<trkpt lon="13.04487820" lat="47.53054119"><ele>1763.65</ele></trkpt>
<trkpt lon="13.04494576" lat="47.53054280"><ele>1762.00</ele></trkpt>
</trkseg><trkseg>
<trkpt lon="13.04494576" lat="47.53054280"><ele>1762.00</ele></trkpt>
<trkpt lon="13.04503092" lat="47.53040351"><ele>1769.60</ele></trkpt>
<trkpt lon="13.04501346" lat="47.53037658"><ele>1769.80</ele></trkpt>
</trkseg><trkseg>
<trkpt lon="13.04501346" lat="47.53037658"><ele>1769.80</ele></trkpt>
<trkpt lon="13.04503299" lat="47.53035856"><ele>1769.98</ele></trkpt>
<trkpt lon="13.04504554" lat="47.53034995"><ele>1771.28</ele></trkpt>
</trkseg><trkseg>
<trkpt lon="13.04661922" lat="47.53018367"><ele>1750.60</ele></trkpt>
<trkpt lon="13.04655937" lat="47.53018877"><ele>1749.38</ele></trkpt>
</trkseg><trkseg>
<trkpt lon="13.04655937" lat="47.53018877"><ele>1749.38</ele></trkpt>
<trkpt lon="13.04652162" lat="47.53018228"><ele>1746.61</ele></trkpt>
<trkpt lon="13.04651859" lat="47.53019932"><ele>1745.03</ele></trkpt>
<trkpt lon="13.04651960" lat="47.53020798"><ele>1744.66</ele></trkpt>
<trkpt lon="13.04652815" lat="47.53021028"><ele>1735.78</ele></trkpt>
<trkpt lon="13.04656464" lat="47.53021145"><ele>1731.82</ele></trkpt>
<trkpt lon="13.04659447" lat="47.53020593"><ele>1725.63</ele></trkpt>
<trkpt lon="13.04660855" lat="47.53021678"><ele>1724.84</ele></trkpt>
<trkpt lon="13.04663373" lat="47.53023638"><ele>1723.81</ele></trkpt>
<trkpt lon="13.04661679" lat="47.53024176"><ele>1722.38</ele></trkpt>
<trkpt lon="13.04666033" lat="47.53025717"><ele>1713.59</ele></trkpt>
<trkpt lon="13.04668061" lat="47.53025850"><ele>1713.84</ele></trkpt>
<trkpt lon="13.04671312" lat="47.53025951"><ele>1713.18</ele></trkpt>
</trkseg><trkseg>
<trkpt lon="13.04353838" lat="47.53139910"><ele>1757.65</ele></trkpt>
<trkpt lon="13.04354735" lat="47.53137586"><ele>1760.11</ele></trkpt>
<trkpt lon="13.04349310" lat="47.53131977"><ele>1762.92</ele></trkpt>
</trkseg><trkseg>
<trkpt lon="13.04354735" lat="47.53137586"><ele>1760.11</ele></trkpt>
<trkpt lon="13.04360654" lat="47.53133853"><ele>1763.85</ele></trkpt>
</trkseg><trkseg>
<trkpt lon="13.03872471" lat="47.53331179"><ele>1756.68</ele></trkpt>
<trkpt lon="13.03874427" lat="47.53330025"><ele>1757.75</ele></trkpt>
<trkpt lon="13.03879265" lat="47.53330719"><ele>1756.08</ele></trkpt>
<trkpt lon="13.03882833" lat="47.53330151"><ele>1755.16</ele></trkpt>
</trkseg><trkseg>
<trkpt lon="13.03872471" lat="47.53331179"><ele>1756.68</ele></trkpt>
<trkpt lon="13.03870935" lat="47.53332107"><ele>1750.44</ele></trkpt>
</trkseg><trkseg>
<trkpt lon="13.03834255" lat="47.53366159"><ele>1744.80</ele></trkpt>
<trkpt lon="13.03841840" lat="47.53361591"><ele>1752.40</ele></trkpt>
<trkpt lon="13.03842990" lat="47.53352136"><ele>1755.23</ele></trkpt>
<trkpt lon="13.03848055" lat="47.53345294"><ele>1760.53</ele></trkpt>
<trkpt lon="13.03852405" lat="47.53348356"><ele>1756.10</ele></trkpt>
<trkpt lon="13.03854145" lat="47.53346595"><ele>1752.94</ele></trkpt>
</trkseg><trkseg>
<trkpt lon="13.03852405" lat="47.53348356"><ele>1756.10</ele></trkpt>
<trkpt lon="13.03858399" lat="47.53345471"><ele>1757.80</ele></trkpt>
</trkseg><trkseg>
<trkpt lon="13.03802954" lat="47.53385303"><ele>1733.50</ele></trkpt>
<trkpt lon="13.03807945" lat="47.53382221"><ele>1740.04</ele></trkpt>
</trkseg><trkseg>
<trkpt lon="13.03759509" lat="47.53404428"><ele>1742.14</ele></trkpt>
<trkpt lon="13.03758363" lat="47.53406639"><ele>1740.03</ele></trkpt>
<trkpt lon="13.03747292" lat="47.53407071"><ele>1740.68</ele></trkpt>
<trkpt lon="13.03743497" lat="47.53408014"><ele>1742.45</ele></trkpt>
<trkpt lon="13.03738012" lat="47.53408289"><ele>1742.42</ele></trkpt>
</trkseg><trkseg>
<trkpt lon="13.03733004" lat="47.53401490"><ele>1754.20</ele></trkpt>
<trkpt lon="13.03726727" lat="47.53395957"><ele>1762.17</ele></trkpt>
</trkseg><trkseg>
<trkpt lon="13.03724490" lat="47.53410685"><ele>1752.01</ele></trkpt>
<trkpt lon="13.03708267" lat="47.53410317"><ele>1760.05</ele></trkpt>
<trkpt lon="13.03708012" lat="47.53409665"><ele>1760.14</ele></trkpt>
<trkpt lon="13.03702922" lat="47.53409686"><ele>1762.62</ele></trkpt>
</trkseg><trkseg>
<trkpt lon="13.03722292" lat="47.53409036"><ele>1747.22</ele></trkpt>
<trkpt lon="13.03724304" lat="47.53413876"><ele>1741.39</ele></trkpt>
<trkpt lon="13.03721850" lat="47.53416606"><ele>1738.50</ele></trkpt>
</trkseg><trkseg>
<trkpt lon="13.04084234" lat="47.53253895"><ele>1756.15</ele></trkpt>
<trkpt lon="13.04092627" lat="47.53259717"><ele>1751.66</ele></trkpt>
<trkpt lon="13.04087410" lat="47.53261751"><ele>1750.52</ele></trkpt>
</trkseg><trkseg>
<trkpt lon="13.04048409" lat="47.53268283"><ele>1755.29</ele></trkpt>
<trkpt lon="13.04044883" lat="47.53269492"><ele>1756.67</ele></trkpt>
<trkpt lon="13.04036564" lat="47.53269530"><ele>1762.66</ele></trkpt>
</trkseg><trkseg>
<trkpt lon="13.04050176" lat="47.53276826"><ele>1759.20</ele></trkpt>
<trkpt lon="13.04045697" lat="47.53280079"><ele>1764.67</ele></trkpt>
</trkseg><trkseg>
<trkpt lon="13.04053408" lat="47.53282442"><ele>1762.02</ele></trkpt>
<trkpt lon="13.04060259" lat="47.53277601"><ele>1761.97</ele></trkpt>
</trkseg><trkseg>
<trkpt lon="13.04053408" lat="47.53282442"><ele>1762.02</ele></trkpt>
<trkpt lon="13.04053833" lat="47.53284249"><ele>1767.70</ele></trkpt>
</trkseg><trkseg>
<trkpt lon="13.04057708" lat="47.53279024"><ele>1752.19</ele></trkpt>
<trkpt lon="13.04062794" lat="47.53278742"><ele>1752.30</ele></trkpt>
<trkpt lon="13.04058352" lat="47.53278865"><ele>1774.57</ele></trkpt>
</trkseg><trkseg>
<trkpt lon="13.03995494" lat="47.53277376"><ele>1741.89</ele></trkpt>
<trkpt lon="13.03993282" lat="47.53277203"><ele>1740.84</ele></trkpt>
<trkpt lon="13.03994103" lat="47.53280124"><ele>1739.55</ele></trkpt>
<trkpt lon="13.03992055" lat="47.53283031"><ele>1738.10</ele></trkpt>
<trkpt lon="13.03995106" lat="47.53284937"><ele>1736.08</ele></trkpt>
<trkpt lon="13.03994921" lat="47.53289901"><ele>1733.17</ele></trkpt>
<trkpt lon="13.03995940" lat="47.53292150"><ele>1731.95</ele></trkpt>
<trkpt lon="13.03987548" lat="47.53297712"><ele>1726.73</ele></trkpt>
<trkpt lon="13.03987367" lat="47.53298986"><ele>1725.23</ele></trkpt>
<trkpt lon="13.03980814" lat="47.53300125"><ele>1722.91</ele></trkpt>
<trkpt lon="13.03978244" lat="47.53301359"><ele>1722.39</ele></trkpt>
<trkpt lon="13.03978664" lat="47.53304713"><ele>1721.89</ele></trkpt>
<trkpt lon="13.03978475" lat="47.53305844"><ele>1720.64</ele></trkpt>
<trkpt lon="13.03977534" lat="47.53307214"><ele>1720.00</ele></trkpt>
<trkpt lon="13.03979022" lat="47.53308634"><ele>1719.61</ele></trkpt>
<trkpt lon="13.03979285" lat="47.53309439"><ele>1719.49</ele></trkpt>
</trkseg><trkseg>
<trkpt lon="13.03705491" lat="47.53426638"><ele>1741.76</ele></trkpt>
<trkpt lon="13.03702673" lat="47.53424538"><ele>1738.18</ele></trkpt>
</trkseg><trkseg>
<trkpt lon="13.03705491" lat="47.53426638"><ele>1741.76</ele></trkpt>
<trkpt lon="13.03712439" lat="47.53423823"><ele>1738.92</ele></trkpt>
<trkpt lon="13.03714450" lat="47.53421932"><ele>1739.74</ele></trkpt>
<trkpt lon="13.03714990" lat="47.53424191"><ele>1737.33</ele></trkpt>
</trkseg><trkseg>
<trkpt lon="13.03712439" lat="47.53423823"><ele>1738.92</ele></trkpt>
<trkpt lon="13.03714966" lat="47.53423767"><ele>1740.99</ele></trkpt>
<trkpt lon="13.03710657" lat="47.53424935"><ele>1742.83</ele></trkpt>
<trkpt lon="13.03710264" lat="47.53425154"><ele>1743.73</ele></trkpt>
<trkpt lon="13.03709101" lat="47.53424981"><ele>1744.93</ele></trkpt>
</trkseg><trkseg>
<trkpt lon="13.03710264" lat="47.53425154"><ele>1743.73</ele></trkpt>
<trkpt lon="13.03711996" lat="47.53424301"><ele>1744.40</ele></trkpt>
</trkseg><trkseg>
<trkpt lon="13.03710264" lat="47.53425154"><ele>1743.73</ele></trkpt>
<trkpt lon="13.03708567" lat="47.53423613"><ele>1744.33</ele></trkpt>
</trkseg><trkseg>
<trkpt lon="13.03689015" lat="47.53427723"><ele>1744.19</ele></trkpt>
<trkpt lon="13.03684219" lat="47.53427695"><ele>1748.74</ele></trkpt>
<trkpt lon="13.03677458" lat="47.53423737"><ele>1753.94</ele></trkpt>
</trkseg><trkseg>
<trkpt lon="13.03675817" lat="47.53432077"><ele>1747.32</ele></trkpt>
<trkpt lon="13.03671588" lat="47.53430772"><ele>1756.12</ele></trkpt>
</trkseg><trkseg>
<trkpt lon="13.03667825" lat="47.53435468"><ele>1750.56</ele></trkpt>
<trkpt lon="13.03669351" lat="47.53432669"><ele>1752.48</ele></trkpt>
<trkpt lon="13.03670886" lat="47.53431777"><ele>1751.44</ele></trkpt>
<trkpt lon="13.03669057" lat="47.53430225"><ele>1754.14</ele></trkpt>
<trkpt lon="13.03680513" lat="47.53428387"><ele>1759.05</ele></trkpt>
</trkseg><trkseg>
<trkpt lon="13.03649379" lat="47.53438751"><ele>1749.77</ele></trkpt>
<trkpt lon="13.03649228" lat="47.53438173"><ele>1750.80</ele></trkpt>
<trkpt lon="13.03644103" lat="47.53436645"><ele>1753.40</ele></trkpt>
</trkseg><trkseg>
<trkpt lon="13.03641074" lat="47.53445520"><ele>1751.00</ele></trkpt>
<trkpt lon="13.03638699" lat="47.53446145"><ele>1753.50</ele></trkpt>
<trkpt lon="13.03634448" lat="47.53447197"><ele>1755.46</ele></trkpt>
</trkseg><trkseg>
<trkpt lon="13.03638699" lat="47.53446145"><ele>1753.50</ele></trkpt>
<trkpt lon="13.03646182" lat="47.53445733"><ele>1754.71</ele></trkpt>
</trkseg><trkseg>
<trkpt lon="13.03638699" lat="47.53446145"><ele>1753.50</ele></trkpt>
<trkpt lon="13.03643131" lat="47.53448453"><ele>1754.16</ele></trkpt>
</trkseg><trkseg>
<trkpt lon="13.03631053" lat="47.53447364"><ele>1751.31</ele></trkpt>
<trkpt lon="13.03624143" lat="47.53443826"><ele>1753.29</ele></trkpt>
</trkseg><trkseg>
<trkpt lon="13.03749270" lat="47.53500391"><ele>1748.03</ele></trkpt>
<trkpt lon="13.03749866" lat="47.53496883"><ele>1753.45</ele></trkpt>
</trkseg><trkseg>
<trkpt lon="13.03744049" lat="47.53514267"><ele>1745.80</ele></trkpt>
<trkpt lon="13.03743770" lat="47.53519247"><ele>1745.77</ele></trkpt>
<trkpt lon="13.03746252" lat="47.53518966"><ele>1746.10</ele></trkpt>
<trkpt lon="13.03749935" lat="47.53518894"><ele>1756.59</ele></trkpt>
</trkseg><trkseg>
<trkpt lon="13.03746252" lat="47.53518966"><ele>1746.10</ele></trkpt>
<trkpt lon="13.03748629" lat="47.53516856"><ele>1741.63</ele></trkpt>
</trkseg><trkseg>
<trkpt lon="13.03715373" lat="47.53481553"><ele>1755.64</ele></trkpt>
<trkpt lon="13.03720993" lat="47.53478725"><ele>1759.29</ele></trkpt>
<trkpt lon="13.03724310" lat="47.53477072"><ele>1759.86</ele></trkpt>
<trkpt lon="13.03721775" lat="47.53474518"><ele>1760.13</ele></trkpt>
<trkpt lon="13.03716352" lat="47.53474200"><ele>1758.81</ele></trkpt>
</trkseg><trkseg>
<trkpt lon="13.03721775" lat="47.53474518"><ele>1760.13</ele></trkpt>
<trkpt lon="13.03723757" lat="47.53473013"><ele>1761.00</ele></trkpt>
<trkpt lon="13.03721114" lat="47.53470142"><ele>1760.50</ele></trkpt>
<trkpt lon="13.03721970" lat="47.53467511"><ele>1760.72</ele></trkpt>
<trkpt lon="13.03722376" lat="47.53468373"><ele>1759.64</ele></trkpt>
<trkpt lon="13.03727039" lat="47.53468408"><ele>1765.09</ele></trkpt>
</trkseg><trkseg>
<trkpt lon="13.03722376" lat="47.53468373"><ele>1759.64</ele></trkpt>
<trkpt lon="13.03725738" lat="47.53467666"><ele>1755.46</ele></trkpt>
<trkpt lon="13.03723710" lat="47.53470025"><ele>1755.07</ele></trkpt>
<trkpt lon="13.03727879" lat="47.53473659"><ele>1755.18</ele></trkpt>
<trkpt lon="13.03730859" lat="47.53475348"><ele>1754.66</ele></trkpt>
</trkseg><trkseg>
<trkpt lon="13.03727879" lat="47.53473659"><ele>1755.18</ele></trkpt>
<trkpt lon="13.03729136" lat="47.53472025"><ele>1752.63</ele></trkpt>
<trkpt lon="13.03731861" lat="47.53472342"><ele>1753.91</ele></trkpt>
<trkpt lon="13.03730774" lat="47.53472638"><ele>1753.39</ele></trkpt>
<trkpt lon="13.03731258" lat="47.53474968"><ele>1754.46</ele></trkpt>
<trkpt lon="13.03734457" lat="47.53477551"><ele>1753.94</ele></trkpt>
<trkpt lon="13.03729932" lat="47.53479517"><ele>1753.40</ele></trkpt>
<trkpt lon="13.03730695" lat="47.53480789"><ele>1754.66</ele></trkpt>
<trkpt lon="13.03731644" lat="47.53480662"><ele>1755.99</ele></trkpt>
</trkseg><trkseg>
<trkpt lon="13.03730695" lat="47.53480789"><ele>1754.66</ele></trkpt>
<trkpt lon="13.03729049" lat="47.53480410"><ele>1756.38</ele></trkpt>
</trkseg><trkseg>
<trkpt lon="13.03731861" lat="47.53472342"><ele>1753.91</ele></trkpt>
<trkpt lon="13.03732727" lat="47.53471205"><ele>1753.54</ele></trkpt>
<trkpt lon="13.03730073" lat="47.53469342"><ele>1751.37</ele></trkpt>
<trkpt lon="13.03727747" lat="47.53469716"><ele>1750.71</ele></trkpt>
<trkpt lon="13.03729790" lat="47.53473008"><ele>1747.66</ele></trkpt>
<trkpt lon="13.03729177" lat="47.53474483"><ele>1746.69</ele></trkpt>
</trkseg><trkseg>
<trkpt lon="13.03732727" lat="47.53471205"><ele>1753.54</ele></trkpt>
<trkpt lon="13.03740118" lat="47.53471134"><ele>1756.97</ele></trkpt>
<trkpt lon="13.03744415" lat="47.53473133"><ele>1757.85</ele></trkpt>
<trkpt lon="13.03748790" lat="47.53470895"><ele>1759.50</ele></trkpt>
<trkpt lon="13.03754448" lat="47.53470965"><ele>1758.42</ele></trkpt>
<trkpt lon="13.03759329" lat="47.53470850"><ele>1753.18</ele></trkpt>
</trkseg><trkseg>
<trkpt lon="13.03604395" lat="47.53490504"><ele>1756.36</ele></trkpt>
<trkpt lon="13.03605224" lat="47.53494298"><ele>1753.42</ele></trkpt>
<trkpt lon="13.03603542" lat="47.53494845"><ele>1753.50</ele></trkpt>
<trkpt lon="13.03599648" lat="47.53499502"><ele>1750.79</ele></trkpt>
<trkpt lon="13.03594777" lat="47.53500787"><ele>1748.86</ele></trkpt>
<trkpt lon="13.03594702" lat="47.53498860"><ele>1747.02</ele></trkpt>
</trkseg><trkseg>
<trkpt lon="13.03716221" lat="47.53485194"><ele>1760.24</ele></trkpt>
<trkpt lon="13.03717867" lat="47.53486644"><ele>1759.83</ele></trkpt>
</trkseg><trkseg>
<trkpt lon="13.03713614" lat="47.53485248"><ele>1754.27</ele></trkpt>
<trkpt lon="13.03712470" lat="47.53488135"><ele>1752.73</ele></trkpt>
<trkpt lon="13.03710566" lat="47.53488597"><ele>1752.43</ele></trkpt>
<trkpt lon="13.03709055" lat="47.53488841"><ele>1752.29</ele></trkpt>
<trkpt lon="13.03707941" lat="47.53490937"><ele>1751.68</ele></trkpt>
</trkseg><trkseg>
<trkpt lon="13.03687894" lat="47.53487273"><ele>1753.56</ele></trkpt>
<trkpt lon="13.03693211" lat="47.53488300"><ele>1759.35</ele></trkpt>
</trkseg><trkseg>
<trkpt lon="13.03677098" lat="47.53501333"><ele>1749.17</ele></trkpt>
<trkpt lon="13.03675379" lat="47.53499684"><ele>1749.66</ele></trkpt>
</trkseg><trkseg>
<trkpt lon="13.03677098" lat="47.53501333"><ele>1749.17</ele></trkpt>
<trkpt lon="13.03674752" lat="47.53503677"><ele>1750.16</ele></trkpt>
</trkseg><trkseg>
<trkpt lon="13.03678266" lat="47.53498869"><ele>1750.98</ele></trkpt>
<trkpt lon="13.03678828" lat="47.53499851"><ele>1751.77</ele></trkpt>
</trkseg><trkseg>
<trkpt lon="13.03673763" lat="47.53505244"><ele>1746.22</ele></trkpt>
<trkpt lon="13.03677244" lat="47.53505241"><ele>1752.33</ele></trkpt>
</trkseg><trkseg>
<trkpt lon="13.03670569" lat="47.53511425"><ele>1741.56</ele></trkpt>
<trkpt lon="13.03667813" lat="47.53511927"><ele>1740.88</ele></trkpt>
</trkseg><trkseg>
<trkpt lon="13.03671183" lat="47.53514918"><ele>1750.59</ele></trkpt>
<trkpt lon="13.03669670" lat="47.53515585"><ele>1755.74</ele></trkpt>
</trkseg><trkseg>
<trkpt lon="13.03675394" lat="47.53518509"><ele>1753.90</ele></trkpt>
<trkpt lon="13.03679943" lat="47.53517651"><ele>1754.56</ele></trkpt>
</trkseg><trkseg>
<trkpt lon="13.03675177" lat="47.53534288"><ele>1735.53</ele></trkpt>
<trkpt lon="13.03673083" lat="47.53532695"><ele>1737.10</ele></trkpt>
</trkseg><trkseg>
<trkpt lon="13.03675177" lat="47.53534288"><ele>1735.53</ele></trkpt>
<trkpt lon="13.03676727" lat="47.53533676"><ele>1735.94</ele></trkpt>
</trkseg><trkseg>
<trkpt lon="13.03671680" lat="47.53540401"><ele>1723.22</ele></trkpt>
<trkpt lon="13.03668395" lat="47.53542243"><ele>1722.92</ele></trkpt>
<trkpt lon="13.03668756" lat="47.53543257"><ele>1717.02</ele></trkpt>
</trkseg><trkseg>
<trkpt lon="13.03668395" lat="47.53542243"><ele>1722.92</ele></trkpt>
<trkpt lon="13.03670701" lat="47.53545621"><ele>1731.77</ele></trkpt>
</trkseg><trkseg>
<trkpt lon="13.03681401" lat="47.53538039"><ele>1721.72</ele></trkpt>
<trkpt lon="13.03687150" lat="47.53536734"><ele>1721.23</ele></trkpt>
</trkseg><trkseg>
<trkpt lon="13.03684508" lat="47.53537759"><ele>1722.54</ele></trkpt>
<trkpt lon="13.03688318" lat="47.53538562"><ele>1726.96</ele></trkpt>
</trkseg><trkseg>
<trkpt lon="13.03665562" lat="47.53544813"><ele>1744.92</ele></trkpt>
<trkpt lon="13.03666004" lat="47.53544731"><ele>1741.35</ele></trkpt>
</trkseg><trkseg>
<trkpt lon="13.03670569" lat="47.53556966"><ele>1718.18</ele></trkpt>
<trkpt lon="13.03665727" lat="47.53559619"><ele>1716.80</ele></trkpt>
</trkseg><trkseg>
<trkpt lon="13.03665727" lat="47.53559619"><ele>1716.80</ele></trkpt>
<trkpt lon="13.03663445" lat="47.53559876"><ele>1715.79</ele></trkpt>
<trkpt lon="13.03662919" lat="47.53559013"><ele>1715.35</ele></trkpt>
<trkpt lon="13.03663038" lat="47.53558682"><ele>1695.30</ele></trkpt>
<trkpt lon="13.03666909" lat="47.53556075"><ele>1657.51</ele></trkpt>
<trkpt lon="13.03672544" lat="47.53552492"><ele>1656.81</ele></trkpt>
</trkseg><trkseg>
<trkpt lon="13.03672544" lat="47.53552492"><ele>1656.81</ele></trkpt>
<trkpt lon="13.03681967" lat="47.53555631"><ele>1654.98</ele></trkpt>
<trkpt lon="13.03685602" lat="47.53552940"><ele>1654.05</ele></trkpt>
</trkseg><trkseg>
<trkpt lon="13.03672544" lat="47.53552492"><ele>1656.81</ele></trkpt>
<trkpt lon="13.03666387" lat="47.53551549"><ele>1654.80</ele></trkpt>
</trkseg><trkseg>
<trkpt lon="13.03666387" lat="47.53551549"><ele>1654.80</ele></trkpt>
<trkpt lon="13.03663508" lat="47.53553570"><ele>1652.87</ele></trkpt>
</trkseg><trkseg>
<trkpt lon="13.03663508" lat="47.53553570"><ele>1652.87</ele></trkpt>
<trkpt lon="13.03660616" lat="47.53553439"><ele>1651.66</ele></trkpt>
</trkseg><trkseg>
<trkpt lon="13.03660616" lat="47.53553439"><ele>1651.66</ele></trkpt>
<trkpt lon="13.03659106" lat="47.53554367"><ele>1650.72</ele></trkpt>
</trkseg><trkseg>
<trkpt lon="13.03659106" lat="47.53554367"><ele>1650.72</ele></trkpt>
<trkpt lon="13.03657811" lat="47.53559168"><ele>1646.60</ele></trkpt>
</trkseg><trkseg>
<trkpt lon="13.03657811" lat="47.53559168"><ele>1646.60</ele></trkpt>
<trkpt lon="13.03658599" lat="47.53559757"><ele>1645.61</ele></trkpt>
</trkseg><trkseg>
<trkpt lon="13.03658599" lat="47.53559757"><ele>1645.61</ele></trkpt>
<trkpt lon="13.03656762" lat="47.53559870"><ele>1644.69</ele></trkpt>
</trkseg><trkseg>
<trkpt lon="13.03656762" lat="47.53559870"><ele>1644.69</ele></trkpt>
<trkpt lon="13.03655475" lat="47.53559794"><ele>1643.92</ele></trkpt>
</trkseg><trkseg>
<trkpt lon="13.03658599" lat="47.53559757"><ele>1645.61</ele></trkpt>
<trkpt lon="13.03658517" lat="47.53561250"><ele>1644.92</ele></trkpt>
</trkseg><trkseg>
<trkpt lon="13.03658517" lat="47.53561250"><ele>1644.92</ele></trkpt>
<trkpt lon="13.03662365" lat="47.53559606"><ele>1643.11</ele></trkpt>
</trkseg><trkseg>
<trkpt lon="13.03685602" lat="47.53552940"><ele>1654.05</ele></trkpt>
<trkpt lon="13.03689965" lat="47.53552448"><ele>1632.01</ele></trkpt>
</trkseg><trkseg>
<trkpt lon="13.03689965" lat="47.53552448"><ele>1632.01</ele></trkpt>
<trkpt lon="13.03691869" lat="47.53549493"><ele>1635.33</ele></trkpt>
</trkseg><trkseg>
<trkpt lon="13.03691869" lat="47.53549493"><ele>1635.33</ele></trkpt>
<trkpt lon="13.03698760" lat="47.53547155"><ele>1646.17</ele></trkpt>
</trkseg><trkseg>
<trkpt lon="13.03689965" lat="47.53552448"><ele>1632.01</ele></trkpt>
<trkpt lon="13.03684559" lat="47.53560931"><ele>1631.36</ele></trkpt>
</trkseg><trkseg>
<trkpt lon="13.03684559" lat="47.53560931"><ele>1631.36</ele></trkpt>
<trkpt lon="13.03686642" lat="47.53565997"><ele>1629.39</ele></trkpt>
</trkseg><trkseg>
<trkpt lon="13.03686642" lat="47.53565997"><ele>1629.39</ele></trkpt>
<trkpt lon="13.03681187" lat="47.53572949"><ele>1624.91</ele></trkpt>
</trkseg><trkseg>
<trkpt lon="13.03681187" lat="47.53572949"><ele>1624.91</ele></trkpt>
<trkpt lon="13.03671234" lat="47.53567991"><ele>1621.90</ele></trkpt>
</trkseg><trkseg>
<trkpt lon="13.03671234" lat="47.53567991"><ele>1621.90</ele></trkpt>
<trkpt lon="13.03659978" lat="47.53569085"><ele>1616.89</ele></trkpt>
</trkseg><trkseg>
<trkpt lon="13.03659978" lat="47.53569085"><ele>1616.89</ele></trkpt>
<trkpt lon="13.03659509" lat="47.53565658"><ele>1615.74</ele></trkpt>
</trkseg><trkseg>
<trkpt lon="13.03659509" lat="47.53565658"><ele>1615.74</ele></trkpt>
<trkpt lon="13.03655108" lat="47.53563225"><ele>1614.38</ele></trkpt>
</trkseg><trkseg>
<trkpt lon="13.03655108" lat="47.53563225"><ele>1614.38</ele></trkpt>
<trkpt lon="13.03656446" lat="47.53561214"><ele>1615.07</ele></trkpt>
</trkseg><trkseg>
<trkpt lon="13.03656446" lat="47.53561214"><ele>1615.07</ele></trkpt>
<trkpt lon="13.03651695" lat="47.53556778"><ele>1608.86</ele></trkpt>
</trkseg><trkseg>
<trkpt lon="13.03651695" lat="47.53556778"><ele>1608.86</ele></trkpt>
<trkpt lon="13.03648611" lat="47.53562853"><ele>1606.98</ele></trkpt>
</trkseg><trkseg>
<trkpt lon="13.03648611" lat="47.53562853"><ele>1606.98</ele></trkpt>
<trkpt lon="13.03645162" lat="47.53567680"><ele>1606.10</ele></trkpt>
</trkseg><trkseg>
<trkpt lon="13.03645162" lat="47.53567680"><ele>1606.10</ele></trkpt>
<trkpt lon="13.03638879" lat="47.53564783"><ele>1606.27</ele></trkpt>
</trkseg><trkseg>
<trkpt lon="13.03638879" lat="47.53564783"><ele>1606.27</ele></trkpt>
<trkpt lon="13.03629144" lat="47.53562159"><ele>1602.94</ele></trkpt>
</trkseg><trkseg>
<trkpt lon="13.04739300" lat="47.53038411"><ele>1669.58</ele></trkpt>
<trkpt lon="13.04739864" lat="47.53038250"><ele>1665.07</ele></trkpt>
<trkpt lon="13.04737111" lat="47.53040479"><ele>1663.92</ele></trkpt>
<trkpt lon="13.04736693" lat="47.53041705"><ele>1653.40</ele></trkpt>
<trkpt lon="13.04733779" lat="47.53044328"><ele>1651.04</ele></trkpt>
<trkpt lon="13.04739318" lat="47.53043648"><ele>1610.36</ele></trkpt>
<trkpt lon="13.04746881" lat="47.53041780"><ele>1605.41</ele></trkpt>
<trkpt lon="13.04750422" lat="47.53041219"><ele>1597.09</ele></trkpt>
</trkseg><trkseg>
<trkpt lon="13.04739300" lat="47.53038411"><ele>1669.58</ele></trkpt>
<trkpt lon="13.04743804" lat="47.53035905"><ele>1646.96</ele></trkpt>
</trkseg><trkseg>
<trkpt lon="13.04739318" lat="47.53043648"><ele>1610.36</ele></trkpt>
<trkpt lon="13.04740865" lat="47.53043504"><ele>1615.10</ele></trkpt>
<trkpt lon="13.04744455" lat="47.53043412"><ele>1614.86</ele></trkpt>
<trkpt lon="13.04754086" lat="47.53044521"><ele>1611.44</ele></trkpt>
<trkpt lon="13.04751719" lat="47.53038856"><ele>1612.96</ele></trkpt>
<trkpt lon="13.04757042" lat="47.53037912"><ele>1612.91</ele></trkpt>
<trkpt lon="13.04759527" lat="47.53038971"><ele>1609.53</ele></trkpt>
<trkpt lon="13.04758439" lat="47.53037855"><ele>1590.94</ele></trkpt>
</trkseg><trkseg>
<trkpt lon="13.04759527" lat="47.53038971"><ele>1609.53</ele></trkpt>
<trkpt lon="13.04762510" lat="47.53039139"><ele>1601.25</ele></trkpt>
<trkpt lon="13.04763863" lat="47.53038145"><ele>1599.30</ele></trkpt>
<trkpt lon="13.04768829" lat="47.53037852"><ele>1600.34</ele></trkpt>
<trkpt lon="13.04770743" lat="47.53037111"><ele>1599.48</ele></trkpt>
<trkpt lon="13.04775928" lat="47.53040250"><ele>1598.50</ele></trkpt>
<trkpt lon="13.04778630" lat="47.53039765"><ele>1596.35</ele></trkpt>
<trkpt lon="13.04779416" lat="47.53042936"><ele>1596.07</ele></trkpt>
<trkpt lon="13.04776751" lat="47.53042774"><ele>1595.91</ele></trkpt>
<trkpt lon="13.04776142" lat="47.53044500"><ele>1594.28</ele></trkpt>
<trkpt lon="13.04776487" lat="47.53048088"><ele>1570.91</ele></trkpt>
<trkpt lon="13.04778944" lat="47.53051000"><ele>1570.07</ele></trkpt>
<trkpt lon="13.04780883" lat="47.53050295"><ele>1570.52</ele></trkpt>
<trkpt lon="13.04783264" lat="47.53051658"><ele>1568.94</ele></trkpt>
<trkpt lon="13.04786953" lat="47.53044244"><ele>1556.39</ele></trkpt>
<trkpt lon="13.04789541" lat="47.53045412"><ele>1556.71</ele></trkpt>
<trkpt lon="13.04788870" lat="47.53042378"><ele>1554.70</ele></trkpt>
<trkpt lon="13.04796515" lat="47.53041491"><ele>1552.02</ele></trkpt>
<trkpt lon="13.04796459" lat="47.53032978"><ele>1553.56</ele></trkpt>
<trkpt lon="13.04799901" lat="47.53031533"><ele>1549.98</ele></trkpt>
<trkpt lon="13.04798002" lat="47.53027227"><ele>1548.82</ele></trkpt>
</trkseg><trkseg>
<trkpt lon="13.04737547" lat="47.53030166"><ele>1666.08</ele></trkpt>
<trkpt lon="13.04744065" lat="47.53039977"><ele>1667.53</ele></trkpt>
</trkseg><trkseg>
<trkpt lon="13.04737547" lat="47.53030166"><ele>1666.08</ele></trkpt>
<trkpt lon="13.04750768" lat="47.53031552"><ele>1662.25</ele></trkpt>
</trkseg><trkseg>
<trkpt lon="13.04737547" lat="47.53030166"><ele>1666.08</ele></trkpt>
<trkpt lon="13.04739393" lat="47.53026247"><ele>1663.43</ele></trkpt>
<trkpt lon="13.04731696" lat="47.53021706"><ele>1661.91</ele></trkpt>
<trkpt lon="13.04730371" lat="47.53014089"><ele>1663.10</ele></trkpt>
<trkpt lon="13.04733934" lat="47.53019396"><ele>1663.50</ele></trkpt>
<trkpt lon="13.04734863" lat="47.53019430"><ele>1672.06</ele></trkpt>
</trkseg><trkseg>
<trkpt lon="13.04730371" lat="47.53014089"><ele>1663.10</ele></trkpt>
<trkpt lon="13.04717875" lat="47.53008927"><ele>1661.44</ele></trkpt>
<trkpt lon="13.04710931" lat="47.53010222"><ele>1661.24</ele></trkpt>
<trkpt lon="13.04704111" lat="47.53010340"><ele>1661.14</ele></trkpt>
</trkseg><trkseg>
<trkpt lon="13.04710931" lat="47.53010222"><ele>1661.24</ele></trkpt>
<trkpt lon="13.04713562" lat="47.53003410"><ele>1663.62</ele></trkpt>
<trkpt lon="13.04714582" lat="47.52997056"><ele>1666.47</ele></trkpt>
</trkseg><trkseg>
<trkpt lon="13.04836341" lat="47.53047739"><ele>1760.57</ele></trkpt>
<trkpt lon="13.04838584" lat="47.53046733"><ele>1761.96</ele></trkpt>
<trkpt lon="13.04843580" lat="47.53047799"><ele>1762.21</ele></trkpt>
</trkseg><trkseg>
<trkpt lon="13.04838584" lat="47.53046733"><ele>1761.96</ele></trkpt>
<trkpt lon="13.04839585" lat="47.53046975"><ele>1768.54</ele></trkpt>
</trkseg><trkseg>
<trkpt lon="13.04832777" lat="47.53039607"><ele>1748.29</ele></trkpt>
<trkpt lon="13.04833432" lat="47.53038781"><ele>1740.81</ele></trkpt>
</trkseg><trkseg>
<trkpt lon="13.04795225" lat="47.53042612"><ele>1724.56</ele></trkpt>
<trkpt lon="13.04796175" lat="47.53039569"><ele>1727.17</ele></trkpt>
</trkseg><trkseg>
<trkpt lon="13.04796175" lat="47.53039569"><ele>1727.17</ele></trkpt>
<trkpt lon="13.04801004" lat="47.53040110"><ele>1729.79</ele></trkpt>
</trkseg><trkseg>
<trkpt lon="13.04801004" lat="47.53040110"><ele>1729.79</ele></trkpt>
<trkpt lon="13.04799648" lat="47.53036208"><ele>1732.24</ele></trkpt>
</trkseg><trkseg>
<trkpt lon="13.04799648" lat="47.53036208"><ele>1732.24</ele></trkpt>
<trkpt lon="13.04805766" lat="47.53036393"><ele>1732.07</ele></trkpt>
</trkseg><trkseg>
<trkpt lon="13.04805766" lat="47.53036393"><ele>1732.07</ele></trkpt>
<trkpt lon="13.04811757" lat="47.53034975"><ele>1734.07</ele></trkpt>
</trkseg><trkseg>
<trkpt lon="13.04811757" lat="47.53034975"><ele>1734.07</ele></trkpt>
<trkpt lon="13.04814497" lat="47.53034535"><ele>1733.99</ele></trkpt>
</trkseg><trkseg>
<trkpt lon="13.04814497" lat="47.53034535"><ele>1733.99</ele></trkpt>
<trkpt lon="13.04813171" lat="47.53033748"><ele>1733.41</ele></trkpt>
</trkseg><trkseg>
<trkpt lon="13.04813171" lat="47.53033748"><ele>1733.41</ele></trkpt>
<trkpt lon="13.04814300" lat="47.53033056"><ele>1731.39</ele></trkpt>
</trkseg><trkseg>
<trkpt lon="13.04814300" lat="47.53033056"><ele>1731.39</ele></trkpt>
<trkpt lon="13.04811091" lat="47.53029654"><ele>1729.06</ele></trkpt>
</trkseg><trkseg>
<trkpt lon="13.04811091" lat="47.53029654"><ele>1729.06</ele></trkpt>
<trkpt lon="13.04809570" lat="47.53028765"><ele>1728.91</ele></trkpt>
</trkseg><trkseg>
<trkpt lon="13.04809570" lat="47.53028765"><ele>1728.91</ele></trkpt>
<trkpt lon="13.04806576" lat="47.53028156"><ele>1732.40</ele></trkpt>
</trkseg><trkseg>
<trkpt lon="13.04806576" lat="47.53028156"><ele>1732.40</ele></trkpt>
<trkpt lon="13.04803731" lat="47.53027855"><ele>1735.07</ele></trkpt>
</trkseg><trkseg>
<trkpt lon="13.04803731" lat="47.53027855"><ele>1735.07</ele></trkpt>
<trkpt lon="13.04803124" lat="47.53026315"><ele>1735.64</ele></trkpt>
</trkseg><trkseg>
<trkpt lon="13.04814497" lat="47.53034535"><ele>1733.99</ele></trkpt>
<trkpt lon="13.04815155" lat="47.53035428"><ele>1734.45</ele></trkpt>
</trkseg><trkseg>
<trkpt lon="13.04815155" lat="47.53035428"><ele>1734.45</ele></trkpt>
<trkpt lon="13.04818090" lat="47.53035101"><ele>1735.99</ele></trkpt>
</trkseg><trkseg>
<trkpt lon="13.04818090" lat="47.53035101"><ele>1735.99</ele></trkpt>
<trkpt lon="13.04823933" lat="47.53036613"><ele>1736.79</ele></trkpt>
</trkseg><trkseg>
<trkpt lon="13.04823933" lat="47.53036613"><ele>1736.79</ele></trkpt>
<trkpt lon="13.04825769" lat="47.53035825"><ele>1737.41</ele></trkpt>
</trkseg><trkseg>
<trkpt lon="13.04825769" lat="47.53035825"><ele>1737.41</ele></trkpt>
<trkpt lon="13.04831451" lat="47.53036678"><ele>1737.47</ele></trkpt>
</trkseg><trkseg>
<trkpt lon="13.04831451" lat="47.53036678"><ele>1737.47</ele></trkpt>
<trkpt lon="13.04830558" lat="47.53036042"><ele>1740.29</ele></trkpt>
</trkseg><trkseg>
<trkpt lon="13.04830558" lat="47.53036042"><ele>1740.29</ele></trkpt>
<trkpt lon="13.04838136" lat="47.53036612"><ele>1745.83</ele></trkpt>
</trkseg><trkseg>
<trkpt lon="13.04838136" lat="47.53036612"><ele>1745.83</ele></trkpt>
<trkpt lon="13.04844340" lat="47.53039138"><ele>1748.61</ele></trkpt>
</trkseg><trkseg>
<trkpt lon="13.04767476" lat="47.53040304"><ele>1722.19</ele></trkpt>
<trkpt lon="13.04766310" lat="47.53040941"><ele>1723.79</ele></trkpt>
</trkseg><trkseg>
<trkpt lon="13.04766310" lat="47.53040941"><ele>1723.79</ele></trkpt>
<trkpt lon="13.04769150" lat="47.53041376"><ele>1724.98</ele></trkpt>
</trkseg><trkseg>
<trkpt lon="13.04769150" lat="47.53041376"><ele>1724.98</ele></trkpt>
<trkpt lon="13.04771442" lat="47.53041208"><ele>1726.75</ele></trkpt>
</trkseg><trkseg>
<trkpt lon="13.04766310" lat="47.53040941"><ele>1723.79</ele></trkpt>
<trkpt lon="13.04765385" lat="47.53039008"><ele>1723.17</ele></trkpt>
</trkseg><trkseg>
<trkpt lon="13.04765385" lat="47.53039008"><ele>1723.17</ele></trkpt>
<trkpt lon="13.04760596" lat="47.53038468"><ele>1722.69</ele></trkpt>
</trkseg><trkseg>
<trkpt lon="13.04706160" lat="47.52931558"><ele>1748.34</ele></trkpt>
<trkpt lon="13.04700506" lat="47.52932829"><ele>1744.18</ele></trkpt>
<trkpt lon="13.04701140" lat="47.52933650"><ele>1742.41</ele></trkpt>
<trkpt lon="13.04695405" lat="47.52933876"><ele>1739.24</ele></trkpt>
<trkpt lon="13.04692417" lat="47.52935625"><ele>1732.66</ele></trkpt>
</trkseg><trkseg>
<trkpt lon="13.04695405" lat="47.52933876"><ele>1739.24</ele></trkpt>
<trkpt lon="13.04694812" lat="47.52934451"><ele>1740.99</ele></trkpt>
</trkseg><trkseg>
<trkpt lon="13.04646031" lat="47.52965087"><ele>1746.62</ele></trkpt>
<trkpt lon="13.04643538" lat="47.52971028"><ele>1748.91</ele></trkpt>
<trkpt lon="13.04645445" lat="47.52972636"><ele>1738.83</ele></trkpt>
<trkpt lon="13.04642613" lat="47.52974477"><ele>1738.99</ele></trkpt>
<trkpt lon="13.04643386" lat="47.52974778"><ele>1732.00</ele></trkpt>
</trkseg><trkseg>
<trkpt lon="13.04642613" lat="47.52974477"><ele>1738.99</ele></trkpt>
<trkpt lon="13.04643397" lat="47.52975543"><ele>1739.76</ele></trkpt>
<trkpt lon="13.04638673" lat="47.52981465"><ele>1739.83</ele></trkpt>
<trkpt lon="13.04638244" lat="47.52984085"><ele>1741.97</ele></trkpt>
<trkpt lon="13.04642259" lat="47.52982237"><ele>1744.00</ele></trkpt>
<trkpt lon="13.04638873" lat="47.52984329"><ele>1748.66</ele></trkpt>
</trkseg><trkseg>
<trkpt lon="13.04638673" lat="47.52981465"><ele>1739.83</ele></trkpt>
<trkpt lon="13.04635516" lat="47.52980610"><ele>1739.05</ele></trkpt>
</trkseg><trkseg>
<trkpt lon="13.04638673" lat="47.52981465"><ele>1739.83</ele></trkpt>
<trkpt lon="13.04635922" lat="47.52983631"><ele>1726.53</ele></trkpt>
</trkseg><trkseg>
<trkpt lon="13.04643297" lat="47.52991487"><ele>1748.58</ele></trkpt>
<trkpt lon="13.04638753" lat="47.52990059"><ele>1750.98</ele></trkpt>
<trkpt lon="13.04636660" lat="47.52995963"><ele>1751.87</ele></trkpt>
<trkpt lon="13.04634234" lat="47.52996884"><ele>1750.07</ele></trkpt>
<trkpt lon="13.04634345" lat="47.53000701"><ele>1746.48</ele></trkpt>
</trkseg><trkseg>
<trkpt lon="13.04634234" lat="47.52996884"><ele>1750.07</ele></trkpt>
<trkpt lon="13.04636038" lat="47.52993406"><ele>1749.14</ele></trkpt>
</trkseg><trkseg>
<trkpt lon="13.04634234" lat="47.52996884"><ele>1750.07</ele></trkpt>
<trkpt lon="13.04623289" lat="47.52994673"><ele>1754.66</ele></trkpt>
<trkpt lon="13.04623585" lat="47.52993859"><ele>1758.11</ele></trkpt>
<trkpt lon="13.04630527" lat="47.53001905"><ele>1775.77</ele></trkpt>
</trkseg><trkseg>
<trkpt lon="13.04623585" lat="47.52993859"><ele>1758.11</ele></trkpt>
<trkpt lon="13.04621858" lat="47.52993848"><ele>1757.25</ele></trkpt>
<trkpt lon="13.04623384" lat="47.52994621"><ele>1740.57</ele></trkpt>
</trkseg><trkseg>
<trkpt lon="13.04694373" lat="47.52906584"><ele>1747.19</ele></trkpt>
<trkpt lon="13.04696509" lat="47.52905235"><ele>1736.08</ele></trkpt>
<trkpt lon="13.04694745" lat="47.52907994"><ele>1727.68</ele></trkpt>
<trkpt lon="13.04691759" lat="47.52910058"><ele>1725.97</ele></trkpt>
<trkpt lon="13.04689369" lat="47.52913239"><ele>1719.51</ele></trkpt>
</trkseg><trkseg>
<trkpt lon="13.04694745" lat="47.52907994"><ele>1727.68</ele></trkpt>
<trkpt lon="13.04688319" lat="47.52906805"><ele>1727.43</ele></trkpt>
<trkpt lon="13.04686972" lat="47.52905153"><ele>1726.92</ele></trkpt>
<trkpt lon="13.04693072" lat="47.52903674"><ele>1724.61</ele></trkpt>
</trkseg><trkseg>
<trkpt lon="13.04686972" lat="47.52905153"><ele>1726.92</ele></trkpt>
<trkpt lon="13.04683496" lat="47.52906111"><ele>1725.51</ele></trkpt>
<trkpt lon="13.04692927" lat="47.52911887"><ele>1725.14</ele></trkpt>
</trkseg><trkseg>
<trkpt lon="13.04696342" lat="47.52888972"><ele>1743.14</ele></trkpt>
<trkpt lon="13.04699590" lat="47.52892744"><ele>1745.58</ele></trkpt>
<trkpt lon="13.04703914" lat="47.52893636"><ele>1745.27</ele></trkpt>
<trkpt lon="13.04709010" lat="47.52892382"><ele>1748.51</ele></trkpt>
<trkpt lon="13.04711507" lat="47.52895601"><ele>1748.97</ele></trkpt>
<trkpt lon="13.04713522" lat="47.52894304"><ele>1749.25</ele></trkpt>
<trkpt lon="13.04716826" lat="47.52894045"><ele>1749.34</ele></trkpt>
<trkpt lon="13.04722407" lat="47.52889740"><ele>1743.72</ele></trkpt>
</trkseg><trkseg>
<trkpt lon="13.04693430" lat="47.52892252"><ele>1741.07</ele></trkpt>
<trkpt lon="13.04695862" lat="47.52892959"><ele>1737.00</ele></trkpt>
</trkseg><trkseg>
<trkpt lon="13.04695862" lat="47.52892959"><ele>1737.00</ele></trkpt>
<trkpt lon="13.04697051" lat="47.52895985"><ele>1736.89</ele></trkpt>
</trkseg><trkseg>
<trkpt lon="13.04695862" lat="47.52892959"><ele>1737.00</ele></trkpt>
<trkpt lon="13.04698970" lat="47.52894038"><ele>1735.06</ele></trkpt>
<trkpt lon="13.04694348" lat="47.52895795"><ele>1733.08</ele></trkpt>
<trkpt lon="13.04693287" lat="47.52895021"><ele>1733.23</ele></trkpt>
<trkpt lon="13.04692611" lat="47.52896782"><ele>1732.92</ele></trkpt>
<trkpt lon="13.04691746" lat="47.52897181"><ele>1732.93</ele></trkpt>
<trkpt lon="13.04693001" lat="47.52898435"><ele>1732.89</ele></trkpt>
</trkseg><trkseg>
<trkpt lon="13.04698970" lat="47.52894038"><ele>1735.06</ele></trkpt>
<trkpt lon="13.04702198" lat="47.52894066"><ele>1730.74</ele></trkpt>
<trkpt lon="13.04701305" lat="47.52895922"><ele>1726.08</ele></trkpt>
</trkseg><trkseg>
<trkpt lon="13.04886828" lat="47.52861558"><ele>1742.59</ele></trkpt>
<trkpt lon="13.04885738" lat="47.52867658"><ele>1742.99</ele></trkpt>
<trkpt lon="13.04878623" lat="47.52874295"><ele>1744.07</ele></trkpt>
<trkpt lon="13.04891706" lat="47.52879755"><ele>1742.61</ele></trkpt>
</trkseg><trkseg>
<trkpt lon="13.04621780" lat="47.52836816"><ele>1756.18</ele></trkpt>
<trkpt lon="13.04618596" lat="47.52837769"><ele>1760.06</ele></trkpt>
<trkpt lon="13.04616079" lat="47.52837213"><ele>1759.80</ele></trkpt>
<trkpt lon="13.04612727" lat="47.52841970"><ele>1758.14</ele></trkpt>
<trkpt lon="13.04603590" lat="47.52844739"><ele>1756.91</ele></trkpt>
<trkpt lon="13.04604236" lat="47.52843445"><ele>1756.31</ele></trkpt>
<trkpt lon="13.04601244" lat="47.52845302"><ele>1756.75</ele></trkpt>
<trkpt lon="13.04592286" lat="47.52843953"><ele>1755.83</ele></trkpt>
<trkpt lon="13.04582017" lat="47.52851453"><ele>1756.80</ele></trkpt>
</trkseg><trkseg>
<trkpt lon="13.04878623" lat="47.52874295"><ele>1744.07</ele></trkpt>
<trkpt lon="13.04875713" lat="47.52885053"><ele>1741.76</ele></trkpt>
<trkpt lon="13.04872772" lat="47.52889466"><ele>1741.58</ele></trkpt>
</trkseg><trkseg>
<trkpt lon="13.04872772" lat="47.52889466"><ele>1741.58</ele></trkpt>
<trkpt lon="13.04874478" lat="47.52891852"><ele>1738.03</ele></trkpt>
<trkpt lon="13.04881663" lat="47.52889752"><ele>1741.19</ele></trkpt>
</trkseg><trkseg>
<trkpt lon="13.04874478" lat="47.52891852"><ele>1738.03</ele></trkpt>
<trkpt lon="13.04875126" lat="47.52888696"><ele>1736.23</ele></trkpt>
<trkpt lon="13.04878657" lat="47.52888432"><ele>1730.11</ele></trkpt>
<trkpt lon="13.04877726" lat="47.52892025"><ele>1731.50</ele></trkpt>
<trkpt lon="13.04867613" lat="47.52893895"><ele>1729.76</ele></trkpt>
<trkpt lon="13.04861727" lat="47.52891023"><ele>1728.66</ele></trkpt>
<trkpt lon="13.04856607" lat="47.52889371"><ele>1726.78</ele></trkpt>
<trkpt lon="13.04850525" lat="47.52893586"><ele>1720.29</ele></trkpt>
</trkseg><trkseg>
<trkpt lon="13.04850525" lat="47.52893586"><ele>1720.29</ele></trkpt>
<trkpt lon="13.04848578" lat="47.52896666"><ele>1716.48</ele></trkpt>
<trkpt lon="13.04848533" lat="47.52898231"><ele>1714.09</ele></trkpt>
</trkseg><trkseg>
<trkpt lon="13.04848533" lat="47.52898231"><ele>1714.09</ele></trkpt>
<trkpt lon="13.04846985" lat="47.52899132"><ele>1706.02</ele></trkpt>
<trkpt lon="13.04836244" lat="47.52896771"><ele>1702.30</ele></trkpt>
</trkseg><trkseg>
<trkpt lon="13.04836244" lat="47.52896771"><ele>1702.30</ele></trkpt>
<trkpt lon="13.04822216" lat="47.52896020"><ele>1697.32</ele></trkpt>
</trkseg><trkseg>
<trkpt lon="13.04822216" lat="47.52896020"><ele>1697.32</ele></trkpt>
<trkpt lon="13.04811680" lat="47.52894941"><ele>1692.39</ele></trkpt>
<trkpt lon="13.04806081" lat="47.52891876"><ele>1689.88</ele></trkpt>
<trkpt lon="13.04795767" lat="47.52891628"><ele>1684.16</ele></trkpt>
</trkseg><trkseg>
<trkpt lon="13.04795767" lat="47.52891628"><ele>1684.16</ele></trkpt>
<trkpt lon="13.04795451" lat="47.52890489"><ele>1684.19</ele></trkpt>
</trkseg><trkseg>
<trkpt lon="13.04687109" lat="47.52874282"><ele>1741.60</ele></trkpt>
<trkpt lon="13.04689412" lat="47.52877021"><ele>1741.49</ele></trkpt>
<trkpt lon="13.04691549" lat="47.52878866"><ele>1742.82</ele></trkpt>
</trkseg><trkseg>
<trkpt lon="13.04691549" lat="47.52878866"><ele>1742.82</ele></trkpt>
<trkpt lon="13.04694428" lat="47.52876126"><ele>1748.00</ele></trkpt>
</trkseg><trkseg>
<trkpt lon="13.04687994" lat="47.52881235"><ele>1741.26</ele></trkpt>
<trkpt lon="13.04690555" lat="47.52880604"><ele>1741.14</ele></trkpt>
</trkseg><trkseg>
<trkpt lon="13.04681374" lat="47.52873816"><ele>1741.80</ele></trkpt>
<trkpt lon="13.04681266" lat="47.52865616"><ele>1748.28</ele></trkpt>
</trkseg><trkseg>
<trkpt lon="13.04664710" lat="47.52861735"><ele>1745.29</ele></trkpt>
<trkpt lon="13.04658069" lat="47.52863835"><ele>1745.25</ele></trkpt>
</trkseg><trkseg>
<trkpt lon="13.04660715" lat="47.52840530"><ele>1749.32</ele></trkpt>
<trkpt lon="13.04650949" lat="47.52838410"><ele>1748.11</ele></trkpt>
</trkseg><trkseg>
<trkpt lon="13.04657490" lat="47.52828291"><ele>1750.13</ele></trkpt>
<trkpt lon="13.04649951" lat="47.52822358"><ele>1753.79</ele></trkpt>
</trkseg><trkseg>
<trkpt lon="13.04690486" lat="47.52835224"><ele>1750.31</ele></trkpt>
<trkpt lon="13.04687295" lat="47.52838877"><ele>1749.91</ele></trkpt>
</trkseg><trkseg>
<trkpt lon="13.04737686" lat="47.52839627"><ele>1749.08</ele></trkpt>
<trkpt lon="13.04746417" lat="47.52840280"><ele>1748.53</ele></trkpt>
</trkseg><trkseg>
<trkpt lon="13.04755122" lat="47.52825167"><ele>1749.61</ele></trkpt>
<trkpt lon="13.04743506" lat="47.52821721"><ele>1748.10</ele></trkpt>
</trkseg><trkseg>
<trkpt lon="13.04803607" lat="47.52795668"><ele>1748.24</ele></trkpt>
<trkpt lon="13.04805286" lat="47.52800538"><ele>1752.37</ele></trkpt>
</trkseg><trkseg>
<trkpt lon="13.04862140" lat="47.52801487"><ele>1746.06</ele></trkpt>
<trkpt lon="13.04868047" lat="47.52799464"><ele>1746.42</ele></trkpt>
</trkseg><trkseg>
<trkpt lon="13.04868047" lat="47.52799464"><ele>1746.42</ele></trkpt>
<trkpt lon="13.04871400" lat="47.52797560"><ele>1750.84</ele></trkpt>
</trkseg><trkseg>
<trkpt lon="13.04870258" lat="47.52811155"><ele>1745.71</ele></trkpt>
<trkpt lon="13.04871342" lat="47.52813801"><ele>1749.21</ele></trkpt>
</trkseg><trkseg>
<trkpt lon="13.04840360" lat="47.52833835"><ele>1739.68</ele></trkpt>
<trkpt lon="13.04843117" lat="47.52833306"><ele>1737.82</ele></trkpt>
</trkseg><trkseg>
<trkpt lon="13.04843117" lat="47.52833306"><ele>1737.82</ele></trkpt>
<trkpt lon="13.04844585" lat="47.52830973"><ele>1736.41</ele></trkpt>
</trkseg><trkseg>
<trkpt lon="13.04881663" lat="47.52889752"><ele>1741.19</ele></trkpt>
<trkpt lon="13.04892723" lat="47.52888869"><ele>1741.19</ele></trkpt>
</trkseg><trkseg>
<trkpt lon="13.04861727" lat="47.52891023"><ele>1728.66</ele></trkpt>
<trkpt lon="13.04864633" lat="47.52897561"><ele>1753.18</ele></trkpt>
</trkseg><trkseg>
<trkpt lon="13.04848533" lat="47.52898231"><ele>1714.09</ele></trkpt>
<trkpt lon="13.04851024" lat="47.52902332"><ele>1720.67</ele></trkpt>
</trkseg><trkseg>
<trkpt lon="13.04699426" lat="47.52923992"><ele>1699.77</ele></trkpt>
<trkpt lon="13.04699211" lat="47.52928353"><ele>1700.89</ele></trkpt>
<trkpt lon="13.04702250" lat="47.52929511"><ele>1701.90</ele></trkpt>
<trkpt lon="13.04698792" lat="47.52932818"><ele>1703.71</ele></trkpt>
</trkseg><trkseg>
<trkpt lon="13.04702250" lat="47.52929511"><ele>1701.90</ele></trkpt>
<trkpt lon="13.04699156" lat="47.52929459"><ele>1704.81</ele></trkpt>
<trkpt lon="13.04699455" lat="47.52932136"><ele>1708.44</ele></trkpt>
<trkpt lon="13.04692461" lat="47.52932296"><ele>1708.93</ele></trkpt>
<trkpt lon="13.04684922" lat="47.52934966"><ele>1728.56</ele></trkpt>
</trkseg><trkseg>
<trkpt lon="13.04692461" lat="47.52932296"><ele>1708.93</ele></trkpt>
<trkpt lon="13.04692176" lat="47.52937123"><ele>1708.88</ele></trkpt>
</trkseg><trkseg>
<trkpt lon="13.04699426" lat="47.52923992"><ele>1699.77</ele></trkpt>
<trkpt lon="13.04697524" lat="47.52932616"><ele>1697.20</ele></trkpt>
<trkpt lon="13.04696859" lat="47.52934441"><ele>1696.37</ele></trkpt>
<trkpt lon="13.04692122" lat="47.52937851"><ele>1689.92</ele></trkpt>
<trkpt lon="13.04698279" lat="47.52941286"><ele>1693.08</ele></trkpt>
<trkpt lon="13.04707553" lat="47.52946276"><ele>1686.44</ele></trkpt>
<trkpt lon="13.04706913" lat="47.52952411"><ele>1681.07</ele></trkpt>
</trkseg><trkseg>
<trkpt lon="13.04707553" lat="47.52946276"><ele>1686.44</ele></trkpt>
<trkpt lon="13.04705551" lat="47.52942237"><ele>1687.25</ele></trkpt>
<trkpt lon="13.04707043" lat="47.52938888"><ele>1683.52</ele></trkpt>
<trkpt lon="13.04705574" lat="47.52935165"><ele>1681.44</ele></trkpt>
<trkpt lon="13.04700751" lat="47.52930881"><ele>1681.36</ele></trkpt>
</trkseg><trkseg>
<trkpt lon="13.04665823" lat="47.52826417"><ele>1750.29</ele></trkpt>
<trkpt lon="13.04669202" lat="47.52825233"><ele>1755.17</ele></trkpt>
<trkpt lon="13.04669367" lat="47.52823994"><ele>1755.75</ele></trkpt>
</trkseg><trkseg>
<trkpt lon="13.04669367" lat="47.52823994"><ele>1755.75</ele></trkpt>
<trkpt lon="13.04668990" lat="47.52820208"><ele>1759.54</ele></trkpt>
<trkpt lon="13.04670422" lat="47.52819549"><ele>1760.02</ele></trkpt>
</trkseg><trkseg>
<trkpt lon="13.04670422" lat="47.52819549"><ele>1760.02</ele></trkpt>
<trkpt lon="13.04669230" lat="47.52817306"><ele>1761.03</ele></trkpt>
</trkseg><trkseg>
<trkpt lon="13.04669230" lat="47.52817306"><ele>1761.03</ele></trkpt>
<trkpt lon="13.04671657" lat="47.52816006"><ele>1762.22</ele></trkpt>
</trkseg><trkseg>
<trkpt lon="13.04671657" lat="47.52816006"><ele>1762.22</ele></trkpt>
<trkpt lon="13.04674398" lat="47.52815900"><ele>1762.86</ele></trkpt>
</trkseg><trkseg>
<trkpt lon="13.04674398" lat="47.52815900"><ele>1762.86</ele></trkpt>
<trkpt lon="13.04677044" lat="47.52816890"><ele>1763.40</ele></trkpt>
</trkseg><trkseg>
<trkpt lon="13.04776873" lat="47.52785755"><ele>1719.33</ele></trkpt>
<trkpt lon="13.04774895" lat="47.52787836"><ele>1724.18</ele></trkpt>
</trkseg><trkseg>
<trkpt lon="13.04774895" lat="47.52787836"><ele>1724.18</ele></trkpt>
<trkpt lon="13.04772607" lat="47.52791505"><ele>1722.53</ele></trkpt>
</trkseg><trkseg>
<trkpt lon="13.04772607" lat="47.52791505"><ele>1722.53</ele></trkpt>
<trkpt lon="13.04769422" lat="47.52791063"><ele>1721.63</ele></trkpt>
<trkpt lon="13.04770150" lat="47.52792903"><ele>1718.82</ele></trkpt>
<trkpt lon="13.04770649" lat="47.52794855"><ele>1715.01</ele></trkpt>
</trkseg><trkseg>
<trkpt lon="13.04770649" lat="47.52794855"><ele>1715.01</ele></trkpt>
<trkpt lon="13.04773048" lat="47.52797514"><ele>1715.16</ele></trkpt>
</trkseg><trkseg>
<trkpt lon="13.04770649" lat="47.52794855"><ele>1715.01</ele></trkpt>
<trkpt lon="13.04764121" lat="47.52793925"><ele>1709.13</ele></trkpt>
</trkseg><trkseg>
<trkpt lon="13.04783838" lat="47.52775976"><ele>1715.32</ele></trkpt>
<trkpt lon="13.04785969" lat="47.52779413"><ele>1740.24</ele></trkpt>
</trkseg><trkseg>
<trkpt lon="13.04814266" lat="47.52747591"><ele>1724.37</ele></trkpt>
<trkpt lon="13.04819052" lat="47.52751092"><ele>1739.87</ele></trkpt>
</trkseg><trkseg>
<trkpt lon="13.04835325" lat="47.52742173"><ele>1730.76</ele></trkpt>
<trkpt lon="13.04836357" lat="47.52740148"><ele>1733.00</ele></trkpt>
<trkpt lon="13.04840633" lat="47.52741624"><ele>1741.65</ele></trkpt>
</trkseg><trkseg>
<trkpt lon="13.04864302" lat="47.52729960"><ele>1739.36</ele></trkpt>
<trkpt lon="13.04870675" lat="47.52729718"><ele>1743.19</ele></trkpt>
</trkseg><trkseg>
<trkpt lon="13.04875434" lat="47.52724634"><ele>1738.83</ele></trkpt>
<trkpt lon="13.04872470" lat="47.52727886"><ele>1739.94</ele></trkpt>
</trkseg><trkseg>
<trkpt lon="13.04910680" lat="47.52690977"><ele>1741.78</ele></trkpt>
<trkpt lon="13.04917386" lat="47.52692476"><ele>1742.36</ele></trkpt>
</trkseg><trkseg>
<trkpt lon="13.04706126" lat="47.52911716"><ele>1683.32</ele></trkpt>
<trkpt lon="13.04708468" lat="47.52914491"><ele>1682.39</ele></trkpt>
</trkseg><trkseg>
<trkpt lon="13.04733575" lat="47.52870548"><ele>1684.32</ele></trkpt>
<trkpt lon="13.04738113" lat="47.52869635"><ele>1676.56</ele></trkpt>
</trkseg><trkseg>
<trkpt lon="13.04733575" lat="47.52870548"><ele>1684.32</ele></trkpt>
<trkpt lon="13.04733955" lat="47.52865677"><ele>1697.30</ele></trkpt>
</trkseg><trkseg>
<trkpt lon="13.04753817" lat="47.52856045"><ele>1684.34</ele></trkpt>
<trkpt lon="13.04753539" lat="47.52853872"><ele>1710.98</ele></trkpt>
</trkseg><trkseg>
<trkpt lon="13.04753817" lat="47.52856045"><ele>1684.34</ele></trkpt>
<trkpt lon="13.04754751" lat="47.52853415"><ele>1686.49</ele></trkpt>
<trkpt lon="13.04756598" lat="47.52852349"><ele>1684.89</ele></trkpt>
<trkpt lon="13.04759464" lat="47.52855673"><ele>1683.55</ele></trkpt>
<trkpt lon="13.04762470" lat="47.52856993"><ele>1681.00</ele></trkpt>
<trkpt lon="13.04766280" lat="47.52859947"><ele>1675.93</ele></trkpt>
<trkpt lon="13.04774065" lat="47.52860682"><ele>1673.76</ele></trkpt>
<trkpt lon="13.04779485" lat="47.52855681"><ele>1671.91</ele></trkpt>
<trkpt lon="13.04786261" lat="47.52857461"><ele>1665.73</ele></trkpt>
<trkpt lon="13.04788425" lat="47.52857498"><ele>1666.46</ele></trkpt>
<trkpt lon="13.04788700" lat="47.52856891"><ele>1666.39</ele></trkpt>
<trkpt lon="13.04793271" lat="47.52852938"><ele>1666.33</ele></trkpt>
<trkpt lon="13.04797605" lat="47.52851797"><ele>1663.33</ele></trkpt>
<trkpt lon="13.04803299" lat="47.52849419"><ele>1660.25</ele></trkpt>
<trkpt lon="13.04818615" lat="47.52845190"><ele>1652.43</ele></trkpt>
<trkpt lon="13.04826945" lat="47.52848418"><ele>1647.47</ele></trkpt>
<trkpt lon="13.04833794" lat="47.52844296"><ele>1645.59</ele></trkpt>
<trkpt lon="13.04843178" lat="47.52836312"><ele>1642.46</ele></trkpt>
<trkpt lon="13.04840593" lat="47.52832228"><ele>1642.12</ele></trkpt>
<trkpt lon="13.04839862" lat="47.52829723"><ele>1642.93</ele></trkpt>
<trkpt lon="13.04838726" lat="47.52828822"><ele>1643.12</ele></trkpt>
<trkpt lon="13.04839373" lat="47.52828221"><ele>1643.98</ele></trkpt>
<trkpt lon="13.04841746" lat="47.52825850"><ele>1642.62</ele></trkpt>
<trkpt lon="13.04844383" lat="47.52829269"><ele>1640.46</ele></trkpt>
<trkpt lon="13.04849482" lat="47.52825388"><ele>1638.02</ele></trkpt>
<trkpt lon="13.04855528" lat="47.52822152"><ele>1634.10</ele></trkpt>
<trkpt lon="13.04861674" lat="47.52819782"><ele>1631.62</ele></trkpt>
<trkpt lon="13.04858506" lat="47.52816723"><ele>1631.93</ele></trkpt>
<trkpt lon="13.04858165" lat="47.52814809"><ele>1632.36</ele></trkpt>
<trkpt lon="13.04856149" lat="47.52812553"><ele>1638.82</ele></trkpt>
</trkseg><trkseg>
<trkpt lon="13.04855528" lat="47.52822152"><ele>1634.10</ele></trkpt>
<trkpt lon="13.04858909" lat="47.52820536"><ele>1631.37</ele></trkpt>
<trkpt lon="13.04860260" lat="47.52821729"><ele>1630.29</ele></trkpt>
<trkpt lon="13.04859496" lat="47.52824406"><ele>1629.91</ele></trkpt>
</trkseg><trkseg>
<trkpt lon="13.04687557" lat="47.52903355"><ele>1692.63</ele></trkpt>
<trkpt lon="13.04686840" lat="47.52900139"><ele>1693.98</ele></trkpt>
<trkpt lon="13.04685551" lat="47.52897283"><ele>1692.09</ele></trkpt>
<trkpt lon="13.04686364" lat="47.52895425"><ele>1692.53</ele></trkpt>
<trkpt lon="13.04694400" lat="47.52887238"><ele>1701.37</ele></trkpt>
</trkseg><trkseg>
<trkpt lon="13.04686364" lat="47.52895425"><ele>1692.53</ele></trkpt>
<trkpt lon="13.04695545" lat="47.52897210"><ele>1690.66</ele></trkpt>
</trkseg><trkseg>
<trkpt lon="13.04790673" lat="47.52753641"><ele>1708.65</ele></trkpt>
<trkpt lon="13.04788297" lat="47.52752512"><ele>1708.37</ele></trkpt>
</trkseg><trkseg>
<trkpt lon="13.04788297" lat="47.52752512"><ele>1708.37</ele></trkpt>
<trkpt lon="13.04787845" lat="47.52751442"><ele>1708.49</ele></trkpt>
<trkpt lon="13.04787785" lat="47.52751252"><ele>1709.20</ele></trkpt>
<trkpt lon="13.04789526" lat="47.52749464"><ele>1710.44</ele></trkpt>
</trkseg><trkseg>
<trkpt lon="13.04780784" lat="47.52758413"><ele>1704.74</ele></trkpt>
<trkpt lon="13.04778303" lat="47.52757228"><ele>1707.32</ele></trkpt>
</trkseg><trkseg>
<trkpt lon="13.04731827" lat="47.52752324"><ele>1717.23</ele></trkpt>
<trkpt lon="13.04731819" lat="47.52755410"><ele>1714.65</ele></trkpt>
</trkseg><trkseg>
<trkpt lon="13.04727349" lat="47.52746273"><ele>1721.74</ele></trkpt>
<trkpt lon="13.04733476" lat="47.52749419"><ele>1722.63</ele></trkpt>
</trkseg><trkseg>
<trkpt lon="13.04726026" lat="47.52746106"><ele>1722.76</ele></trkpt>
<trkpt lon="13.04731623" lat="47.52734567"><ele>1732.70</ele></trkpt>
</trkseg><trkseg>
<trkpt lon="13.04701962" lat="47.52760175"><ele>1707.65</ele></trkpt>
<trkpt lon="13.04705869" lat="47.52749056"><ele>1718.92</ele></trkpt>
</trkseg><trkseg>
<trkpt lon="13.04669773" lat="47.52747605"><ele>1699.19</ele></trkpt>
<trkpt lon="13.04668347" lat="47.52747022"><ele>1677.25</ele></trkpt>
</trkseg><trkseg>
<trkpt lon="13.04908769" lat="47.52690197"><ele>1748.01</ele></trkpt>
<trkpt lon="13.04907139" lat="47.52690097"><ele>1747.16</ele></trkpt>
</trkseg><trkseg>
<trkpt lon="13.04908769" lat="47.52690197"><ele>1748.01</ele></trkpt>
<trkpt lon="13.04908891" lat="47.52689767"><ele>1747.65</ele></trkpt>
<trkpt lon="13.04910466" lat="47.52693160"><ele>1743.49</ele></trkpt>
</trkseg><trkseg>
<trkpt lon="13.04908891" lat="47.52689767"><ele>1747.65</ele></trkpt>
<trkpt lon="13.04912558" lat="47.52690127"><ele>1747.27</ele></trkpt>
<trkpt lon="13.04912856" lat="47.52689979"><ele>1750.85</ele></trkpt>
</trkseg><trkseg>
<trkpt lon="13.04912558" lat="47.52690127"><ele>1747.27</ele></trkpt>
<trkpt lon="13.04911986" lat="47.52692663"><ele>1745.32</ele></trkpt>
</trkseg><trkseg>
<trkpt lon="13.04912558" lat="47.52690127"><ele>1747.27</ele></trkpt>
<trkpt lon="13.04914044" lat="47.52687317"><ele>1748.63</ele></trkpt>
</trkseg><trkseg>
<trkpt lon="13.04921368" lat="47.52685768"><ele>1749.95</ele></trkpt>
<trkpt lon="13.04917847" lat="47.52681128"><ele>1751.45</ele></trkpt>
</trkseg><trkseg>
<trkpt lon="13.04921368" lat="47.52685768"><ele>1749.95</ele></trkpt>
<trkpt lon="13.04921765" lat="47.52683670"><ele>1749.30</ele></trkpt>
<trkpt lon="13.04923534" lat="47.52676105"><ele>1735.58</ele></trkpt>
</trkseg><trkseg>
<trkpt lon="13.04932898" lat="47.52670055"><ele>1750.34</ele></trkpt>
<trkpt lon="13.04932046" lat="47.52665803"><ele>1750.11</ele></trkpt>
</trkseg><trkseg>
<trkpt lon="13.04932046" lat="47.52665803"><ele>1750.11</ele></trkpt>
<trkpt lon="13.04928585" lat="47.52665645"><ele>1750.90</ele></trkpt>
<trkpt lon="13.04924872" lat="47.52665438"><ele>1752.19</ele></trkpt>
</trkseg><trkseg>
<trkpt lon="13.04924872" lat="47.52665438"><ele>1752.19</ele></trkpt>
<trkpt lon="13.04924039" lat="47.52667862"><ele>1752.17</ele></trkpt>
</trkseg><trkseg>
<trkpt lon="13.04924872" lat="47.52665438"><ele>1752.19</ele></trkpt>
<trkpt lon="13.04931674" lat="47.52664384"><ele>1766.54</ele></trkpt>
</trkseg><trkseg>
<trkpt lon="13.04931060" lat="47.52676638"><ele>1739.77</ele></trkpt>
<trkpt lon="13.04919390" lat="47.52676430"><ele>1738.16</ele></trkpt>
</trkseg><trkseg>
<trkpt lon="13.04931060" lat="47.52676638"><ele>1739.77</ele></trkpt>
<trkpt lon="13.04935080" lat="47.52676409"><ele>1738.85</ele></trkpt>
</trkseg><trkseg>
<trkpt lon="13.04914632" lat="47.52685780"><ele>1731.70</ele></trkpt>
<trkpt lon="13.04917151" lat="47.52681638"><ele>1734.66</ele></trkpt>
</trkseg><trkseg>
<trkpt lon="13.04899770" lat="47.52698557"><ele>1734.38</ele></trkpt>
<trkpt lon="13.04900670" lat="47.52696871"><ele>1732.70</ele></trkpt>
</trkseg><trkseg>
<trkpt lon="13.04895205" lat="47.52705219"><ele>1728.91</ele></trkpt>
<trkpt lon="13.04899238" lat="47.52705377"><ele>1732.81</ele></trkpt>
</trkseg><trkseg>
<trkpt lon="13.04880831" lat="47.52718822"><ele>1725.04</ele></trkpt>
<trkpt lon="13.04884906" lat="47.52717137"><ele>1729.20</ele></trkpt>
</trkseg><trkseg>
<trkpt lon="13.04880831" lat="47.52718822"><ele>1725.04</ele></trkpt>
<trkpt lon="13.04873614" lat="47.52723559"><ele>1726.10</ele></trkpt>
</trkseg><trkseg>
<trkpt lon="13.04876424" lat="47.52723013"><ele>1725.18</ele></trkpt>
<trkpt lon="13.04870634" lat="47.52723670"><ele>1729.57</ele></trkpt>
</trkseg><trkseg>
<trkpt lon="13.04860648" lat="47.52725687"><ele>1714.32</ele></trkpt>
<trkpt lon="13.04850378" lat="47.52729633"><ele>1717.84</ele></trkpt>
</trkseg><trkseg>
<trkpt lon="13.04856535" lat="47.52729108"><ele>1714.11</ele></trkpt>
<trkpt lon="13.04855430" lat="47.52726687"><ele>1717.49</ele></trkpt>
</trkseg><trkseg>
<trkpt lon="13.04847572" lat="47.52732942"><ele>1713.07</ele></trkpt>
<trkpt lon="13.04848949" lat="47.52731273"><ele>1719.28</ele></trkpt>
</trkseg><trkseg>
<trkpt lon="13.04830242" lat="47.52738100"><ele>1708.30</ele></trkpt>
<trkpt lon="13.04834173" lat="47.52733497"><ele>1713.36</ele></trkpt>
</trkseg><trkseg>
<trkpt lon="13.04819297" lat="47.52733378"><ele>1708.87</ele></trkpt>
<trkpt lon="13.04824233" lat="47.52735712"><ele>1714.93</ele></trkpt>
</trkseg><trkseg>
<trkpt lon="13.04819297" lat="47.52733378"><ele>1708.87</ele></trkpt>
<trkpt lon="13.04817690" lat="47.52735528"><ele>1705.75</ele></trkpt>
</trkseg><trkseg>
<trkpt lon="13.04807896" lat="47.52736307"><ele>1711.91</ele></trkpt>
<trkpt lon="13.04820479" lat="47.52730537"><ele>1718.19</ele></trkpt>
</trkseg><trkseg>
<trkpt lon="13.04805311" lat="47.52736865"><ele>1716.61</ele></trkpt>
<trkpt lon="13.04796528" lat="47.52741575"><ele>1722.22</ele></trkpt>
</trkseg><trkseg>
<trkpt lon="13.04805311" lat="47.52736865"><ele>1716.61</ele></trkpt>
<trkpt lon="13.04805236" lat="47.52741039"><ele>1710.45</ele></trkpt>
</trkseg><trkseg>
<trkpt lon="13.04805311" lat="47.52736865"><ele>1716.61</ele></trkpt>
<trkpt lon="13.04806467" lat="47.52731513"><ele>1718.10</ele></trkpt>
<trkpt lon="13.04805260" lat="47.52730728"><ele>1719.23</ele></trkpt>
</trkseg><trkseg>
<trkpt lon="13.04639871" lat="47.52743946"><ele>1684.03</ele></trkpt>
<trkpt lon="13.04627826" lat="47.52742031"><ele>1678.15</ele></trkpt>
</trkseg><trkseg>
<trkpt lon="13.04616882" lat="47.52735482"><ele>1678.36</ele></trkpt>
<trkpt lon="13.04618288" lat="47.52731610"><ele>1693.37</ele></trkpt>
</trkseg><trkseg>
<trkpt lon="13.04599921" lat="47.52730370"><ele>1675.89</ele></trkpt>
<trkpt lon="13.04595189" lat="47.52733295"><ele>1653.17</ele></trkpt>
</trkseg><trkseg>
<trkpt lon="13.04587357" lat="47.52718818"><ele>1679.05</ele></trkpt>
<trkpt lon="13.04583517" lat="47.52716341"><ele>1680.81</ele></trkpt>
</trkseg><trkseg>
<trkpt lon="13.04579432" lat="47.52727582"><ele>1668.46</ele></trkpt>
<trkpt lon="13.04594226" lat="47.52725252"><ele>1677.68</ele></trkpt>
</trkseg><trkseg>
<trkpt lon="13.04580324" lat="47.52726095"><ele>1668.35</ele></trkpt>
<trkpt lon="13.04574569" lat="47.52722955"><ele>1668.73</ele></trkpt>
</trkseg><trkseg>
<trkpt lon="13.04574569" lat="47.52722955"><ele>1668.73</ele></trkpt>
<trkpt lon="13.04573932" lat="47.52719345"><ele>1670.93</ele></trkpt>
</trkseg><trkseg>
<trkpt lon="13.04573932" lat="47.52719345"><ele>1670.93</ele></trkpt>
<trkpt lon="13.04574584" lat="47.52713597"><ele>1677.96</ele></trkpt>
</trkseg><trkseg>
<trkpt lon="13.04573932" lat="47.52719345"><ele>1670.93</ele></trkpt>
<trkpt lon="13.04566429" lat="47.52713899"><ele>1670.56</ele></trkpt>
</trkseg><trkseg>
<trkpt lon="13.04566429" lat="47.52713899"><ele>1670.56</ele></trkpt>
<trkpt lon="13.04566886" lat="47.52717353"><ele>1668.38</ele></trkpt>
</trkseg><trkseg>
<trkpt lon="13.04566429" lat="47.52713899"><ele>1670.56</ele></trkpt>
<trkpt lon="13.04575617" lat="47.52713336"><ele>1677.61</ele></trkpt>
</trkseg><trkseg>
<trkpt lon="13.04566429" lat="47.52713899"><ele>1670.56</ele></trkpt>
<trkpt lon="13.04566454" lat="47.52713225"><ele>1674.17</ele></trkpt>
<trkpt lon="13.04566037" lat="47.52710167"><ele>1677.09</ele></trkpt>
</trkseg><trkseg>
<trkpt lon="13.04566037" lat="47.52710167"><ele>1677.09</ele></trkpt>
<trkpt lon="13.04562128" lat="47.52704521"><ele>1679.95</ele></trkpt>
</trkseg><trkseg>
<trkpt lon="13.04562128" lat="47.52704521"><ele>1679.95</ele></trkpt>
<trkpt lon="13.04562762" lat="47.52702822"><ele>1679.66</ele></trkpt>
</trkseg><trkseg>
<trkpt lon="13.04562762" lat="47.52702822"><ele>1679.66</ele></trkpt>
<trkpt lon="13.04560799" lat="47.52698110"><ele>1672.35</ele></trkpt>
</trkseg><trkseg>
<trkpt lon="13.04566429" lat="47.52713899"><ele>1670.56</ele></trkpt>
<trkpt lon="13.04562883" lat="47.52712813"><ele>1669.84</ele></trkpt>
</trkseg><trkseg>
<trkpt lon="13.04562883" lat="47.52712813"><ele>1669.84</ele></trkpt>
<trkpt lon="13.04563338" lat="47.52710562"><ele>1671.27</ele></trkpt>
</trkseg><trkseg>
<trkpt lon="13.04563338" lat="47.52710562"><ele>1671.27</ele></trkpt>
<trkpt lon="13.04562791" lat="47.52708474"><ele>1671.86</ele></trkpt>
<trkpt lon="13.04560366" lat="47.52707965"><ele>1671.15</ele></trkpt>
</trkseg><trkseg>
<trkpt lon="13.04560366" lat="47.52707965"><ele>1671.15</ele></trkpt>
<trkpt lon="13.04557904" lat="47.52707365"><ele>1667.55</ele></trkpt>
</trkseg><trkseg>
<trkpt lon="13.04557904" lat="47.52707365"><ele>1667.55</ele></trkpt>
<trkpt lon="13.04564281" lat="47.52695911"><ele>1684.18</ele></trkpt>
</trkseg><trkseg>
<trkpt lon="13.04575752" lat="47.52727942"><ele>1663.73</ele></trkpt>
<trkpt lon="13.04571785" lat="47.52724213"><ele>1663.29</ele></trkpt>
</trkseg><trkseg>
<trkpt lon="13.04571953" lat="47.52742932"><ele>1662.15</ele></trkpt>
<trkpt lon="13.04568551" lat="47.52740471"><ele>1665.32</ele></trkpt>
</trkseg><trkseg>
<trkpt lon="13.04577894" lat="47.52747532"><ele>1656.94</ele></trkpt>
<trkpt lon="13.04576072" lat="47.52742210"><ele>1656.45</ele></trkpt>
</trkseg><trkseg>
<trkpt lon="13.04715461" lat="47.52883224"><ele>1685.41</ele></trkpt>
<trkpt lon="13.04715803" lat="47.52867590"><ele>1701.69</ele></trkpt>
</trkseg><trkseg>
<trkpt lon="13.04715803" lat="47.52867590"><ele>1701.69</ele></trkpt>
<trkpt lon="13.04716680" lat="47.52870080"><ele>1700.95</ele></trkpt>
</trkseg><trkseg>
<trkpt lon="13.04716680" lat="47.52870080"><ele>1700.95</ele></trkpt>
<trkpt lon="13.04724273" lat="47.52870965"><ele>1701.50</ele></trkpt>
</trkseg><trkseg>
<trkpt lon="13.04724273" lat="47.52870965"><ele>1701.50</ele></trkpt>
<trkpt lon="13.04726499" lat="47.52872191"><ele>1695.47</ele></trkpt>
</trkseg><trkseg>
<trkpt lon="13.04724273" lat="47.52870965"><ele>1701.50</ele></trkpt>
<trkpt lon="13.04731965" lat="47.52871348"><ele>1705.77</ele></trkpt>
</trkseg><trkseg>
<trkpt lon="13.04731965" lat="47.52871348"><ele>1705.77</ele></trkpt>
<trkpt lon="13.04730596" lat="47.52869219"><ele>1705.96</ele></trkpt>
</trkseg><trkseg>
<trkpt lon="13.04730596" lat="47.52869219"><ele>1705.96</ele></trkpt>
<trkpt lon="13.04739826" lat="47.52865732"><ele>1710.00</ele></trkpt>
</trkseg><trkseg>
<trkpt lon="13.04739826" lat="47.52865732"><ele>1710.00</ele></trkpt>
<trkpt lon="13.04741228" lat="47.52864109"><ele>1712.57</ele></trkpt>
</trkseg><trkseg>
<trkpt lon="13.04741228" lat="47.52864109"><ele>1712.57</ele></trkpt>
<trkpt lon="13.04745055" lat="47.52863364"><ele>1714.14</ele></trkpt>
</trkseg><trkseg>
<trkpt lon="13.04745055" lat="47.52863364"><ele>1714.14</ele></trkpt>
<trkpt lon="13.04748279" lat="47.52864193"><ele>1715.75</ele></trkpt>
</trkseg><trkseg>
<trkpt lon="13.04748279" lat="47.52864193"><ele>1715.75</ele></trkpt>
<trkpt lon="13.04748879" lat="47.52866282"><ele>1717.52</ele></trkpt>
</trkseg><trkseg>
<trkpt lon="13.04738467" lat="47.52844707"><ele>1738.96</ele></trkpt>
<trkpt lon="13.04739306" lat="47.52845387"><ele>1736.34</ele></trkpt>
</trkseg><trkseg>
<trkpt lon="13.04751568" lat="47.52834672"><ele>1740.91</ele></trkpt>
<trkpt lon="13.04754639" lat="47.52828164"><ele>1747.36</ele></trkpt>
</trkseg><trkseg>
<trkpt lon="13.04755323" lat="47.52836211"><ele>1737.84</ele></trkpt>
<trkpt lon="13.04756551" lat="47.52834999"><ele>1737.64</ele></trkpt>
<trkpt lon="13.04763207" lat="47.52838937"><ele>1734.62</ele></trkpt>
<trkpt lon="13.04762840" lat="47.52839516"><ele>1734.39</ele></trkpt>
</trkseg><trkseg>
<trkpt lon="13.04762840" lat="47.52839516"><ele>1734.39</ele></trkpt>
<trkpt lon="13.04766414" lat="47.52845956"><ele>1728.37</ele></trkpt>
</trkseg><trkseg>
<trkpt lon="13.04751205" lat="47.52826180"><ele>1696.40</ele></trkpt>
<trkpt lon="13.04757946" lat="47.52823901"><ele>1697.07</ele></trkpt>
</trkseg><trkseg>
<trkpt lon="13.04746043" lat="47.52858585"><ele>1696.70</ele></trkpt>
<trkpt lon="13.04731895" lat="47.52870717"><ele>1687.29</ele></trkpt>
</trkseg><trkseg>
<trkpt lon="13.04746425" lat="47.52852941"><ele>1696.87</ele></trkpt>
<trkpt lon="13.04744780" lat="47.52852895"><ele>1693.43</ele></trkpt>
<trkpt lon="13.04743625" lat="47.52855017"><ele>1692.34</ele></trkpt>
</trkseg><trkseg>
<trkpt lon="13.04743625" lat="47.52855017"><ele>1692.34</ele></trkpt>
<trkpt lon="13.04738185" lat="47.52858037"><ele>1690.95</ele></trkpt>
</trkseg><trkseg>
<trkpt lon="13.04738185" lat="47.52858037"><ele>1690.95</ele></trkpt>
<trkpt lon="13.04733751" lat="47.52852230"><ele>1686.72</ele></trkpt>
</trkseg><trkseg>
<trkpt lon="13.04733751" lat="47.52852230"><ele>1686.72</ele></trkpt>
<trkpt lon="13.04729853" lat="47.52854854"><ele>1684.99</ele></trkpt>
</trkseg><trkseg>
<trkpt lon="13.04729853" lat="47.52854854"><ele>1684.99</ele></trkpt>
<trkpt lon="13.04727995" lat="47.52854462"><ele>1686.10</ele></trkpt>
</trkseg><trkseg>
<trkpt lon="13.04727995" lat="47.52854462"><ele>1686.10</ele></trkpt>
<trkpt lon="13.04726148" lat="47.52852325"><ele>1685.30</ele></trkpt>
</trkseg><trkseg>
<trkpt lon="13.04726148" lat="47.52852325"><ele>1685.30</ele></trkpt>
<trkpt lon="13.04722432" lat="47.52851137"><ele>1684.84</ele></trkpt>
</trkseg><trkseg>
<trkpt lon="13.04752491" lat="47.52835578"><ele>1735.77</ele></trkpt>
<trkpt lon="13.04753031" lat="47.52833896"><ele>1736.61</ele></trkpt>
</trkseg><trkseg>
<trkpt lon="13.04753031" lat="47.52833896"><ele>1736.61</ele></trkpt>
<trkpt lon="13.04754368" lat="47.52833307"><ele>1738.30</ele></trkpt>
</trkseg><trkseg>
<trkpt lon="13.04754368" lat="47.52833307"><ele>1738.30</ele></trkpt>
<trkpt lon="13.04752278" lat="47.52832002"><ele>1737.97</ele></trkpt>
</trkseg><trkseg>
<trkpt lon="13.04748729" lat="47.52839932"><ele>1728.72</ele></trkpt>
<trkpt lon="13.04749332" lat="47.52841931"><ele>1727.34</ele></trkpt>
</trkseg><trkseg>
<trkpt lon="13.04749332" lat="47.52841931"><ele>1727.34</ele></trkpt>
<trkpt lon="13.04748688" lat="47.52842802"><ele>1726.32</ele></trkpt>
<trkpt lon="13.04749676" lat="47.52843764"><ele>1725.07</ele></trkpt>
</trkseg><trkseg>
<trkpt lon="13.04749676" lat="47.52843764"><ele>1725.07</ele></trkpt>
<trkpt lon="13.04761915" lat="47.52849749"><ele>1721.81</ele></trkpt>
</trkseg><trkseg>
<trkpt lon="13.04761915" lat="47.52849749"><ele>1721.81</ele></trkpt>
<trkpt lon="13.04766979" lat="47.52853633"><ele>1719.83</ele></trkpt>
<trkpt lon="13.04764565" lat="47.52854959"><ele>1719.46</ele></trkpt>
</trkseg><trkseg>
<trkpt lon="13.04766979" lat="47.52853633"><ele>1719.83</ele></trkpt>
<trkpt lon="13.04767423" lat="47.52852425"><ele>1720.13</ele></trkpt>
</trkseg><trkseg>
<trkpt lon="13.04767423" lat="47.52852425"><ele>1720.13</ele></trkpt>
<trkpt lon="13.04772965" lat="47.52853087"><ele>1708.35</ele></trkpt>
</trkseg><trkseg>
<trkpt lon="13.04772965" lat="47.52853087"><ele>1708.35</ele></trkpt>
<trkpt lon="13.04775487" lat="47.52853499"><ele>1702.43</ele></trkpt>
</trkseg><trkseg>
<trkpt lon="13.04772965" lat="47.52853087"><ele>1708.35</ele></trkpt>
<trkpt lon="13.04778438" lat="47.52852748"><ele>1713.34</ele></trkpt>
</trkseg><trkseg>
<trkpt lon="13.04772965" lat="47.52853087"><ele>1708.35</ele></trkpt>
<trkpt lon="13.04769609" lat="47.52851860"><ele>1708.13</ele></trkpt>
<trkpt lon="13.04768035" lat="47.52855603"><ele>1707.04</ele></trkpt>
<trkpt lon="13.04766092" lat="47.52856056"><ele>1705.41</ele></trkpt>
<trkpt lon="13.04763551" lat="47.52857938"><ele>1704.46</ele></trkpt>
</trkseg><trkseg>
<trkpt lon="13.04763551" lat="47.52857938"><ele>1704.46</ele></trkpt>
<trkpt lon="13.04763047" lat="47.52859703"><ele>1705.64</ele></trkpt>
<trkpt lon="13.04760249" lat="47.52858494"><ele>1705.60</ele></trkpt>
<trkpt lon="13.04758763" lat="47.52860233"><ele>1704.09</ele></trkpt>
</trkseg><trkseg>
<trkpt lon="13.04758763" lat="47.52860233"><ele>1704.09</ele></trkpt>
<trkpt lon="13.04749468" lat="47.52860803"><ele>1699.82</ele></trkpt>
</trkseg><trkseg>
<trkpt lon="13.04749468" lat="47.52860803"><ele>1699.82</ele></trkpt>
<trkpt lon="13.04737128" lat="47.52863958"><ele>1685.97</ele></trkpt>
</trkseg><trkseg>
<trkpt lon="13.04758763" lat="47.52860233"><ele>1704.09</ele></trkpt>
<trkpt lon="13.04756008" lat="47.52860366"><ele>1698.85</ele></trkpt>
<trkpt lon="13.04752808" lat="47.52859591"><ele>1698.29</ele></trkpt>
<trkpt lon="13.04751324" lat="47.52859134"><ele>1697.10</ele></trkpt>
</trkseg><trkseg>
<trkpt lon="13.04761915" lat="47.52849749"><ele>1721.81</ele></trkpt>
<trkpt lon="13.04762627" lat="47.52847395"><ele>1723.69</ele></trkpt>
</trkseg><trkseg>
<trkpt lon="13.04762627" lat="47.52847395"><ele>1723.69</ele></trkpt>
<trkpt lon="13.04763825" lat="47.52845903"><ele>1727.77</ele></trkpt>
</trkseg><trkseg>
<trkpt lon="13.04763825" lat="47.52845903"><ele>1727.77</ele></trkpt>
<trkpt lon="13.04761533" lat="47.52843939"><ele>1728.61</ele></trkpt>
</trkseg><trkseg>
<trkpt lon="13.04761533" lat="47.52843939"><ele>1728.61</ele></trkpt>
<trkpt lon="13.04766215" lat="47.52842372"><ele>1729.89</ele></trkpt>
<trkpt lon="13.04763765" lat="47.52838569"><ele>1751.81</ele></trkpt>
</trkseg><trkseg>
<trkpt lon="13.04975407" lat="47.52688074"><ele>1747.36</ele></trkpt>
<trkpt lon="13.04978359" lat="47.52689078"><ele>1745.78</ele></trkpt>
</trkseg><trkseg>
<trkpt lon="13.04978359" lat="47.52689078"><ele>1745.78</ele></trkpt>
<trkpt lon="13.04979685" lat="47.52689856"><ele>1744.31</ele></trkpt>
</trkseg><trkseg>
<trkpt lon="13.04979685" lat="47.52689856"><ele>1744.31</ele></trkpt>
<trkpt lon="13.04983847" lat="47.52693346"><ele>1740.50</ele></trkpt>
</trkseg><trkseg>
<trkpt lon="13.04983847" lat="47.52693346"><ele>1740.50</ele></trkpt>
<trkpt lon="13.04987875" lat="47.52691138"><ele>1740.10</ele></trkpt>
</trkseg><trkseg>
<trkpt lon="13.04987875" lat="47.52691138"><ele>1740.10</ele></trkpt>
<trkpt lon="13.04989706" lat="47.52692978"><ele>1744.15</ele></trkpt>
</trkseg><trkseg>
<trkpt lon="13.04965737" lat="47.52696278"><ele>1736.50</ele></trkpt>
<trkpt lon="13.04968215" lat="47.52694637"><ele>1734.61</ele></trkpt>
</trkseg><trkseg>
<trkpt lon="13.04968215" lat="47.52694637"><ele>1734.61</ele></trkpt>
<trkpt lon="13.04972149" lat="47.52693534"><ele>1733.74</ele></trkpt>
</trkseg><trkseg>
<trkpt lon="13.04972149" lat="47.52693534"><ele>1733.74</ele></trkpt>
<trkpt lon="13.04966064" lat="47.52691037"><ele>1734.03</ele></trkpt>
</trkseg><trkseg>
<trkpt lon="13.04966064" lat="47.52691037"><ele>1734.03</ele></trkpt>
<trkpt lon="13.04968247" lat="47.52687700"><ele>1732.96</ele></trkpt>
</trkseg><trkseg>
<trkpt lon="13.04963227" lat="47.52698035"><ele>1736.59</ele></trkpt>
<trkpt lon="13.04961475" lat="47.52700137"><ele>1754.02</ele></trkpt>
</trkseg><trkseg>
<trkpt lon="13.04963227" lat="47.52698035"><ele>1736.59</ele></trkpt>
<trkpt lon="13.04968729" lat="47.52702636"><ele>1736.27</ele></trkpt>
</trkseg><trkseg>
<trkpt lon="13.04968729" lat="47.52702636"><ele>1736.27</ele></trkpt>
<trkpt lon="13.04968740" lat="47.52705570"><ele>1735.89</ele></trkpt>
</trkseg><trkseg>
<trkpt lon="13.04968740" lat="47.52705570"><ele>1735.89</ele></trkpt>
<trkpt lon="13.04972328" lat="47.52705199"><ele>1735.02</ele></trkpt>
</trkseg><trkseg>
<trkpt lon="13.04941107" lat="47.52691224"><ele>1738.07</ele></trkpt>
<trkpt lon="13.04940576" lat="47.52689794"><ele>1740.68</ele></trkpt>
</trkseg><trkseg>
<trkpt lon="13.04940576" lat="47.52689794"><ele>1740.68</ele></trkpt>
<trkpt lon="13.04938762" lat="47.52690708"><ele>1742.27</ele></trkpt>
</trkseg><trkseg>
<trkpt lon="13.04938762" lat="47.52690708"><ele>1742.27</ele></trkpt>
<trkpt lon="13.04937423" lat="47.52689533"><ele>1743.56</ele></trkpt>
</trkseg><trkseg>
<trkpt lon="13.04918072" lat="47.52686873"><ele>1730.13</ele></trkpt>
<trkpt lon="13.04925373" lat="47.52684541"><ele>1730.18</ele></trkpt>
</trkseg><trkseg>
<trkpt lon="13.04925373" lat="47.52684541"><ele>1730.18</ele></trkpt>
<trkpt lon="13.04926589" lat="47.52682546"><ele>1729.28</ele></trkpt>
</trkseg><trkseg>
<trkpt lon="13.04926589" lat="47.52682546"><ele>1729.28</ele></trkpt>
<trkpt lon="13.04924287" lat="47.52680509"><ele>1730.67</ele></trkpt>
<trkpt lon="13.04919831" lat="47.52677419"><ele>1729.92</ele></trkpt>
</trkseg><trkseg>
<trkpt lon="13.04919831" lat="47.52677419"><ele>1729.92</ele></trkpt>
<trkpt lon="13.04924883" lat="47.52676605"><ele>1761.90</ele></trkpt>
</trkseg><trkseg>
<trkpt lon="13.04924287" lat="47.52680509"><ele>1730.67</ele></trkpt>
<trkpt lon="13.04926573" lat="47.52678694"><ele>1730.21</ele></trkpt>
</trkseg><trkseg>
<trkpt lon="13.04932701" lat="47.52687545"><ele>1728.59</ele></trkpt>
<trkpt lon="13.04931478" lat="47.52690791"><ele>1729.69</ele></trkpt>
</trkseg><trkseg>
<trkpt lon="13.04931478" lat="47.52690791"><ele>1729.69</ele></trkpt>
<trkpt lon="13.04931770" lat="47.52691524"><ele>1729.89</ele></trkpt>
</trkseg><trkseg>
<trkpt lon="13.04931770" lat="47.52691524"><ele>1729.89</ele></trkpt>
<trkpt lon="13.04929810" lat="47.52692427"><ele>1729.89</ele></trkpt>
</trkseg><trkseg>
<trkpt lon="13.04929810" lat="47.52692427"><ele>1729.89</ele></trkpt>
<trkpt lon="13.04929171" lat="47.52694621"><ele>1728.85</ele></trkpt>
</trkseg><trkseg>
<trkpt lon="13.04929171" lat="47.52694621"><ele>1728.85</ele></trkpt>
<trkpt lon="13.04926765" lat="47.52696433"><ele>1729.45</ele></trkpt>
</trkseg><trkseg>
<trkpt lon="13.04926765" lat="47.52696433"><ele>1729.45</ele></trkpt>
<trkpt lon="13.04928543" lat="47.52698650"><ele>1728.79</ele></trkpt>
</trkseg><trkseg>
<trkpt lon="13.04928543" lat="47.52698650"><ele>1728.79</ele></trkpt>
<trkpt lon="13.04927802" lat="47.52699645"><ele>1730.15</ele></trkpt>
</trkseg><trkseg>
<trkpt lon="13.04927802" lat="47.52699645"><ele>1730.15</ele></trkpt>
<trkpt lon="13.04931129" lat="47.52700548"><ele>1730.80</ele></trkpt>
</trkseg><trkseg>
<trkpt lon="13.04927802" lat="47.52699645"><ele>1730.15</ele></trkpt>
<trkpt lon="13.04926689" lat="47.52699195"><ele>1731.81</ele></trkpt>
</trkseg><trkseg>
<trkpt lon="13.04950294" lat="47.52695700"><ele>1728.59</ele></trkpt>
<trkpt lon="13.04952573" lat="47.52695505"><ele>1728.34</ele></trkpt>
</trkseg><trkseg>
<trkpt lon="13.04952573" lat="47.52695505"><ele>1728.34</ele></trkpt>
<trkpt lon="13.04954423" lat="47.52692180"><ele>1732.43</ele></trkpt>
</trkseg><trkseg>
<trkpt lon="13.04954423" lat="47.52692180"><ele>1732.43</ele></trkpt>
<trkpt lon="13.04957206" lat="47.52692740"><ele>1732.97</ele></trkpt>
</trkseg><trkseg>
<trkpt lon="13.04722432" lat="47.52851137"><ele>1684.84</ele></trkpt>
<trkpt lon="13.04716505" lat="47.52850451"><ele>1684.82</ele></trkpt>
</trkseg><trkseg>
<trkpt lon="13.04716505" lat="47.52850451"><ele>1684.82</ele></trkpt>
<trkpt lon="13.04715615" lat="47.52851534"><ele>1685.00</ele></trkpt>
</trkseg><trkseg>
<trkpt lon="13.04715615" lat="47.52851534"><ele>1685.00</ele></trkpt>
<trkpt lon="13.04712120" lat="47.52850836"><ele>1685.06</ele></trkpt>
</trkseg><trkseg>
<trkpt lon="13.04712120" lat="47.52850836"><ele>1685.06</ele></trkpt>
<trkpt lon="13.04708125" lat="47.52849301"><ele>1685.18</ele></trkpt>
</trkseg><trkseg>
<trkpt lon="13.04708125" lat="47.52849301"><ele>1685.18</ele></trkpt>
<trkpt lon="13.04708583" lat="47.52848427"><ele>1686.07</ele></trkpt>
</trkseg><trkseg>
<trkpt lon="13.04708583" lat="47.52848427"><ele>1686.07</ele></trkpt>
<trkpt lon="13.04705351" lat="47.52845996"><ele>1686.76</ele></trkpt>
</trkseg><trkseg>
<trkpt lon="13.04705351" lat="47.52845996"><ele>1686.76</ele></trkpt>
<trkpt lon="13.04701571" lat="47.52844033"><ele>1685.92</ele></trkpt>
</trkseg><trkseg>
<trkpt lon="13.04701571" lat="47.52844033"><ele>1685.92</ele></trkpt>
<trkpt lon="13.04700467" lat="47.52843015"><ele>1684.82</ele></trkpt>
</trkseg><trkseg>
<trkpt lon="13.04700467" lat="47.52843015"><ele>1684.82</ele></trkpt>
<trkpt lon="13.04697332" lat="47.52842647"><ele>1684.16</ele></trkpt>
</trkseg><trkseg>
<trkpt lon="13.04697332" lat="47.52842647"><ele>1684.16</ele></trkpt>
<trkpt lon="13.04693425" lat="47.52842653"><ele>1682.49</ele></trkpt>
</trkseg><trkseg>
<trkpt lon="13.04693425" lat="47.52842653"><ele>1682.49</ele></trkpt>
<trkpt lon="13.04691640" lat="47.52841353"><ele>1682.49</ele></trkpt>
</trkseg><trkseg>
<trkpt lon="13.04691640" lat="47.52841353"><ele>1682.49</ele></trkpt>
<trkpt lon="13.04688950" lat="47.52844385"><ele>1682.29</ele></trkpt>
</trkseg><trkseg>
<trkpt lon="13.04688950" lat="47.52844385"><ele>1682.29</ele></trkpt>
<trkpt lon="13.04683881" lat="47.52844227"><ele>1681.56</ele></trkpt>
</trkseg><trkseg>
<trkpt lon="13.04683881" lat="47.52844227"><ele>1681.56</ele></trkpt>
<trkpt lon="13.04683538" lat="47.52844158"><ele>1681.59</ele></trkpt>
</trkseg><trkseg>
<trkpt lon="13.04683538" lat="47.52844158"><ele>1681.59</ele></trkpt>
<trkpt lon="13.04683793" lat="47.52843019"><ele>1681.07</ele></trkpt>
</trkseg><trkseg>
<trkpt lon="13.04683793" lat="47.52843019"><ele>1681.07</ele></trkpt>
<trkpt lon="13.04680864" lat="47.52841044"><ele>1680.14</ele></trkpt>
</trkseg><trkseg>
<trkpt lon="13.04680864" lat="47.52841044"><ele>1680.14</ele></trkpt>
<trkpt lon="13.04680135" lat="47.52840267"><ele>1679.76</ele></trkpt>
</trkseg><trkseg>
<trkpt lon="13.04680135" lat="47.52840267"><ele>1679.76</ele></trkpt>
<trkpt lon="13.04673837" lat="47.52838872"><ele>1680.24</ele></trkpt>
</trkseg><trkseg>
<trkpt lon="13.04673837" lat="47.52838872"><ele>1680.24</ele></trkpt>
<trkpt lon="13.04672502" lat="47.52838310"><ele>1679.64</ele></trkpt>
</trkseg><trkseg>
<trkpt lon="13.04672502" lat="47.52838310"><ele>1679.64</ele></trkpt>
<trkpt lon="13.04667640" lat="47.52838659"><ele>1679.77</ele></trkpt>
</trkseg><trkseg>
<trkpt lon="13.04667640" lat="47.52838659"><ele>1679.77</ele></trkpt>
<trkpt lon="13.04665788" lat="47.52839878"><ele>1678.80</ele></trkpt>
</trkseg><trkseg>
<trkpt lon="13.04665788" lat="47.52839878"><ele>1678.80</ele></trkpt>
<trkpt lon="13.04664353" lat="47.52840951"><ele>1678.00</ele></trkpt>
<trkpt lon="13.04663881" lat="47.52841510"><ele>1680.89</ele></trkpt>
</trkseg><trkseg>
<trkpt lon="13.04664353" lat="47.52840951"><ele>1678.00</ele></trkpt>
<trkpt lon="13.04664011" lat="47.52840496"><ele>1673.71</ele></trkpt>
</trkseg><trkseg>
<trkpt lon="13.04664011" lat="47.52840496"><ele>1673.71</ele></trkpt>
<trkpt lon="13.04658995" lat="47.52839267"><ele>1672.85</ele></trkpt>
</trkseg><trkseg>
<trkpt lon="13.04658995" lat="47.52839267"><ele>1672.85</ele></trkpt>
<trkpt lon="13.04656345" lat="47.52838017"><ele>1673.67</ele></trkpt>
</trkseg><trkseg>
<trkpt lon="13.04656345" lat="47.52838017"><ele>1673.67</ele></trkpt>
<trkpt lon="13.04655609" lat="47.52836717"><ele>1673.33</ele></trkpt>
</trkseg><trkseg>
<trkpt lon="13.04655609" lat="47.52836717"><ele>1673.33</ele></trkpt>
<trkpt lon="13.04653611" lat="47.52837565"><ele>1672.17</ele></trkpt>
</trkseg><trkseg>
<trkpt lon="13.04653611" lat="47.52837565"><ele>1672.17</ele></trkpt>
<trkpt lon="13.04652180" lat="47.52838171"><ele>1670.78</ele></trkpt>
</trkseg><trkseg>
<trkpt lon="13.04652180" lat="47.52838171"><ele>1670.78</ele></trkpt>
<trkpt lon="13.04651097" lat="47.52839430"><ele>1666.25</ele></trkpt>
</trkseg><trkseg>
<trkpt lon="13.04664011" lat="47.52840496"><ele>1673.71</ele></trkpt>
<trkpt lon="13.04667424" lat="47.52841256"><ele>1673.04</ele></trkpt>
</trkseg><trkseg>
<trkpt lon="13.04667424" lat="47.52841256"><ele>1673.04</ele></trkpt>
<trkpt lon="13.04669427" lat="47.52844556"><ele>1671.79</ele></trkpt>
</trkseg><trkseg>
<trkpt lon="13.04669427" lat="47.52844556"><ele>1671.79</ele></trkpt>
<trkpt lon="13.04672107" lat="47.52844305"><ele>1671.30</ele></trkpt>
</trkseg><trkseg>
<trkpt lon="13.04672107" lat="47.52844305"><ele>1671.30</ele></trkpt>
<trkpt lon="13.04674812" lat="47.52844792"><ele>1670.12</ele></trkpt>
</trkseg><trkseg>
<trkpt lon="13.04674812" lat="47.52844792"><ele>1670.12</ele></trkpt>
<trkpt lon="13.04676609" lat="47.52846847"><ele>1670.19</ele></trkpt>
</trkseg><trkseg>
<trkpt lon="13.04676609" lat="47.52846847"><ele>1670.19</ele></trkpt>
<trkpt lon="13.04679721" lat="47.52846405"><ele>1669.90</ele></trkpt>
</trkseg><trkseg>
<trkpt lon="13.04679721" lat="47.52846405"><ele>1669.90</ele></trkpt>
<trkpt lon="13.04680411" lat="47.52849648"><ele>1668.13</ele></trkpt>
</trkseg><trkseg>
<trkpt lon="13.04680411" lat="47.52849648"><ele>1668.13</ele></trkpt>
<trkpt lon="13.04683622" lat="47.52851565"><ele>1666.00</ele></trkpt>
</trkseg><trkseg>
<trkpt lon="13.04683622" lat="47.52851565"><ele>1666.00</ele></trkpt>
<trkpt lon="13.04686222" lat="47.52853085"><ele>1665.91</ele></trkpt>
</trkseg><trkseg>
<trkpt lon="13.04686222" lat="47.52853085"><ele>1665.91</ele></trkpt>
<trkpt lon="13.04691242" lat="47.52856374"><ele>1665.76</ele></trkpt>
</trkseg><trkseg>
<trkpt lon="13.04691242" lat="47.52856374"><ele>1665.76</ele></trkpt>
<trkpt lon="13.04691477" lat="47.52857197"><ele>1665.21</ele></trkpt>
</trkseg><trkseg>
<trkpt lon="13.04691477" lat="47.52857197"><ele>1665.21</ele></trkpt>
<trkpt lon="13.04709253" lat="47.52865076"><ele>1667.31</ele></trkpt>
</trkseg><trkseg>
<trkpt lon="13.04748879" lat="47.52866282"><ele>1717.52</ele></trkpt>
<trkpt lon="13.04750136" lat="47.52869291"><ele>1716.54</ele></trkpt>
</trkseg><trkseg>
<trkpt lon="13.04750136" lat="47.52869291"><ele>1716.54</ele></trkpt>
<trkpt lon="13.04758740" lat="47.52867287"><ele>1728.91</ele></trkpt>
</trkseg><trkseg>
<trkpt lon="13.04750136" lat="47.52869291"><ele>1716.54</ele></trkpt>
<trkpt lon="13.04749095" lat="47.52869075"><ele>1712.32</ele></trkpt>
</trkseg><trkseg>
<trkpt lon="13.04749095" lat="47.52869075"><ele>1712.32</ele></trkpt>
<trkpt lon="13.04745580" lat="47.52870347"><ele>1710.07</ele></trkpt>
</trkseg><trkseg>
<trkpt lon="13.04745580" lat="47.52870347"><ele>1710.07</ele></trkpt>
<trkpt lon="13.04743897" lat="47.52873099"><ele>1706.21</ele></trkpt>
</trkseg><trkseg>
<trkpt lon="13.04743897" lat="47.52873099"><ele>1706.21</ele></trkpt>
<trkpt lon="13.04736914" lat="47.52875095"><ele>1703.73</ele></trkpt>
</trkseg><trkseg>
<trkpt lon="13.04736914" lat="47.52875095"><ele>1703.73</ele></trkpt>
<trkpt lon="13.04734387" lat="47.52874449"><ele>1702.94</ele></trkpt>
</trkseg><trkseg>
<trkpt lon="13.04734387" lat="47.52874449"><ele>1702.94</ele></trkpt>
<trkpt lon="13.04733142" lat="47.52873627"><ele>1702.78</ele></trkpt>
</trkseg><trkseg>
<trkpt lon="13.04733142" lat="47.52873627"><ele>1702.78</ele></trkpt>
<trkpt lon="13.04730831" lat="47.52871824"><ele>1703.08</ele></trkpt>
</trkseg><trkseg>
<trkpt lon="13.04750136" lat="47.52869291"><ele>1716.54</ele></trkpt>
<trkpt lon="13.04752746" lat="47.52870199"><ele>1716.67</ele></trkpt>
</trkseg><trkseg>
<trkpt lon="13.04752746" lat="47.52870199"><ele>1716.67</ele></trkpt>
<trkpt lon="13.04754483" lat="47.52867790"><ele>1731.57</ele></trkpt>
</trkseg><trkseg>
<trkpt lon="13.04752746" lat="47.52870199"><ele>1716.67</ele></trkpt>
<trkpt lon="13.04755193" lat="47.52868702"><ele>1707.57</ele></trkpt>
</trkseg><trkseg>
<trkpt lon="13.04752746" lat="47.52870199"><ele>1716.67</ele></trkpt>
<trkpt lon="13.04756362" lat="47.52869073"><ele>1715.08</ele></trkpt>
</trkseg><trkseg>
<trkpt lon="13.04756362" lat="47.52869073"><ele>1715.08</ele></trkpt>
<trkpt lon="13.04756307" lat="47.52868046"><ele>1708.41</ele></trkpt>
</trkseg><trkseg>
<trkpt lon="13.04756362" lat="47.52869073"><ele>1715.08</ele></trkpt>
<trkpt lon="13.04758704" lat="47.52868627"><ele>1727.65</ele></trkpt>
</trkseg><trkseg>
<trkpt lon="13.04842082" lat="47.52819305"><ele>1742.13</ele></trkpt>
<trkpt lon="13.04847218" lat="47.52821237"><ele>1734.44</ele></trkpt>
<trkpt lon="13.04846831" lat="47.52818054"><ele>1733.71</ele></trkpt>
</trkseg><trkseg>
<trkpt lon="13.04847218" lat="47.52821237"><ele>1734.44</ele></trkpt>
<trkpt lon="13.04849643" lat="47.52823915"><ele>1732.26</ele></trkpt>
</trkseg><trkseg>
<trkpt lon="13.04849643" lat="47.52823915"><ele>1732.26</ele></trkpt>
<trkpt lon="13.04849423" lat="47.52825189"><ele>1732.70</ele></trkpt>
</trkseg><trkseg>
<trkpt lon="13.04849423" lat="47.52825189"><ele>1732.70</ele></trkpt>
<trkpt lon="13.04851809" lat="47.52827137"><ele>1731.36</ele></trkpt>
</trkseg><trkseg>
<trkpt lon="13.04851809" lat="47.52827137"><ele>1731.36</ele></trkpt>
<trkpt lon="13.04852701" lat="47.52830293"><ele>1731.36</ele></trkpt>
<trkpt lon="13.04852757" lat="47.52830932"><ele>1731.47</ele></trkpt>
<trkpt lon="13.04851727" lat="47.52830411"><ele>1731.36</ele></trkpt>
</trkseg><trkseg>
<trkpt lon="13.04851727" lat="47.52830411"><ele>1731.36</ele></trkpt>
<trkpt lon="13.04851121" lat="47.52831346"><ele>1730.11</ele></trkpt>
</trkseg><trkseg>
<trkpt lon="13.04851121" lat="47.52831346"><ele>1730.11</ele></trkpt>
<trkpt lon="13.04848666" lat="47.52832689"><ele>1729.06</ele></trkpt>
<trkpt lon="13.04844379" lat="47.52832230"><ele>1725.57</ele></trkpt>
</trkseg><trkseg>
<trkpt lon="13.04844379" lat="47.52832230"><ele>1725.57</ele></trkpt>
<trkpt lon="13.04844983" lat="47.52833851"><ele>1725.94</ele></trkpt>
<trkpt lon="13.04840501" lat="47.52831129"><ele>1727.89</ele></trkpt>
</trkseg><trkseg>
<trkpt lon="13.04844983" lat="47.52833851"><ele>1725.94</ele></trkpt>
<trkpt lon="13.04846256" lat="47.52834286"><ele>1725.84</ele></trkpt>
<trkpt lon="13.04847726" lat="47.52836921"><ele>1724.91</ele></trkpt>
<trkpt lon="13.04847618" lat="47.52838395"><ele>1725.13</ele></trkpt>
</trkseg><trkseg>
<trkpt lon="13.04847618" lat="47.52838395"><ele>1725.13</ele></trkpt>
<trkpt lon="13.04844538" lat="47.52841204"><ele>1713.12</ele></trkpt>
</trkseg><trkseg>
<trkpt lon="13.04349894" lat="47.53129854"><ele>1717.58</ele></trkpt>
<trkpt lon="13.04352390" lat="47.53132776"><ele>1717.14</ele></trkpt>
</trkseg><trkseg>
<trkpt lon="13.04349894" lat="47.53129854"><ele>1717.58</ele></trkpt>
<trkpt lon="13.04354863" lat="47.53129498"><ele>1720.60</ele></trkpt>
</trkseg><trkseg>
<trkpt lon="13.04354863" lat="47.53129498"><ele>1720.60</ele></trkpt>
<trkpt lon="13.04361562" lat="47.53128722"><ele>1723.04</ele></trkpt>
</trkseg><trkseg>
<trkpt lon="13.04361562" lat="47.53128722"><ele>1723.04</ele></trkpt>
<trkpt lon="13.04361353" lat="47.53124336"><ele>1723.80</ele></trkpt>
</trkseg><trkseg>
<trkpt lon="13.04361353" lat="47.53124336"><ele>1723.80</ele></trkpt>
<trkpt lon="13.04366275" lat="47.53123826"><ele>1724.38</ele></trkpt>
</trkseg><trkseg>
<trkpt lon="13.04366275" lat="47.53123826"><ele>1724.38</ele></trkpt>
<trkpt lon="13.04366359" lat="47.53120849"><ele>1724.67</ele></trkpt>
</trkseg><trkseg>
<trkpt lon="13.04366359" lat="47.53120849"><ele>1724.67</ele></trkpt>
<trkpt lon="13.04369603" lat="47.53118637"><ele>1724.87</ele></trkpt>
</trkseg><trkseg>
<trkpt lon="13.04369603" lat="47.53118637"><ele>1724.87</ele></trkpt>
<trkpt lon="13.04368019" lat="47.53118358"><ele>1724.32</ele></trkpt>
</trkseg><trkseg>
<trkpt lon="13.04368019" lat="47.53118358"><ele>1724.32</ele></trkpt>
<trkpt lon="13.04363219" lat="47.53117745"><ele>1719.97</ele></trkpt>
</trkseg><trkseg>
<trkpt lon="13.04363219" lat="47.53117745"><ele>1719.97</ele></trkpt>
<trkpt lon="13.04363308" lat="47.53116433"><ele>1717.85</ele></trkpt>
</trkseg><trkseg>
<trkpt lon="13.04363219" lat="47.53117745"><ele>1719.97</ele></trkpt>
<trkpt lon="13.04366403" lat="47.53115730"><ele>1721.96</ele></trkpt>
</trkseg><trkseg>
<trkpt lon="13.04366403" lat="47.53115730"><ele>1721.96</ele></trkpt>
<trkpt lon="13.04368246" lat="47.53112612"><ele>1722.71</ele></trkpt>
</trkseg><trkseg>
<trkpt lon="13.04368246" lat="47.53112612"><ele>1722.71</ele></trkpt>
<trkpt lon="13.04369598" lat="47.53113769"><ele>1722.26</ele></trkpt>
</trkseg><trkseg>
<trkpt lon="13.04369598" lat="47.53113769"><ele>1722.26</ele></trkpt>
<trkpt lon="13.04372145" lat="47.53114244"><ele>1723.03</ele></trkpt>
</trkseg><trkseg>
<trkpt lon="13.04345533" lat="47.53130662"><ele>1709.03</ele></trkpt>
<trkpt lon="13.04349257" lat="47.53130914"><ele>1708.66</ele></trkpt>
</trkseg><trkseg>
<trkpt lon="13.04340191" lat="47.53136042"><ele>1707.87</ele></trkpt>
<trkpt lon="13.04345603" lat="47.53136269"><ele>1707.46</ele></trkpt>
</trkseg><trkseg>
<trkpt lon="13.04345603" lat="47.53136269"><ele>1707.46</ele></trkpt>
<trkpt lon="13.04352068" lat="47.53136775"><ele>1711.63</ele></trkpt>
</trkseg><trkseg>
<trkpt lon="13.04345603" lat="47.53136269"><ele>1707.46</ele></trkpt>
<trkpt lon="13.04336144" lat="47.53139806"><ele>1707.37</ele></trkpt>
</trkseg><trkseg>
<trkpt lon="13.04322307" lat="47.53135691"><ele>1710.53</ele></trkpt>
<trkpt lon="13.04318028" lat="47.53135708"><ele>1709.73</ele></trkpt>
</trkseg><trkseg>
<trkpt lon="13.04318028" lat="47.53135708"><ele>1709.73</ele></trkpt>
<trkpt lon="13.04316445" lat="47.53135402"><ele>1708.06</ele></trkpt>
<trkpt lon="13.04314739" lat="47.53137695"><ele>1707.49</ele></trkpt>
</trkseg><trkseg>
<trkpt lon="13.04483055" lat="47.53078640"><ele>1758.40</ele></trkpt>
<trkpt lon="13.04482825" lat="47.53082325"><ele>1756.51</ele></trkpt>
<trkpt lon="13.04480248" lat="47.53081939"><ele>1754.26</ele></trkpt>
<trkpt lon="13.04480931" lat="47.53084659"><ele>1753.01</ele></trkpt>
<trkpt lon="13.04478515" lat="47.53086022"><ele>1752.41</ele></trkpt>
<trkpt lon="13.04480538" lat="47.53087739"><ele>1750.70</ele></trkpt>
<trkpt lon="13.04481461" lat="47.53089699"><ele>1749.74</ele></trkpt>
<trkpt lon="13.04479905" lat="47.53090113"><ele>1748.59</ele></trkpt>
<trkpt lon="13.04479800" lat="47.53089715"><ele>1732.63</ele></trkpt>
<trkpt lon="13.04474550" lat="47.53090463"><ele>1731.12</ele></trkpt>
<trkpt lon="13.04472967" lat="47.53092325"><ele>1728.60</ele></trkpt>
<trkpt lon="13.04470523" lat="47.53091933"><ele>1729.47</ele></trkpt>
<trkpt lon="13.04469967" lat="47.53090456"><ele>1729.41</ele></trkpt>
</trkseg><trkseg>
<trkpt lon="13.04470523" lat="47.53091933"><ele>1729.47</ele></trkpt>
<trkpt lon="13.04469123" lat="47.53094221"><ele>1730.26</ele></trkpt>
</trkseg><trkseg>
<trkpt lon="13.04472967" lat="47.53092325"><ele>1728.60</ele></trkpt>
<trkpt lon="13.04472447" lat="47.53094161"><ele>1726.84</ele></trkpt>
</trkseg><trkseg>
<trkpt lon="13.04479800" lat="47.53089715"><ele>1732.63</ele></trkpt>
<trkpt lon="13.04475561" lat="47.53091866"><ele>1734.53</ele></trkpt>
</trkseg><trkseg>
<trkpt lon="13.04480248" lat="47.53081939"><ele>1754.26</ele></trkpt>
<trkpt lon="13.04481612" lat="47.53082439"><ele>1756.62</ele></trkpt>
</trkseg><trkseg>
<trkpt lon="13.04809245" lat="47.52751879"><ele>1739.38</ele></trkpt>
<trkpt lon="13.04806660" lat="47.52750278"><ele>1739.89</ele></trkpt>
</trkseg><trkseg>
<trkpt lon="13.04806660" lat="47.52750278"><ele>1739.89</ele></trkpt>
<trkpt lon="13.04811853" lat="47.52747109"><ele>1741.51</ele></trkpt>
</trkseg><trkseg>
<trkpt lon="13.04811853" lat="47.52747109"><ele>1741.51</ele></trkpt>
<trkpt lon="13.04809366" lat="47.52747184"><ele>1749.48</ele></trkpt>
</trkseg><trkseg>
<trkpt lon="13.04806660" lat="47.52750278"><ele>1739.89</ele></trkpt>
<trkpt lon="13.04804112" lat="47.52747337"><ele>1740.89</ele></trkpt>
</trkseg><trkseg>
<trkpt lon="13.04804112" lat="47.52747337"><ele>1740.89</ele></trkpt>
<trkpt lon="13.04800464" lat="47.52746843"><ele>1739.98</ele></trkpt>
</trkseg><trkseg>
<trkpt lon="13.04816327" lat="47.52752566"><ele>1740.93</ele></trkpt>
<trkpt lon="13.04815458" lat="47.52748763"><ele>1731.67</ele></trkpt>
</trkseg><trkseg>
<trkpt lon="13.04839606" lat="47.52746385"><ele>1745.78</ele></trkpt>
<trkpt lon="13.04837360" lat="47.52748569"><ele>1747.64</ele></trkpt>
</trkseg><trkseg>
<trkpt lon="13.04841431" lat="47.52743392"><ele>1743.07</ele></trkpt>
<trkpt lon="13.04839986" lat="47.52741874"><ele>1743.42</ele></trkpt>
<trkpt lon="13.04838157" lat="47.52741771"><ele>1738.60</ele></trkpt>
</trkseg><trkseg>
<trkpt lon="13.04846225" lat="47.52745256"><ele>1738.47</ele></trkpt>
<trkpt lon="13.04850394" lat="47.52736373"><ele>1746.35</ele></trkpt>
</trkseg><trkseg>
<trkpt lon="13.04850394" lat="47.52736373"><ele>1746.35</ele></trkpt>
<trkpt lon="13.04847736" lat="47.52736031"><ele>1746.32</ele></trkpt>
<trkpt lon="13.04849021" lat="47.52734352"><ele>1745.89</ele></trkpt>
<trkpt lon="13.04847403" lat="47.52734271"><ele>1740.32</ele></trkpt>
</trkseg><trkseg>
<trkpt lon="13.03966532" lat="47.53265174"><ele>1752.67</ele></trkpt>
<trkpt lon="13.03966192" lat="47.53262541"><ele>1750.11</ele></trkpt>
<trkpt lon="13.03966670" lat="47.53255782"><ele>1744.48</ele></trkpt>
</trkseg><trkseg>
<trkpt lon="13.03966670" lat="47.53255782"><ele>1744.48</ele></trkpt>
<trkpt lon="13.03966243" lat="47.53255829"><ele>1743.57</ele></trkpt>
</trkseg><trkseg>
<trkpt lon="13.03966243" lat="47.53255829"><ele>1743.57</ele></trkpt>
<trkpt lon="13.03965004" lat="47.53253774"><ele>1744.15</ele></trkpt>
</trkseg><trkseg>
<trkpt lon="13.03965004" lat="47.53253774"><ele>1744.15</ele></trkpt>
<trkpt lon="13.03968232" lat="47.53252722"><ele>1746.29</ele></trkpt>
</trkseg><trkseg>
<trkpt lon="13.03968232" lat="47.53252722"><ele>1746.29</ele></trkpt>
<trkpt lon="13.03971955" lat="47.53249448"><ele>1747.75</ele></trkpt>
</trkseg><trkseg>
<trkpt lon="13.03971955" lat="47.53249448"><ele>1747.75</ele></trkpt>
<trkpt lon="13.03973261" lat="47.53246123"><ele>1748.92</ele></trkpt>
</trkseg><trkseg>
<trkpt lon="13.03973261" lat="47.53246123"><ele>1748.92</ele></trkpt>
<trkpt lon="13.03974033" lat="47.53244300"><ele>1749.49</ele></trkpt>
</trkseg><trkseg>
<trkpt lon="13.03974033" lat="47.53244300"><ele>1749.49</ele></trkpt>
<trkpt lon="13.03972677" lat="47.53242180"><ele>1751.02</ele></trkpt>
</trkseg><trkseg>
<trkpt lon="13.03972677" lat="47.53242180"><ele>1751.02</ele></trkpt>
<trkpt lon="13.03971221" lat="47.53240968"><ele>1757.18</ele></trkpt>
</trkseg><trkseg>
<trkpt lon="13.03971221" lat="47.53240968"><ele>1757.18</ele></trkpt>
<trkpt lon="13.03970346" lat="47.53241277"><ele>1756.94</ele></trkpt>
</trkseg><trkseg>
<trkpt lon="13.03970346" lat="47.53241277"><ele>1756.94</ele></trkpt>
<trkpt lon="13.03969510" lat="47.53242315"><ele>1758.96</ele></trkpt>
</trkseg><trkseg>
<trkpt lon="13.03969510" lat="47.53242315"><ele>1758.96</ele></trkpt>
<trkpt lon="13.03959967" lat="47.53235277"><ele>1767.08</ele></trkpt>
</trkseg><trkseg>
<trkpt lon="13.03959967" lat="47.53235277"><ele>1767.08</ele></trkpt>
<trkpt lon="13.03960489" lat="47.53232308"><ele>1767.37</ele></trkpt>
</trkseg><trkseg>
<trkpt lon="13.03960489" lat="47.53232308"><ele>1767.37</ele></trkpt>
<trkpt lon="13.03955604" lat="47.53232899"><ele>1767.38</ele></trkpt>
</trkseg><trkseg>
<trkpt lon="13.03955604" lat="47.53232899"><ele>1767.38</ele></trkpt>
<trkpt lon="13.03953340" lat="47.53233778"><ele>1767.30</ele></trkpt>
</trkseg><trkseg>
<trkpt lon="13.03953340" lat="47.53233778"><ele>1767.30</ele></trkpt>
<trkpt lon="13.03951150" lat="47.53234047"><ele>1767.00</ele></trkpt>
</trkseg><trkseg>
<trkpt lon="13.03951150" lat="47.53234047"><ele>1767.00</ele></trkpt>
<trkpt lon="13.03948565" lat="47.53231060"><ele>1767.72</ele></trkpt>
</trkseg><trkseg>
<trkpt lon="13.03948565" lat="47.53231060"><ele>1767.72</ele></trkpt>
<trkpt lon="13.03951466" lat="47.53230219"><ele>1767.91</ele></trkpt>
</trkseg><trkseg>
<trkpt lon="13.03951466" lat="47.53230219"><ele>1767.91</ele></trkpt>
<trkpt lon="13.03953838" lat="47.53229314"><ele>1768.47</ele></trkpt>
<trkpt lon="13.03952825" lat="47.53227272"><ele>1769.12</ele></trkpt>
</trkseg><trkseg>
<trkpt lon="13.03965004" lat="47.53253774"><ele>1744.15</ele></trkpt>
<trkpt lon="13.03966704" lat="47.53253794"><ele>1742.70</ele></trkpt>
</trkseg><trkseg>
<trkpt lon="13.03966704" lat="47.53253794"><ele>1742.70</ele></trkpt>
<trkpt lon="13.03968011" lat="47.53251513"><ele>1740.72</ele></trkpt>
</trkseg><trkseg>
<trkpt lon="13.03968011" lat="47.53251513"><ele>1740.72</ele></trkpt>
<trkpt lon="13.03968750" lat="47.53251309"><ele>1740.26</ele></trkpt>
</trkseg><trkseg>
<trkpt lon="13.03968750" lat="47.53251309"><ele>1740.26</ele></trkpt>
<trkpt lon="13.03969359" lat="47.53253488"><ele>1738.57</ele></trkpt>
</trkseg><trkseg>
<trkpt lon="13.03969359" lat="47.53253488"><ele>1738.57</ele></trkpt>
<trkpt lon="13.03975690" lat="47.53252247"><ele>1735.81</ele></trkpt>
</trkseg><trkseg>
<trkpt lon="13.03975690" lat="47.53252247"><ele>1735.81</ele></trkpt>
<trkpt lon="13.03975191" lat="47.53253174"><ele>1733.23</ele></trkpt>
</trkseg><trkseg>
<trkpt lon="13.03975191" lat="47.53253174"><ele>1733.23</ele></trkpt>
<trkpt lon="13.03976704" lat="47.53254631"><ele>1732.92</ele></trkpt>
</trkseg><trkseg>
<trkpt lon="13.03976704" lat="47.53254631"><ele>1732.92</ele></trkpt>
<trkpt lon="13.03978100" lat="47.53255330"><ele>1733.38</ele></trkpt>
</trkseg><trkseg>
<trkpt lon="13.03978100" lat="47.53255330"><ele>1733.38</ele></trkpt>
<trkpt lon="13.03979797" lat="47.53256483"><ele>1735.00</ele></trkpt>
</trkseg><trkseg>
<trkpt lon="13.03979797" lat="47.53256483"><ele>1735.00</ele></trkpt>
<trkpt lon="13.03982897" lat="47.53256365"><ele>1736.39</ele></trkpt>
</trkseg><trkseg>
<trkpt lon="13.03982897" lat="47.53256365"><ele>1736.39</ele></trkpt>
<trkpt lon="13.03984763" lat="47.53258728"><ele>1736.76</ele></trkpt>
</trkseg><trkseg>
<trkpt lon="13.03978100" lat="47.53255330"><ele>1733.38</ele></trkpt>
<trkpt lon="13.03977852" lat="47.53253769"><ele>1731.43</ele></trkpt>
</trkseg><trkseg>
<trkpt lon="13.03977852" lat="47.53253769"><ele>1731.43</ele></trkpt>
<trkpt lon="13.03980495" lat="47.53254516"><ele>1732.14</ele></trkpt>
</trkseg><trkseg>
<trkpt lon="13.03980495" lat="47.53254516"><ele>1732.14</ele></trkpt>
<trkpt lon="13.03982045" lat="47.53252149"><ele>1731.61</ele></trkpt>
</trkseg><trkseg>
<trkpt lon="13.03982045" lat="47.53252149"><ele>1731.61</ele></trkpt>
<trkpt lon="13.03980602" lat="47.53250216"><ele>1733.90</ele></trkpt>
</trkseg><trkseg>
<trkpt lon="13.03980602" lat="47.53250216"><ele>1733.90</ele></trkpt>
<trkpt lon="13.03979550" lat="47.53251701"><ele>1736.23</ele></trkpt>
</trkseg><trkseg>
<trkpt lon="13.03979550" lat="47.53251701"><ele>1736.23</ele></trkpt>
<trkpt lon="13.03983952" lat="47.53251965"><ele>1737.66</ele></trkpt>
</trkseg><trkseg>
<trkpt lon="13.03983952" lat="47.53251965"><ele>1737.66</ele></trkpt>
<trkpt lon="13.03980455" lat="47.53254533"><ele>1741.20</ele></trkpt>
</trkseg><trkseg>
<trkpt lon="13.03980455" lat="47.53254533"><ele>1741.20</ele></trkpt>
<trkpt lon="13.03980103" lat="47.53255760"><ele>1742.84</ele></trkpt>
</trkseg><trkseg>
<trkpt lon="13.03980103" lat="47.53255760"><ele>1742.84</ele></trkpt>
<trkpt lon="13.03979139" lat="47.53253458"><ele>1744.13</ele></trkpt>
</trkseg><trkseg>
<trkpt lon="13.03980495" lat="47.53254516"><ele>1732.14</ele></trkpt>
<trkpt lon="13.03983750" lat="47.53253456"><ele>1731.33</ele></trkpt>
</trkseg><trkseg>
<trkpt lon="13.03983750" lat="47.53253456"><ele>1731.33</ele></trkpt>
<trkpt lon="13.03987163" lat="47.53254558"><ele>1731.15</ele></trkpt>
</trkseg><trkseg>
<trkpt lon="13.03987163" lat="47.53254558"><ele>1731.15</ele></trkpt>
<trkpt lon="13.03989928" lat="47.53254893"><ele>1731.67</ele></trkpt>
</trkseg><trkseg>
<trkpt lon="13.03989928" lat="47.53254893"><ele>1731.67</ele></trkpt>
<trkpt lon="13.03994678" lat="47.53254011"><ele>1727.50</ele></trkpt>
</trkseg><trkseg>
<trkpt lon="13.03994678" lat="47.53254011"><ele>1727.50</ele></trkpt>
<trkpt lon="13.03996929" lat="47.53251701"><ele>1727.67</ele></trkpt>
</trkseg><trkseg>
<trkpt lon="13.03965004" lat="47.53253774"><ele>1744.15</ele></trkpt>
<trkpt lon="13.03963453" lat="47.53253684"><ele>1744.48</ele></trkpt>
</trkseg><trkseg>
<trkpt lon="13.03963453" lat="47.53253684"><ele>1744.48</ele></trkpt>
<trkpt lon="13.03964920" lat="47.53251388"><ele>1745.14</ele></trkpt>
</trkseg><trkseg>
<trkpt lon="13.04567797" lat="47.52767535"><ele>1653.52</ele></trkpt>
<trkpt lon="13.04563099" lat="47.52768480"><ele>1650.02</ele></trkpt>
<trkpt lon="13.04562744" lat="47.52769815"><ele>1649.56</ele></trkpt>
<trkpt lon="13.04558908" lat="47.52769714"><ele>1648.64</ele></trkpt>
<trkpt lon="13.04558462" lat="47.52768842"><ele>1648.55</ele></trkpt>
<trkpt lon="13.04557196" lat="47.52768947"><ele>1642.00</ele></trkpt>
</trkseg><trkseg>
<trkpt lon="13.04556658" lat="47.52771286"><ele>1644.24</ele></trkpt>
<trkpt lon="13.04551227" lat="47.52774784"><ele>1648.42</ele></trkpt>
</trkseg><trkseg>
<trkpt lon="13.04557904" lat="47.52707365"><ele>1667.55</ele></trkpt>
<trkpt lon="13.04554657" lat="47.52706428"><ele>1667.21</ele></trkpt>
<trkpt lon="13.04552190" lat="47.52704181"><ele>1667.04</ele></trkpt>
<trkpt lon="13.04551742" lat="47.52701942"><ele>1667.69</ele></trkpt>
</trkseg><trkseg>
<trkpt lon="13.04473150" lat="47.52773300"><ele>1638.76</ele></trkpt>
<trkpt lon="13.04465789" lat="47.52775469"><ele>1641.48</ele></trkpt>
<trkpt lon="13.04458827" lat="47.52771903"><ele>1646.68</ele></trkpt>
</trkseg><trkseg>
<trkpt lon="13.04458827" lat="47.52771903"><ele>1646.68</ele></trkpt>
<trkpt lon="13.04449353" lat="47.52770851"><ele>1652.83</ele></trkpt>
</trkseg><trkseg>
<trkpt lon="13.04449353" lat="47.52770851"><ele>1652.83</ele></trkpt>
<trkpt lon="13.04448416" lat="47.52768549"><ele>1653.95</ele></trkpt>
<trkpt lon="13.04444037" lat="47.52773766"><ele>1658.95</ele></trkpt>
</trkseg><trkseg>
<trkpt lon="13.03629144" lat="47.53562159"><ele>1602.94</ele></trkpt>
<trkpt lon="13.03624967" lat="47.53565849"><ele>1600.22</ele></trkpt>
</trkseg><trkseg>
<trkpt lon="13.03624967" lat="47.53565849"><ele>1600.22</ele></trkpt>
<trkpt lon="13.03622552" lat="47.53567194"><ele>1598.80</ele></trkpt>
</trkseg><trkseg>
<trkpt lon="13.03622552" lat="47.53567194"><ele>1598.80</ele></trkpt>
<trkpt lon="13.03611010" lat="47.53572386"><ele>1590.85</ele></trkpt>
</trkseg><trkseg>
<trkpt lon="13.03611010" lat="47.53572386"><ele>1590.85</ele></trkpt>
<trkpt lon="13.03608138" lat="47.53573866"><ele>1590.80</ele></trkpt>
</trkseg><trkseg>
<trkpt lon="13.03608138" lat="47.53573866"><ele>1590.80</ele></trkpt>
<trkpt lon="13.03605791" lat="47.53575149"><ele>1568.30</ele></trkpt>
</trkseg><trkseg>
<trkpt lon="13.03605791" lat="47.53575149"><ele>1568.30</ele></trkpt>
<trkpt lon="13.03610485" lat="47.53566888"><ele>1573.35</ele></trkpt>
</trkseg><trkseg>
<trkpt lon="13.03605791" lat="47.53575149"><ele>1568.30</ele></trkpt>
<trkpt lon="13.03598015" lat="47.53574161"><ele>1564.05</ele></trkpt>
<trkpt lon="13.03603234" lat="47.53577805"><ele>1563.61</ele></trkpt>
</trkseg><trkseg>
<trkpt lon="13.03598015" lat="47.53574161"><ele>1564.05</ele></trkpt>
<trkpt lon="13.03578794" lat="47.53576135"><ele>1564.75</ele></trkpt>
</trkseg><trkseg>
<trkpt lon="13.03598015" lat="47.53574161"><ele>1564.05</ele></trkpt>
<trkpt lon="13.03596320" lat="47.53573997"><ele>1559.49</ele></trkpt>
</trkseg><trkseg>
<trkpt lon="13.03596320" lat="47.53573997"><ele>1559.49</ele></trkpt>
<trkpt lon="13.03595590" lat="47.53573283"><ele>1553.62</ele></trkpt>
</trkseg><trkseg>
<trkpt lon="13.03934932" lat="47.53318030"><ele>1755.55</ele></trkpt>
<trkpt lon="13.03937040" lat="47.53318489"><ele>1754.90</ele></trkpt>
<trkpt lon="13.03941412" lat="47.53318132"><ele>1755.04</ele></trkpt>
<trkpt lon="13.03942024" lat="47.53320608"><ele>1754.66</ele></trkpt>
<trkpt lon="13.03943466" lat="47.53319706"><ele>1748.20</ele></trkpt>
<trkpt lon="13.03946727" lat="47.53319546"><ele>1746.34</ele></trkpt>
<trkpt lon="13.03947825" lat="47.53319663"><ele>1744.78</ele></trkpt>
<trkpt lon="13.03947400" lat="47.53320727"><ele>1743.95</ele></trkpt>
<trkpt lon="13.03948712" lat="47.53322603"><ele>1738.05</ele></trkpt>
</trkseg><trkseg>
<trkpt lon="13.03946727" lat="47.53319546"><ele>1746.34</ele></trkpt>
<trkpt lon="13.03950885" lat="47.53317799"><ele>1742.28</ele></trkpt>
</trkseg><trkseg>
<trkpt lon="13.03942024" lat="47.53320608"><ele>1754.66</ele></trkpt>
<trkpt lon="13.03939317" lat="47.53322649"><ele>1759.01</ele></trkpt>
</trkseg><trkseg>
<trkpt lon="13.03934932" lat="47.53318030"><ele>1755.55</ele></trkpt>
<trkpt lon="13.03933160" lat="47.53315660"><ele>1770.17</ele></trkpt>
</trkseg><trkseg>
<trkpt lon="13.04874135" lat="47.52844137"><ele>1744.22</ele></trkpt>
<trkpt lon="13.04876622" lat="47.52843019"><ele>1743.43</ele></trkpt>
</trkseg><trkseg>
<trkpt lon="13.04876622" lat="47.52843019"><ele>1743.43</ele></trkpt>
<trkpt lon="13.04876802" lat="47.52842464"><ele>1746.72</ele></trkpt>
</trkseg><trkseg>
<trkpt lon="13.04876622" lat="47.52843019"><ele>1743.43</ele></trkpt>
<trkpt lon="13.04876850" lat="47.52841880"><ele>1741.52</ele></trkpt>
</trkseg><trkseg>
<trkpt lon="13.04876850" lat="47.52841880"><ele>1741.52</ele></trkpt>
<trkpt lon="13.04877595" lat="47.52840048"><ele>1741.60</ele></trkpt>
</trkseg><trkseg>
<trkpt lon="13.04876850" lat="47.52841880"><ele>1741.52</ele></trkpt>
<trkpt lon="13.04871885" lat="47.52842128"><ele>1738.29</ele></trkpt>
<trkpt lon="13.04868587" lat="47.52842927"><ele>1731.82</ele></trkpt>
</trkseg><trkseg>
<trkpt lon="13.04874135" lat="47.52844137"><ele>1744.22</ele></trkpt>
<trkpt lon="13.04873539" lat="47.52849112"><ele>1741.72</ele></trkpt>
</trkseg><trkseg>
<trkpt lon="13.04873539" lat="47.52849112"><ele>1741.72</ele></trkpt>
<trkpt lon="13.04868693" lat="47.52851180"><ele>1737.44</ele></trkpt>
</trkseg><trkseg>
<trkpt lon="13.04868693" lat="47.52851180"><ele>1737.44</ele></trkpt>
<trkpt lon="13.04867194" lat="47.52852180"><ele>1734.67</ele></trkpt>
</trkseg><trkseg>
<trkpt lon="13.04867194" lat="47.52852180"><ele>1734.67</ele></trkpt>
<trkpt lon="13.04867348" lat="47.52854109"><ele>1732.64</ele></trkpt>
</trkseg><trkseg>
<trkpt lon="13.04867348" lat="47.52854109"><ele>1732.64</ele></trkpt>
<trkpt lon="13.04867038" lat="47.52856020"><ele>1730.85</ele></trkpt>
</trkseg><trkseg>
<trkpt lon="13.04867038" lat="47.52856020"><ele>1730.85</ele></trkpt>
<trkpt lon="13.04869907" lat="47.52858921"><ele>1729.39</ele></trkpt>
</trkseg><trkseg>
<trkpt lon="13.04869907" lat="47.52858921"><ele>1729.39</ele></trkpt>
<trkpt lon="13.04872823" lat="47.52859106"><ele>1728.47</ele></trkpt>
</trkseg><trkseg>
<trkpt lon="13.04872823" lat="47.52859106"><ele>1728.47</ele></trkpt>
<trkpt lon="13.04880554" lat="47.52865932"><ele>1732.12</ele></trkpt>
</trkseg><trkseg>
<trkpt lon="13.04880554" lat="47.52865932"><ele>1732.12</ele></trkpt>
<trkpt lon="13.04883576" lat="47.52870069"><ele>1735.25</ele></trkpt>
</trkseg><trkseg>
<trkpt lon="13.04883576" lat="47.52870069"><ele>1735.25</ele></trkpt>
<trkpt lon="13.04886951" lat="47.52871836"><ele>1734.99</ele></trkpt>
</trkseg><trkseg>
<trkpt lon="13.04867038" lat="47.52856020"><ele>1730.85</ele></trkpt>
<trkpt lon="13.04857611" lat="47.52850857"><ele>1731.51</ele></trkpt>
</trkseg><trkseg>
<trkpt lon="13.04857611" lat="47.52850857"><ele>1731.51</ele></trkpt>
<trkpt lon="13.04852279" lat="47.52847391"><ele>1733.05</ele></trkpt>
</trkseg><trkseg>
<trkpt lon="13.04852279" lat="47.52847391"><ele>1733.05</ele></trkpt>
<trkpt lon="13.04850036" lat="47.52846633"><ele>1733.48</ele></trkpt>
<trkpt lon="13.04848484" lat="47.52846211"><ele>1732.31</ele></trkpt>
<trkpt lon="13.04843711" lat="47.52842341"><ele>1732.44</ele></trkpt>
<trkpt lon="13.04838953" lat="47.52838454"><ele>1732.56</ele></trkpt>
</trkseg><trkseg>
<trkpt lon="13.04843711" lat="47.52842341"><ele>1732.44</ele></trkpt>
<trkpt lon="13.04841316" lat="47.52845324"><ele>1732.84</ele></trkpt>
</trkseg><trkseg>
<trkpt lon="13.04841316" lat="47.52845324"><ele>1732.84</ele></trkpt>
<trkpt lon="13.04830451" lat="47.52857053"><ele>1730.10</ele></trkpt>
</trkseg><trkseg>
<trkpt lon="13.04917386" lat="47.52692476"><ele>1742.36</ele></trkpt>
<trkpt lon="13.04917836" lat="47.52693951"><ele>1741.92</ele></trkpt>
<trkpt lon="13.04918458" lat="47.52696175"><ele>1741.20</ele></trkpt>
</trkseg><trkseg>
<trkpt lon="13.04918458" lat="47.52696175"><ele>1741.20</ele></trkpt>
<trkpt lon="13.04913699" lat="47.52696265"><ele>1745.71</ele></trkpt>
</trkseg><trkseg>
<trkpt lon="13.04918458" lat="47.52696175"><ele>1741.20</ele></trkpt>
<trkpt lon="13.04922912" lat="47.52698221"><ele>1736.65</ele></trkpt>
</trkseg><trkseg>
<trkpt lon="13.04922912" lat="47.52698221"><ele>1736.65</ele></trkpt>
<trkpt lon="13.04925088" lat="47.52697962"><ele>1734.83</ele></trkpt>
</trkseg><trkseg>
<trkpt lon="13.04922912" lat="47.52698221"><ele>1736.65</ele></trkpt>
<trkpt lon="13.04922579" lat="47.52696821"><ele>1736.38</ele></trkpt>
<trkpt lon="13.04924819" lat="47.52695887"><ele>1736.78</ele></trkpt>
<trkpt lon="13.04925588" lat="47.52695585"><ele>1736.63</ele></trkpt>
<trkpt lon="13.04925945" lat="47.52694539"><ele>1737.09</ele></trkpt>
<trkpt lon="13.04924078" lat="47.52694381"><ele>1738.96</ele></trkpt>
</trkseg><trkseg>
<trkpt lon="13.04924078" lat="47.52694381"><ele>1738.96</ele></trkpt>
<trkpt lon="13.04925893" lat="47.52692369"><ele>1740.33</ele></trkpt>
<trkpt lon="13.04925011" lat="47.52692516"><ele>1741.39</ele></trkpt>
</trkseg><trkseg>
<trkpt lon="13.04925945" lat="47.52694539"><ele>1737.09</ele></trkpt>
<trkpt lon="13.04928426" lat="47.52694635"><ele>1737.17</ele></trkpt>
<trkpt lon="13.04929554" lat="47.52693943"><ele>1737.32</ele></trkpt>
</trkseg><trkseg>
<trkpt lon="13.04929554" lat="47.52693943"><ele>1737.32</ele></trkpt>
<trkpt lon="13.04932002" lat="47.52693130"><ele>1736.29</ele></trkpt>
<trkpt lon="13.04931001" lat="47.52691844"><ele>1736.19</ele></trkpt>
</trkseg><trkseg>
<trkpt lon="13.04931001" lat="47.52691844"><ele>1736.19</ele></trkpt>
<trkpt lon="13.04928714" lat="47.52691895"><ele>1735.60</ele></trkpt>
<trkpt lon="13.04926003" lat="47.52692992"><ele>1734.57</ele></trkpt>
<trkpt lon="13.04923725" lat="47.52691711"><ele>1734.08</ele></trkpt>
<trkpt lon="13.04923936" lat="47.52691400"><ele>1734.48</ele></trkpt>
</trkseg><trkseg>
<trkpt lon="13.04923936" lat="47.52691400"><ele>1734.48</ele></trkpt>
<trkpt lon="13.04923186" lat="47.52687266"><ele>1736.48</ele></trkpt>
</trkseg><trkseg>
<trkpt lon="13.04906380" lat="47.52682607"><ele>1738.65</ele></trkpt>
<trkpt lon="13.04904166" lat="47.52681057"><ele>1737.24</ele></trkpt>
</trkseg><trkseg>
<trkpt lon="13.04904166" lat="47.52681057"><ele>1737.24</ele></trkpt>
<trkpt lon="13.04905832" lat="47.52682706"><ele>1733.72</ele></trkpt>
</trkseg><trkseg>
<trkpt lon="13.04905832" lat="47.52682706"><ele>1733.72</ele></trkpt>
<trkpt lon="13.04900719" lat="47.52682646"><ele>1734.41</ele></trkpt>
</trkseg><trkseg>
<trkpt lon="13.04905832" lat="47.52682706"><ele>1733.72</ele></trkpt>
<trkpt lon="13.04907748" lat="47.52683692"><ele>1734.67</ele></trkpt>
</trkseg><trkseg>
<trkpt lon="13.04895205" lat="47.52705219"><ele>1728.91</ele></trkpt>
<trkpt lon="13.04895338" lat="47.52706661"><ele>1727.13</ele></trkpt>
<trkpt lon="13.04887188" lat="47.52705019"><ele>1725.57</ele></trkpt>
<trkpt lon="13.04890434" lat="47.52703491"><ele>1724.05</ele></trkpt>
<trkpt lon="13.04890214" lat="47.52700446"><ele>1725.67</ele></trkpt>
<trkpt lon="13.04891508" lat="47.52699964"><ele>1725.85</ele></trkpt>
<trkpt lon="13.04894078" lat="47.52697299"><ele>1725.53</ele></trkpt>
<trkpt lon="13.04895755" lat="47.52698632"><ele>1726.13</ele></trkpt>
<trkpt lon="13.04896488" lat="47.52694649"><ele>1727.77</ele></trkpt>
<trkpt lon="13.04899050" lat="47.52692911"><ele>1725.61</ele></trkpt>
<trkpt lon="13.04900868" lat="47.52693311"><ele>1724.69</ele></trkpt>
<trkpt lon="13.04902616" lat="47.52691325"><ele>1724.84</ele></trkpt>
<trkpt lon="13.04904327" lat="47.52691048"><ele>1726.00</ele></trkpt>
</trkseg><trkseg>
<trkpt lon="13.04904327" lat="47.52691048"><ele>1726.00</ele></trkpt>
<trkpt lon="13.04904562" lat="47.52690072"><ele>1727.82</ele></trkpt>
</trkseg><trkseg>
<trkpt lon="13.04899050" lat="47.52692911"><ele>1725.61</ele></trkpt>
<trkpt lon="13.04897316" lat="47.52689507"><ele>1725.27</ele></trkpt>
</trkseg><trkseg>
<trkpt lon="13.04895755" lat="47.52698632"><ele>1726.13</ele></trkpt>
<trkpt lon="13.04897910" lat="47.52698201"><ele>1726.50</ele></trkpt>
</trkseg><trkseg>
<trkpt lon="13.04897910" lat="47.52698201"><ele>1726.50</ele></trkpt>
<trkpt lon="13.04897869" lat="47.52700387"><ele>1729.17</ele></trkpt>
</trkseg><trkseg>
<trkpt lon="13.04890214" lat="47.52700446"><ele>1725.67</ele></trkpt>
<trkpt lon="13.04893973" lat="47.52701202"><ele>1726.13</ele></trkpt>
</trkseg><trkseg>
<trkpt lon="13.04890434" lat="47.52703491"><ele>1724.05</ele></trkpt>
<trkpt lon="13.04885154" lat="47.52704355"><ele>1723.26</ele></trkpt>
<trkpt lon="13.04882575" lat="47.52704032"><ele>1721.84</ele></trkpt>
</trkseg><trkseg>
<trkpt lon="13.04564926" lat="47.52757930"><ele>1672.65</ele></trkpt>
<trkpt lon="13.04561780" lat="47.52763230"><ele>1681.75</ele></trkpt>
</trkseg><trkseg>
<trkpt lon="13.04569539" lat="47.52747471"><ele>1669.72</ele></trkpt>
<trkpt lon="13.04571855" lat="47.52750930"><ele>1666.01</ele></trkpt>
</trkseg><trkseg>
<trkpt lon="13.04570623" lat="47.52745474"><ele>1671.01</ele></trkpt>
<trkpt lon="13.04575717" lat="47.52747126"><ele>1671.52</ele></trkpt>
</trkseg><trkseg>
<trkpt lon="13.04575717" lat="47.52747126"><ele>1671.52</ele></trkpt>
<trkpt lon="13.04574094" lat="47.52748251"><ele>1671.33</ele></trkpt>
</trkseg><trkseg>
<trkpt lon="13.04574094" lat="47.52748251"><ele>1671.33</ele></trkpt>
<trkpt lon="13.04571974" lat="47.52750248"><ele>1672.88</ele></trkpt>
</trkseg><trkseg>
<trkpt lon="13.04571974" lat="47.52750248"><ele>1672.88</ele></trkpt>
<trkpt lon="13.04569834" lat="47.52754909"><ele>1668.40</ele></trkpt>
</trkseg><trkseg>
<trkpt lon="13.04571974" lat="47.52750248"><ele>1672.88</ele></trkpt>
<trkpt lon="13.04576328" lat="47.52753211"><ele>1672.56</ele></trkpt>
</trkseg><trkseg>
<trkpt lon="13.04576328" lat="47.52753211"><ele>1672.56</ele></trkpt>
<trkpt lon="13.04576209" lat="47.52754981"><ele>1672.03</ele></trkpt>
<trkpt lon="13.04578948" lat="47.52755973"><ele>1672.23</ele></trkpt>
</trkseg><trkseg>
<trkpt lon="13.04568684" lat="47.52743317"><ele>1665.58</ele></trkpt>
<trkpt lon="13.04571448" lat="47.52739009"><ele>1669.59</ele></trkpt>
</trkseg><trkseg>
<trkpt lon="13.03595590" lat="47.53573283"><ele>1553.62</ele></trkpt>
<trkpt lon="13.03595406" lat="47.53573576"><ele>1542.32</ele></trkpt>
<trkpt lon="13.03594831" lat="47.53576878"><ele>1520.96</ele></trkpt>
<trkpt lon="13.03595231" lat="47.53576138"><ele>1511.49</ele></trkpt>
</trkseg><trkseg>
<trkpt lon="13.03595231" lat="47.53576138"><ele>1511.49</ele></trkpt>
<trkpt lon="13.03593377" lat="47.53573479"><ele>1512.21</ele></trkpt>
</trkseg><trkseg>
<trkpt lon="13.03593377" lat="47.53573479"><ele>1512.21</ele></trkpt>
<trkpt lon="13.03592005" lat="47.53570711"><ele>1509.70</ele></trkpt>
</trkseg><trkseg>
<trkpt lon="13.03592005" lat="47.53570711"><ele>1509.70</ele></trkpt>
<trkpt lon="13.03589665" lat="47.53568961"><ele>1506.00</ele></trkpt>
</trkseg><trkseg>
<trkpt lon="13.03589665" lat="47.53568961"><ele>1506.00</ele></trkpt>
<trkpt lon="13.03589226" lat="47.53567208"><ele>1504.60</ele></trkpt>
</trkseg><trkseg>
<trkpt lon="13.03589226" lat="47.53567208"><ele>1504.60</ele></trkpt>
<trkpt lon="13.03586367" lat="47.53566205"><ele>1502.93</ele></trkpt>
</trkseg><trkseg>
<trkpt lon="13.03586367" lat="47.53566205"><ele>1502.93</ele></trkpt>
<trkpt lon="13.03585052" lat="47.53564410"><ele>1500.37</ele></trkpt>
</trkseg><trkseg>
<trkpt lon="13.03585052" lat="47.53564410"><ele>1500.37</ele></trkpt>
<trkpt lon="13.03582299" lat="47.53563418"><ele>1497.80</ele></trkpt>
</trkseg><trkseg>
<trkpt lon="13.03595231" lat="47.53576138"><ele>1511.49</ele></trkpt>
<trkpt lon="13.03603269" lat="47.53577229"><ele>1510.20</ele></trkpt>
</trkseg><trkseg>
<trkpt lon="13.03603269" lat="47.53577229"><ele>1510.20</ele></trkpt>
<trkpt lon="13.03603806" lat="47.53582764"><ele>1507.06</ele></trkpt>
</trkseg><trkseg>
<trkpt lon="13.03603806" lat="47.53582764"><ele>1507.06</ele></trkpt>
<trkpt lon="13.03606415" lat="47.53586552"><ele>1500.98</ele></trkpt>
</trkseg><trkseg>
<trkpt lon="13.03606415" lat="47.53586552"><ele>1500.98</ele></trkpt>
<trkpt lon="13.03616636" lat="47.53586835"><ele>1501.12</ele></trkpt>
</trkseg><trkseg>
<trkpt lon="13.03606415" lat="47.53586552"><ele>1500.98</ele></trkpt>
<trkpt lon="13.03606013" lat="47.53586635"><ele>1496.25</ele></trkpt>
</trkseg><trkseg>
<trkpt lon="13.03606013" lat="47.53586635"><ele>1496.25</ele></trkpt>
<trkpt lon="13.03605914" lat="47.53585013"><ele>1482.49</ele></trkpt>
</trkseg><trkseg>
<trkpt lon="13.03605914" lat="47.53585013"><ele>1482.49</ele></trkpt>
<trkpt lon="13.03606368" lat="47.53580342"><ele>1476.59</ele></trkpt>
</trkseg><trkseg>
<trkpt lon="13.03606368" lat="47.53580342"><ele>1476.59</ele></trkpt>
<trkpt lon="13.03605945" lat="47.53579930"><ele>1473.32</ele></trkpt>
</trkseg><trkseg>
<trkpt lon="13.03605945" lat="47.53579930"><ele>1473.32</ele></trkpt>
<trkpt lon="13.03606141" lat="47.53578241"><ele>1455.24</ele></trkpt>
</trkseg><trkseg>
<trkpt lon="13.03606141" lat="47.53578241"><ele>1455.24</ele></trkpt>
<trkpt lon="13.03605180" lat="47.53572295"><ele>1473.18</ele></trkpt>
</trkseg><trkseg>
<trkpt lon="13.03606141" lat="47.53578241"><ele>1455.24</ele></trkpt>
<trkpt lon="13.03606441" lat="47.53572335"><ele>1452.60</ele></trkpt>
</trkseg><trkseg>
<trkpt lon="13.03606441" lat="47.53572335"><ele>1452.60</ele></trkpt>
<trkpt lon="13.03611082" lat="47.53570120"><ele>1451.30</ele></trkpt>
</trkseg><trkseg>
<trkpt lon="13.03611082" lat="47.53570120"><ele>1451.30</ele></trkpt>
<trkpt lon="13.03606629" lat="47.53569431"><ele>1449.74</ele></trkpt>
</trkseg><trkseg>
<trkpt lon="13.03606629" lat="47.53569431"><ele>1449.74</ele></trkpt>
<trkpt lon="13.03605810" lat="47.53568257"><ele>1449.25</ele></trkpt>
</trkseg><trkseg>
<trkpt lon="13.03605810" lat="47.53568257"><ele>1449.25</ele></trkpt>
<trkpt lon="13.03603709" lat="47.53566862"><ele>1448.62</ele></trkpt>
</trkseg><trkseg>
<trkpt lon="13.03603709" lat="47.53566862"><ele>1448.62</ele></trkpt>
<trkpt lon="13.03600608" lat="47.53566989"><ele>1447.63</ele></trkpt>
</trkseg><trkseg>
<trkpt lon="13.03600608" lat="47.53566989"><ele>1447.63</ele></trkpt>
<trkpt lon="13.03597316" lat="47.53566914"><ele>1447.11</ele></trkpt>
</trkseg><trkseg>
<trkpt lon="13.03597316" lat="47.53566914"><ele>1447.11</ele></trkpt>
<trkpt lon="13.03594351" lat="47.53566962"><ele>1445.89</ele></trkpt>
</trkseg><trkseg>
<trkpt lon="13.03594351" lat="47.53566962"><ele>1445.89</ele></trkpt>
<trkpt lon="13.03594480" lat="47.53566362"><ele>1445.73</ele></trkpt>
<trkpt lon="13.03592413" lat="47.53566200"><ele>1445.40</ele></trkpt>
</trkseg><trkseg>
<trkpt lon="13.03592413" lat="47.53566200"><ele>1445.40</ele></trkpt>
<trkpt lon="13.03592287" lat="47.53567422"><ele>1445.29</ele></trkpt>
</trkseg><trkseg>
<trkpt lon="13.03592287" lat="47.53567422"><ele>1445.29</ele></trkpt>
<trkpt lon="13.03590924" lat="47.53567642"><ele>1445.04</ele></trkpt>
</trkseg><trkseg>
<trkpt lon="13.03590924" lat="47.53567642"><ele>1445.04</ele></trkpt>
<trkpt lon="13.03589001" lat="47.53567546"><ele>1444.61</ele></trkpt>
</trkseg><trkseg>
<trkpt lon="13.03589001" lat="47.53567546"><ele>1444.61</ele></trkpt>
<trkpt lon="13.03586087" lat="47.53566236"><ele>1444.36</ele></trkpt>
</trkseg><trkseg>
<trkpt lon="13.03586087" lat="47.53566236"><ele>1444.36</ele></trkpt>
<trkpt lon="13.03584604" lat="47.53566454"><ele>1443.97</ele></trkpt>
</trkseg><trkseg>
<trkpt lon="13.03584604" lat="47.53566454"><ele>1443.97</ele></trkpt>
<trkpt lon="13.03583608" lat="47.53565726"><ele>1443.82</ele></trkpt>
</trkseg><trkseg>
<trkpt lon="13.03583608" lat="47.53565726"><ele>1443.82</ele></trkpt>
<trkpt lon="13.03581177" lat="47.53566755"><ele>1443.61</ele></trkpt>
</trkseg><trkseg>
<trkpt lon="13.03581177" lat="47.53566755"><ele>1443.61</ele></trkpt>
<trkpt lon="13.03576880" lat="47.53566546"><ele>1443.36</ele></trkpt>
</trkseg><trkseg>
<trkpt lon="13.03576880" lat="47.53566546"><ele>1443.36</ele></trkpt>
<trkpt lon="13.03578986" lat="47.53567437"><ele>1443.50</ele></trkpt>
</trkseg><trkseg>
<trkpt lon="13.03578986" lat="47.53567437"><ele>1443.50</ele></trkpt>
<trkpt lon="13.03579870" lat="47.53569027"><ele>1443.35</ele></trkpt>
</trkseg><trkseg>
<trkpt lon="13.03579870" lat="47.53569027"><ele>1443.35</ele></trkpt>
<trkpt lon="13.03582074" lat="47.53568732"><ele>1440.50</ele></trkpt>
</trkseg><trkseg>
<trkpt lon="13.03582074" lat="47.53568732"><ele>1440.50</ele></trkpt>
<trkpt lon="13.03579344" lat="47.53567101"><ele>1439.89</ele></trkpt>
</trkseg><trkseg>
<trkpt lon="13.03579344" lat="47.53567101"><ele>1439.89</ele></trkpt>
<trkpt lon="13.03577592" lat="47.53567773"><ele>1439.53</ele></trkpt>
</trkseg><trkseg>
<trkpt lon="13.03577592" lat="47.53567773"><ele>1439.53</ele></trkpt>
<trkpt lon="13.03577818" lat="47.53568821"><ele>1439.02</ele></trkpt>
<trkpt lon="13.03576387" lat="47.53569435"><ele>1439.02</ele></trkpt>
</trkseg><trkseg>
<trkpt lon="13.03576387" lat="47.53569435"><ele>1439.02</ele></trkpt>
<trkpt lon="13.03577160" lat="47.53570438"><ele>1438.79</ele></trkpt>
<trkpt lon="13.03577369" lat="47.53570883"><ele>1440.25</ele></trkpt>
</trkseg><trkseg>
<trkpt lon="13.03577369" lat="47.53570883"><ele>1440.25</ele></trkpt>
<trkpt lon="13.03576918" lat="47.53571937"><ele>1439.03</ele></trkpt>
</trkseg><trkseg>
<trkpt lon="13.03576918" lat="47.53571937"><ele>1439.03</ele></trkpt>
<trkpt lon="13.03576927" lat="47.53575608"><ele>1439.52</ele></trkpt>
</trkseg><trkseg>
<trkpt lon="13.03576927" lat="47.53575608"><ele>1439.52</ele></trkpt>
<trkpt lon="13.03575860" lat="47.53577129"><ele>1438.71</ele></trkpt>
<trkpt lon="13.03576361" lat="47.53578307"><ele>1438.47</ele></trkpt>
</trkseg><trkseg>
<trkpt lon="13.03576918" lat="47.53571937"><ele>1439.03</ele></trkpt>
<trkpt lon="13.03578645" lat="47.53573361"><ele>1441.62</ele></trkpt>
</trkseg><trkseg>
<trkpt lon="13.03578645" lat="47.53573361"><ele>1441.62</ele></trkpt>
<trkpt lon="13.03579951" lat="47.53575390"><ele>1441.67</ele></trkpt>
</trkseg><trkseg>
<trkpt lon="13.03579951" lat="47.53575390"><ele>1441.67</ele></trkpt>
<trkpt lon="13.03580425" lat="47.53576586"><ele>1442.30</ele></trkpt>
</trkseg><trkseg>
<trkpt lon="13.03580425" lat="47.53576586"><ele>1442.30</ele></trkpt>
<trkpt lon="13.03582019" lat="47.53575534"><ele>1443.33</ele></trkpt>
</trkseg><trkseg>
<trkpt lon="13.03582019" lat="47.53575534"><ele>1443.33</ele></trkpt>
<trkpt lon="13.03584180" lat="47.53576021"><ele>1443.82</ele></trkpt>
</trkseg><trkseg>
<trkpt lon="13.03584180" lat="47.53576021"><ele>1443.82</ele></trkpt>
<trkpt lon="13.03589105" lat="47.53577212"><ele>1439.99</ele></trkpt>
</trkseg><trkseg>
<trkpt lon="13.03589105" lat="47.53577212"><ele>1439.99</ele></trkpt>
<trkpt lon="13.03585629" lat="47.53573499"><ele>1456.64</ele></trkpt>
</trkseg><trkseg>
<trkpt lon="13.03589105" lat="47.53577212"><ele>1439.99</ele></trkpt>
<trkpt lon="13.03584228" lat="47.53579000"><ele>1442.17</ele></trkpt>
</trkseg><trkseg>
<trkpt lon="13.03584228" lat="47.53579000"><ele>1442.17</ele></trkpt>
<trkpt lon="13.03587367" lat="47.53578568"><ele>1432.57</ele></trkpt>
</trkseg><trkseg>
<trkpt lon="13.03689207" lat="47.53555306"><ele>1703.51</ele></trkpt>
<trkpt lon="13.03683833" lat="47.53559029"><ele>1700.78</ele></trkpt>
<trkpt lon="13.03667743" lat="47.53563279"><ele>1695.62</ele></trkpt>
<trkpt lon="13.03671206" lat="47.53559487"><ele>1696.25</ele></trkpt>
</trkseg><trkseg>
<trkpt lon="13.03671206" lat="47.53559487"><ele>1696.25</ele></trkpt>
<trkpt lon="13.03660234" lat="47.53556204"><ele>1696.37</ele></trkpt>
</trkseg><trkseg>
<trkpt lon="13.03715365" lat="47.53544766"><ele>1713.45</ele></trkpt>
<trkpt lon="13.03711206" lat="47.53548322"><ele>1731.54</ele></trkpt>
</trkseg><trkseg>
<trkpt lon="13.03719704" lat="47.53547063"><ele>1717.24</ele></trkpt>
<trkpt lon="13.03722213" lat="47.53545361"><ele>1717.10</ele></trkpt>
</trkseg><trkseg>
<trkpt lon="13.03722213" lat="47.53545361"><ele>1717.10</ele></trkpt>
<trkpt lon="13.03724804" lat="47.53543587"><ele>1715.30</ele></trkpt>
</trkseg><trkseg>
<trkpt lon="13.03725805" lat="47.53543820"><ele>1722.99</ele></trkpt>
<trkpt lon="13.03731718" lat="47.53544524"><ele>1724.64</ele></trkpt>
</trkseg><trkseg>
<trkpt lon="13.03731718" lat="47.53544524"><ele>1724.64</ele></trkpt>
<trkpt lon="13.03730350" lat="47.53550188"><ele>1729.40</ele></trkpt>
</trkseg><trkseg>
<trkpt lon="13.03730350" lat="47.53550188"><ele>1729.40</ele></trkpt>
<trkpt lon="13.03731450" lat="47.53549910"><ele>1741.23</ele></trkpt>
</trkseg><trkseg>
<trkpt lon="13.04578251" lat="47.52765445"><ele>1654.92</ele></trkpt>
<trkpt lon="13.04580641" lat="47.52765477"><ele>1652.39</ele></trkpt>
</trkseg><trkseg>
<trkpt lon="13.04580641" lat="47.52765477"><ele>1652.39</ele></trkpt>
<trkpt lon="13.04580688" lat="47.52766711"><ele>1642.81</ele></trkpt>
</trkseg><trkseg>
<trkpt lon="13.04580688" lat="47.52766711"><ele>1642.81</ele></trkpt>
<trkpt lon="13.04589147" lat="47.52766819"><ele>1637.71</ele></trkpt>
<trkpt lon="13.04589516" lat="47.52767977"><ele>1636.59</ele></trkpt>
</trkseg><trkseg>
<trkpt lon="13.04492965" lat="47.52725226"><ele>1615.57</ele></trkpt>
<trkpt lon="13.04493938" lat="47.52724424"><ele>1615.59</ele></trkpt>
</trkseg><trkseg>
<trkpt lon="13.04496532" lat="47.52727204"><ele>1614.33</ele></trkpt>
<trkpt lon="13.04502101" lat="47.52726057"><ele>1611.31</ele></trkpt>
</trkseg><trkseg>
<trkpt lon="13.04490489" lat="47.52728945"><ele>1617.79</ele></trkpt>
<trkpt lon="13.04488851" lat="47.52728332"><ele>1618.14</ele></trkpt>
</trkseg><trkseg>
<trkpt lon="13.04505323" lat="47.52731970"><ele>1596.69</ele></trkpt>
<trkpt lon="13.04501201" lat="47.52733834"><ele>1598.33</ele></trkpt>
</trkseg><trkseg>
<trkpt lon="13.04513197" lat="47.52743865"><ele>1591.69</ele></trkpt>
<trkpt lon="13.04510717" lat="47.52742689"><ele>1586.37</ele></trkpt>
</trkseg><trkseg>
<trkpt lon="13.04513197" lat="47.52743865"><ele>1591.69</ele></trkpt>
<trkpt lon="13.04508166" lat="47.52745183"><ele>1591.01</ele></trkpt>
</trkseg><trkseg>
<trkpt lon="13.04520887" lat="47.52756072"><ele>1581.08</ele></trkpt>
<trkpt lon="13.04513547" lat="47.52757323"><ele>1581.39</ele></trkpt>
</trkseg><trkseg>
<trkpt lon="13.04528903" lat="47.52767744"><ele>1638.59</ele></trkpt>
<trkpt lon="13.04526330" lat="47.52764416"><ele>1638.16</ele></trkpt>
</trkseg><trkseg>
<trkpt lon="13.04526330" lat="47.52764416"><ele>1638.16</ele></trkpt>
<trkpt lon="13.04517316" lat="47.52762445"><ele>1636.85</ele></trkpt>
</trkseg><trkseg>
<trkpt lon="13.04517316" lat="47.52762445"><ele>1636.85</ele></trkpt>
<trkpt lon="13.04515272" lat="47.52761672"><ele>1636.30</ele></trkpt>
</trkseg><trkseg>
<trkpt lon="13.04515272" lat="47.52761672"><ele>1636.30</ele></trkpt>
<trkpt lon="13.04518075" lat="47.52757734"><ele>1635.63</ele></trkpt>
</trkseg><trkseg>
<trkpt lon="13.04518075" lat="47.52757734"><ele>1635.63</ele></trkpt>
<trkpt lon="13.04515457" lat="47.52755979"><ele>1634.90</ele></trkpt>
</trkseg><trkseg>
<trkpt lon="13.04515457" lat="47.52755979"><ele>1634.90</ele></trkpt>
<trkpt lon="13.04511971" lat="47.52755038"><ele>1634.54</ele></trkpt>
</trkseg><trkseg>
<trkpt lon="13.04511971" lat="47.52755038"><ele>1634.54</ele></trkpt>
<trkpt lon="13.04513324" lat="47.52754395"><ele>1634.97</ele></trkpt>
</trkseg><trkseg>
<trkpt lon="13.04513324" lat="47.52754395"><ele>1634.97</ele></trkpt>
<trkpt lon="13.04518988" lat="47.52752494"><ele>1633.49</ele></trkpt>
</trkseg><trkseg>
<trkpt lon="13.04518988" lat="47.52752494"><ele>1633.49</ele></trkpt>
<trkpt lon="13.04517151" lat="47.52750780"><ele>1633.08</ele></trkpt>
</trkseg><trkseg>
<trkpt lon="13.04517151" lat="47.52750780"><ele>1633.08</ele></trkpt>
<trkpt lon="13.04516054" lat="47.52749214"><ele>1632.72</ele></trkpt>
</trkseg><trkseg>
<trkpt lon="13.04516054" lat="47.52749214"><ele>1632.72</ele></trkpt>
<trkpt lon="13.04511695" lat="47.52747106"><ele>1632.48</ele></trkpt>
</trkseg><trkseg>
<trkpt lon="13.04511695" lat="47.52747106"><ele>1632.48</ele></trkpt>
<trkpt lon="13.04514480" lat="47.52744013"><ele>1631.90</ele></trkpt>
</trkseg><trkseg>
<trkpt lon="13.04514480" lat="47.52744013"><ele>1631.90</ele></trkpt>
<trkpt lon="13.04513761" lat="47.52738332"><ele>1631.00</ele></trkpt>
</trkseg><trkseg>
<trkpt lon="13.04513761" lat="47.52738332"><ele>1631.00</ele></trkpt>
<trkpt lon="13.04514890" lat="47.52735858"><ele>1627.65</ele></trkpt>
</trkseg><trkseg>
<trkpt lon="13.04514890" lat="47.52735858"><ele>1627.65</ele></trkpt>
<trkpt lon="13.04522845" lat="47.52743427"><ele>1624.63</ele></trkpt>
</trkseg><trkseg>
<trkpt lon="13.04522845" lat="47.52743427"><ele>1624.63</ele></trkpt>
<trkpt lon="13.04523207" lat="47.52743703"><ele>1624.51</ele></trkpt>
</trkseg><trkseg>
<trkpt lon="13.04523207" lat="47.52743703"><ele>1624.51</ele></trkpt>
<trkpt lon="13.04524201" lat="47.52748048"><ele>1622.11</ele></trkpt>
</trkseg><trkseg>
<trkpt lon="13.04524201" lat="47.52748048"><ele>1622.11</ele></trkpt>
<trkpt lon="13.04526859" lat="47.52747670"><ele>1621.16</ele></trkpt>
</trkseg><trkseg>
<trkpt lon="13.04526859" lat="47.52747670"><ele>1621.16</ele></trkpt>
<trkpt lon="13.04528059" lat="47.52749706"><ele>1618.95</ele></trkpt>
</trkseg><trkseg>
<trkpt lon="13.04528059" lat="47.52749706"><ele>1618.95</ele></trkpt>
<trkpt lon="13.04524572" lat="47.52750241"><ele>1615.26</ele></trkpt>
</trkseg><trkseg>
<trkpt lon="13.04524572" lat="47.52750241"><ele>1615.26</ele></trkpt>
<trkpt lon="13.04522812" lat="47.52747178"><ele>1614.92</ele></trkpt>
</trkseg><trkseg>
<trkpt lon="13.04522812" lat="47.52747178"><ele>1614.92</ele></trkpt>
<trkpt lon="13.04522793" lat="47.52751974"><ele>1615.09</ele></trkpt>
</trkseg><trkseg>
<trkpt lon="13.04522793" lat="47.52751974"><ele>1615.09</ele></trkpt>
<trkpt lon="13.04520940" lat="47.52751430"><ele>1617.77</ele></trkpt>
</trkseg><trkseg>
<trkpt lon="13.04520940" lat="47.52751430"><ele>1617.77</ele></trkpt>
<trkpt lon="13.04515171" lat="47.52750449"><ele>1618.64</ele></trkpt>
</trkseg><trkseg>
<trkpt lon="13.04515171" lat="47.52750449"><ele>1618.64</ele></trkpt>
<trkpt lon="13.04513979" lat="47.52748908"><ele>1617.89</ele></trkpt>
</trkseg><trkseg>
<trkpt lon="13.04513979" lat="47.52748908"><ele>1617.89</ele></trkpt>
<trkpt lon="13.04510045" lat="47.52746817"><ele>1617.31</ele></trkpt>
</trkseg><trkseg>
<trkpt lon="13.04502698" lat="47.52765048"><ele>1533.05</ele></trkpt>
<trkpt lon="13.04507194" lat="47.52764549"><ele>1529.98</ele></trkpt>
</trkseg><trkseg>
<trkpt lon="13.03587367" lat="47.53578568"><ele>1432.57</ele></trkpt>
<trkpt lon="13.03583353" lat="47.53581090"><ele>1436.01</ele></trkpt>
<trkpt lon="13.03578748" lat="47.53581291"><ele>1437.57</ele></trkpt>
<trkpt lon="13.03575418" lat="47.53583267"><ele>1434.54</ele></trkpt>
<trkpt lon="13.03572901" lat="47.53584844"><ele>1433.46</ele></trkpt>
<trkpt lon="13.03572924" lat="47.53584601"><ele>1428.05</ele></trkpt>
</trkseg><trkseg>
<trkpt lon="13.03572924" lat="47.53584601"><ele>1428.05</ele></trkpt>
<trkpt lon="13.03569652" lat="47.53583960"><ele>1409.50</ele></trkpt>
<trkpt lon="13.03569849" lat="47.53582245"><ele>1404.65</ele></trkpt>
</trkseg><trkseg>
<trkpt lon="13.03569849" lat="47.53582245"><ele>1404.65</ele></trkpt>
<trkpt lon="13.03574156" lat="47.53582193"><ele>1396.07</ele></trkpt>
</trkseg><trkseg>
<trkpt lon="13.03569849" lat="47.53582245"><ele>1404.65</ele></trkpt>
<trkpt lon="13.03563803" lat="47.53578704"><ele>1403.63</ele></trkpt>
<trkpt lon="13.03559247" lat="47.53579013"><ele>1399.65</ele></trkpt>
<trkpt lon="13.03560167" lat="47.53579289"><ele>1364.97</ele></trkpt>
</trkseg><trkseg>
<trkpt lon="13.04690037" lat="47.52894902"><ele>1747.17</ele></trkpt>
<trkpt lon="13.04686351" lat="47.52888973"><ele>1754.67</ele></trkpt>
</trkseg><trkseg>
<trkpt lon="13.03582299" lat="47.53563418"><ele>1497.80</ele></trkpt>
<trkpt lon="13.03580799" lat="47.53564094"><ele>1497.02</ele></trkpt>
<trkpt lon="13.03580042" lat="47.53562650"><ele>1494.27</ele></trkpt>
<trkpt lon="13.03576378" lat="47.53565053"><ele>1493.80</ele></trkpt>
</trkseg><trkseg>
<trkpt lon="13.03580799" lat="47.53564094"><ele>1497.02</ele></trkpt>
<trkpt lon="13.03583042" lat="47.53563070"><ele>1492.32</ele></trkpt>
</trkseg><trkseg>
<trkpt lon="13.03686651" lat="47.53550448"><ele>1714.29</ele></trkpt>
<trkpt lon="13.03689694" lat="47.53548673"><ele>1714.87</ele></trkpt>
</trkseg><trkseg>
<trkpt lon="13.03694691" lat="47.53549721"><ele>1717.01</ele></trkpt>
<trkpt lon="13.03696971" lat="47.53551290"><ele>1717.84</ele></trkpt>
</trkseg><trkseg>
<trkpt lon="13.03711552" lat="47.53548318"><ele>1721.31</ele></trkpt>
<trkpt lon="13.03710219" lat="47.53547378"><ele>1727.88</ele></trkpt>
</trkseg><trkseg>
<trkpt lon="13.03717517" lat="47.53546576"><ele>1724.36</ele></trkpt>
<trkpt lon="13.03714744" lat="47.53550740"><ele>1728.20</ele></trkpt>
</trkseg><trkseg>
<trkpt lon="13.03721794" lat="47.53546964"><ele>1726.17</ele></trkpt>
<trkpt lon="13.03722569" lat="47.53545061"><ele>1730.36</ele></trkpt>
</trkseg><trkseg>
<trkpt lon="13.03722569" lat="47.53545061"><ele>1730.36</ele></trkpt>
<trkpt lon="13.03725109" lat="47.53547147"><ele>1731.12</ele></trkpt>
</trkseg><trkseg>
<trkpt lon="13.03725109" lat="47.53547147"><ele>1731.12</ele></trkpt>
<trkpt lon="13.03729254" lat="47.53545733"><ele>1732.64</ele></trkpt>
</trkseg><trkseg>
<trkpt lon="13.03729254" lat="47.53545733"><ele>1732.64</ele></trkpt>
<trkpt lon="13.03733588" lat="47.53545339"><ele>1733.70</ele></trkpt>
</trkseg><trkseg>
<trkpt lon="13.03733588" lat="47.53545339"><ele>1733.70</ele></trkpt>
<trkpt lon="13.03732983" lat="47.53543016"><ele>1735.14</ele></trkpt>
<trkpt lon="13.03733936" lat="47.53542421"><ele>1740.08</ele></trkpt>
</trkseg><trkseg>
<trkpt lon="13.03732983" lat="47.53543016"><ele>1735.14</ele></trkpt>
<trkpt lon="13.03734110" lat="47.53540597"><ele>1735.07</ele></trkpt>
</trkseg><trkseg>
<trkpt lon="13.03948712" lat="47.53322603"><ele>1738.05</ele></trkpt>
<trkpt lon="13.03949133" lat="47.53323069"><ele>1736.10</ele></trkpt>
<trkpt lon="13.03949040" lat="47.53322006"><ele>1734.64</ele></trkpt>
<trkpt lon="13.03949797" lat="47.53322729"><ele>1732.07</ele></trkpt>
<trkpt lon="13.03947345" lat="47.53322930"><ele>1728.91</ele></trkpt>
</trkseg><trkseg>
<trkpt lon="13.03948712" lat="47.53322603"><ele>1738.05</ele></trkpt>
<trkpt lon="13.03949539" lat="47.53322887"><ele>1740.02</ele></trkpt>
</trkseg><trkseg>
<trkpt lon="13.03949539" lat="47.53322887"><ele>1740.02</ele></trkpt>
<trkpt lon="13.03951180" lat="47.53323050"><ele>1739.88</ele></trkpt>
</trkseg><trkseg>
<trkpt lon="13.03951180" lat="47.53323050"><ele>1739.88</ele></trkpt>
<trkpt lon="13.03953442" lat="47.53322261"><ele>1741.54</ele></trkpt>
</trkseg><trkseg>
<trkpt lon="13.03953442" lat="47.53322261"><ele>1741.54</ele></trkpt>
<trkpt lon="13.03960250" lat="47.53320704"><ele>1743.30</ele></trkpt>
</trkseg><trkseg>
<trkpt lon="13.03806305" lat="47.53379520"><ele>1731.61</ele></trkpt>
<trkpt lon="13.03808549" lat="47.53375311"><ele>1730.77</ele></trkpt>
<trkpt lon="13.03806978" lat="47.53374322"><ele>1730.65</ele></trkpt>
<trkpt lon="13.03806436" lat="47.53374591"><ele>1727.68</ele></trkpt>
<trkpt lon="13.03804344" lat="47.53373683"><ele>1727.19</ele></trkpt>
<trkpt lon="13.03803953" lat="47.53371714"><ele>1725.35</ele></trkpt>
</trkseg><trkseg>
<trkpt lon="13.03806436" lat="47.53374591"><ele>1727.68</ele></trkpt>
<trkpt lon="13.03806149" lat="47.53374442"><ele>1726.46</ele></trkpt>
</trkseg><trkseg>
<trkpt lon="13.04480731" lat="47.52778783"><ele>1509.61</ele></trkpt>
<trkpt lon="13.04480596" lat="47.52774551"><ele>1513.42</ele></trkpt>
</trkseg><trkseg>
<trkpt lon="13.04945015" lat="47.52662874"><ele>1748.24</ele></trkpt>
<trkpt lon="13.04946364" lat="47.52658020"><ele>1741.23</ele></trkpt>
</trkseg><trkseg>
<trkpt lon="13.04945015" lat="47.52662874"><ele>1748.24</ele></trkpt>
<trkpt lon="13.04941798" lat="47.52669028"><ele>1748.07</ele></trkpt>
</trkseg><trkseg>
<trkpt lon="13.04954525" lat="47.52663279"><ele>1733.26</ele></trkpt>
<trkpt lon="13.04953603" lat="47.52657333"><ele>1734.02</ele></trkpt>
</trkseg><trkseg>
<trkpt lon="13.04953603" lat="47.52657333"><ele>1734.02</ele></trkpt>
<trkpt lon="13.04951682" lat="47.52652531"><ele>1736.29</ele></trkpt>
</trkseg><trkseg>
<trkpt lon="13.04951682" lat="47.52652531"><ele>1736.29</ele></trkpt>
<trkpt lon="13.04955270" lat="47.52650379"><ele>1736.36</ele></trkpt>
<trkpt lon="13.04954206" lat="47.52647526"><ele>1734.85</ele></trkpt>
</trkseg><trkseg>
<trkpt lon="13.04954206" lat="47.52647526"><ele>1734.85</ele></trkpt>
<trkpt lon="13.04960971" lat="47.52642791"><ele>1735.59</ele></trkpt>
<trkpt lon="13.04966992" lat="47.52640203"><ele>1738.64</ele></trkpt>
</trkseg><trkseg>
<trkpt lon="13.04966992" lat="47.52640203"><ele>1738.64</ele></trkpt>
<trkpt lon="13.04970238" lat="47.52637235"><ele>1738.74</ele></trkpt>
<trkpt lon="13.04975327" lat="47.52639004"><ele>1738.44</ele></trkpt>
</trkseg><trkseg>
<trkpt lon="13.04975327" lat="47.52639004"><ele>1738.44</ele></trkpt>
<trkpt lon="13.04975029" lat="47.52638432"><ele>1733.26</ele></trkpt>
</trkseg><trkseg>
<trkpt lon="13.04975327" lat="47.52639004"><ele>1738.44</ele></trkpt>
<trkpt lon="13.04971272" lat="47.52632636"><ele>1735.71</ele></trkpt>
</trkseg><trkseg>
<trkpt lon="13.04971272" lat="47.52632636"><ele>1735.71</ele></trkpt>
<trkpt lon="13.04972164" lat="47.52633308"><ele>1755.00</ele></trkpt>
</trkseg><trkseg>
<trkpt lon="13.04971272" lat="47.52632636"><ele>1735.71</ele></trkpt>
<trkpt lon="13.04977364" lat="47.52632785"><ele>1738.44</ele></trkpt>
</trkseg><trkseg>
<trkpt lon="13.04942946" lat="47.52672449"><ele>1735.21</ele></trkpt>
<trkpt lon="13.04937852" lat="47.52673334"><ele>1730.25</ele></trkpt>
</trkseg><trkseg>
<trkpt lon="13.04937852" lat="47.52673334"><ele>1730.25</ele></trkpt>
<trkpt lon="13.04935208" lat="47.52673676"><ele>1727.52</ele></trkpt>
</trkseg><trkseg>
<trkpt lon="13.04348040" lat="47.52731887"><ele>1410.28</ele></trkpt>
<trkpt lon="13.04345111" lat="47.52732035"><ele>1411.93</ele></trkpt>
</trkseg><trkseg>
<trkpt lon="13.04345111" lat="47.52732035"><ele>1411.93</ele></trkpt>
<trkpt lon="13.04343836" lat="47.52735613"><ele>1425.78</ele></trkpt>
</trkseg><trkseg>
<trkpt lon="13.04368567" lat="47.52744718"><ele>1401.02</ele></trkpt>
<trkpt lon="13.04367224" lat="47.52747242"><ele>1400.78</ele></trkpt>
</trkseg><trkseg>
<trkpt lon="13.04367224" lat="47.52747242"><ele>1400.78</ele></trkpt>
<trkpt lon="13.04368595" lat="47.52749308"><ele>1399.60</ele></trkpt>
</trkseg><trkseg>
<trkpt lon="13.04368595" lat="47.52749308"><ele>1399.60</ele></trkpt>
<trkpt lon="13.04369841" lat="47.52751543"><ele>1399.56</ele></trkpt>
</trkseg><trkseg>
<trkpt lon="13.04369841" lat="47.52751543"><ele>1399.56</ele></trkpt>
<trkpt lon="13.04372687" lat="47.52751798"><ele>1398.56</ele></trkpt>
</trkseg><trkseg>
<trkpt lon="13.04372687" lat="47.52751798"><ele>1398.56</ele></trkpt>
<trkpt lon="13.04373020" lat="47.52753568"><ele>1399.21</ele></trkpt>
</trkseg><trkseg>
<trkpt lon="13.04335526" lat="47.52742220"><ele>1494.81</ele></trkpt>
<trkpt lon="13.04333596" lat="47.52741224"><ele>1496.24</ele></trkpt>
</trkseg><trkseg>
<trkpt lon="13.04344875" lat="47.52744449"><ele>1491.79</ele></trkpt>
<trkpt lon="13.04346744" lat="47.52746010"><ele>1491.59</ele></trkpt>
</trkseg><trkseg>
<trkpt lon="13.04353617" lat="47.52751608"><ele>1490.70</ele></trkpt>
<trkpt lon="13.04347963" lat="47.52752519"><ele>1490.17</ele></trkpt>
</trkseg><trkseg>
<trkpt lon="13.04366093" lat="47.52754439"><ele>1490.42</ele></trkpt>
<trkpt lon="13.04362782" lat="47.52753429"><ele>1491.82</ele></trkpt>
</trkseg><trkseg>
<trkpt lon="13.04376817" lat="47.52757214"><ele>1488.82</ele></trkpt>
<trkpt lon="13.04375541" lat="47.52756517"><ele>1488.25</ele></trkpt>
</trkseg><trkseg>
<trkpt lon="13.04332000" lat="47.52743068"><ele>1495.06</ele></trkpt>
<trkpt lon="13.04333223" lat="47.52744484"><ele>1495.66</ele></trkpt>
</trkseg><trkseg>
<trkpt lon="13.04333223" lat="47.52744484"><ele>1495.66</ele></trkpt>
<trkpt lon="13.04331803" lat="47.52749436"><ele>1493.60</ele></trkpt>
</trkseg><trkseg>
<trkpt lon="13.04331803" lat="47.52749436"><ele>1493.60</ele></trkpt>
<trkpt lon="13.04327706" lat="47.52749222"><ele>1493.24</ele></trkpt>
</trkseg><trkseg>
<trkpt lon="13.04327706" lat="47.52749222"><ele>1493.24</ele></trkpt>
<trkpt lon="13.04325597" lat="47.52751984"><ele>1492.22</ele></trkpt>
</trkseg><trkseg>
<trkpt lon="13.04325597" lat="47.52751984"><ele>1492.22</ele></trkpt>
<trkpt lon="13.04327922" lat="47.52751610"><ele>1490.42</ele></trkpt>
</trkseg><trkseg>
<trkpt lon="13.04319660" lat="47.52743353"><ele>1483.50</ele></trkpt>
<trkpt lon="13.04323423" lat="47.52744002"><ele>1482.49</ele></trkpt>
</trkseg><trkseg>
<trkpt lon="13.04323423" lat="47.52744002"><ele>1482.49</ele></trkpt>
<trkpt lon="13.04322590" lat="47.52745670"><ele>1481.53</ele></trkpt>
</trkseg><trkseg>
<trkpt lon="13.04322590" lat="47.52745670"><ele>1481.53</ele></trkpt>
<trkpt lon="13.04325796" lat="47.52746634"><ele>1481.33</ele></trkpt>
</trkseg><trkseg>
<trkpt lon="13.04325796" lat="47.52746634"><ele>1481.33</ele></trkpt>
<trkpt lon="13.04327433" lat="47.52749064"><ele>1480.15</ele></trkpt>
</trkseg><trkseg>
<trkpt lon="13.04421137" lat="47.52760076"><ele>1640.32</ele></trkpt>
<trkpt lon="13.04420553" lat="47.52757573"><ele>1641.05</ele></trkpt>
</trkseg><trkseg>
<trkpt lon="13.04420553" lat="47.52757573"><ele>1641.05</ele></trkpt>
<trkpt lon="13.04417846" lat="47.52756771"><ele>1641.40</ele></trkpt>
</trkseg><trkseg>
<trkpt lon="13.04417846" lat="47.52756771"><ele>1641.40</ele></trkpt>
<trkpt lon="13.04416856" lat="47.52758014"><ele>1641.81</ele></trkpt>
</trkseg><trkseg>
<trkpt lon="13.04416856" lat="47.52758014"><ele>1641.81</ele></trkpt>
<trkpt lon="13.04408334" lat="47.52756744"><ele>1643.72</ele></trkpt>
</trkseg><trkseg>
<trkpt lon="13.04408334" lat="47.52756744"><ele>1643.72</ele></trkpt>
<trkpt lon="13.04408621" lat="47.52758323"><ele>1644.04</ele></trkpt>
</trkseg><trkseg>
<trkpt lon="13.04408621" lat="47.52758323"><ele>1644.04</ele></trkpt>
<trkpt lon="13.04407287" lat="47.52759542"><ele>1645.10</ele></trkpt>
</trkseg><trkseg>
<trkpt lon="13.04407287" lat="47.52759542"><ele>1645.10</ele></trkpt>
<trkpt lon="13.04408442" lat="47.52759931"><ele>1645.45</ele></trkpt>
</trkseg><trkseg>
<trkpt lon="13.04384603" lat="47.52759326"><ele>1656.16</ele></trkpt>
<trkpt lon="13.04385238" lat="47.52758347"><ele>1658.20</ele></trkpt>
</trkseg><trkseg>
<trkpt lon="13.04385238" lat="47.52758347"><ele>1658.20</ele></trkpt>
<trkpt lon="13.04382135" lat="47.52758897"><ele>1660.65</ele></trkpt>
</trkseg><trkseg>
<trkpt lon="13.04382135" lat="47.52758897"><ele>1660.65</ele></trkpt>
<trkpt lon="13.04382262" lat="47.52764046"><ele>1658.85</ele></trkpt>
</trkseg><trkseg>
<trkpt lon="13.04382262" lat="47.52764046"><ele>1658.85</ele></trkpt>
<trkpt lon="13.04379363" lat="47.52764474"><ele>1658.34</ele></trkpt>
</trkseg><trkseg>
<trkpt lon="13.04379363" lat="47.52764474"><ele>1658.34</ele></trkpt>
<trkpt lon="13.04377944" lat="47.52762263"><ele>1659.19</ele></trkpt>
</trkseg><trkseg>
<trkpt lon="13.04377944" lat="47.52762263"><ele>1659.19</ele></trkpt>
<trkpt lon="13.04375553" lat="47.52763347"><ele>1660.10</ele></trkpt>
</trkseg><trkseg>
<trkpt lon="13.04375553" lat="47.52763347"><ele>1660.10</ele></trkpt>
<trkpt lon="13.04369526" lat="47.52761436"><ele>1661.31</ele></trkpt>
</trkseg><trkseg>
<trkpt lon="13.04369526" lat="47.52761436"><ele>1661.31</ele></trkpt>
<trkpt lon="13.04370197" lat="47.52757686"><ele>1655.40</ele></trkpt>
</trkseg><trkseg>
<trkpt lon="13.04315927" lat="47.52701941"><ele>1409.53</ele></trkpt>
<trkpt lon="13.04315054" lat="47.52692919"><ele>1410.43</ele></trkpt>
</trkseg><trkseg>
<trkpt lon="13.04315054" lat="47.52692919"><ele>1410.43</ele></trkpt>
<trkpt lon="13.04308134" lat="47.52695725"><ele>1421.83</ele></trkpt>
</trkseg><trkseg>
<trkpt lon="13.04315927" lat="47.52701941"><ele>1409.53</ele></trkpt>
<trkpt lon="13.04315535" lat="47.52704256"><ele>1407.92</ele></trkpt>
</trkseg><trkseg>
<trkpt lon="13.04315535" lat="47.52704256"><ele>1407.92</ele></trkpt>
<trkpt lon="13.04307996" lat="47.52703363"><ele>1405.96</ele></trkpt>
</trkseg><trkseg>
<trkpt lon="13.04307996" lat="47.52703363"><ele>1405.96</ele></trkpt>
<trkpt lon="13.04306275" lat="47.52700328"><ele>1405.44</ele></trkpt>
</trkseg><trkseg>
<trkpt lon="13.04306275" lat="47.52700328"><ele>1405.44</ele></trkpt>
<trkpt lon="13.04302953" lat="47.52700721"><ele>1405.60</ele></trkpt>
</trkseg><trkseg>
<trkpt lon="13.04302953" lat="47.52700721"><ele>1405.60</ele></trkpt>
<trkpt lon="13.04300429" lat="47.52697861"><ele>1404.73</ele></trkpt>
</trkseg><trkseg>
<trkpt lon="13.04300429" lat="47.52697861"><ele>1404.73</ele></trkpt>
<trkpt lon="13.04301243" lat="47.52696688"><ele>1404.76</ele></trkpt>
</trkseg><trkseg>
<trkpt lon="13.04301243" lat="47.52696688"><ele>1404.76</ele></trkpt>
<trkpt lon="13.04296338" lat="47.52695317"><ele>1404.52</ele></trkpt>
</trkseg><trkseg>
<trkpt lon="13.04296338" lat="47.52695317"><ele>1404.52</ele></trkpt>
<trkpt lon="13.04294350" lat="47.52694482"><ele>1403.95</ele></trkpt>
</trkseg><trkseg>
<trkpt lon="13.04294350" lat="47.52694482"><ele>1403.95</ele></trkpt>
<trkpt lon="13.04288856" lat="47.52693975"><ele>1404.34</ele></trkpt>
</trkseg><trkseg>
<trkpt lon="13.04288856" lat="47.52693975"><ele>1404.34</ele></trkpt>
<trkpt lon="13.04285463" lat="47.52691613"><ele>1404.05</ele></trkpt>
</trkseg><trkseg>
<trkpt lon="13.04285463" lat="47.52691613"><ele>1404.05</ele></trkpt>
<trkpt lon="13.04280545" lat="47.52691682"><ele>1403.76</ele></trkpt>
</trkseg><trkseg>
<trkpt lon="13.04280545" lat="47.52691682"><ele>1403.76</ele></trkpt>
<trkpt lon="13.04279064" lat="47.52688282"><ele>1403.93</ele></trkpt>
</trkseg><trkseg>
<trkpt lon="13.04279064" lat="47.52688282"><ele>1403.93</ele></trkpt>
<trkpt lon="13.04273734" lat="47.52687984"><ele>1403.47</ele></trkpt>
</trkseg><trkseg>
<trkpt lon="13.04273734" lat="47.52687984"><ele>1403.47</ele></trkpt>
<trkpt lon="13.04269609" lat="47.52693862"><ele>1402.11</ele></trkpt>
</trkseg><trkseg>
<trkpt lon="13.04269609" lat="47.52693862"><ele>1402.11</ele></trkpt>
<trkpt lon="13.04267187" lat="47.52693614"><ele>1400.70</ele></trkpt>
</trkseg><trkseg>
<trkpt lon="13.04267187" lat="47.52693614"><ele>1400.70</ele></trkpt>
<trkpt lon="13.04265312" lat="47.52690468"><ele>1399.82</ele></trkpt>
</trkseg><trkseg>
<trkpt lon="13.04265312" lat="47.52690468"><ele>1399.82</ele></trkpt>
<trkpt lon="13.04261659" lat="47.52691162"><ele>1399.33</ele></trkpt>
</trkseg><trkseg>
<trkpt lon="13.04261659" lat="47.52691162"><ele>1399.33</ele></trkpt>
<trkpt lon="13.04260383" lat="47.52687262"><ele>1395.24</ele></trkpt>
</trkseg><trkseg>
<trkpt lon="13.04260383" lat="47.52687262"><ele>1395.24</ele></trkpt>
<trkpt lon="13.04257199" lat="47.52686406"><ele>1394.78</ele></trkpt>
</trkseg><trkseg>
<trkpt lon="13.04257199" lat="47.52686406"><ele>1394.78</ele></trkpt>
<trkpt lon="13.04253119" lat="47.52679327"><ele>1393.33</ele></trkpt>
</trkseg><trkseg>
<trkpt lon="13.04253119" lat="47.52679327"><ele>1393.33</ele></trkpt>
<trkpt lon="13.04248796" lat="47.52671955"><ele>1394.19</ele></trkpt>
</trkseg><trkseg>
<trkpt lon="13.04367224" lat="47.52747242"><ele>1400.78</ele></trkpt>
<trkpt lon="13.04367230" lat="47.52749941"><ele>1401.02</ele></trkpt>
</trkseg><trkseg>
<trkpt lon="13.04367230" lat="47.52749941"><ele>1401.02</ele></trkpt>
<trkpt lon="13.04365910" lat="47.52753284"><ele>1400.95</ele></trkpt>
</trkseg><trkseg>
<trkpt lon="13.04365910" lat="47.52753284"><ele>1400.95</ele></trkpt>
<trkpt lon="13.04367364" lat="47.52756701"><ele>1400.83</ele></trkpt>
<trkpt lon="13.04364026" lat="47.52754647"><ele>1403.94</ele></trkpt>
</trkseg><trkseg>
<trkpt lon="13.04367364" lat="47.52756701"><ele>1400.83</ele></trkpt>
<trkpt lon="13.04369841" lat="47.52756519"><ele>1400.26</ele></trkpt>
</trkseg><trkseg>
<trkpt lon="13.04369841" lat="47.52756519"><ele>1400.26</ele></trkpt>
<trkpt lon="13.04370795" lat="47.52757300"><ele>1401.65</ele></trkpt>
</trkseg><trkseg>
<trkpt lon="13.04370795" lat="47.52757300"><ele>1401.65</ele></trkpt>
<trkpt lon="13.04370143" lat="47.52758765"><ele>1402.27</ele></trkpt>
</trkseg><trkseg>
<trkpt lon="13.04370143" lat="47.52758765"><ele>1402.27</ele></trkpt>
<trkpt lon="13.04371423" lat="47.52759371"><ele>1399.90</ele></trkpt>
</trkseg><trkseg>
<trkpt lon="13.04371423" lat="47.52759371"><ele>1399.90</ele></trkpt>
<trkpt lon="13.04376397" lat="47.52757063"><ele>1398.72</ele></trkpt>
</trkseg><trkseg>
<trkpt lon="13.04371423" lat="47.52759371"><ele>1399.90</ele></trkpt>
<trkpt lon="13.04371121" lat="47.52763550"><ele>1399.10</ele></trkpt>
</trkseg><trkseg>
<trkpt lon="13.04371121" lat="47.52763550"><ele>1399.10</ele></trkpt>
<trkpt lon="13.04368627" lat="47.52767377"><ele>1399.25</ele></trkpt>
</trkseg><trkseg>
<trkpt lon="13.04368627" lat="47.52767377"><ele>1399.25</ele></trkpt>
<trkpt lon="13.04367849" lat="47.52769353"><ele>1398.36</ele></trkpt>
</trkseg><trkseg>
<trkpt lon="13.04571123" lat="47.52794965"><ele>1522.20</ele></trkpt>
<trkpt lon="13.04572289" lat="47.52795758"><ele>1520.45</ele></trkpt>
<trkpt lon="13.04572601" lat="47.52794855"><ele>1517.91</ele></trkpt>
<trkpt lon="13.04575568" lat="47.52794743"><ele>1516.79</ele></trkpt>
<trkpt lon="13.04578056" lat="47.52792140"><ele>1513.90</ele></trkpt>
</trkseg><trkseg>
<trkpt lon="13.04578056" lat="47.52792140"><ele>1513.90</ele></trkpt>
<trkpt lon="13.04579340" lat="47.52789769"><ele>1511.48</ele></trkpt>
<trkpt lon="13.04580738" lat="47.52788605"><ele>1511.01</ele></trkpt>
<trkpt lon="13.04583762" lat="47.52789115"><ele>1510.42</ele></trkpt>
<trkpt lon="13.04593166" lat="47.52790967"><ele>1492.70</ele></trkpt>
<trkpt lon="13.04595530" lat="47.52792051"><ele>1490.38</ele></trkpt>
<trkpt lon="13.04594859" lat="47.52794388"><ele>1486.21</ele></trkpt>
<trkpt lon="13.04597266" lat="47.52792171"><ele>1483.48</ele></trkpt>
<trkpt lon="13.04598954" lat="47.52790373"><ele>1482.31</ele></trkpt>
<trkpt lon="13.04603279" lat="47.52789826"><ele>1479.08</ele></trkpt>
</trkseg><trkseg>
<trkpt lon="13.04603279" lat="47.52789826"><ele>1479.08</ele></trkpt>
<trkpt lon="13.04606144" lat="47.52785654"><ele>1478.22</ele></trkpt>
</trkseg><trkseg>
<trkpt lon="13.04598954" lat="47.52790373"><ele>1482.31</ele></trkpt>
<trkpt lon="13.04595069" lat="47.52788741"><ele>1482.61</ele></trkpt>
</trkseg><trkseg>
<trkpt lon="13.04597266" lat="47.52792171"><ele>1483.48</ele></trkpt>
<trkpt lon="13.04597920" lat="47.52794225"><ele>1483.80</ele></trkpt>
</trkseg><trkseg>
<trkpt lon="13.04593166" lat="47.52790967"><ele>1492.70</ele></trkpt>
<trkpt lon="13.04596502" lat="47.52787353"><ele>1490.89</ele></trkpt>
</trkseg><trkseg>
<trkpt lon="13.04596502" lat="47.52787353"><ele>1490.89</ele></trkpt>
<trkpt lon="13.04598577" lat="47.52784068"><ele>1488.89</ele></trkpt>
</trkseg><trkseg>
<trkpt lon="13.04598577" lat="47.52784068"><ele>1488.89</ele></trkpt>
<trkpt lon="13.04599281" lat="47.52781920"><ele>1487.87</ele></trkpt>
</trkseg><trkseg>
<trkpt lon="13.04599281" lat="47.52781920"><ele>1487.87</ele></trkpt>
<trkpt lon="13.04595468" lat="47.52781198"><ele>1487.20</ele></trkpt>
</trkseg><trkseg>
<trkpt lon="13.04595468" lat="47.52781198"><ele>1487.20</ele></trkpt>
<trkpt lon="13.04592186" lat="47.52782303"><ele>1486.64</ele></trkpt>
</trkseg><trkseg>
<trkpt lon="13.04592186" lat="47.52782303"><ele>1486.64</ele></trkpt>
<trkpt lon="13.04589151" lat="47.52781738"><ele>1486.26</ele></trkpt>
</trkseg><trkseg>
<trkpt lon="13.04589151" lat="47.52781738"><ele>1486.26</ele></trkpt>
<trkpt lon="13.04588066" lat="47.52783411"><ele>1485.50</ele></trkpt>
</trkseg><trkseg>
<trkpt lon="13.04588066" lat="47.52783411"><ele>1485.50</ele></trkpt>
<trkpt lon="13.04590813" lat="47.52783134"><ele>1485.26</ele></trkpt>
</trkseg><trkseg>
<trkpt lon="13.04590813" lat="47.52783134"><ele>1485.26</ele></trkpt>
<trkpt lon="13.04591424" lat="47.52784917"><ele>1484.60</ele></trkpt>
<trkpt lon="13.04589389" lat="47.52786763"><ele>1483.89</ele></trkpt>
</trkseg><trkseg>
<trkpt lon="13.04572289" lat="47.52795758"><ele>1520.45</ele></trkpt>
<trkpt lon="13.04572084" lat="47.52796619"><ele>1518.49</ele></trkpt>
</trkseg><trkseg>
<trkpt lon="13.04572084" lat="47.52796619"><ele>1518.49</ele></trkpt>
<trkpt lon="13.04569358" lat="47.52798462"><ele>1518.05</ele></trkpt>
</trkseg><trkseg>
<trkpt lon="13.04569358" lat="47.52798462"><ele>1518.05</ele></trkpt>
<trkpt lon="13.04566941" lat="47.52800238"><ele>1519.80</ele></trkpt>
</trkseg><trkseg>
<trkpt lon="13.04566941" lat="47.52800238"><ele>1519.80</ele></trkpt>
<trkpt lon="13.04570574" lat="47.52800777"><ele>1520.88</ele></trkpt>
</trkseg><trkseg>
<trkpt lon="13.04570574" lat="47.52800777"><ele>1520.88</ele></trkpt>
<trkpt lon="13.04572594" lat="47.52799336"><ele>1521.56</ele></trkpt>
</trkseg><trkseg>
<trkpt lon="13.04572594" lat="47.52799336"><ele>1521.56</ele></trkpt>
<trkpt lon="13.04579583" lat="47.52799680"><ele>1522.88</ele></trkpt>
</trkseg><trkseg>
<trkpt lon="13.04579583" lat="47.52799680"><ele>1522.88</ele></trkpt>
<trkpt lon="13.04580631" lat="47.52804368"><ele>1523.56</ele></trkpt>
</trkseg><trkseg>
<trkpt lon="13.04580631" lat="47.52804368"><ele>1523.56</ele></trkpt>
<trkpt lon="13.04584648" lat="47.52805300"><ele>1523.92</ele></trkpt>
</trkseg><trkseg>
<trkpt lon="13.04584648" lat="47.52805300"><ele>1523.92</ele></trkpt>
<trkpt lon="13.04585071" lat="47.52807881"><ele>1523.95</ele></trkpt>
</trkseg><trkseg>
<trkpt lon="13.04585071" lat="47.52807881"><ele>1523.95</ele></trkpt>
<trkpt lon="13.04588611" lat="47.52807365"><ele>1523.93</ele></trkpt>
</trkseg><trkseg>
<trkpt lon="13.04588611" lat="47.52807365"><ele>1523.93</ele></trkpt>
<trkpt lon="13.04591745" lat="47.52807743"><ele>1524.17</ele></trkpt>
</trkseg><trkseg>
<trkpt lon="13.04591745" lat="47.52807743"><ele>1524.17</ele></trkpt>
<trkpt lon="13.04595190" lat="47.52806209"><ele>1524.21</ele></trkpt>
</trkseg><trkseg>
<trkpt lon="13.04595190" lat="47.52806209"><ele>1524.21</ele></trkpt>
<trkpt lon="13.04598919" lat="47.52808477"><ele>1524.83</ele></trkpt>
</trkseg><trkseg>
<trkpt lon="13.04598919" lat="47.52808477"><ele>1524.83</ele></trkpt>
<trkpt lon="13.04603208" lat="47.52807452"><ele>1524.93</ele></trkpt>
</trkseg><trkseg>
<trkpt lon="13.04603208" lat="47.52807452"><ele>1524.93</ele></trkpt>
<trkpt lon="13.04606244" lat="47.52807639"><ele>1524.97</ele></trkpt>
</trkseg><trkseg>
<trkpt lon="13.04606244" lat="47.52807639"><ele>1524.97</ele></trkpt>
<trkpt lon="13.04613437" lat="47.52807852"><ele>1550.10</ele></trkpt>
</trkseg><trkseg>
<trkpt lon="13.04606244" lat="47.52807639"><ele>1524.97</ele></trkpt>
<trkpt lon="13.04615918" lat="47.52805437"><ele>1525.67</ele></trkpt>
</trkseg><trkseg>
<trkpt lon="13.04615918" lat="47.52805437"><ele>1525.67</ele></trkpt>
<trkpt lon="13.04622996" lat="47.52804073"><ele>1526.52</ele></trkpt>
</trkseg><trkseg>
<trkpt lon="13.04622996" lat="47.52804073"><ele>1526.52</ele></trkpt>
<trkpt lon="13.04625291" lat="47.52807388"><ele>1530.63</ele></trkpt>
</trkseg><trkseg>
<trkpt lon="13.04128810" lat="47.52650397"><ele>1736.14</ele></trkpt>
<trkpt lon="13.04130976" lat="47.52648590"><ele>1736.04</ele></trkpt>
</trkseg><trkseg>
<trkpt lon="13.04493492" lat="47.52773593"><ele>1518.80</ele></trkpt>
<trkpt lon="13.04490502" lat="47.52767891"><ele>1521.27</ele></trkpt>
</trkseg><trkseg>
<trkpt lon="13.04490502" lat="47.52767891"><ele>1521.27</ele></trkpt>
<trkpt lon="13.04486451" lat="47.52765725"><ele>1527.45</ele></trkpt>
</trkseg><trkseg>
<trkpt lon="13.04486451" lat="47.52765725"><ele>1527.45</ele></trkpt>
<trkpt lon="13.04482601" lat="47.52757795"><ele>1532.49</ele></trkpt>
</trkseg><trkseg>
<trkpt lon="13.04482601" lat="47.52757795"><ele>1532.49</ele></trkpt>
<trkpt lon="13.04488563" lat="47.52756079"><ele>1537.01</ele></trkpt>
</trkseg><trkseg>
<trkpt lon="13.04488563" lat="47.52756079"><ele>1537.01</ele></trkpt>
<trkpt lon="13.04489748" lat="47.52757449"><ele>1537.26</ele></trkpt>
</trkseg><trkseg>
<trkpt lon="13.04489748" lat="47.52757449"><ele>1537.26</ele></trkpt>
<trkpt lon="13.04497868" lat="47.52756318"><ele>1543.89</ele></trkpt>
</trkseg><trkseg>
<trkpt lon="13.04497868" lat="47.52756318"><ele>1543.89</ele></trkpt>
<trkpt lon="13.04501348" lat="47.52758105"><ele>1545.05</ele></trkpt>
</trkseg><trkseg>
<trkpt lon="13.04501348" lat="47.52758105"><ele>1545.05</ele></trkpt>
<trkpt lon="13.04509338" lat="47.52757963"><ele>1549.35</ele></trkpt>
</trkseg><trkseg>
<trkpt lon="13.04509338" lat="47.52757963"><ele>1549.35</ele></trkpt>
<trkpt lon="13.04515105" lat="47.52761867"><ele>1548.18</ele></trkpt>
</trkseg><trkseg>
<trkpt lon="13.04515105" lat="47.52761867"><ele>1548.18</ele></trkpt>
<trkpt lon="13.04518640" lat="47.52763619"><ele>1548.13</ele></trkpt>
</trkseg><trkseg>
<trkpt lon="13.04307973" lat="47.52738258"><ele>1448.83</ele></trkpt>
<trkpt lon="13.04305005" lat="47.52736264"><ele>1449.84</ele></trkpt>
</trkseg><trkseg>
<trkpt lon="13.04296617" lat="47.52739612"><ele>1452.47</ele></trkpt>
<trkpt lon="13.04299046" lat="47.52733597"><ele>1460.00</ele></trkpt>
</trkseg><trkseg>
<trkpt lon="13.04087279" lat="47.52597992"><ele>1752.28</ele></trkpt>
<trkpt lon="13.04077992" lat="47.52595872"><ele>1777.14</ele></trkpt>
</trkseg><trkseg>
<trkpt lon="13.04088072" lat="47.52596332"><ele>1748.08</ele></trkpt>
<trkpt lon="13.04087996" lat="47.52595143"><ele>1756.60</ele></trkpt>
</trkseg><trkseg>
<trkpt lon="13.04091944" lat="47.52595093"><ele>1742.08</ele></trkpt>
<trkpt lon="13.04091225" lat="47.52590501"><ele>1748.67</ele></trkpt>
</trkseg><trkseg>
<trkpt lon="13.04099385" lat="47.52539421"><ele>1756.88</ele></trkpt>
<trkpt lon="13.04095871" lat="47.52542448"><ele>1764.90</ele></trkpt>
</trkseg><trkseg>
<trkpt lon="13.04098269" lat="47.52536559"><ele>1757.35</ele></trkpt>
<trkpt lon="13.04097213" lat="47.52532465"><ele>1761.84</ele></trkpt>
</trkseg><trkseg>
<trkpt lon="13.04101363" lat="47.52528765"><ele>1757.80</ele></trkpt>
<trkpt lon="13.04101998" lat="47.52531314"><ele>1738.77</ele></trkpt>
</trkseg><trkseg>
<trkpt lon="13.04113512" lat="47.52519659"><ele>1757.98</ele></trkpt>
<trkpt lon="13.04110280" lat="47.52527604"><ele>1767.58</ele></trkpt>
</trkseg><trkseg>
<trkpt lon="13.04114794" lat="47.52502368"><ele>1745.58</ele></trkpt>
<trkpt lon="13.04113020" lat="47.52511453"><ele>1748.10</ele></trkpt>
</trkseg><trkseg>
<trkpt lon="13.04119427" lat="47.52487456"><ele>1749.84</ele></trkpt>
<trkpt lon="13.04126384" lat="47.52477596"><ele>1757.59</ele></trkpt>
</trkseg><trkseg>
<trkpt lon="13.04126384" lat="47.52477596"><ele>1757.59</ele></trkpt>
<trkpt lon="13.04133929" lat="47.52470823"><ele>1761.26</ele></trkpt>
</trkseg><trkseg>
<trkpt lon="13.04133929" lat="47.52470823"><ele>1761.26</ele></trkpt>
<trkpt lon="13.04131257" lat="47.52475888"><ele>1765.60</ele></trkpt>
</trkseg><trkseg>
<trkpt lon="13.04131257" lat="47.52475888"><ele>1765.60</ele></trkpt>
<trkpt lon="13.04147162" lat="47.52475071"><ele>1763.84</ele></trkpt>
</trkseg><trkseg>
<trkpt lon="13.04147162" lat="47.52475071"><ele>1763.84</ele></trkpt>
<trkpt lon="13.04144211" lat="47.52479052"><ele>1765.99</ele></trkpt>
</trkseg><trkseg>
<trkpt lon="13.04144211" lat="47.52479052"><ele>1765.99</ele></trkpt>
<trkpt lon="13.04145666" lat="47.52482443"><ele>1778.84</ele></trkpt>
</trkseg><trkseg>
<trkpt lon="13.04144211" lat="47.52479052"><ele>1765.99</ele></trkpt>
<trkpt lon="13.04142095" lat="47.52481653"><ele>1756.91</ele></trkpt>
</trkseg><trkseg>
<trkpt lon="13.04126384" lat="47.52477596"><ele>1757.59</ele></trkpt>
<trkpt lon="13.04118629" lat="47.52465019"><ele>1766.09</ele></trkpt>
</trkseg><trkseg>
<trkpt lon="13.04118629" lat="47.52465019"><ele>1766.09</ele></trkpt>
<trkpt lon="13.04111084" lat="47.52464638"><ele>1764.96</ele></trkpt>
</trkseg><trkseg>
<trkpt lon="13.04111084" lat="47.52464638"><ele>1764.96</ele></trkpt>
<trkpt lon="13.04107667" lat="47.52463635"><ele>1765.12</ele></trkpt>
</trkseg><trkseg>
<trkpt lon="13.04107667" lat="47.52463635"><ele>1765.12</ele></trkpt>
<trkpt lon="13.04110348" lat="47.52461224"><ele>1766.12</ele></trkpt>
</trkseg><trkseg>
<trkpt lon="13.04110348" lat="47.52461224"><ele>1766.12</ele></trkpt>
<trkpt lon="13.04106162" lat="47.52455915"><ele>1767.20</ele></trkpt>
</trkseg><trkseg>
<trkpt lon="13.04106162" lat="47.52455915"><ele>1767.20</ele></trkpt>
<trkpt lon="13.04108797" lat="47.52462565"><ele>1769.07</ele></trkpt>
</trkseg><trkseg>
<trkpt lon="13.04106162" lat="47.52455915"><ele>1767.20</ele></trkpt>
<trkpt lon="13.04103915" lat="47.52451666"><ele>1765.90</ele></trkpt>
</trkseg><trkseg>
<trkpt lon="13.04103915" lat="47.52451666"><ele>1765.90</ele></trkpt>
<trkpt lon="13.04097573" lat="47.52451818"><ele>1765.43</ele></trkpt>
</trkseg><trkseg>
<trkpt lon="13.04097573" lat="47.52451818"><ele>1765.43</ele></trkpt>
<trkpt lon="13.04093964" lat="47.52449921"><ele>1763.84</ele></trkpt>
</trkseg><trkseg>
<trkpt lon="13.04093964" lat="47.52449921"><ele>1763.84</ele></trkpt>
<trkpt lon="13.04092085" lat="47.52451130"><ele>1762.51</ele></trkpt>
</trkseg><trkseg>
<trkpt lon="13.04092085" lat="47.52451130"><ele>1762.51</ele></trkpt>
<trkpt lon="13.04087205" lat="47.52445918"><ele>1762.25</ele></trkpt>
<trkpt lon="13.04080486" lat="47.52443338"><ele>1767.73</ele></trkpt>
</trkseg><trkseg>
<trkpt lon="13.04087205" lat="47.52445918"><ele>1762.25</ele></trkpt>
<trkpt lon="13.04092063" lat="47.52443877"><ele>1759.62</ele></trkpt>
</trkseg><trkseg>
<trkpt lon="13.04092063" lat="47.52443877"><ele>1759.62</ele></trkpt>
<trkpt lon="13.04096581" lat="47.52435991"><ele>1757.88</ele></trkpt>
</trkseg><trkseg>
<trkpt lon="13.04096581" lat="47.52435991"><ele>1757.88</ele></trkpt>
<trkpt lon="13.04099184" lat="47.52430672"><ele>1758.09</ele></trkpt>
</trkseg><trkseg>
<trkpt lon="13.04099184" lat="47.52430672"><ele>1758.09</ele></trkpt>
<trkpt lon="13.04101576" lat="47.52429229"><ele>1758.31</ele></trkpt>
</trkseg><trkseg>
<trkpt lon="13.04101576" lat="47.52429229"><ele>1758.31</ele></trkpt>
<trkpt lon="13.04100205" lat="47.52424661"><ele>1758.91</ele></trkpt>
</trkseg><trkseg>
<trkpt lon="13.04100205" lat="47.52424661"><ele>1758.91</ele></trkpt>
<trkpt lon="13.04095111" lat="47.52422684"><ele>1761.68</ele></trkpt>
</trkseg><trkseg>
<trkpt lon="13.04095111" lat="47.52422684"><ele>1761.68</ele></trkpt>
<trkpt lon="13.04090359" lat="47.52417573"><ele>1764.30</ele></trkpt>
</trkseg><trkseg>
<trkpt lon="13.04090359" lat="47.52417573"><ele>1764.30</ele></trkpt>
<trkpt lon="13.04083188" lat="47.52417864"><ele>1766.07</ele></trkpt>
<trkpt lon="13.04085536" lat="47.52401905"><ele>1770.02</ele></trkpt>
</trkseg><trkseg>
<trkpt lon="13.04085536" lat="47.52401905"><ele>1770.02</ele></trkpt>
<trkpt lon="13.04094038" lat="47.52400476"><ele>1770.22</ele></trkpt>
</trkseg><trkseg>
<trkpt lon="13.04094038" lat="47.52400476"><ele>1770.22</ele></trkpt>
<trkpt lon="13.04094508" lat="47.52397127"><ele>1771.51</ele></trkpt>
</trkseg><trkseg>
<trkpt lon="13.04094508" lat="47.52397127"><ele>1771.51</ele></trkpt>
<trkpt lon="13.04098210" lat="47.52396543"><ele>1772.32</ele></trkpt>
</trkseg><trkseg>
<trkpt lon="13.04098210" lat="47.52396543"><ele>1772.32</ele></trkpt>
<trkpt lon="13.04096680" lat="47.52391604"><ele>1774.69</ele></trkpt>
</trkseg><trkseg>
<trkpt lon="13.04096680" lat="47.52391604"><ele>1774.69</ele></trkpt>
<trkpt lon="13.04095896" lat="47.52389485"><ele>1775.60</ele></trkpt>
</trkseg><trkseg>
<trkpt lon="13.04096680" lat="47.52391604"><ele>1774.69</ele></trkpt>
<trkpt lon="13.04093398" lat="47.52393761"><ele>1774.35</ele></trkpt>
</trkseg><trkseg>
<trkpt lon="13.04171470" lat="47.52510481"><ele>1773.18</ele></trkpt>
<trkpt lon="13.04173699" lat="47.52505921"><ele>1768.61</ele></trkpt>
</trkseg><trkseg>
<trkpt lon="13.04187045" lat="47.52503558"><ele>1773.31</ele></trkpt>
<trkpt lon="13.04192153" lat="47.52502664"><ele>1770.10</ele></trkpt>
<trkpt lon="13.04195231" lat="47.52504219"><ele>1770.35</ele></trkpt>
<trkpt lon="13.04195245" lat="47.52500638"><ele>1765.37</ele></trkpt>
</trkseg><trkseg>
<trkpt lon="13.03560167" lat="47.53579289"><ele>1364.97</ele></trkpt>
<trkpt lon="13.03560438" lat="47.53575947"><ele>1364.71</ele></trkpt>
<trkpt lon="13.03565764" lat="47.53574589"><ele>1359.09</ele></trkpt>
<trkpt lon="13.03563502" lat="47.53571446"><ele>1359.38</ele></trkpt>
<trkpt lon="13.03561233" lat="47.53572442"><ele>1357.65</ele></trkpt>
<trkpt lon="13.03560997" lat="47.53573068"><ele>1356.88</ele></trkpt>
<trkpt lon="13.03560717" lat="47.53573459"><ele>1356.72</ele></trkpt>
<trkpt lon="13.03558616" lat="47.53572793"><ele>1357.28</ele></trkpt>
<trkpt lon="13.03556817" lat="47.53574346"><ele>1356.96</ele></trkpt>
<trkpt lon="13.03553279" lat="47.53573377"><ele>1355.99</ele></trkpt>
<trkpt lon="13.03551060" lat="47.53574076"><ele>1355.25</ele></trkpt>
<trkpt lon="13.03548691" lat="47.53573118"><ele>1354.13</ele></trkpt>
<trkpt lon="13.03545394" lat="47.53572809"><ele>1354.23</ele></trkpt>
<trkpt lon="13.03545689" lat="47.53572032"><ele>1353.48</ele></trkpt>
<trkpt lon="13.03541010" lat="47.53571349"><ele>1349.96</ele></trkpt>
<trkpt lon="13.03539676" lat="47.53572927"><ele>1350.06</ele></trkpt>
<trkpt lon="13.03539374" lat="47.53573543"><ele>1350.13</ele></trkpt>
<trkpt lon="13.03535312" lat="47.53575552"><ele>1349.70</ele></trkpt>
</trkseg><trkseg>
<trkpt lon="13.03535312" lat="47.53575552"><ele>1349.70</ele></trkpt>
<trkpt lon="13.03535312" lat="47.53575552"><ele>1349.70</ele></trkpt>
<trkpt lon="13.03533490" lat="47.53574900"><ele>1349.67</ele></trkpt>
<trkpt lon="13.03531774" lat="47.53574223"><ele>1349.77</ele></trkpt>
<trkpt lon="13.03528912" lat="47.53573652"><ele>1348.13</ele></trkpt>
<trkpt lon="13.03528156" lat="47.53572910"><ele>1347.33</ele></trkpt>
<trkpt lon="13.03525018" lat="47.53573693"><ele>1347.40</ele></trkpt>
<trkpt lon="13.03522558" lat="47.53571599"><ele>1347.19</ele></trkpt>
<trkpt lon="13.03520234" lat="47.53570849"><ele>1348.22</ele></trkpt>
<trkpt lon="13.03518103" lat="47.53570263"><ele>1347.46</ele></trkpt>
<trkpt lon="13.03518340" lat="47.53569259"><ele>1347.31</ele></trkpt>
<trkpt lon="13.03513169" lat="47.53566480"><ele>1344.46</ele></trkpt>
<trkpt lon="13.03514499" lat="47.53564658"><ele>1343.88</ele></trkpt>
<trkpt lon="13.03511108" lat="47.53563664"><ele>1342.26</ele></trkpt>
<trkpt lon="13.03510419" lat="47.53562546"><ele>1341.48</ele></trkpt>
<trkpt lon="13.03507529" lat="47.53562361"><ele>1341.27</ele></trkpt>
<trkpt lon="13.03504284" lat="47.53562792"><ele>1341.37</ele></trkpt>
<trkpt lon="13.03504525" lat="47.53564883"><ele>1342.25</ele></trkpt>
<trkpt lon="13.03501418" lat="47.53566603"><ele>1342.01</ele></trkpt>
<trkpt lon="13.03500763" lat="47.53568139"><ele>1341.46</ele></trkpt>
<trkpt lon="13.03500538" lat="47.53568468"><ele>1339.27</ele></trkpt>
<trkpt lon="13.03501049" lat="47.53569368"><ele>1339.42</ele></trkpt>
<trkpt lon="13.03499849" lat="47.53570544"><ele>1338.75</ele></trkpt>
<trkpt lon="13.03499520" lat="47.53571537"><ele>1338.75</ele></trkpt>
<trkpt lon="13.03497545" lat="47.53572457"><ele>1337.34</ele></trkpt>
<trkpt lon="13.03493969" lat="47.53573575"><ele>1336.51</ele></trkpt>
<trkpt lon="13.03490281" lat="47.53573764"><ele>1338.30</ele></trkpt>
<trkpt lon="13.03485109" lat="47.53573504"><ele>1337.72</ele></trkpt>
<trkpt lon="13.03484090" lat="47.53572668"><ele>1338.11</ele></trkpt>
<trkpt lon="13.03482731" lat="47.53572788"><ele>1337.72</ele></trkpt>
<trkpt lon="13.03481422" lat="47.53571524"><ele>1337.74</ele></trkpt>
<trkpt lon="13.03478967" lat="47.53571455"><ele>1337.28</ele></trkpt>
<trkpt lon="13.03479506" lat="47.53572670"><ele>1335.63</ele></trkpt>
<trkpt lon="13.03481570" lat="47.53572552"><ele>1334.28</ele></trkpt>
<trkpt lon="13.03482389" lat="47.53574456"><ele>1332.94</ele></trkpt>
<trkpt lon="13.03478814" lat="47.53572712"><ele>1331.75</ele></trkpt>
<trkpt lon="13.03474378" lat="47.53573005"><ele>1331.89</ele></trkpt>
<trkpt lon="13.03471021" lat="47.53571814"><ele>1333.09</ele></trkpt>
<trkpt lon="13.03469907" lat="47.53569626"><ele>1332.73</ele></trkpt>
<trkpt lon="13.03469549" lat="47.53569593"><ele>1329.51</ele></trkpt>
<trkpt lon="13.03469269" lat="47.53567851"><ele>1328.62</ele></trkpt>
<trkpt lon="13.03467646" lat="47.53566123"><ele>1327.56</ele></trkpt>
<trkpt lon="13.03466271" lat="47.53565946"><ele>1328.45</ele></trkpt>
<trkpt lon="13.03465614" lat="47.53563946"><ele>1326.43</ele></trkpt>
</trkseg><trkseg>
<trkpt lon="13.03466271" lat="47.53565946"><ele>1328.45</ele></trkpt>
<trkpt lon="13.03465614" lat="47.53563946"><ele>1326.45</ele></trkpt>
</trkseg><trkseg>
<trkpt lon="13.03465614" lat="47.53563946"><ele>1326.45</ele></trkpt>
<trkpt lon="13.03464934" lat="47.53562954"><ele>1324.55</ele></trkpt>
</trkseg><trkseg>
<trkpt lon="13.03464934" lat="47.53562954"><ele>1324.55</ele></trkpt>
<trkpt lon="13.03461718" lat="47.53563322"><ele>1323.88</ele></trkpt>
</trkseg><trkseg>
<trkpt lon="13.03461718" lat="47.53563322"><ele>1323.88</ele></trkpt>
<trkpt lon="13.03459038" lat="47.53564275"><ele>1315.15</ele></trkpt>
</trkseg><trkseg>
<trkpt lon="13.03459038" lat="47.53564275"><ele>1315.15</ele></trkpt>
<trkpt lon="13.03463833" lat="47.53560766"><ele>1314.91</ele></trkpt>
</trkseg><trkseg>
<trkpt lon="13.03463833" lat="47.53560766"><ele>1314.91</ele></trkpt>
<trkpt lon="13.03464868" lat="47.53559389"><ele>1314.73</ele></trkpt>
</trkseg><trkseg>
<trkpt lon="13.03464868" lat="47.53559389"><ele>1314.73</ele></trkpt>
<trkpt lon="13.03466532" lat="47.53555396"><ele>1314.09</ele></trkpt>
</trkseg><trkseg>
<trkpt lon="13.03466532" lat="47.53555396"><ele>1314.09</ele></trkpt>
<trkpt lon="13.03466840" lat="47.53553916"><ele>1313.74</ele></trkpt>
</trkseg><trkseg>
<trkpt lon="13.03466840" lat="47.53553916"><ele>1313.74</ele></trkpt>
<trkpt lon="13.03468925" lat="47.53553232"><ele>1313.08</ele></trkpt>
</trkseg><trkseg>
<trkpt lon="13.03468925" lat="47.53553232"><ele>1313.08</ele></trkpt>
<trkpt lon="13.03467693" lat="47.53548145"><ele>1311.45</ele></trkpt>
</trkseg><trkseg>
<trkpt lon="13.03467693" lat="47.53548145"><ele>1311.45</ele></trkpt>
<trkpt lon="13.03466142" lat="47.53548424"><ele>1310.90</ele></trkpt>
</trkseg><trkseg>
<trkpt lon="13.03466142" lat="47.53548424"><ele>1310.90</ele></trkpt>
<trkpt lon="13.03464254" lat="47.53547033"><ele>1311.16</ele></trkpt>
</trkseg><trkseg>
<trkpt lon="13.03464254" lat="47.53547033"><ele>1311.16</ele></trkpt>
<trkpt lon="13.03461426" lat="47.53548037"><ele>1310.34</ele></trkpt>
</trkseg><trkseg>
<trkpt lon="13.03461426" lat="47.53548037"><ele>1310.34</ele></trkpt>
<trkpt lon="13.03459259" lat="47.53548765"><ele>1310.21</ele></trkpt>
</trkseg><trkseg>
<trkpt lon="13.03459259" lat="47.53548765"><ele>1310.21</ele></trkpt>
<trkpt lon="13.03457792" lat="47.53547480"><ele>1309.93</ele></trkpt>
<trkpt lon="13.03456391" lat="47.53546214"><ele>1309.62</ele></trkpt>
</trkseg><trkseg>
<trkpt lon="13.03456391" lat="47.53546214"><ele>1309.62</ele></trkpt>
<trkpt lon="13.03457240" lat="47.53544483"><ele>1309.04</ele></trkpt>
</trkseg><trkseg>
<trkpt lon="13.03457240" lat="47.53544483"><ele>1309.04</ele></trkpt>
<trkpt lon="13.03455408" lat="47.53542310"><ele>1307.38</ele></trkpt>
</trkseg><trkseg>
<trkpt lon="13.03587408" lat="47.53487838"><ele>1761.93</ele></trkpt>
<trkpt lon="13.03585874" lat="47.53487641"><ele>1761.30</ele></trkpt>
</trkseg><trkseg>
<trkpt lon="13.03585874" lat="47.53487641"><ele>1761.30</ele></trkpt>
<trkpt lon="13.03584527" lat="47.53489174"><ele>1760.45</ele></trkpt>
<trkpt lon="13.03580702" lat="47.53490206"><ele>1760.88</ele></trkpt>
<trkpt lon="13.03578066" lat="47.53489990"><ele>1761.64</ele></trkpt>
<trkpt lon="13.03570733" lat="47.53491016"><ele>1762.13</ele></trkpt>
<trkpt lon="13.03568612" lat="47.53490170"><ele>1762.83</ele></trkpt>
<trkpt lon="13.03565889" lat="47.53490151"><ele>1761.98</ele></trkpt>
<trkpt lon="13.03567721" lat="47.53492666"><ele>1763.95</ele></trkpt>
<trkpt lon="13.03560989" lat="47.53488627"><ele>1772.87</ele></trkpt>
<trkpt lon="13.03561114" lat="47.53489925"><ele>1779.13</ele></trkpt>
</trkseg><trkseg>
<trkpt lon="13.04105616" lat="47.52521558"><ele>1757.32</ele></trkpt>
<trkpt lon="13.04113473" lat="47.52519623"><ele>1757.96</ele></trkpt>
</trkseg><trkseg>
<trkpt lon="13.04113473" lat="47.52519623"><ele>1757.96</ele></trkpt>
<trkpt lon="13.04115263" lat="47.52517242"><ele>1758.04</ele></trkpt>
</trkseg><trkseg>
<trkpt lon="13.04115263" lat="47.52517242"><ele>1758.04</ele></trkpt>
<trkpt lon="13.04119476" lat="47.52516459"><ele>1760.92</ele></trkpt>
</trkseg><trkseg>
<trkpt lon="13.04119476" lat="47.52516459"><ele>1760.92</ele></trkpt>
<trkpt lon="13.04129642" lat="47.52519242"><ele>1768.31</ele></trkpt>
</trkseg><trkseg>
<trkpt lon="13.04129642" lat="47.52519242"><ele>1768.31</ele></trkpt>
<trkpt lon="13.04135111" lat="47.52522917"><ele>1771.43</ele></trkpt>
</trkseg><trkseg>
<trkpt lon="13.04135111" lat="47.52522917"><ele>1771.43</ele></trkpt>
<trkpt lon="13.04139196" lat="47.52521682"><ele>1769.26</ele></trkpt>
</trkseg><trkseg>
<trkpt lon="13.04135111" lat="47.52522917"><ele>1771.43</ele></trkpt>
<trkpt lon="13.04138256" lat="47.52524797"><ele>1773.94</ele></trkpt>
</trkseg><trkseg>
<trkpt lon="13.04138256" lat="47.52524797"><ele>1773.94</ele></trkpt>
<trkpt lon="13.04135138" lat="47.52519345"><ele>1771.58</ele></trkpt>
</trkseg><trkseg>
<trkpt lon="13.04138256" lat="47.52524797"><ele>1773.94</ele></trkpt>
<trkpt lon="13.04139454" lat="47.52524746"><ele>1774.28</ele></trkpt>
</trkseg><trkseg>
<trkpt lon="13.04139454" lat="47.52524746"><ele>1774.28</ele></trkpt>
<trkpt lon="13.04138145" lat="47.52525641"><ele>1774.14</ele></trkpt>
</trkseg><trkseg>
<trkpt lon="13.04138145" lat="47.52525641"><ele>1774.14</ele></trkpt>
<trkpt lon="13.04136540" lat="47.52527719"><ele>1768.96</ele></trkpt>
</trkseg><trkseg>
<trkpt lon="13.04136540" lat="47.52527719"><ele>1768.96</ele></trkpt>
<trkpt lon="13.04133408" lat="47.52530123"><ele>1767.77</ele></trkpt>
</trkseg><trkseg>
<trkpt lon="13.04133408" lat="47.52530123"><ele>1767.77</ele></trkpt>
<trkpt lon="13.04131821" lat="47.52532795"><ele>1766.93</ele></trkpt>
</trkseg><trkseg>
<trkpt lon="13.04131821" lat="47.52532795"><ele>1766.93</ele></trkpt>
<trkpt lon="13.04129135" lat="47.52532137"><ele>1767.23</ele></trkpt>
</trkseg><trkseg>
<trkpt lon="13.04129135" lat="47.52532137"><ele>1767.23</ele></trkpt>
<trkpt lon="13.04126265" lat="47.52531791"><ele>1764.62</ele></trkpt>
</trkseg><trkseg>
<trkpt lon="13.04126265" lat="47.52531791"><ele>1764.62</ele></trkpt>
<trkpt lon="13.04121574" lat="47.52532557"><ele>1765.34</ele></trkpt>
</trkseg><trkseg>
<trkpt lon="13.04121574" lat="47.52532557"><ele>1765.34</ele></trkpt>
<trkpt lon="13.04119839" lat="47.52532761"><ele>1765.82</ele></trkpt>
</trkseg><trkseg>
<trkpt lon="13.04119839" lat="47.52532761"><ele>1765.82</ele></trkpt>
<trkpt lon="13.04119768" lat="47.52535028"><ele>1768.75</ele></trkpt>
</trkseg><trkseg>
<trkpt lon="13.04119839" lat="47.52532761"><ele>1765.82</ele></trkpt>
<trkpt lon="13.04121149" lat="47.52532190"><ele>1754.25</ele></trkpt>
</trkseg><trkseg>
<trkpt lon="13.04121149" lat="47.52532190"><ele>1754.25</ele></trkpt>
<trkpt lon="13.04131742" lat="47.52533855"><ele>1752.04</ele></trkpt>
</trkseg><trkseg>
<trkpt lon="13.04131742" lat="47.52533855"><ele>1752.04</ele></trkpt>
<trkpt lon="13.04135474" lat="47.52537797"><ele>1755.09</ele></trkpt>
<trkpt lon="13.04133162" lat="47.52546018"><ele>1762.86</ele></trkpt>
</trkseg><trkseg>
<trkpt lon="13.04121149" lat="47.52532190"><ele>1754.25</ele></trkpt>
<trkpt lon="13.04124420" lat="47.52529960"><ele>1752.28</ele></trkpt>
<trkpt lon="13.04118774" lat="47.52525697"><ele>1748.89</ele></trkpt>
</trkseg><trkseg>
<trkpt lon="13.04198679" lat="47.52509722"><ele>1774.98</ele></trkpt>
<trkpt lon="13.04197608" lat="47.52506393"><ele>1772.58</ele></trkpt>
<trkpt lon="13.04199131" lat="47.52504016"><ele>1773.38</ele></trkpt>
</trkseg><trkseg>
<trkpt lon="13.04190454" lat="47.52461944"><ele>1781.68</ele></trkpt>
<trkpt lon="13.04189930" lat="47.52458543"><ele>1782.93</ele></trkpt>
</trkseg><trkseg>
<trkpt lon="13.04189930" lat="47.52458543"><ele>1782.93</ele></trkpt>
<trkpt lon="13.04186821" lat="47.52457482"><ele>1768.36</ele></trkpt>
</trkseg><trkseg>
<trkpt lon="13.04189930" lat="47.52458543"><ele>1782.93</ele></trkpt>
<trkpt lon="13.04184095" lat="47.52452918"><ele>1783.82</ele></trkpt>
</trkseg><trkseg>
<trkpt lon="13.04184095" lat="47.52452918"><ele>1783.82</ele></trkpt>
<trkpt lon="13.04183252" lat="47.52449152"><ele>1784.66</ele></trkpt>
</trkseg><trkseg>
<trkpt lon="13.04183252" lat="47.52449152"><ele>1784.66</ele></trkpt>
<trkpt lon="13.04184205" lat="47.52446387"><ele>1783.56</ele></trkpt>
</trkseg><trkseg>
<trkpt lon="13.03548698" lat="47.53485438"><ele>1733.01</ele></trkpt>
<trkpt lon="13.03546537" lat="47.53485662"><ele>1733.27</ele></trkpt>
<trkpt lon="13.03538505" lat="47.53482294"><ele>1726.75</ele></trkpt>
<trkpt lon="13.03536672" lat="47.53481560"><ele>1725.62</ele></trkpt>
<trkpt lon="13.03530853" lat="47.53486509"><ele>1725.72</ele></trkpt>
<trkpt lon="13.03533430" lat="47.53491160"><ele>1724.29</ele></trkpt>
<trkpt lon="13.03535480" lat="47.53494624"><ele>1724.14</ele></trkpt>
<trkpt lon="13.03532637" lat="47.53495322"><ele>1723.00</ele></trkpt>
</trkseg><trkseg>
<trkpt lon="13.03536672" lat="47.53481560"><ele>1725.62</ele></trkpt>
<trkpt lon="13.03538452" lat="47.53480493"><ele>1722.38</ele></trkpt>
</trkseg><trkseg>
<trkpt lon="13.03538452" lat="47.53480493"><ele>1722.38</ele></trkpt>
<trkpt lon="13.03539431" lat="47.53476713"><ele>1719.43</ele></trkpt>
</trkseg><trkseg>
<trkpt lon="13.03539431" lat="47.53476713"><ele>1719.43</ele></trkpt>
<trkpt lon="13.03538478" lat="47.53473772"><ele>1716.88</ele></trkpt>
</trkseg><trkseg>
<trkpt lon="13.03538478" lat="47.53473772"><ele>1716.88</ele></trkpt>
<trkpt lon="13.03542090" lat="47.53473123"><ele>1715.49</ele></trkpt>
</trkseg><trkseg>
<trkpt lon="13.03542090" lat="47.53473123"><ele>1715.49</ele></trkpt>
<trkpt lon="13.03541148" lat="47.53475203"><ele>1714.72</ele></trkpt>
</trkseg><trkseg>
<trkpt lon="13.03535480" lat="47.53494624"><ele>1724.14</ele></trkpt>
<trkpt lon="13.03530699" lat="47.53495981"><ele>1723.89</ele></trkpt>
</trkseg><trkseg>
<trkpt lon="13.03546537" lat="47.53485662"><ele>1733.27</ele></trkpt>
<trkpt lon="13.03542355" lat="47.53488074"><ele>1735.83</ele></trkpt>
</trkseg><trkseg>
<trkpt lon="13.03542355" lat="47.53488074"><ele>1735.83</ele></trkpt>
<trkpt lon="13.03538002" lat="47.53487207"><ele>1734.32</ele></trkpt>
</trkseg><trkseg>
<trkpt lon="13.03538002" lat="47.53487207"><ele>1734.32</ele></trkpt>
<trkpt lon="13.03534098" lat="47.53488211"><ele>1733.94</ele></trkpt>
</trkseg><trkseg>
<trkpt lon="13.03534098" lat="47.53488211"><ele>1733.94</ele></trkpt>
<trkpt lon="13.03528853" lat="47.53487050"><ele>1733.40</ele></trkpt>
</trkseg><trkseg>
<trkpt lon="13.03528853" lat="47.53487050"><ele>1733.40</ele></trkpt>
<trkpt lon="13.03524468" lat="47.53488136"><ele>1733.79</ele></trkpt>
</trkseg><trkseg>
<trkpt lon="13.03524468" lat="47.53488136"><ele>1733.79</ele></trkpt>
<trkpt lon="13.03514062" lat="47.53486059"><ele>1736.19</ele></trkpt>
</trkseg><trkseg>
<trkpt lon="13.03514062" lat="47.53486059"><ele>1736.19</ele></trkpt>
<trkpt lon="13.03506464" lat="47.53479594"><ele>1753.08</ele></trkpt>
</trkseg><trkseg>
<trkpt lon="13.03590432" lat="47.53495799"><ele>1737.30</ele></trkpt>
<trkpt lon="13.03590911" lat="47.53497553"><ele>1737.61</ele></trkpt>
</trkseg><trkseg>
<trkpt lon="13.03565240" lat="47.53491876"><ele>1728.18</ele></trkpt>
<trkpt lon="13.03565856" lat="47.53490303"><ele>1728.06</ele></trkpt>
</trkseg><trkseg>
<trkpt lon="13.03565856" lat="47.53490303"><ele>1728.06</ele></trkpt>
<trkpt lon="13.03566620" lat="47.53490505"><ele>1720.89</ele></trkpt>
</trkseg><trkseg>
<trkpt lon="13.04183252" lat="47.52449152"><ele>1784.66</ele></trkpt>
<trkpt lon="13.04181645" lat="47.52447729"><ele>1782.89</ele></trkpt>
</trkseg><trkseg>
<trkpt lon="13.04181645" lat="47.52447729"><ele>1782.89</ele></trkpt>
<trkpt lon="13.04178061" lat="47.52444438"><ele>1781.04</ele></trkpt>
</trkseg><trkseg>
<trkpt lon="13.04178061" lat="47.52444438"><ele>1781.04</ele></trkpt>
<trkpt lon="13.04175409" lat="47.52444303"><ele>1780.86</ele></trkpt>
</trkseg><trkseg>
<trkpt lon="13.04175409" lat="47.52444303"><ele>1780.86</ele></trkpt>
<trkpt lon="13.04178419" lat="47.52442311"><ele>1780.28</ele></trkpt>
</trkseg><trkseg>
<trkpt lon="13.04178419" lat="47.52442311"><ele>1780.28</ele></trkpt>
<trkpt lon="13.04183290" lat="47.52442781"><ele>1780.23</ele></trkpt>
</trkseg><trkseg>
<trkpt lon="13.04183290" lat="47.52442781"><ele>1780.23</ele></trkpt>
<trkpt lon="13.04186123" lat="47.52444845"><ele>1779.56</ele></trkpt>
</trkseg><trkseg>
<trkpt lon="13.04186123" lat="47.52444845"><ele>1779.56</ele></trkpt>
<trkpt lon="13.04191463" lat="47.52439484"><ele>1777.85</ele></trkpt>
</trkseg><trkseg>
<trkpt lon="13.04191463" lat="47.52439484"><ele>1777.85</ele></trkpt>
<trkpt lon="13.04194676" lat="47.52440960"><ele>1778.41</ele></trkpt>
</trkseg><trkseg>
<trkpt lon="13.04194676" lat="47.52440960"><ele>1778.41</ele></trkpt>
<trkpt lon="13.04195119" lat="47.52442983"><ele>1780.32</ele></trkpt>
</trkseg><trkseg>
<trkpt lon="13.04195119" lat="47.52442983"><ele>1780.32</ele></trkpt>
<trkpt lon="13.04198080" lat="47.52444816"><ele>1779.44</ele></trkpt>
<trkpt lon="13.04198325" lat="47.52451785"><ele>1776.21</ele></trkpt>
</trkseg><trkseg>
<trkpt lon="13.04198325" lat="47.52451785"><ele>1776.21</ele></trkpt>
<trkpt lon="13.04201044" lat="47.52451561"><ele>1776.04</ele></trkpt>
<trkpt lon="13.04205207" lat="47.52451407"><ele>1778.83</ele></trkpt>
<trkpt lon="13.04203903" lat="47.52447192"><ele>1780.44</ele></trkpt>
</trkseg><trkseg>
<trkpt lon="13.04205207" lat="47.52451407"><ele>1778.83</ele></trkpt>
<trkpt lon="13.04212175" lat="47.52454442"><ele>1778.46</ele></trkpt>
</trkseg><trkseg>
<trkpt lon="13.04212175" lat="47.52454442"><ele>1778.46</ele></trkpt>
<trkpt lon="13.04210152" lat="47.52458466"><ele>1777.16</ele></trkpt>
</trkseg><trkseg>
<trkpt lon="13.04210152" lat="47.52458466"><ele>1777.16</ele></trkpt>
<trkpt lon="13.04219780" lat="47.52457136"><ele>1777.79</ele></trkpt>
</trkseg><trkseg>
<trkpt lon="13.04219780" lat="47.52457136"><ele>1777.79</ele></trkpt>
<trkpt lon="13.04219951" lat="47.52455762"><ele>1783.70</ele></trkpt>
</trkseg><trkseg>
<trkpt lon="13.04219951" lat="47.52455762"><ele>1783.70</ele></trkpt>
<trkpt lon="13.04226832" lat="47.52451498"><ele>1787.79</ele></trkpt>
</trkseg><trkseg>
<trkpt lon="13.04226832" lat="47.52451498"><ele>1787.79</ele></trkpt>
<trkpt lon="13.04234319" lat="47.52454136"><ele>1787.29</ele></trkpt>
</trkseg><trkseg>
<trkpt lon="13.04234319" lat="47.52454136"><ele>1787.29</ele></trkpt>
<trkpt lon="13.04239276" lat="47.52452313"><ele>1785.94</ele></trkpt>
</trkseg><trkseg>
<trkpt lon="13.04239276" lat="47.52452313"><ele>1785.94</ele></trkpt>
<trkpt lon="13.04246321" lat="47.52451848"><ele>1785.31</ele></trkpt>
</trkseg><trkseg>
<trkpt lon="13.04246321" lat="47.52451848"><ele>1785.31</ele></trkpt>
<trkpt lon="13.04246496" lat="47.52454272"><ele>1784.92</ele></trkpt>
</trkseg><trkseg>
<trkpt lon="13.04246496" lat="47.52454272"><ele>1784.92</ele></trkpt>
<trkpt lon="13.04249652" lat="47.52455865"><ele>1783.62</ele></trkpt>
</trkseg><trkseg>
<trkpt lon="13.04249652" lat="47.52455865"><ele>1783.62</ele></trkpt>
<trkpt lon="13.04249209" lat="47.52456685"><ele>1785.99</ele></trkpt>
</trkseg><trkseg>
<trkpt lon="13.04246321" lat="47.52451848"><ele>1785.31</ele></trkpt>
<trkpt lon="13.04246835" lat="47.52448366"><ele>1783.23</ele></trkpt>
</trkseg><trkseg>
<trkpt lon="13.04246835" lat="47.52448366"><ele>1783.23</ele></trkpt>
<trkpt lon="13.04245603" lat="47.52446860"><ele>1783.84</ele></trkpt>
</trkseg><trkseg>
<trkpt lon="13.04245603" lat="47.52446860"><ele>1783.84</ele></trkpt>
<trkpt lon="13.04246905" lat="47.52444705"><ele>1785.23</ele></trkpt>
</trkseg><trkseg>
<trkpt lon="13.04246905" lat="47.52444705"><ele>1785.23</ele></trkpt>
<trkpt lon="13.04252772" lat="47.52441988"><ele>1784.93</ele></trkpt>
</trkseg><trkseg>
<trkpt lon="13.04252772" lat="47.52441988"><ele>1784.93</ele></trkpt>
<trkpt lon="13.04253698" lat="47.52439593"><ele>1784.79</ele></trkpt>
</trkseg><trkseg>
<trkpt lon="13.04253698" lat="47.52439593"><ele>1784.79</ele></trkpt>
<trkpt lon="13.04257294" lat="47.52440428"><ele>1784.56</ele></trkpt>
</trkseg><trkseg>
<trkpt lon="13.04257294" lat="47.52440428"><ele>1784.56</ele></trkpt>
<trkpt lon="13.04256919" lat="47.52442275"><ele>1784.96</ele></trkpt>
</trkseg><trkseg>
<trkpt lon="13.04256919" lat="47.52442275"><ele>1784.96</ele></trkpt>
<trkpt lon="13.04263894" lat="47.52443708"><ele>1784.63</ele></trkpt>
</trkseg><trkseg>
<trkpt lon="13.04263894" lat="47.52443708"><ele>1784.63</ele></trkpt>
<trkpt lon="13.04265127" lat="47.52441614"><ele>1784.08</ele></trkpt>
</trkseg><trkseg>
<trkpt lon="13.04265127" lat="47.52441614"><ele>1784.08</ele></trkpt>
<trkpt lon="13.04269807" lat="47.52437240"><ele>1784.54</ele></trkpt>
</trkseg><trkseg>
<trkpt lon="13.04269807" lat="47.52437240"><ele>1784.54</ele></trkpt>
<trkpt lon="13.04275760" lat="47.52437540"><ele>1786.96</ele></trkpt>
</trkseg><trkseg>
<trkpt lon="13.04275760" lat="47.52437540"><ele>1786.96</ele></trkpt>
<trkpt lon="13.04286203" lat="47.52436800"><ele>1788.51</ele></trkpt>
</trkseg><trkseg>
<trkpt lon="13.04286203" lat="47.52436800"><ele>1788.51</ele></trkpt>
<trkpt lon="13.04287471" lat="47.52434860"><ele>1788.87</ele></trkpt>
</trkseg><trkseg>
<trkpt lon="13.04287471" lat="47.52434860"><ele>1788.87</ele></trkpt>
<trkpt lon="13.04291455" lat="47.52436323"><ele>1788.72</ele></trkpt>
</trkseg><trkseg>
<trkpt lon="13.04291455" lat="47.52436323"><ele>1788.72</ele></trkpt>
<trkpt lon="13.04295275" lat="47.52435425"><ele>1788.55</ele></trkpt>
</trkseg><trkseg>
<trkpt lon="13.04295275" lat="47.52435425"><ele>1788.55</ele></trkpt>
<trkpt lon="13.04296465" lat="47.52437344"><ele>1789.70</ele></trkpt>
</trkseg><trkseg>
<trkpt lon="13.04296465" lat="47.52437344"><ele>1789.70</ele></trkpt>
<trkpt lon="13.04299275" lat="47.52438589"><ele>1792.40</ele></trkpt>
</trkseg><trkseg>
<trkpt lon="13.04299275" lat="47.52438589"><ele>1792.40</ele></trkpt>
<trkpt lon="13.04301976" lat="47.52436341"><ele>1790.75</ele></trkpt>
</trkseg><trkseg>
<trkpt lon="13.04301976" lat="47.52436341"><ele>1790.75</ele></trkpt>
<trkpt lon="13.04303648" lat="47.52432824"><ele>1787.96</ele></trkpt>
</trkseg><trkseg>
<trkpt lon="13.04303648" lat="47.52432824"><ele>1787.96</ele></trkpt>
<trkpt lon="13.04309590" lat="47.52433438"><ele>1788.45</ele></trkpt>
</trkseg><trkseg>
<trkpt lon="13.04301976" lat="47.52436341"><ele>1790.75</ele></trkpt>
<trkpt lon="13.04303778" lat="47.52438243"><ele>1794.82</ele></trkpt>
</trkseg><trkseg>
<trkpt lon="13.04303778" lat="47.52438243"><ele>1794.82</ele></trkpt>
<trkpt lon="13.04309154" lat="47.52444805"><ele>1795.44</ele></trkpt>
</trkseg><trkseg>
<trkpt lon="13.04309154" lat="47.52444805"><ele>1795.44</ele></trkpt>
<trkpt lon="13.04313230" lat="47.52446278"><ele>1795.36</ele></trkpt>
</trkseg><trkseg>
<trkpt lon="13.04313230" lat="47.52446278"><ele>1795.36</ele></trkpt>
<trkpt lon="13.04322500" lat="47.52449928"><ele>1794.27</ele></trkpt>
</trkseg><trkseg>
<trkpt lon="13.04322500" lat="47.52449928"><ele>1794.27</ele></trkpt>
<trkpt lon="13.04330002" lat="47.52453250"><ele>1793.11</ele></trkpt>
</trkseg><trkseg>
<trkpt lon="13.04330002" lat="47.52453250"><ele>1793.11</ele></trkpt>
<trkpt lon="13.04332920" lat="47.52460858"><ele>1794.64</ele></trkpt>
</trkseg><trkseg>
<trkpt lon="13.04332920" lat="47.52460858"><ele>1794.64</ele></trkpt>
<trkpt lon="13.04336236" lat="47.52457433"><ele>1792.99</ele></trkpt>
</trkseg><trkseg>
<trkpt lon="13.04336236" lat="47.52457433"><ele>1792.99</ele></trkpt>
<trkpt lon="13.04337968" lat="47.52456229"><ele>1792.05</ele></trkpt>
</trkseg><trkseg>
<trkpt lon="13.04337968" lat="47.52456229"><ele>1792.05</ele></trkpt>
<trkpt lon="13.04336030" lat="47.52454415"><ele>1791.64</ele></trkpt>
</trkseg><trkseg>
<trkpt lon="13.04336030" lat="47.52454415"><ele>1791.64</ele></trkpt>
<trkpt lon="13.04339836" lat="47.52452446"><ele>1792.17</ele></trkpt>
</trkseg><trkseg>
<trkpt lon="13.04339836" lat="47.52452446"><ele>1792.17</ele></trkpt>
<trkpt lon="13.04340114" lat="47.52450318"><ele>1791.87</ele></trkpt>
</trkseg><trkseg>
<trkpt lon="13.04340114" lat="47.52450318"><ele>1791.87</ele></trkpt>
<trkpt lon="13.04339283" lat="47.52455172"><ele>1779.62</ele></trkpt>
</trkseg><trkseg>
<trkpt lon="13.04340114" lat="47.52450318"><ele>1791.87</ele></trkpt>
<trkpt lon="13.04345520" lat="47.52450347"><ele>1792.70</ele></trkpt>
</trkseg><trkseg>
<trkpt lon="13.04345520" lat="47.52450347"><ele>1792.70</ele></trkpt>
<trkpt lon="13.04344714" lat="47.52449866"><ele>1792.82</ele></trkpt>
</trkseg><trkseg>
<trkpt lon="13.04344714" lat="47.52449866"><ele>1792.82</ele></trkpt>
<trkpt lon="13.04346725" lat="47.52448307"><ele>1794.45</ele></trkpt>
</trkseg><trkseg>
<trkpt lon="13.04346725" lat="47.52448307"><ele>1794.45</ele></trkpt>
<trkpt lon="13.04344918" lat="47.52445451"><ele>1796.25</ele></trkpt>
</trkseg><trkseg>
<trkpt lon="13.04344918" lat="47.52445451"><ele>1796.25</ele></trkpt>
<trkpt lon="13.04343410" lat="47.52443509"><ele>1796.24</ele></trkpt>
</trkseg><trkseg>
<trkpt lon="13.04343410" lat="47.52443509"><ele>1796.24</ele></trkpt>
<trkpt lon="13.04340490" lat="47.52444863"><ele>1795.71</ele></trkpt>
</trkseg><trkseg>
<trkpt lon="13.04340490" lat="47.52444863"><ele>1795.71</ele></trkpt>
<trkpt lon="13.04338222" lat="47.52443681"><ele>1796.72</ele></trkpt>
</trkseg><trkseg>
<trkpt lon="13.04338222" lat="47.52443681"><ele>1796.72</ele></trkpt>
<trkpt lon="13.04337021" lat="47.52440628"><ele>1796.62</ele></trkpt>
</trkseg><trkseg>
<trkpt lon="13.04337021" lat="47.52440628"><ele>1796.62</ele></trkpt>
<trkpt lon="13.04331941" lat="47.52438967"><ele>1796.64</ele></trkpt>
</trkseg><trkseg>
<trkpt lon="13.04331941" lat="47.52438967"><ele>1796.64</ele></trkpt>
<trkpt lon="13.04335399" lat="47.52435309"><ele>1795.03</ele></trkpt>
</trkseg><trkseg>
<trkpt lon="13.04335399" lat="47.52435309"><ele>1795.03</ele></trkpt>
<trkpt lon="13.04340080" lat="47.52433734"><ele>1794.13</ele></trkpt>
</trkseg><trkseg>
<trkpt lon="13.04340080" lat="47.52433734"><ele>1794.13</ele></trkpt>
<trkpt lon="13.04338342" lat="47.52431526"><ele>1797.60</ele></trkpt>
</trkseg><trkseg>
<trkpt lon="13.04338342" lat="47.52431526"><ele>1797.60</ele></trkpt>
<trkpt lon="13.04337385" lat="47.52430133"><ele>1799.70</ele></trkpt>
</trkseg><trkseg>
<trkpt lon="13.04337385" lat="47.52430133"><ele>1799.70</ele></trkpt>
<trkpt lon="13.04342071" lat="47.52427352"><ele>1802.16</ele></trkpt>
</trkseg><trkseg>
<trkpt lon="13.04342071" lat="47.52427352"><ele>1802.16</ele></trkpt>
<trkpt lon="13.04340354" lat="47.52427097"><ele>1803.18</ele></trkpt>
</trkseg><trkseg>
<trkpt lon="13.04340354" lat="47.52427097"><ele>1803.18</ele></trkpt>
<trkpt lon="13.04339331" lat="47.52426369"><ele>1805.42</ele></trkpt>
</trkseg><trkseg>
<trkpt lon="13.04144211" lat="47.52479052"><ele>1765.99</ele></trkpt>
<trkpt lon="13.04142273" lat="47.52483653"><ele>1766.62</ele></trkpt>
</trkseg><trkseg>
<trkpt lon="13.04142273" lat="47.52483653"><ele>1766.62</ele></trkpt>
<trkpt lon="13.04141106" lat="47.52486090"><ele>1770.18</ele></trkpt>
</trkseg><trkseg>
<trkpt lon="13.04141106" lat="47.52486090"><ele>1770.18</ele></trkpt>
<trkpt lon="13.04144932" lat="47.52485723"><ele>1767.03</ele></trkpt>
</trkseg><trkseg>
<trkpt lon="13.04144932" lat="47.52485723"><ele>1767.03</ele></trkpt>
<trkpt lon="13.04146494" lat="47.52488387"><ele>1765.54</ele></trkpt>
</trkseg><trkseg>
<trkpt lon="13.04146494" lat="47.52488387"><ele>1765.54</ele></trkpt>
<trkpt lon="13.04142432" lat="47.52492582"><ele>1767.00</ele></trkpt>
</trkseg><trkseg>
<trkpt lon="13.04142432" lat="47.52492582"><ele>1767.00</ele></trkpt>
<trkpt lon="13.04147980" lat="47.52497338"><ele>1759.22</ele></trkpt>
</trkseg><trkseg>
<trkpt lon="13.04842866" lat="47.52787086"><ele>1746.22</ele></trkpt>
<trkpt lon="13.04848957" lat="47.52783338"><ele>1743.98</ele></trkpt>
</trkseg><trkseg>
<trkpt lon="13.04848957" lat="47.52783338"><ele>1743.98</ele></trkpt>
<trkpt lon="13.04849955" lat="47.52781502"><ele>1743.77</ele></trkpt>
</trkseg><trkseg>
<trkpt lon="13.04849955" lat="47.52781502"><ele>1743.77</ele></trkpt>
<trkpt lon="13.04852190" lat="47.52780694"><ele>1744.25</ele></trkpt>
</trkseg><trkseg>
<trkpt lon="13.04852190" lat="47.52780694"><ele>1744.25</ele></trkpt>
<trkpt lon="13.04855734" lat="47.52780079"><ele>1744.80</ele></trkpt>
</trkseg><trkseg>
<trkpt lon="13.04855734" lat="47.52780079"><ele>1744.80</ele></trkpt>
<trkpt lon="13.04859325" lat="47.52777819"><ele>1745.75</ele></trkpt>
</trkseg><trkseg>
<trkpt lon="13.04859325" lat="47.52777819"><ele>1745.75</ele></trkpt>
<trkpt lon="13.04861847" lat="47.52781821"><ele>1744.82</ele></trkpt>
</trkseg><trkseg>
<trkpt lon="13.04859325" lat="47.52777819"><ele>1745.75</ele></trkpt>
<trkpt lon="13.04852954" lat="47.52777638"><ele>1744.90</ele></trkpt>
</trkseg><trkseg>
<trkpt lon="13.04852954" lat="47.52777638"><ele>1744.90</ele></trkpt>
<trkpt lon="13.04853456" lat="47.52775586"><ele>1744.63</ele></trkpt>
</trkseg><trkseg>
<trkpt lon="13.04853456" lat="47.52775586"><ele>1744.63</ele></trkpt>
<trkpt lon="13.04855218" lat="47.52774644"><ele>1745.06</ele></trkpt>
</trkseg><trkseg>
<trkpt lon="13.04855218" lat="47.52774644"><ele>1745.06</ele></trkpt>
<trkpt lon="13.04853031" lat="47.52773797"><ele>1745.48</ele></trkpt>
</trkseg><trkseg>
<trkpt lon="13.04853031" lat="47.52773797"><ele>1745.48</ele></trkpt>
<trkpt lon="13.04853846" lat="47.52770437"><ele>1744.79</ele></trkpt>
</trkseg><trkseg>
<trkpt lon="13.04853846" lat="47.52770437"><ele>1744.79</ele></trkpt>
<trkpt lon="13.04856680" lat="47.52768892"><ele>1745.42</ele></trkpt>
</trkseg><trkseg>
<trkpt lon="13.04856680" lat="47.52768892"><ele>1745.42</ele></trkpt>
<trkpt lon="13.04856385" lat="47.52767169"><ele>1744.85</ele></trkpt>
</trkseg><trkseg>
<trkpt lon="13.04856385" lat="47.52767169"><ele>1744.85</ele></trkpt>
<trkpt lon="13.04857972" lat="47.52765945"><ele>1742.01</ele></trkpt>
</trkseg><trkseg>
<trkpt lon="13.04857972" lat="47.52765945"><ele>1742.01</ele></trkpt>
<trkpt lon="13.04858010" lat="47.52764551"><ele>1738.65</ele></trkpt>
</trkseg><trkseg>
<trkpt lon="13.04546159" lat="47.53068441"><ele>1751.80</ele></trkpt>
<trkpt lon="13.04543925" lat="47.53068484"><ele>1751.66</ele></trkpt>
</trkseg><trkseg>
<trkpt lon="13.04543925" lat="47.53068484"><ele>1751.66</ele></trkpt>
<trkpt lon="13.04544998" lat="47.53070347"><ele>1751.97</ele></trkpt>
</trkseg><trkseg>
<trkpt lon="13.04544998" lat="47.53070347"><ele>1751.97</ele></trkpt>
<trkpt lon="13.04551813" lat="47.53073585"><ele>1739.83</ele></trkpt>
</trkseg><trkseg>
<trkpt lon="13.04544998" lat="47.53070347"><ele>1751.97</ele></trkpt>
<trkpt lon="13.04540232" lat="47.53072038"><ele>1755.35</ele></trkpt>
</trkseg><trkseg>
<trkpt lon="13.04540232" lat="47.53072038"><ele>1755.35</ele></trkpt>
<trkpt lon="13.04540070" lat="47.53073529"><ele>1755.27</ele></trkpt>
<trkpt lon="13.04537605" lat="47.53075881"><ele>1755.55</ele></trkpt>
</trkseg><trkseg>
<trkpt lon="13.04544998" lat="47.53070347"><ele>1751.97</ele></trkpt>
<trkpt lon="13.04540850" lat="47.53072211"><ele>1753.04</ele></trkpt>
</trkseg><trkseg>
<trkpt lon="13.04540850" lat="47.53072211"><ele>1753.04</ele></trkpt>
<trkpt lon="13.04537876" lat="47.53071431"><ele>1753.29</ele></trkpt>
</trkseg><trkseg>
<trkpt lon="13.04537876" lat="47.53071431"><ele>1753.29</ele></trkpt>
<trkpt lon="13.04537283" lat="47.53070593"><ele>1753.59</ele></trkpt>
</trkseg><trkseg>
<trkpt lon="13.04537283" lat="47.53070593"><ele>1753.59</ele></trkpt>
<trkpt lon="13.04534480" lat="47.53070221"><ele>1754.59</ele></trkpt>
</trkseg><trkseg>
<trkpt lon="13.04100975" lat="47.52603004"><ele>1713.05</ele></trkpt>
<trkpt lon="13.04096673" lat="47.52604730"><ele>1713.05</ele></trkpt>
</trkseg><trkseg>
<trkpt lon="13.04096673" lat="47.52604730"><ele>1713.05</ele></trkpt>
<trkpt lon="13.04098825" lat="47.52607593"><ele>1707.80</ele></trkpt>
</trkseg><trkseg>
<trkpt lon="13.04096673" lat="47.52604730"><ele>1713.05</ele></trkpt>
<trkpt lon="13.04096231" lat="47.52608745"><ele>1712.99</ele></trkpt>
</trkseg><trkseg>
<trkpt lon="13.04096231" lat="47.52608745"><ele>1712.99</ele></trkpt>
<trkpt lon="13.04084195" lat="47.52601962"><ele>1714.05</ele></trkpt>
</trkseg><trkseg>
<trkpt lon="13.04084195" lat="47.52601962"><ele>1714.05</ele></trkpt>
<trkpt lon="13.04082640" lat="47.52594502"><ele>1710.64</ele></trkpt>
</trkseg><trkseg>
<trkpt lon="13.04082640" lat="47.52594502"><ele>1710.64</ele></trkpt>
<trkpt lon="13.04079182" lat="47.52593534"><ele>1710.62</ele></trkpt>
</trkseg><trkseg>
<trkpt lon="13.04079182" lat="47.52593534"><ele>1710.62</ele></trkpt>
<trkpt lon="13.04079178" lat="47.52591141"><ele>1710.98</ele></trkpt>
</trkseg><trkseg>
<trkpt lon="13.04079178" lat="47.52591141"><ele>1710.98</ele></trkpt>
<trkpt lon="13.04071727" lat="47.52590726"><ele>1712.09</ele></trkpt>
</trkseg><trkseg>
<trkpt lon="13.04071727" lat="47.52590726"><ele>1712.09</ele></trkpt>
<trkpt lon="13.04065268" lat="47.52592946"><ele>1709.30</ele></trkpt>
</trkseg><trkseg>
<trkpt lon="13.04071727" lat="47.52590726"><ele>1712.09</ele></trkpt>
<trkpt lon="13.04073480" lat="47.52582540"><ele>1712.04</ele></trkpt>
</trkseg><trkseg>
<trkpt lon="13.04073480" lat="47.52582540"><ele>1712.04</ele></trkpt>
<trkpt lon="13.04077498" lat="47.52580251"><ele>1711.49</ele></trkpt>
</trkseg><trkseg>
<trkpt lon="13.04077498" lat="47.52580251"><ele>1711.49</ele></trkpt>
<trkpt lon="13.04075957" lat="47.52576670"><ele>1711.82</ele></trkpt>
</trkseg><trkseg>
<trkpt lon="13.04075957" lat="47.52576670"><ele>1711.82</ele></trkpt>
<trkpt lon="13.04077494" lat="47.52573583"><ele>1713.26</ele></trkpt>
</trkseg><trkseg>
<trkpt lon="13.04077494" lat="47.52573583"><ele>1713.26</ele></trkpt>
<trkpt lon="13.04071506" lat="47.52570988"><ele>1712.68</ele></trkpt>
</trkseg><trkseg>
<trkpt lon="13.04071506" lat="47.52570988"><ele>1712.68</ele></trkpt>
<trkpt lon="13.04072388" lat="47.52567998"><ele>1713.19</ele></trkpt>
</trkseg><trkseg>
<trkpt lon="13.04072388" lat="47.52567998"><ele>1713.19</ele></trkpt>
<trkpt lon="13.04070162" lat="47.52564981"><ele>1713.08</ele></trkpt>
</trkseg><trkseg>
<trkpt lon="13.04070162" lat="47.52564981"><ele>1713.08</ele></trkpt>
<trkpt lon="13.04072731" lat="47.52560922"><ele>1713.20</ele></trkpt>
</trkseg><trkseg>
<trkpt lon="13.04072731" lat="47.52560922"><ele>1713.20</ele></trkpt>
<trkpt lon="13.04075958" lat="47.52564882"><ele>1717.64</ele></trkpt>
</trkseg><trkseg>
<trkpt lon="13.04075958" lat="47.52564882"><ele>1717.64</ele></trkpt>
<trkpt lon="13.04077068" lat="47.52566107"><ele>1717.19</ele></trkpt>
</trkseg><trkseg>
<trkpt lon="13.04077068" lat="47.52566107"><ele>1717.19</ele></trkpt>
<trkpt lon="13.04075887" lat="47.52567509"><ele>1718.48</ele></trkpt>
</trkseg><trkseg>
<trkpt lon="13.04075887" lat="47.52567509"><ele>1718.48</ele></trkpt>
<trkpt lon="13.04077076" lat="47.52569122"><ele>1718.66</ele></trkpt>
</trkseg><trkseg>
<trkpt lon="13.04077076" lat="47.52569122"><ele>1718.66</ele></trkpt>
<trkpt lon="13.04080108" lat="47.52571540"><ele>1718.33</ele></trkpt>
</trkseg><trkseg>
<trkpt lon="13.04080108" lat="47.52571540"><ele>1718.33</ele></trkpt>
<trkpt lon="13.04082151" lat="47.52569101"><ele>1718.57</ele></trkpt>
</trkseg><trkseg>
<trkpt lon="13.04082151" lat="47.52569101"><ele>1718.57</ele></trkpt>
<trkpt lon="13.04091754" lat="47.52568095"><ele>1718.95</ele></trkpt>
</trkseg><trkseg>
<trkpt lon="13.04091754" lat="47.52568095"><ele>1718.95</ele></trkpt>
<trkpt lon="13.04091301" lat="47.52562787"><ele>1720.13</ele></trkpt>
</trkseg><trkseg>
<trkpt lon="13.04091301" lat="47.52562787"><ele>1720.13</ele></trkpt>
<trkpt lon="13.04090821" lat="47.52559971"><ele>1721.51</ele></trkpt>
</trkseg><trkseg>
<trkpt lon="13.04090821" lat="47.52559971"><ele>1721.51</ele></trkpt>
<trkpt lon="13.04086025" lat="47.52557469"><ele>1723.10</ele></trkpt>
</trkseg><trkseg>
<trkpt lon="13.04086025" lat="47.52557469"><ele>1723.10</ele></trkpt>
<trkpt lon="13.04087569" lat="47.52556685"><ele>1721.81</ele></trkpt>
</trkseg><trkseg>
<trkpt lon="13.04087569" lat="47.52556685"><ele>1721.81</ele></trkpt>
<trkpt lon="13.04088593" lat="47.52553454"><ele>1724.79</ele></trkpt>
</trkseg><trkseg>
<trkpt lon="13.04088593" lat="47.52553454"><ele>1724.79</ele></trkpt>
<trkpt lon="13.04084522" lat="47.52548958"><ele>1725.88</ele></trkpt>
</trkseg><trkseg>
<trkpt lon="13.04159962" lat="47.52582659"><ele>1691.27</ele></trkpt>
<trkpt lon="13.04160727" lat="47.52582438"><ele>1686.34</ele></trkpt>
</trkseg><trkseg>
<trkpt lon="13.04095283" lat="47.52598174"><ele>1752.97</ele></trkpt>
<trkpt lon="13.04100994" lat="47.52596454"><ele>1754.42</ele></trkpt>
<trkpt lon="13.04094927" lat="47.52596692"><ele>1764.60</ele></trkpt>
</trkseg><trkseg>
<trkpt lon="13.04100994" lat="47.52596454"><ele>1754.42</ele></trkpt>
<trkpt lon="13.04108394" lat="47.52597156"><ele>1754.83</ele></trkpt>
</trkseg><trkseg>
<trkpt lon="13.04108394" lat="47.52597156"><ele>1754.83</ele></trkpt>
<trkpt lon="13.04110546" lat="47.52592514"><ele>1755.43</ele></trkpt>
</trkseg><trkseg>
<trkpt lon="13.04110546" lat="47.52592514"><ele>1755.43</ele></trkpt>
<trkpt lon="13.04109776" lat="47.52590719"><ele>1755.78</ele></trkpt>
</trkseg><trkseg>
<trkpt lon="13.04109776" lat="47.52590719"><ele>1755.78</ele></trkpt>
<trkpt lon="13.04111463" lat="47.52586455"><ele>1755.88</ele></trkpt>
</trkseg><trkseg>
<trkpt lon="13.04339331" lat="47.52426369"><ele>1805.42</ele></trkpt>
<trkpt lon="13.04331820" lat="47.52427231"><ele>1804.65</ele></trkpt>
</trkseg><trkseg>
<trkpt lon="13.04331820" lat="47.52427231"><ele>1804.65</ele></trkpt>
<trkpt lon="13.04330669" lat="47.52424952"><ele>1802.67</ele></trkpt>
</trkseg><trkseg>
<trkpt lon="13.04330669" lat="47.52424952"><ele>1802.67</ele></trkpt>
<trkpt lon="13.04333270" lat="47.52425024"><ele>1798.85</ele></trkpt>
</trkseg><trkseg>
<trkpt lon="13.04333270" lat="47.52425024"><ele>1798.85</ele></trkpt>
<trkpt lon="13.04335140" lat="47.52419765"><ele>1797.54</ele></trkpt>
</trkseg><trkseg>
<trkpt lon="13.04335140" lat="47.52419765"><ele>1797.54</ele></trkpt>
<trkpt lon="13.04334789" lat="47.52417761"><ele>1798.08</ele></trkpt>
</trkseg><trkseg>
<trkpt lon="13.04334789" lat="47.52417761"><ele>1798.08</ele></trkpt>
<trkpt lon="13.04336413" lat="47.52416979"><ele>1798.89</ele></trkpt>
</trkseg><trkseg>
<trkpt lon="13.04336413" lat="47.52416979"><ele>1798.89</ele></trkpt>
<trkpt lon="13.04333082" lat="47.52414376"><ele>1802.17</ele></trkpt>
</trkseg><trkseg>
<trkpt lon="13.04333082" lat="47.52414376"><ele>1802.17</ele></trkpt>
<trkpt lon="13.04331432" lat="47.52411234"><ele>1801.30</ele></trkpt>
</trkseg><trkseg>
<trkpt lon="13.04331432" lat="47.52411234"><ele>1801.30</ele></trkpt>
<trkpt lon="13.04333042" lat="47.52411162"><ele>1803.46</ele></trkpt>
</trkseg><trkseg>
<trkpt lon="13.04333042" lat="47.52411162"><ele>1803.46</ele></trkpt>
<trkpt lon="13.04333430" lat="47.52408227"><ele>1802.79</ele></trkpt>
</trkseg><trkseg>
<trkpt lon="13.04333430" lat="47.52408227"><ele>1802.79</ele></trkpt>
<trkpt lon="13.04337066" lat="47.52407632"><ele>1801.83</ele></trkpt>
</trkseg><trkseg>
<trkpt lon="13.04337066" lat="47.52407632"><ele>1801.83</ele></trkpt>
<trkpt lon="13.04340234" lat="47.52408892"><ele>1801.96</ele></trkpt>
</trkseg><trkseg>
<trkpt lon="13.04340234" lat="47.52408892"><ele>1801.96</ele></trkpt>
<trkpt lon="13.04339897" lat="47.52410452"><ele>1804.43</ele></trkpt>
</trkseg><trkseg>
<trkpt lon="13.04339897" lat="47.52410452"><ele>1804.43</ele></trkpt>
<trkpt lon="13.04340783" lat="47.52415209"><ele>1802.43</ele></trkpt>
</trkseg><trkseg>
<trkpt lon="13.04339897" lat="47.52410452"><ele>1804.43</ele></trkpt>
<trkpt lon="13.04340842" lat="47.52411817"><ele>1814.15</ele></trkpt>
</trkseg><trkseg>
<trkpt lon="13.04340842" lat="47.52411817"><ele>1814.15</ele></trkpt>
<trkpt lon="13.04343743" lat="47.52413829"><ele>1814.79</ele></trkpt>
</trkseg><trkseg>
<trkpt lon="13.04343743" lat="47.52413829"><ele>1814.79</ele></trkpt>
<trkpt lon="13.04351032" lat="47.52414664"><ele>1813.71</ele></trkpt>
</trkseg><trkseg>
<trkpt lon="13.04351032" lat="47.52414664"><ele>1813.71</ele></trkpt>
<trkpt lon="13.04351366" lat="47.52416406"><ele>1816.72</ele></trkpt>
</trkseg><trkseg>
<trkpt lon="13.04351366" lat="47.52416406"><ele>1816.72</ele></trkpt>
<trkpt lon="13.04355807" lat="47.52417364"><ele>1818.19</ele></trkpt>
</trkseg><trkseg>
<trkpt lon="13.04355807" lat="47.52417364"><ele>1818.19</ele></trkpt>
<trkpt lon="13.04353546" lat="47.52422085"><ele>1821.08</ele></trkpt>
</trkseg><trkseg>
<trkpt lon="13.04353546" lat="47.52422085"><ele>1821.08</ele></trkpt>
<trkpt lon="13.04360486" lat="47.52423374"><ele>1825.95</ele></trkpt>
</trkseg><trkseg>
<trkpt lon="13.04133201" lat="47.52599191"><ele>1696.49</ele></trkpt>
<trkpt lon="13.04133201" lat="47.52599191"><ele>1696.49</ele></trkpt>
</trkseg><trkseg>
<trkpt lon="13.04360486" lat="47.52423374"><ele>1825.95</ele></trkpt>
<trkpt lon="13.04366071" lat="47.52424648"><ele>1825.95</ele></trkpt>
</trkseg><trkseg>
<trkpt lon="13.04366071" lat="47.52424648"><ele>1825.95</ele></trkpt>
<trkpt lon="13.04369292" lat="47.52425198"><ele>1827.70</ele></trkpt>
</trkseg><trkseg>
<trkpt lon="13.04369292" lat="47.52425198"><ele>1827.70</ele></trkpt>
<trkpt lon="13.04367001" lat="47.52432870"><ele>1826.82</ele></trkpt>
</trkseg><trkseg>
<trkpt lon="13.04367001" lat="47.52432870"><ele>1826.82</ele></trkpt>
<trkpt lon="13.04370178" lat="47.52434238"><ele>1827.16</ele></trkpt>
</trkseg><trkseg>
<trkpt lon="13.04370178" lat="47.52434238"><ele>1827.16</ele></trkpt>
<trkpt lon="13.04372651" lat="47.52432040"><ele>1827.72</ele></trkpt>
</trkseg><trkseg>
<trkpt lon="13.04372651" lat="47.52432040"><ele>1827.72</ele></trkpt>
<trkpt lon="13.04375995" lat="47.52432133"><ele>1826.96</ele></trkpt>
</trkseg><trkseg>
<trkpt lon="13.04375995" lat="47.52432133"><ele>1826.96</ele></trkpt>
<trkpt lon="13.04379532" lat="47.52427037"><ele>1826.51</ele></trkpt>
</trkseg><trkseg>
<trkpt lon="13.04379532" lat="47.52427037"><ele>1826.51</ele></trkpt>
<trkpt lon="13.04387435" lat="47.52427433"><ele>1825.06</ele></trkpt>
</trkseg><trkseg>
<trkpt lon="13.04387435" lat="47.52427433"><ele>1825.06</ele></trkpt>
<trkpt lon="13.04382751" lat="47.52423709"><ele>1827.61</ele></trkpt>
</trkseg><trkseg>
<trkpt lon="13.04382751" lat="47.52423709"><ele>1827.61</ele></trkpt>
<trkpt lon="13.04380282" lat="47.52418321"><ele>1826.27</ele></trkpt>
</trkseg><trkseg>
<trkpt lon="13.04380282" lat="47.52418321"><ele>1826.27</ele></trkpt>
<trkpt lon="13.04372374" lat="47.52413039"><ele>1827.31</ele></trkpt>
</trkseg><trkseg>
<trkpt lon="13.04372374" lat="47.52413039"><ele>1827.31</ele></trkpt>
<trkpt lon="13.04378626" lat="47.52410330"><ele>1828.37</ele></trkpt>
</trkseg><trkseg>
<trkpt lon="13.04378626" lat="47.52410330"><ele>1828.37</ele></trkpt>
<trkpt lon="13.04384579" lat="47.52405995"><ele>1827.23</ele></trkpt>
</trkseg><trkseg>
<trkpt lon="13.04384579" lat="47.52405995"><ele>1827.23</ele></trkpt>
<trkpt lon="13.04397451" lat="47.52407465"><ele>1826.10</ele></trkpt>
</trkseg><trkseg>
<trkpt lon="13.04397451" lat="47.52407465"><ele>1826.10</ele></trkpt>
<trkpt lon="13.04395047" lat="47.52401009"><ele>1827.48</ele></trkpt>
</trkseg><trkseg>
<trkpt lon="13.04395047" lat="47.52401009"><ele>1827.48</ele></trkpt>
<trkpt lon="13.04397053" lat="47.52399567"><ele>1827.91</ele></trkpt>
</trkseg><trkseg>
<trkpt lon="13.04397053" lat="47.52399567"><ele>1827.91</ele></trkpt>
<trkpt lon="13.04392764" lat="47.52396326"><ele>1828.02</ele></trkpt>
</trkseg><trkseg>
<trkpt lon="13.04392764" lat="47.52396326"><ele>1828.02</ele></trkpt>
<trkpt lon="13.04388669" lat="47.52394259"><ele>1828.78</ele></trkpt>
</trkseg><trkseg>
<trkpt lon="13.04392764" lat="47.52396326"><ele>1828.02</ele></trkpt>
<trkpt lon="13.04394368" lat="47.52394266"><ele>1826.41</ele></trkpt>
</trkseg><trkseg>
<trkpt lon="13.04394368" lat="47.52394266"><ele>1826.41</ele></trkpt>
<trkpt lon="13.04389582" lat="47.52390423"><ele>1825.82</ele></trkpt>
</trkseg><trkseg>
<trkpt lon="13.04389582" lat="47.52390423"><ele>1825.82</ele></trkpt>
<trkpt lon="13.04386881" lat="47.52388406"><ele>1825.87</ele></trkpt>
</trkseg><trkseg>
<trkpt lon="13.04186445" lat="47.52588564"><ele>1647.60</ele></trkpt>
<trkpt lon="13.04187722" lat="47.52592086"><ele>1668.16</ele></trkpt>
</trkseg><trkseg>
<trkpt lon="13.04214898" lat="47.52581150"><ele>1582.34</ele></trkpt>
<trkpt lon="13.04222436" lat="47.52578525"><ele>1580.93</ele></trkpt>
<trkpt lon="13.04223459" lat="47.52580639"><ele>1580.77</ele></trkpt>
</trkseg><trkseg>
<trkpt lon="13.04223459" lat="47.52580639"><ele>1580.77</ele></trkpt>
<trkpt lon="13.04227708" lat="47.52579641"><ele>1580.70</ele></trkpt>
</trkseg><trkseg>
<trkpt lon="13.04255309" lat="47.52592629"><ele>1548.31</ele></trkpt>
<trkpt lon="13.04263323" lat="47.52593252"><ele>1542.70</ele></trkpt>
</trkseg><trkseg>
<trkpt lon="13.04263323" lat="47.52593252"><ele>1542.70</ele></trkpt>
<trkpt lon="13.04266515" lat="47.52593171"><ele>1541.36</ele></trkpt>
</trkseg><trkseg>
<trkpt lon="13.04266515" lat="47.52593171"><ele>1541.36</ele></trkpt>
<trkpt lon="13.04268710" lat="47.52595593"><ele>1540.72</ele></trkpt>
</trkseg><trkseg>
<trkpt lon="13.04268710" lat="47.52595593"><ele>1540.72</ele></trkpt>
<trkpt lon="13.04270731" lat="47.52597688"><ele>1539.28</ele></trkpt>
<trkpt lon="13.04272302" lat="47.52603654"><ele>1529.20</ele></trkpt>
</trkseg><trkseg>
<trkpt lon="13.04336412" lat="47.53151535"><ele>1764.64</ele></trkpt>
<trkpt lon="13.04330214" lat="47.53151358"><ele>1765.23</ele></trkpt>
<trkpt lon="13.04328505" lat="47.53153722"><ele>1760.74</ele></trkpt>
<trkpt lon="13.04333947" lat="47.53152438"><ele>1748.47</ele></trkpt>
<trkpt lon="13.04326624" lat="47.53156065"><ele>1746.39</ele></trkpt>
<trkpt lon="13.04323993" lat="47.53157856"><ele>1743.96</ele></trkpt>
<trkpt lon="13.04319803" lat="47.53156912"><ele>1739.41</ele></trkpt>
<trkpt lon="13.04317894" lat="47.53155745"><ele>1739.31</ele></trkpt>
<trkpt lon="13.04313180" lat="47.53156385"><ele>1738.14</ele></trkpt>
<trkpt lon="13.04311955" lat="47.53157156"><ele>1733.88</ele></trkpt>
<trkpt lon="13.04308283" lat="47.53156940"><ele>1729.97</ele></trkpt>
<trkpt lon="13.04308032" lat="47.53155109"><ele>1730.18</ele></trkpt>
<trkpt lon="13.04309434" lat="47.53154575"><ele>1727.93</ele></trkpt>
<trkpt lon="13.04310703" lat="47.53152248"><ele>1724.18</ele></trkpt>
</trkseg><trkseg>
<trkpt lon="13.04463661" lat="47.53091762"><ele>1758.64</ele></trkpt>
<trkpt lon="13.04458821" lat="47.53100065"><ele>1761.32</ele></trkpt>
<trkpt lon="13.04461696" lat="47.53102445"><ele>1763.03</ele></trkpt>
<trkpt lon="13.04463679" lat="47.53104117"><ele>1762.24</ele></trkpt>
<trkpt lon="13.04461832" lat="47.53108071"><ele>1762.15</ele></trkpt>
<trkpt lon="13.04459908" lat="47.53113006"><ele>1761.29</ele></trkpt>
<trkpt lon="13.04450270" lat="47.53115640"><ele>1764.66</ele></trkpt>
<trkpt lon="13.04450892" lat="47.53117864"><ele>1760.93</ele></trkpt>
<trkpt lon="13.04444487" lat="47.53120373"><ele>1761.98</ele></trkpt>
<trkpt lon="13.04445873" lat="47.53120991"><ele>1761.11</ele></trkpt>
<trkpt lon="13.04445734" lat="47.53124363"><ele>1760.90</ele></trkpt>
<trkpt lon="13.04442129" lat="47.53126983"><ele>1763.17</ele></trkpt>
<trkpt lon="13.04446506" lat="47.53129694"><ele>1761.30</ele></trkpt>
<trkpt lon="13.04455161" lat="47.53133828"><ele>1757.92</ele></trkpt>
<trkpt lon="13.04460730" lat="47.53137342"><ele>1754.52</ele></trkpt>
<trkpt lon="13.04464173" lat="47.53144096"><ele>1752.55</ele></trkpt>
<trkpt lon="13.04459579" lat="47.53144000"><ele>1750.42</ele></trkpt>
<trkpt lon="13.04454649" lat="47.53149737"><ele>1758.36</ele></trkpt>
</trkseg><trkseg>
<trkpt lon="13.04464173" lat="47.53144096"><ele>1752.55</ele></trkpt>
<trkpt lon="13.04467063" lat="47.53144622"><ele>1751.70</ele></trkpt>
<trkpt lon="13.04463889" lat="47.53147420"><ele>1748.63</ele></trkpt>
<trkpt lon="13.04463585" lat="47.53149881"><ele>1746.68</ele></trkpt>
</trkseg><trkseg>
<trkpt lon="13.04463889" lat="47.53147420"><ele>1748.63</ele></trkpt>
<trkpt lon="13.04468778" lat="47.53150671"><ele>1746.52</ele></trkpt>
<trkpt lon="13.04469838" lat="47.53152174"><ele>1745.68</ele></trkpt>
</trkseg><trkseg>
<trkpt lon="13.04442129" lat="47.53126983"><ele>1763.17</ele></trkpt>
<trkpt lon="13.04449083" lat="47.53125761"><ele>1759.60</ele></trkpt>
<trkpt lon="13.04452428" lat="47.53126934"><ele>1758.53</ele></trkpt>
</trkseg><trkseg>
<trkpt lon="13.04444487" lat="47.53120373"><ele>1761.98</ele></trkpt>
<trkpt lon="13.04442859" lat="47.53118420"><ele>1764.45</ele></trkpt>
</trkseg><trkseg>
<trkpt lon="13.04463679" lat="47.53104117"><ele>1762.24</ele></trkpt>
<trkpt lon="13.04465539" lat="47.53105912"><ele>1761.32</ele></trkpt>
<trkpt lon="13.04468168" lat="47.53104886"><ele>1758.20</ele></trkpt>
<trkpt lon="13.04468328" lat="47.53098797"><ele>1757.17</ele></trkpt>
</trkseg><trkseg>
<trkpt lon="13.04461696" lat="47.53102445"><ele>1763.03</ele></trkpt>
<trkpt lon="13.04465050" lat="47.53096914"><ele>1765.60</ele></trkpt>
</trkseg><trkseg>
<trkpt lon="13.04463661" lat="47.53091762"><ele>1758.64</ele></trkpt>
<trkpt lon="13.04467653" lat="47.53095870"><ele>1757.20</ele></trkpt>
<trkpt lon="13.04470630" lat="47.53092978"><ele>1759.36</ele></trkpt>
</trkseg><trkseg>
<trkpt lon="13.04467653" lat="47.53095870"><ele>1757.20</ele></trkpt>
<trkpt lon="13.04463981" lat="47.53098516"><ele>1757.25</ele></trkpt>
<trkpt lon="13.04468920" lat="47.53100022"><ele>1756.91</ele></trkpt>
</trkseg><trkseg>
<trkpt lon="13.04459579" lat="47.53144000"><ele>1750.42</ele></trkpt>
<trkpt lon="13.04459370" lat="47.53144626"><ele>1749.78</ele></trkpt>
<trkpt lon="13.04458170" lat="47.53144371"><ele>1747.34</ele></trkpt>
<trkpt lon="13.04454622" lat="47.53145112"><ele>1746.35</ele></trkpt>
<trkpt lon="13.04454456" lat="47.53145640"><ele>1745.50</ele></trkpt>
</trkseg><trkseg>
<trkpt lon="13.04454456" lat="47.53145640"><ele>1745.50</ele></trkpt>
<trkpt lon="13.04454334" lat="47.53145692"><ele>1745.30</ele></trkpt>
</trkseg><trkseg>
<trkpt lon="13.04468778" lat="47.53150671"><ele>1746.52</ele></trkpt>
<trkpt lon="13.04470252" lat="47.53151740"><ele>1747.59</ele></trkpt>
</trkseg><trkseg>
<trkpt lon="13.04470252" lat="47.53151740"><ele>1747.59</ele></trkpt>
<trkpt lon="13.04473132" lat="47.53156495"><ele>1744.62</ele></trkpt>
</trkseg><trkseg>
<trkpt lon="13.04354735" lat="47.53137586"><ele>1760.11</ele></trkpt>
<trkpt lon="13.04361754" lat="47.53137831"><ele>1762.70</ele></trkpt>
<trkpt lon="13.04369037" lat="47.53139926"><ele>1767.58</ele></trkpt>
<trkpt lon="13.04369443" lat="47.53138655"><ele>1767.49</ele></trkpt>
<trkpt lon="13.04368905" lat="47.53139204"><ele>1771.71</ele></trkpt>
</trkseg><trkseg>
<trkpt lon="13.04369037" lat="47.53139926"><ele>1767.58</ele></trkpt>
<trkpt lon="13.04368039" lat="47.53139981"><ele>1768.83</ele></trkpt>
</trkseg><trkseg>
<trkpt lon="13.04368039" lat="47.53139981"><ele>1768.83</ele></trkpt>
<trkpt lon="13.04366700" lat="47.53139544"><ele>1768.80</ele></trkpt>
</trkseg><trkseg>
<trkpt lon="13.04366700" lat="47.53139544"><ele>1768.80</ele></trkpt>
<trkpt lon="13.04365783" lat="47.53140249"><ele>1768.91</ele></trkpt>
</trkseg><trkseg>
<trkpt lon="13.04365783" lat="47.53140249"><ele>1768.91</ele></trkpt>
<trkpt lon="13.04364348" lat="47.53140251"><ele>1769.11</ele></trkpt>
</trkseg><trkseg>
<trkpt lon="13.04364348" lat="47.53140251"><ele>1769.11</ele></trkpt>
<trkpt lon="13.04363517" lat="47.53140804"><ele>1769.07</ele></trkpt>
</trkseg><trkseg>
<trkpt lon="13.04363517" lat="47.53140804"><ele>1769.07</ele></trkpt>
<trkpt lon="13.04364670" lat="47.53140878"><ele>1770.54</ele></trkpt>
</trkseg><trkseg>
<trkpt lon="13.04364670" lat="47.53140878"><ele>1770.54</ele></trkpt>
<trkpt lon="13.04363123" lat="47.53141760"><ele>1771.20</ele></trkpt>
</trkseg><trkseg>
<trkpt lon="13.04363123" lat="47.53141760"><ele>1771.20</ele></trkpt>
<trkpt lon="13.04365191" lat="47.53142587"><ele>1771.72</ele></trkpt>
</trkseg><trkseg>
<trkpt lon="13.04365191" lat="47.53142587"><ele>1771.72</ele></trkpt>
<trkpt lon="13.04365032" lat="47.53142953"><ele>1772.50</ele></trkpt>
</trkseg><trkseg>
<trkpt lon="13.04153959" lat="47.53217608"><ele>1755.57</ele></trkpt>
<trkpt lon="13.04151192" lat="47.53213782"><ele>1754.85</ele></trkpt>
</trkseg><trkseg>
<trkpt lon="13.04159636" lat="47.53210759"><ele>1752.76</ele></trkpt>
<trkpt lon="13.04154788" lat="47.53209632"><ele>1756.44</ele></trkpt>
<trkpt lon="13.04155764" lat="47.53212330"><ele>1756.09</ele></trkpt>
</trkseg><trkseg>
<trkpt lon="13.04190745" lat="47.53194562"><ele>1759.56</ele></trkpt>
<trkpt lon="13.04193647" lat="47.53190472"><ele>1761.31</ele></trkpt>
<trkpt lon="13.04204842" lat="47.53189206"><ele>1765.99</ele></trkpt>
<trkpt lon="13.04209401" lat="47.53185945"><ele>1766.70</ele></trkpt>
<trkpt lon="13.04212841" lat="47.53182405"><ele>1767.59</ele></trkpt>
<trkpt lon="13.04210560" lat="47.53179810"><ele>1767.70</ele></trkpt>
</trkseg><trkseg>
<trkpt lon="13.04150321" lat="47.53216116"><ele>1752.07</ele></trkpt>
<trkpt lon="13.04148134" lat="47.53218121"><ele>1749.20</ele></trkpt>
</trkseg><trkseg>
<trkpt lon="13.04139093" lat="47.53229691"><ele>1749.66</ele></trkpt>
<trkpt lon="13.04137644" lat="47.53233653"><ele>1747.91</ele></trkpt>
<trkpt lon="13.04135202" lat="47.53236077"><ele>1744.39</ele></trkpt>
<trkpt lon="13.04131931" lat="47.53237569"><ele>1743.62</ele></trkpt>
<trkpt lon="13.04126230" lat="47.53237957"><ele>1741.45</ele></trkpt>
<trkpt lon="13.04121375" lat="47.53241302"><ele>1739.54</ele></trkpt>
<trkpt lon="13.04119174" lat="47.53240104"><ele>1738.48</ele></trkpt>
<trkpt lon="13.04114192" lat="47.53244743"><ele>1735.73</ele></trkpt>
<trkpt lon="13.04115076" lat="47.53240970"><ele>1734.86</ele></trkpt>
<trkpt lon="13.04114779" lat="47.53240731"><ele>1734.09</ele></trkpt>
<trkpt lon="13.04108396" lat="47.53242304"><ele>1733.94</ele></trkpt>
</trkseg><trkseg>
<trkpt lon="13.04148802" lat="47.53228363"><ele>1749.95</ele></trkpt>
<trkpt lon="13.04142474" lat="47.53228102"><ele>1746.68</ele></trkpt>
<trkpt lon="13.04140225" lat="47.53227857"><ele>1744.15</ele></trkpt>
<trkpt lon="13.04138054" lat="47.53230123"><ele>1742.91</ele></trkpt>
<trkpt lon="13.04137809" lat="47.53231703"><ele>1741.13</ele></trkpt>
<trkpt lon="13.04137327" lat="47.53232523"><ele>1737.20</ele></trkpt>
<trkpt lon="13.04137980" lat="47.53229987"><ele>1736.40</ele></trkpt>
<trkpt lon="13.04143397" lat="47.53229720"><ele>1735.17</ele></trkpt>
<trkpt lon="13.04142272" lat="47.53230672"><ele>1734.82</ele></trkpt>
<trkpt lon="13.04145845" lat="47.53231066"><ele>1734.28</ele></trkpt>
</trkseg><trkseg>
<trkpt lon="13.03995326" lat="47.53264056"><ele>1758.82</ele></trkpt>
<trkpt lon="13.03994185" lat="47.53261166"><ele>1763.24</ele></trkpt>
<trkpt lon="13.03993662" lat="47.53257728"><ele>1764.72</ele></trkpt>
</trkseg><trkseg>
<trkpt lon="13.04154793" lat="47.53222338"><ele>1756.98</ele></trkpt>
<trkpt lon="13.04161578" lat="47.53224235"><ele>1759.22</ele></trkpt>
<trkpt lon="13.04153777" lat="47.53225353"><ele>1765.10</ele></trkpt>
<trkpt lon="13.04154078" lat="47.53223711"><ele>1765.18</ele></trkpt>
</trkseg><trkseg>
<trkpt lon="13.04154078" lat="47.53223711"><ele>1765.18</ele></trkpt>
<trkpt lon="13.04151768" lat="47.53224005"><ele>1767.62</ele></trkpt>
</trkseg><trkseg>
<trkpt lon="13.04153777" lat="47.53225353"><ele>1765.10</ele></trkpt>
<trkpt lon="13.04156889" lat="47.53228493"><ele>1764.85</ele></trkpt>
</trkseg><trkseg>
<trkpt lon="13.04297057" lat="47.52702798"><ele>1429.19</ele></trkpt>
<trkpt lon="13.04302788" lat="47.52706225"><ele>1422.47</ele></trkpt>
</trkseg><trkseg>
<trkpt lon="13.04530958" lat="47.53053109"><ele>1762.76</ele></trkpt>
<trkpt lon="13.04528634" lat="47.53057704"><ele>1760.54</ele></trkpt>
</trkseg><trkseg>
<trkpt lon="13.04333954" lat="47.53146553"><ele>1766.48</ele></trkpt>
<trkpt lon="13.04329472" lat="47.53149878"><ele>1765.84</ele></trkpt>
<trkpt lon="13.04325902" lat="47.53148332"><ele>1766.92</ele></trkpt>
<trkpt lon="13.04321149" lat="47.53146101"><ele>1767.39</ele></trkpt>
<trkpt lon="13.04321132" lat="47.53144760"><ele>1767.08</ele></trkpt>
<trkpt lon="13.04317811" lat="47.53143317"><ele>1767.07</ele></trkpt>
<trkpt lon="13.04316748" lat="47.53144055"><ele>1767.40</ele></trkpt>
<trkpt lon="13.04314956" lat="47.53143287"><ele>1767.40</ele></trkpt>
<trkpt lon="13.04312209" lat="47.53144256"><ele>1767.84</ele></trkpt>
<trkpt lon="13.04310580" lat="47.53144121"><ele>1767.34</ele></trkpt>
<trkpt lon="13.04312583" lat="47.53145991"><ele>1767.96</ele></trkpt>
<trkpt lon="13.04308707" lat="47.53145195"><ele>1768.69</ele></trkpt>
</trkseg><trkseg>
<trkpt lon="13.04312209" lat="47.53144256"><ele>1767.84</ele></trkpt>
<trkpt lon="13.04313160" lat="47.53142284"><ele>1767.94</ele></trkpt>
</trkseg><trkseg>
<trkpt lon="13.04312209" lat="47.53144256"><ele>1767.84</ele></trkpt>
<trkpt lon="13.04311926" lat="47.53142947"><ele>1763.78</ele></trkpt>
</trkseg><trkseg>
<trkpt lon="13.04092442" lat="47.53249725"><ele>1759.18</ele></trkpt>
<trkpt lon="13.04097694" lat="47.53243201"><ele>1763.29</ele></trkpt>
<trkpt lon="13.04103573" lat="47.53242663"><ele>1765.74</ele></trkpt>
<trkpt lon="13.04103701" lat="47.53242431"><ele>1764.86</ele></trkpt>
<trkpt lon="13.04100975" lat="47.53238587"><ele>1769.52</ele></trkpt>
</trkseg><trkseg>
<trkpt lon="13.04103701" lat="47.53242431"><ele>1764.86</ele></trkpt>
<trkpt lon="13.04107292" lat="47.53240198"><ele>1768.12</ele></trkpt>
</trkseg><trkseg>
<trkpt lon="13.03942024" lat="47.53320608"><ele>1754.66</ele></trkpt>
<trkpt lon="13.03942740" lat="47.53317426"><ele>1757.68</ele></trkpt>
<trkpt lon="13.03941042" lat="47.53318440"><ele>1761.14</ele></trkpt>
<trkpt lon="13.03939930" lat="47.53316190"><ele>1762.66</ele></trkpt>
<trkpt lon="13.03936331" lat="47.53315426"><ele>1764.42</ele></trkpt>
<trkpt lon="13.03931830" lat="47.53316393"><ele>1763.91</ele></trkpt>
<trkpt lon="13.03930224" lat="47.53315286"><ele>1766.44</ele></trkpt>
<trkpt lon="13.03933652" lat="47.53312438"><ele>1769.92</ele></trkpt>
</trkseg><trkseg>
<trkpt lon="13.03939930" lat="47.53316190"><ele>1762.66</ele></trkpt>
<trkpt lon="13.03936707" lat="47.53313165"><ele>1750.74</ele></trkpt>
</trkseg><trkseg>
<trkpt lon="13.04211892" lat="47.52582673"><ele>1612.49</ele></trkpt>
<trkpt lon="13.04208632" lat="47.52583166"><ele>1603.55</ele></trkpt>
<trkpt lon="13.04207368" lat="47.52582857"><ele>1603.27</ele></trkpt>
</trkseg><trkseg>
<trkpt lon="13.04207368" lat="47.52582857"><ele>1603.27</ele></trkpt>
<trkpt lon="13.04206672" lat="47.52583016"><ele>1603.39</ele></trkpt>
</trkseg><trkseg>
<trkpt lon="13.04206672" lat="47.52583016"><ele>1603.39</ele></trkpt>
<trkpt lon="13.04202277" lat="47.52572953"><ele>1603.64</ele></trkpt>
<trkpt lon="13.04196351" lat="47.52573697"><ele>1603.03</ele></trkpt>
</trkseg><trkseg>
<trkpt lon="13.04196351" lat="47.52573697"><ele>1603.03</ele></trkpt>
<trkpt lon="13.04196166" lat="47.52570464"><ele>1615.32</ele></trkpt>
<trkpt lon="13.04192571" lat="47.52569232"><ele>1616.36</ele></trkpt>
</trkseg><trkseg>
<trkpt lon="13.04192571" lat="47.52569232"><ele>1616.36</ele></trkpt>
<trkpt lon="13.04193972" lat="47.52566926"><ele>1617.21</ele></trkpt>
<trkpt lon="13.04187363" lat="47.52563177"><ele>1617.13</ele></trkpt>
<trkpt lon="13.04177989" lat="47.52565537"><ele>1616.67</ele></trkpt>
</trkseg><trkseg>
<trkpt lon="13.04177989" lat="47.52565537"><ele>1616.67</ele></trkpt>
<trkpt lon="13.04175445" lat="47.52561066"><ele>1615.51</ele></trkpt>
</trkseg><trkseg>
<trkpt lon="13.04175445" lat="47.52561066"><ele>1615.51</ele></trkpt>
<trkpt lon="13.04171708" lat="47.52565826"><ele>1615.54</ele></trkpt>
</trkseg><trkseg>
<trkpt lon="13.04171708" lat="47.52565826"><ele>1615.54</ele></trkpt>
<trkpt lon="13.04171630" lat="47.52571484"><ele>1616.60</ele></trkpt>
</trkseg><trkseg>
<trkpt lon="13.04171630" lat="47.52571484"><ele>1616.60</ele></trkpt>
<trkpt lon="13.04167077" lat="47.52574583"><ele>1617.27</ele></trkpt>
</trkseg><trkseg>
<trkpt lon="13.04167077" lat="47.52574583"><ele>1617.27</ele></trkpt>
<trkpt lon="13.04167420" lat="47.52576091"><ele>1616.63</ele></trkpt>
</trkseg><trkseg>
<trkpt lon="13.05014116" lat="47.53332449"><ele>1780.58</ele></trkpt>
<trkpt lon="13.05016039" lat="47.53331852"><ele>1770.67</ele></trkpt>
</trkseg><trkseg>
<trkpt lon="13.05016039" lat="47.53331852"><ele>1770.67</ele></trkpt>
<trkpt lon="13.05016118" lat="47.53329001"><ele>1769.74</ele></trkpt>
</trkseg><trkseg>
<trkpt lon="13.05016118" lat="47.53329001"><ele>1769.74</ele></trkpt>
<trkpt lon="13.05019253" lat="47.53328298"><ele>1770.07</ele></trkpt>
</trkseg><trkseg>
<trkpt lon="13.05019253" lat="47.53328298"><ele>1770.07</ele></trkpt>
<trkpt lon="13.05020915" lat="47.53328984"><ele>1769.39</ele></trkpt>
</trkseg><trkseg>
<trkpt lon="13.05020915" lat="47.53328984"><ele>1769.39</ele></trkpt>
<trkpt lon="13.05021571" lat="47.53329202"><ele>1766.77</ele></trkpt>
</trkseg><trkseg>
<trkpt lon="13.05021571" lat="47.53329202"><ele>1766.77</ele></trkpt>
<trkpt lon="13.05018945" lat="47.53333377"><ele>1767.37</ele></trkpt>
</trkseg><trkseg>
<trkpt lon="13.05018945" lat="47.53333377"><ele>1767.37</ele></trkpt>
<trkpt lon="13.05019014" lat="47.53333657"><ele>1758.11</ele></trkpt>
<trkpt lon="13.05024300" lat="47.53334071"><ele>1757.49</ele></trkpt>
<trkpt lon="13.05026326" lat="47.53331415"><ele>1755.30</ele></trkpt>
</trkseg><trkseg>
<trkpt lon="13.05019014" lat="47.53333657"><ele>1758.11</ele></trkpt>
<trkpt lon="13.05022224" lat="47.53330239"><ele>1756.18</ele></trkpt>
</trkseg><trkseg>
<trkpt lon="13.05022224" lat="47.53330239"><ele>1756.18</ele></trkpt>
<trkpt lon="13.05025888" lat="47.53331021"><ele>1755.31</ele></trkpt>
</trkseg><trkseg>
<trkpt lon="13.05025888" lat="47.53331021"><ele>1755.31</ele></trkpt>
<trkpt lon="13.05023296" lat="47.53328907"><ele>1752.55</ele></trkpt>
</trkseg><trkseg>
<trkpt lon="13.05023296" lat="47.53328907"><ele>1752.55</ele></trkpt>
<trkpt lon="13.05021753" lat="47.53326460"><ele>1749.30</ele></trkpt>
</trkseg><trkseg>
<trkpt lon="13.05021753" lat="47.53326460"><ele>1749.30</ele></trkpt>
<trkpt lon="13.05026256" lat="47.53326843"><ele>1749.70</ele></trkpt>
</trkseg><trkseg>
<trkpt lon="13.05026256" lat="47.53326843"><ele>1749.70</ele></trkpt>
<trkpt lon="13.05027538" lat="47.53324516"><ele>1750.51</ele></trkpt>
</trkseg><trkseg>
<trkpt lon="13.05027538" lat="47.53324516"><ele>1750.51</ele></trkpt>
<trkpt lon="13.05027805" lat="47.53321614"><ele>1749.26</ele></trkpt>
</trkseg><trkseg>
<trkpt lon="13.05027805" lat="47.53321614"><ele>1749.26</ele></trkpt>
<trkpt lon="13.05027939" lat="47.53321238"><ele>1746.28</ele></trkpt>
<trkpt lon="13.05028085" lat="47.53320863"><ele>1743.31</ele></trkpt>
</trkseg><trkseg>
<trkpt lon="13.05028085" lat="47.53320863"><ele>1743.31</ele></trkpt>
<trkpt lon="13.05027800" lat="47.53319589"><ele>1743.44</ele></trkpt>
</trkseg><trkseg>
<trkpt lon="13.04386881" lat="47.52388406"><ele>1825.87</ele></trkpt>
<trkpt lon="13.04388312" lat="47.52383860"><ele>1824.90</ele></trkpt>
</trkseg><trkseg>
<trkpt lon="13.04388312" lat="47.52383860"><ele>1824.90</ele></trkpt>
<trkpt lon="13.04385151" lat="47.52383113"><ele>1824.55</ele></trkpt>
<trkpt lon="13.04388187" lat="47.52380780"><ele>1823.55</ele></trkpt>
<trkpt lon="13.04392097" lat="47.52381729"><ele>1822.08</ele></trkpt>
<trkpt lon="13.04391505" lat="47.52377669"><ele>1823.83</ele></trkpt>
<trkpt lon="13.04394256" lat="47.52376555"><ele>1823.75</ele></trkpt>
<trkpt lon="13.04397982" lat="47.52376754"><ele>1823.90</ele></trkpt>
<trkpt lon="13.04402451" lat="47.52374104"><ele>1823.72</ele></trkpt>
<trkpt lon="13.04406851" lat="47.52375439"><ele>1825.84</ele></trkpt>
<trkpt lon="13.04411184" lat="47.52374667"><ele>1824.28</ele></trkpt>
<trkpt lon="13.04413953" lat="47.52372005"><ele>1824.62</ele></trkpt>
</trkseg><trkseg>
<trkpt lon="13.04413953" lat="47.52372005"><ele>1824.62</ele></trkpt>
<trkpt lon="13.04415439" lat="47.52370996"><ele>1834.60</ele></trkpt>
</trkseg><trkseg>
<trkpt lon="13.04415439" lat="47.52370996"><ele>1834.60</ele></trkpt>
<trkpt lon="13.04419328" lat="47.52368228"><ele>1835.25</ele></trkpt>
</trkseg><trkseg>
<trkpt lon="13.04419328" lat="47.52368228"><ele>1835.25</ele></trkpt>
<trkpt lon="13.04425569" lat="47.52367929"><ele>1835.03</ele></trkpt>
</trkseg><trkseg>
<trkpt lon="13.04425569" lat="47.52367929"><ele>1835.03</ele></trkpt>
<trkpt lon="13.04424774" lat="47.52367898"><ele>1837.71</ele></trkpt>
<trkpt lon="13.04429980" lat="47.52366151"><ele>1836.57</ele></trkpt>
</trkseg><trkseg>
<trkpt lon="13.04429980" lat="47.52366151"><ele>1836.57</ele></trkpt>
<trkpt lon="13.04432816" lat="47.52366676"><ele>1834.80</ele></trkpt>
</trkseg><trkseg>
<trkpt lon="13.04432816" lat="47.52366676"><ele>1834.80</ele></trkpt>
<trkpt lon="13.04436669" lat="47.52364879"><ele>1833.17</ele></trkpt>
</trkseg><trkseg>
<trkpt lon="13.04945956" lat="47.52663286"><ele>1741.76</ele></trkpt>
<trkpt lon="13.04945956" lat="47.52663286"><ele>1741.76</ele></trkpt>
<trkpt lon="13.04946295" lat="47.52659521"><ele>1745.50</ele></trkpt>
<trkpt lon="13.04947286" lat="47.52657532"><ele>1745.91</ele></trkpt>
<trkpt lon="13.04946641" lat="47.52656297"><ele>1747.25</ele></trkpt>
<trkpt lon="13.04943110" lat="47.52658720"><ele>1747.68</ele></trkpt>
<trkpt lon="13.04940146" lat="47.52657671"><ele>1747.63</ele></trkpt>
<trkpt lon="13.04935667" lat="47.52655939"><ele>1749.03</ele></trkpt>
<trkpt lon="13.04933529" lat="47.52654832"><ele>1750.16</ele></trkpt>
<trkpt lon="13.04930092" lat="47.52652929"><ele>1750.03</ele></trkpt>
<trkpt lon="13.04933399" lat="47.52649017"><ele>1749.17</ele></trkpt>
<trkpt lon="13.04929351" lat="47.52650343"><ele>1747.54</ele></trkpt>
<trkpt lon="13.04927486" lat="47.52650131"><ele>1747.14</ele></trkpt>
</trkseg><trkseg>
<trkpt lon="13.04940146" lat="47.52657671"><ele>1747.63</ele></trkpt>
<trkpt lon="13.04940146" lat="47.52657671"><ele>1747.63</ele></trkpt>
<trkpt lon="13.04941561" lat="47.52657128"><ele>1743.82</ele></trkpt>
<trkpt lon="13.04941359" lat="47.52658286"><ele>1741.09</ele></trkpt>
<trkpt lon="13.04940995" lat="47.52658063"><ele>1734.28</ele></trkpt>
</trkseg><trkseg>
<trkpt lon="13.04436669" lat="47.52364879"><ele>1833.17</ele></trkpt>
<trkpt lon="13.04437628" lat="47.52365876"><ele>1836.12</ele></trkpt>
</trkseg><trkseg>
<trkpt lon="13.04437628" lat="47.52365876"><ele>1836.12</ele></trkpt>
<trkpt lon="13.04437238" lat="47.52366014"><ele>1839.08</ele></trkpt>
<trkpt lon="13.04436514" lat="47.52364778"><ele>1840.79</ele></trkpt>
<trkpt lon="13.04438500" lat="47.52363156"><ele>1840.82</ele></trkpt>
<trkpt lon="13.04435272" lat="47.52363515"><ele>1845.38</ele></trkpt>
<trkpt lon="13.04437502" lat="47.52362851"><ele>1844.44</ele></trkpt>
<trkpt lon="13.04440846" lat="47.52363304"><ele>1844.29</ele></trkpt>
<trkpt lon="13.04442794" lat="47.52364507"><ele>1842.72</ele></trkpt>
<trkpt lon="13.04442709" lat="47.52366062"><ele>1841.69</ele></trkpt>
<trkpt lon="13.04447660" lat="47.52369413"><ele>1842.25</ele></trkpt>
<trkpt lon="13.04450724" lat="47.52373820"><ele>1840.15</ele></trkpt>
<trkpt lon="13.04447719" lat="47.52376388"><ele>1837.44</ele></trkpt>
<trkpt lon="13.04442212" lat="47.52380883"><ele>1836.80</ele></trkpt>
<trkpt lon="13.04445234" lat="47.52381780"><ele>1836.52</ele></trkpt>
<trkpt lon="13.04450328" lat="47.52381957"><ele>1836.77</ele></trkpt>
<trkpt lon="13.04456490" lat="47.52386679"><ele>1837.04</ele></trkpt>
<trkpt lon="13.04461064" lat="47.52390491"><ele>1839.37</ele></trkpt>
<trkpt lon="13.04469405" lat="47.52389823"><ele>1839.30</ele></trkpt>
<trkpt lon="13.04477546" lat="47.52390592"><ele>1838.21</ele></trkpt>
<trkpt lon="13.04477197" lat="47.52394635"><ele>1837.44</ele></trkpt>
<trkpt lon="13.04478590" lat="47.52400049"><ele>1837.77</ele></trkpt>
<trkpt lon="13.04480878" lat="47.52404236"><ele>1838.12</ele></trkpt>
<trkpt lon="13.04483825" lat="47.52403234"><ele>1838.14</ele></trkpt>
</trkseg><trkseg>
<trkpt lon="13.05027538" lat="47.53324516"><ele>1750.51</ele></trkpt>
<trkpt lon="13.05027060" lat="47.53321646"><ele>1749.29</ele></trkpt>
<trkpt lon="13.05027502" lat="47.53321186"><ele>1746.33</ele></trkpt>
<trkpt lon="13.05026853" lat="47.53320770"><ele>1746.30</ele></trkpt>
<trkpt lon="13.05028988" lat="47.53320518"><ele>1747.06</ele></trkpt>
<trkpt lon="13.05029944" lat="47.53319833"><ele>1747.64</ele></trkpt>
<trkpt lon="13.05030769" lat="47.53319802"><ele>1745.10</ele></trkpt>
<trkpt lon="13.05031330" lat="47.53318992"><ele>1744.57</ele></trkpt>
<trkpt lon="13.05030373" lat="47.53317572"><ele>1744.44</ele></trkpt>
<trkpt lon="13.05031368" lat="47.53316555"><ele>1744.68</ele></trkpt>
<trkpt lon="13.05032132" lat="47.53316352"><ele>1742.60</ele></trkpt>
<trkpt lon="13.05033735" lat="47.53315785"><ele>1743.56</ele></trkpt>
<trkpt lon="13.05035618" lat="47.53317302"><ele>1742.97</ele></trkpt>
<trkpt lon="13.05037507" lat="47.53317973"><ele>1741.15</ele></trkpt>
<trkpt lon="13.05037440" lat="47.53316901"><ele>1740.19</ele></trkpt>
<trkpt lon="13.05039704" lat="47.53316399"><ele>1739.97</ele></trkpt>
<trkpt lon="13.05042760" lat="47.53316046"><ele>1738.60</ele></trkpt>
<trkpt lon="13.05042470" lat="47.53314548"><ele>1737.03</ele></trkpt>
<trkpt lon="13.05043271" lat="47.53313374"><ele>1736.22</ele></trkpt>
<trkpt lon="13.05043369" lat="47.53312880"><ele>1736.64</ele></trkpt>
<trkpt lon="13.05046920" lat="47.53312779"><ele>1736.26</ele></trkpt>
<trkpt lon="13.05049477" lat="47.53312282"><ele>1734.77</ele></trkpt>
<trkpt lon="13.05051798" lat="47.53313087"><ele>1733.39</ele></trkpt>
<trkpt lon="13.05052830" lat="47.53311413"><ele>1732.92</ele></trkpt>
<trkpt lon="13.05052718" lat="47.53309800"><ele>1731.63</ele></trkpt>
<trkpt lon="13.05052280" lat="47.53309064"><ele>1732.08</ele></trkpt>
</trkseg><trkseg>
<trkpt lon="13.03878238" lat="47.53314424"><ele>1760.04</ele></trkpt>
<trkpt lon="13.03876326" lat="47.53308344"><ele>1759.37</ele></trkpt>
<trkpt lon="13.03879926" lat="47.53307299"><ele>1756.94</ele></trkpt>
<trkpt lon="13.03880662" lat="47.53310002"><ele>1756.75</ele></trkpt>
</trkseg><trkseg>
<trkpt lon="13.03879926" lat="47.53307299"><ele>1756.94</ele></trkpt>
<trkpt lon="13.03879538" lat="47.53305214"><ele>1756.58</ele></trkpt>
<trkpt lon="13.03876827" lat="47.53303800"><ele>1755.29</ele></trkpt>
<trkpt lon="13.03876530" lat="47.53301095"><ele>1754.77</ele></trkpt>
<trkpt lon="13.03877778" lat="47.53299695"><ele>1753.73</ele></trkpt>
<trkpt lon="13.03879117" lat="47.53296928"><ele>1751.00</ele></trkpt>
</trkseg><trkseg>
<trkpt lon="13.03877778" lat="47.53299695"><ele>1753.73</ele></trkpt>
<trkpt lon="13.03874087" lat="47.53297823"><ele>1753.75</ele></trkpt>
</trkseg><trkseg>
<trkpt lon="13.03874087" lat="47.53297823"><ele>1753.75</ele></trkpt>
<trkpt lon="13.03868434" lat="47.53296214"><ele>1754.26</ele></trkpt>
</trkseg><trkseg>
<trkpt lon="13.03868434" lat="47.53296214"><ele>1754.26</ele></trkpt>
<trkpt lon="13.03868491" lat="47.53293975"><ele>1753.86</ele></trkpt>
</trkseg><trkseg>
<trkpt lon="13.03868491" lat="47.53293975"><ele>1753.86</ele></trkpt>
<trkpt lon="13.03869987" lat="47.53292704"><ele>1753.38</ele></trkpt>
</trkseg><trkseg>
<trkpt lon="13.03869987" lat="47.53292704"><ele>1753.38</ele></trkpt>
<trkpt lon="13.03868184" lat="47.53289371"><ele>1752.01</ele></trkpt>
</trkseg><trkseg>
<trkpt lon="13.03868184" lat="47.53289371"><ele>1752.01</ele></trkpt>
<trkpt lon="13.03871532" lat="47.53287593"><ele>1750.59</ele></trkpt>
</trkseg><trkseg>
<trkpt lon="13.03871532" lat="47.53287593"><ele>1750.59</ele></trkpt>
<trkpt lon="13.03870049" lat="47.53286056"><ele>1750.30</ele></trkpt>
</trkseg><trkseg>
<trkpt lon="13.03870049" lat="47.53286056"><ele>1750.30</ele></trkpt>
<trkpt lon="13.03877306" lat="47.53284200"><ele>1747.00</ele></trkpt>
</trkseg><trkseg>
<trkpt lon="13.03877306" lat="47.53284200"><ele>1747.00</ele></trkpt>
<trkpt lon="13.03876414" lat="47.53280325"><ele>1747.00</ele></trkpt>
</trkseg><trkseg>
<trkpt lon="13.03876414" lat="47.53280325"><ele>1747.00</ele></trkpt>
<trkpt lon="13.03874603" lat="47.53277216"><ele>1747.91</ele></trkpt>
</trkseg><trkseg>
<trkpt lon="13.03874603" lat="47.53277216"><ele>1747.91</ele></trkpt>
<trkpt lon="13.03874530" lat="47.53273121"><ele>1748.11</ele></trkpt>
</trkseg><trkseg>
<trkpt lon="13.03874530" lat="47.53273121"><ele>1748.11</ele></trkpt>
<trkpt lon="13.03872316" lat="47.53268008"><ele>1747.62</ele></trkpt>
</trkseg><trkseg>
<trkpt lon="13.03872316" lat="47.53268008"><ele>1747.62</ele></trkpt>
<trkpt lon="13.03869921" lat="47.53267742"><ele>1747.09</ele></trkpt>
</trkseg><trkseg>
<trkpt lon="13.03869921" lat="47.53267742"><ele>1747.09</ele></trkpt>
<trkpt lon="13.03869009" lat="47.53265468"><ele>1746.56</ele></trkpt>
</trkseg><trkseg>
<trkpt lon="13.03869009" lat="47.53265468"><ele>1746.56</ele></trkpt>
<trkpt lon="13.03867168" lat="47.53263906"><ele>1744.59</ele></trkpt>
<trkpt lon="13.03863495" lat="47.53264770"><ele>1742.75</ele></trkpt>
</trkseg><trkseg>
<trkpt lon="13.03867168" lat="47.53263906"><ele>1744.59</ele></trkpt>
<trkpt lon="13.03867930" lat="47.53263784"><ele>1737.43</ele></trkpt>
<trkpt lon="13.03870221" lat="47.53263977"><ele>1738.03</ele></trkpt>
<trkpt lon="13.03872431" lat="47.53268127"><ele>1738.64</ele></trkpt>
<trkpt lon="13.03867570" lat="47.53268781"><ele>1736.36</ele></trkpt>
<trkpt lon="13.03868536" lat="47.53269266"><ele>1734.73</ele></trkpt>
<trkpt lon="13.03866742" lat="47.53269622"><ele>1733.89</ele></trkpt>
<trkpt lon="13.03866390" lat="47.53272990"><ele>1732.87</ele></trkpt>
<trkpt lon="13.03869407" lat="47.53271908"><ele>1731.48</ele></trkpt>
<trkpt lon="13.03869530" lat="47.53276815"><ele>1733.41</ele></trkpt>
<trkpt lon="13.03869316" lat="47.53280050"><ele>1733.81</ele></trkpt>
<trkpt lon="13.03871592" lat="47.53282447"><ele>1731.14</ele></trkpt>
<trkpt lon="13.03873032" lat="47.53280528"><ele>1730.19</ele></trkpt>
<trkpt lon="13.03875180" lat="47.53281338"><ele>1729.21</ele></trkpt>
<trkpt lon="13.03876666" lat="47.53282111"><ele>1726.84</ele></trkpt>
<trkpt lon="13.03879107" lat="47.53281496"><ele>1727.89</ele></trkpt>
<trkpt lon="13.03879338" lat="47.53278872"><ele>1726.89</ele></trkpt>
<trkpt lon="13.03882587" lat="47.53279054"><ele>1725.71</ele></trkpt>
<trkpt lon="13.03889907" lat="47.53275516"><ele>1720.42</ele></trkpt>
<trkpt lon="13.03884584" lat="47.53269684"><ele>1718.14</ele></trkpt>
<trkpt lon="13.03885058" lat="47.53274417"><ele>1717.87</ele></trkpt>
<trkpt lon="13.03885477" lat="47.53276727"><ele>1715.79</ele></trkpt>
<trkpt lon="13.03886573" lat="47.53274767"><ele>1714.02</ele></trkpt>
<trkpt lon="13.03886770" lat="47.53279116"><ele>1712.91</ele></trkpt>
<trkpt lon="13.03883882" lat="47.53276385"><ele>1712.26</ele></trkpt>
<trkpt lon="13.03879603" lat="47.53275691"><ele>1713.33</ele></trkpt>
<trkpt lon="13.03878921" lat="47.53277596"><ele>1715.19</ele></trkpt>
</trkseg><trkseg>
<trkpt lon="13.03879603" lat="47.53275691"><ele>1713.33</ele></trkpt>
<trkpt lon="13.03879051" lat="47.53271956"><ele>1711.75</ele></trkpt>
<trkpt lon="13.03877906" lat="47.53270974"><ele>1711.34</ele></trkpt>
<trkpt lon="13.03877425" lat="47.53269256"><ele>1710.40</ele></trkpt>
<trkpt lon="13.03869924" lat="47.53270864"><ele>1716.86</ele></trkpt>
</trkseg><trkseg>
<trkpt lon="13.04126384" lat="47.52477596"><ele>1757.59</ele></trkpt>
<trkpt lon="13.04120314" lat="47.52476124"><ele>1756.28</ele></trkpt>
<trkpt lon="13.04115168" lat="47.52473409"><ele>1757.33</ele></trkpt>
<trkpt lon="13.04112133" lat="47.52474284"><ele>1757.66</ele></trkpt>
<trkpt lon="13.04112565" lat="47.52472330"><ele>1757.77</ele></trkpt>
<trkpt lon="13.04107936" lat="47.52472844"><ele>1757.28</ele></trkpt>
<trkpt lon="13.04106479" lat="47.52474844"><ele>1755.85</ele></trkpt>
<trkpt lon="13.04105584" lat="47.52473209"><ele>1756.32</ele></trkpt>
<trkpt lon="13.04106869" lat="47.52472223"><ele>1757.88</ele></trkpt>
<trkpt lon="13.04108688" lat="47.52470122"><ele>1758.90</ele></trkpt>
<trkpt lon="13.04107342" lat="47.52468794"><ele>1760.25</ele></trkpt>
<trkpt lon="13.04105425" lat="47.52468914"><ele>1760.00</ele></trkpt>
<trkpt lon="13.04101380" lat="47.52466946"><ele>1761.16</ele></trkpt>
<trkpt lon="13.04097411" lat="47.52466852"><ele>1758.51</ele></trkpt>
<trkpt lon="13.04099546" lat="47.52464459"><ele>1760.71</ele></trkpt>
<trkpt lon="13.04098474" lat="47.52462929"><ele>1760.38</ele></trkpt>
<trkpt lon="13.04102177" lat="47.52463019"><ele>1758.85</ele></trkpt>
<trkpt lon="13.04099785" lat="47.52460197"><ele>1758.43</ele></trkpt>
<trkpt lon="13.04104763" lat="47.52459581"><ele>1760.13</ele></trkpt>
<trkpt lon="13.04110432" lat="47.52461090"><ele>1758.56</ele></trkpt>
<trkpt lon="13.04108275" lat="47.52455528"><ele>1760.52</ele></trkpt>
<trkpt lon="13.04110668" lat="47.52453698"><ele>1760.94</ele></trkpt>
</trkseg><trkseg>
<trkpt lon="13.03877425" lat="47.53269256"><ele>1710.40</ele></trkpt>
<trkpt lon="13.03877586" lat="47.53267063"><ele>1708.97</ele></trkpt>
<trkpt lon="13.03878742" lat="47.53266003"><ele>1704.00</ele></trkpt>
<trkpt lon="13.03881732" lat="47.53268484"><ele>1704.14</ele></trkpt>
<trkpt lon="13.03886206" lat="47.53263602"><ele>1697.76</ele></trkpt>
<trkpt lon="13.03889231" lat="47.53265148"><ele>1697.33</ele></trkpt>
<trkpt lon="13.03894482" lat="47.53261845"><ele>1688.24</ele></trkpt>
<trkpt lon="13.03897528" lat="47.53259270"><ele>1685.06</ele></trkpt>
<trkpt lon="13.03899992" lat="47.53259123"><ele>1684.67</ele></trkpt>
<trkpt lon="13.03901105" lat="47.53258134"><ele>1682.18</ele></trkpt>
<trkpt lon="13.03897537" lat="47.53257974"><ele>1678.92</ele></trkpt>
<trkpt lon="13.03898563" lat="47.53257182"><ele>1678.56</ele></trkpt>
<trkpt lon="13.03898089" lat="47.53254924"><ele>1678.49</ele></trkpt>
<trkpt lon="13.03893789" lat="47.53254077"><ele>1675.05</ele></trkpt>
<trkpt lon="13.03890134" lat="47.53250550"><ele>1674.62</ele></trkpt>
<trkpt lon="13.03892901" lat="47.53248680"><ele>1671.53</ele></trkpt>
<trkpt lon="13.03893794" lat="47.53247517"><ele>1670.64</ele></trkpt>
<trkpt lon="13.03898068" lat="47.53247293"><ele>1668.74</ele></trkpt>
<trkpt lon="13.03899640" lat="47.53247878"><ele>1668.74</ele></trkpt>
<trkpt lon="13.03899232" lat="47.53246350"><ele>1658.35</ele></trkpt>
<trkpt lon="13.03895908" lat="47.53248210"><ele>1658.12</ele></trkpt>
</trkseg><trkseg>
<trkpt lon="13.03899232" lat="47.53246350"><ele>1658.35</ele></trkpt>
<trkpt lon="13.03900326" lat="47.53245172"><ele>1657.65</ele></trkpt>
<trkpt lon="13.03899612" lat="47.53243297"><ele>1656.88</ele></trkpt>
</trkseg><trkseg>
<trkpt lon="13.03899640" lat="47.53247878"><ele>1668.74</ele></trkpt>
<trkpt lon="13.03901452" lat="47.53248107"><ele>1667.14</ele></trkpt>
</trkseg><trkseg>
<trkpt lon="13.03901452" lat="47.53248107"><ele>1667.14</ele></trkpt>
<trkpt lon="13.03901356" lat="47.53248555"><ele>1667.69</ele></trkpt>
</trkseg><trkseg>
<trkpt lon="13.03901356" lat="47.53248555"><ele>1667.69</ele></trkpt>
<trkpt lon="13.03904109" lat="47.53250258"><ele>1668.50</ele></trkpt>
</trkseg><trkseg>
<trkpt lon="13.03904109" lat="47.53250258"><ele>1668.50</ele></trkpt>
<trkpt lon="13.03903172" lat="47.53251520"><ele>1667.20</ele></trkpt>
</trkseg><trkseg>
<trkpt lon="13.03903172" lat="47.53251520"><ele>1667.20</ele></trkpt>
<trkpt lon="13.03904799" lat="47.53253842"><ele>1666.69</ele></trkpt>
</trkseg><trkseg>
<trkpt lon="13.03904799" lat="47.53253842"><ele>1666.69</ele></trkpt>
<trkpt lon="13.03902977" lat="47.53256735"><ele>1666.04</ele></trkpt>
</trkseg><trkseg>
<trkpt lon="13.03902977" lat="47.53256735"><ele>1666.04</ele></trkpt>
<trkpt lon="13.03905326" lat="47.53256803"><ele>1666.19</ele></trkpt>
</trkseg><trkseg>
<trkpt lon="13.03905326" lat="47.53256803"><ele>1666.19</ele></trkpt>
<trkpt lon="13.03906051" lat="47.53259820"><ele>1666.21</ele></trkpt>
</trkseg><trkseg>
<trkpt lon="13.03906051" lat="47.53259820"><ele>1666.21</ele></trkpt>
<trkpt lon="13.03905538" lat="47.53260046"><ele>1665.13</ele></trkpt>
</trkseg><trkseg>
<trkpt lon="13.03905538" lat="47.53260046"><ele>1665.13</ele></trkpt>
<trkpt lon="13.03905468" lat="47.53259783"><ele>1663.77</ele></trkpt>
</trkseg><trkseg>
<trkpt lon="13.03905468" lat="47.53259783"><ele>1663.77</ele></trkpt>
<trkpt lon="13.03909104" lat="47.53261321"><ele>1663.18</ele></trkpt>
</trkseg><trkseg>
<trkpt lon="13.03909104" lat="47.53261321"><ele>1663.18</ele></trkpt>
<trkpt lon="13.03911742" lat="47.53262203"><ele>1661.68</ele></trkpt>
</trkseg><trkseg>
<trkpt lon="13.03911742" lat="47.53262203"><ele>1661.68</ele></trkpt>
<trkpt lon="13.03914991" lat="47.53261665"><ele>1659.88</ele></trkpt>
</trkseg><trkseg>
<trkpt lon="13.03914991" lat="47.53261665"><ele>1659.88</ele></trkpt>
<trkpt lon="13.03920657" lat="47.53263643"><ele>1658.61</ele></trkpt>
</trkseg><trkseg>
<trkpt lon="13.03920657" lat="47.53263643"><ele>1658.61</ele></trkpt>
<trkpt lon="13.03924895" lat="47.53264705"><ele>1657.61</ele></trkpt>
</trkseg><trkseg>
<trkpt lon="13.03924895" lat="47.53264705"><ele>1657.61</ele></trkpt>
<trkpt lon="13.03925233" lat="47.53261363"><ele>1654.76</ele></trkpt>
</trkseg><trkseg>
<trkpt lon="13.03925233" lat="47.53261363"><ele>1654.76</ele></trkpt>
<trkpt lon="13.03928518" lat="47.53260925"><ele>1653.24</ele></trkpt>
</trkseg><trkseg>
<trkpt lon="13.03729790" lat="47.53473008"><ele>1747.66</ele></trkpt>
<trkpt lon="13.03728581" lat="47.53471944"><ele>1748.87</ele></trkpt>
<trkpt lon="13.03729892" lat="47.53472407"><ele>1749.26</ele></trkpt>
<trkpt lon="13.03732334" lat="47.53474618"><ele>1749.26</ele></trkpt>
<trkpt lon="13.03736111" lat="47.53474880"><ele>1749.23</ele></trkpt>
<trkpt lon="13.03735978" lat="47.53473825"><ele>1748.89</ele></trkpt>
<trkpt lon="13.03737542" lat="47.53473231"><ele>1748.75</ele></trkpt>
<trkpt lon="13.03741651" lat="47.53471358"><ele>1749.58</ele></trkpt>
<trkpt lon="13.03740612" lat="47.53469648"><ele>1750.30</ele></trkpt>
<trkpt lon="13.03744333" lat="47.53468551"><ele>1751.87</ele></trkpt>
<trkpt lon="13.03749198" lat="47.53467789"><ele>1754.70</ele></trkpt>
<trkpt lon="13.03750122" lat="47.53463323"><ele>1756.49</ele></trkpt>
<trkpt lon="13.03752645" lat="47.53463006"><ele>1756.43</ele></trkpt>
<trkpt lon="13.03754671" lat="47.53459658"><ele>1757.72</ele></trkpt>
<trkpt lon="13.03757029" lat="47.53460904"><ele>1758.50</ele></trkpt>
<trkpt lon="13.03759274" lat="47.53461275"><ele>1758.36</ele></trkpt>
<trkpt lon="13.03754525" lat="47.53464991"><ele>1754.30</ele></trkpt>
<trkpt lon="13.03752944" lat="47.53464271"><ele>1754.07</ele></trkpt>
</trkseg><trkseg>
<trkpt lon="13.03750122" lat="47.53463323"><ele>1756.49</ele></trkpt>
<trkpt lon="13.03748520" lat="47.53462468"><ele>1756.12</ele></trkpt>
</trkseg><trkseg>
<trkpt lon="13.03631179" lat="47.53517274"><ele>1751.67</ele></trkpt>
<trkpt lon="13.03624267" lat="47.53513440"><ele>1757.00</ele></trkpt>
</trkseg><trkseg>
<trkpt lon="13.03633842" lat="47.53526381"><ele>1750.26</ele></trkpt>
<trkpt lon="13.03623774" lat="47.53529124"><ele>1760.29</ele></trkpt>
</trkseg><trkseg>
<trkpt lon="13.03642867" lat="47.53529874"><ele>1736.96</ele></trkpt>
<trkpt lon="13.03641795" lat="47.53529046"><ele>1729.42</ele></trkpt>
</trkseg><trkseg>
<trkpt lon="13.04066536" lat="47.52564254"><ele>1753.73</ele></trkpt>
<trkpt lon="13.04066363" lat="47.52564251"><ele>1757.30</ele></trkpt>
<trkpt lon="13.04065070" lat="47.52559387"><ele>1757.27</ele></trkpt>
<trkpt lon="13.04060905" lat="47.52557076"><ele>1757.57</ele></trkpt>
<trkpt lon="13.04055737" lat="47.52558157"><ele>1759.56</ele></trkpt>
<trkpt lon="13.04053494" lat="47.52560935"><ele>1759.67</ele></trkpt>
<trkpt lon="13.04049161" lat="47.52558144"><ele>1760.47</ele></trkpt>
<trkpt lon="13.04046600" lat="47.52557362"><ele>1762.26</ele></trkpt>
<trkpt lon="13.04046304" lat="47.52561010"><ele>1765.77</ele></trkpt>
</trkseg><trkseg>
<trkpt lon="13.04046600" lat="47.52557362"><ele>1762.26</ele></trkpt>
<trkpt lon="13.04044858" lat="47.52554174"><ele>1762.67</ele></trkpt>
<trkpt lon="13.04041051" lat="47.52551526"><ele>1769.40</ele></trkpt>
</trkseg><trkseg>
<trkpt lon="13.04044858" lat="47.52554174"><ele>1762.67</ele></trkpt>
<trkpt lon="13.04042759" lat="47.52554174"><ele>1762.99</ele></trkpt>
<trkpt lon="13.04041700" lat="47.52554453"><ele>1760.62</ele></trkpt>
</trkseg><trkseg>
<trkpt lon="13.04041700" lat="47.52554453"><ele>1760.62</ele></trkpt>
<trkpt lon="13.04039747" lat="47.52553735"><ele>1760.50</ele></trkpt>
</trkseg><trkseg>
<trkpt lon="13.04039747" lat="47.52553735"><ele>1760.50</ele></trkpt>
<trkpt lon="13.04039853" lat="47.52551587"><ele>1747.33</ele></trkpt>
</trkseg><trkseg>
<trkpt lon="13.03928518" lat="47.53260925"><ele>1653.24</ele></trkpt>
<trkpt lon="13.03932613" lat="47.53262623"><ele>1652.90</ele></trkpt>
</trkseg><trkseg>
<trkpt lon="13.03932613" lat="47.53262623"><ele>1652.90</ele></trkpt>
<trkpt lon="13.03933754" lat="47.53260159"><ele>1650.24</ele></trkpt>
</trkseg><trkseg>
<trkpt lon="13.03933754" lat="47.53260159"><ele>1650.24</ele></trkpt>
<trkpt lon="13.03937248" lat="47.53257322"><ele>1648.12</ele></trkpt>
<trkpt lon="13.03939484" lat="47.53255443"><ele>1646.58</ele></trkpt>
</trkseg><trkseg>
<trkpt lon="13.03939484" lat="47.53255443"><ele>1646.58</ele></trkpt>
<trkpt lon="13.03941297" lat="47.53252073"><ele>1643.32</ele></trkpt>
<trkpt lon="13.03944595" lat="47.53250923"><ele>1638.91</ele></trkpt>
</trkseg><trkseg>
<trkpt lon="13.03944595" lat="47.53250923"><ele>1638.91</ele></trkpt>
<trkpt lon="13.03944575" lat="47.53251463"><ele>1633.76</ele></trkpt>
<trkpt lon="13.03940768" lat="47.53252361"><ele>1632.92</ele></trkpt>
<trkpt lon="13.03936007" lat="47.53254988"><ele>1630.57</ele></trkpt>
</trkseg><trkseg>
<trkpt lon="13.03936007" lat="47.53254988"><ele>1630.57</ele></trkpt>
<trkpt lon="13.03938028" lat="47.53258154"><ele>1628.92</ele></trkpt>
<trkpt lon="13.03941423" lat="47.53260101"><ele>1628.35</ele></trkpt>
</trkseg><trkseg>
<trkpt lon="13.03941423" lat="47.53260101"><ele>1628.35</ele></trkpt>
<trkpt lon="13.03941412" lat="47.53254693"><ele>1625.22</ele></trkpt>
</trkseg><trkseg>
<trkpt lon="13.03941412" lat="47.53254693"><ele>1625.22</ele></trkpt>
<trkpt lon="13.03946681" lat="47.53254864"><ele>1617.32</ele></trkpt>
<trkpt lon="13.03944712" lat="47.53252437"><ele>1615.25</ele></trkpt>
<trkpt lon="13.03944567" lat="47.53249915"><ele>1613.40</ele></trkpt>
<trkpt lon="13.03943649" lat="47.53249926"><ele>1607.77</ele></trkpt>
</trkseg><trkseg>
<trkpt lon="13.03943649" lat="47.53249926"><ele>1607.77</ele></trkpt>
<trkpt lon="13.03942853" lat="47.53249535"><ele>1604.36</ele></trkpt>
<trkpt lon="13.03945061" lat="47.53249843"><ele>1600.18</ele></trkpt>
</trkseg><trkseg>
<trkpt lon="13.04039853" lat="47.52551587"><ele>1747.33</ele></trkpt>
<trkpt lon="13.04045691" lat="47.52552163"><ele>1748.06</ele></trkpt>
</trkseg><trkseg>
<trkpt lon="13.04045691" lat="47.52552163"><ele>1748.06</ele></trkpt>
<trkpt lon="13.04046278" lat="47.52552092"><ele>1745.99</ele></trkpt>
<trkpt lon="13.04049662" lat="47.52552528"><ele>1744.52</ele></trkpt>
<trkpt lon="13.04050525" lat="47.52552552"><ele>1738.24</ele></trkpt>
<trkpt lon="13.04052299" lat="47.52552006"><ele>1737.37</ele></trkpt>
<trkpt lon="13.04054381" lat="47.52551043"><ele>1732.18</ele></trkpt>
<trkpt lon="13.04055823" lat="47.52549061"><ele>1725.22</ele></trkpt>
<trkpt lon="13.04060174" lat="47.52550314"><ele>1725.39</ele></trkpt>
<trkpt lon="13.04059653" lat="47.52549307"><ele>1722.06</ele></trkpt>
<trkpt lon="13.04061150" lat="47.52549071"><ele>1719.65</ele></trkpt>
<trkpt lon="13.04060353" lat="47.52545494"><ele>1720.40</ele></trkpt>
</trkseg><trkseg>
<trkpt lon="13.04060174" lat="47.52550314"><ele>1725.39</ele></trkpt>
<trkpt lon="13.04061757" lat="47.52552402"><ele>1724.90</ele></trkpt>
</trkseg><trkseg>
<trkpt lon="13.03633175" lat="47.53561689"><ele>1732.95</ele></trkpt>
<trkpt lon="13.03628445" lat="47.53560240"><ele>1732.78</ele></trkpt>
<trkpt lon="13.03624952" lat="47.53563410"><ele>1730.43</ele></trkpt>
<trkpt lon="13.03620784" lat="47.53563636"><ele>1730.51</ele></trkpt>
</trkseg><trkseg>
<trkpt lon="13.03629820" lat="47.53557582"><ele>1724.75</ele></trkpt>
<trkpt lon="13.03630603" lat="47.53554761"><ele>1721.53</ele></trkpt>
</trkseg><trkseg>
<trkpt lon="13.03630603" lat="47.53554761"><ele>1721.53</ele></trkpt>
<trkpt lon="13.03628137" lat="47.53554629"><ele>1711.36</ele></trkpt>
</trkseg><trkseg>
<trkpt lon="13.03628137" lat="47.53554629"><ele>1711.36</ele></trkpt>
<trkpt lon="13.03636160" lat="47.53551500"><ele>1709.69</ele></trkpt>
</trkseg><trkseg>
<trkpt lon="13.03636160" lat="47.53551500"><ele>1709.69</ele></trkpt>
<trkpt lon="13.03637834" lat="47.53551150"><ele>1709.49</ele></trkpt>
</trkseg><trkseg>
<trkpt lon="13.03637834" lat="47.53551150"><ele>1709.49</ele></trkpt>
<trkpt lon="13.03636195" lat="47.53550195"><ele>1704.20</ele></trkpt>
</trkseg><trkseg>
<trkpt lon="13.03636195" lat="47.53550195"><ele>1704.20</ele></trkpt>
<trkpt lon="13.03631695" lat="47.53549371"><ele>1700.62</ele></trkpt>
<trkpt lon="13.03627954" lat="47.53550621"><ele>1698.26</ele></trkpt>
<trkpt lon="13.03626965" lat="47.53553268"><ele>1697.76</ele></trkpt>
<trkpt lon="13.03625339" lat="47.53554815"><ele>1693.21</ele></trkpt>
<trkpt lon="13.03621712" lat="47.53555175"><ele>1692.73</ele></trkpt>
<trkpt lon="13.03618234" lat="47.53554720"><ele>1685.94</ele></trkpt>
<trkpt lon="13.03619834" lat="47.53558131"><ele>1685.80</ele></trkpt>
<trkpt lon="13.03616866" lat="47.53560033"><ele>1684.54</ele></trkpt>
</trkseg><trkseg>
<trkpt lon="13.03616866" lat="47.53560033"><ele>1684.54</ele></trkpt>
<trkpt lon="13.03616894" lat="47.53560708"><ele>1684.46</ele></trkpt>
</trkseg><trkseg>
<trkpt lon="13.03616894" lat="47.53560708"><ele>1684.46</ele></trkpt>
<trkpt lon="13.03614639" lat="47.53563468"><ele>1682.64</ele></trkpt>
</trkseg><trkseg>
<trkpt lon="13.03614639" lat="47.53563468"><ele>1682.64</ele></trkpt>
<trkpt lon="13.03616018" lat="47.53563896"><ele>1682.63</ele></trkpt>
</trkseg><trkseg>
<trkpt lon="13.03635279" lat="47.53560132"><ele>1727.34</ele></trkpt>
<trkpt lon="13.03637595" lat="47.53560019"><ele>1725.99</ele></trkpt>
</trkseg><trkseg>
<trkpt lon="13.03637595" lat="47.53560019"><ele>1725.99</ele></trkpt>
<trkpt lon="13.03639736" lat="47.53561045"><ele>1724.66</ele></trkpt>
<trkpt lon="13.03641159" lat="47.53560314"><ele>1724.70</ele></trkpt>
</trkseg><trkseg>
<trkpt lon="13.03455408" lat="47.53542310"><ele>1307.38</ele></trkpt>
<trkpt lon="13.03454409" lat="47.53543076"><ele>1307.40</ele></trkpt>
</trkseg><trkseg>
<trkpt lon="13.03454409" lat="47.53543076"><ele>1307.40</ele></trkpt>
<trkpt lon="13.03452755" lat="47.53542913"><ele>1307.18</ele></trkpt>
</trkseg><trkseg>
<trkpt lon="13.03452755" lat="47.53542913"><ele>1307.18</ele></trkpt>
<trkpt lon="13.03452965" lat="47.53541900"><ele>1307.22</ele></trkpt>
</trkseg><trkseg>
<trkpt lon="13.03452965" lat="47.53541900"><ele>1307.22</ele></trkpt>
<trkpt lon="13.03451685" lat="47.53542381"><ele>1306.97</ele></trkpt>
</trkseg><trkseg>
<trkpt lon="13.03451685" lat="47.53542381"><ele>1306.97</ele></trkpt>
<trkpt lon="13.03450060" lat="47.53542138"><ele>1306.50</ele></trkpt>
<trkpt lon="13.03450530" lat="47.53540571"><ele>1306.75</ele></trkpt>
</trkseg><trkseg>
<trkpt lon="13.03450530" lat="47.53540571"><ele>1306.75</ele></trkpt>
<trkpt lon="13.03450882" lat="47.53540046"><ele>1303.49</ele></trkpt>
</trkseg><trkseg>
<trkpt lon="13.03450882" lat="47.53540046"><ele>1303.49</ele></trkpt>
<trkpt lon="13.03449722" lat="47.53539432"><ele>1290.83</ele></trkpt>
</trkseg><trkseg>
<trkpt lon="13.03449722" lat="47.53539432"><ele>1290.83</ele></trkpt>
<trkpt lon="13.03446632" lat="47.53541755"><ele>1290.23</ele></trkpt>
</trkseg><trkseg>
<trkpt lon="13.05774997" lat="47.53473331"><ele>2010.00</ele></trkpt>
<trkpt lon="13.05773989" lat="47.53470038"><ele>2001.98</ele></trkpt>
<trkpt lon="13.05775739" lat="47.53473019"><ele>2001.35</ele></trkpt>
<trkpt lon="13.05776262" lat="47.53473253"><ele>1992.36</ele></trkpt>
<trkpt lon="13.05774505" lat="47.53472612"><ele>1991.96</ele></trkpt>
<trkpt lon="13.05773957" lat="47.53469471"><ele>1992.58</ele></trkpt>
</trkseg><trkseg>
<trkpt lon="13.05774505" lat="47.53472612"><ele>1991.96</ele></trkpt>
<trkpt lon="13.05777906" lat="47.53471184"><ele>1990.56</ele></trkpt>
<trkpt lon="13.05779856" lat="47.53470912"><ele>1982.03</ele></trkpt>
<trkpt lon="13.05782869" lat="47.53476029"><ele>1980.39</ele></trkpt>
<trkpt lon="13.05786431" lat="47.53479247"><ele>1974.00</ele></trkpt>
<trkpt lon="13.05787712" lat="47.53480547"><ele>1971.52</ele></trkpt>
<trkpt lon="13.05790604" lat="47.53482090"><ele>1963.88</ele></trkpt>
</trkseg><trkseg>
<trkpt lon="13.05790604" lat="47.53482090"><ele>1963.88</ele></trkpt>
<trkpt lon="13.05791190" lat="47.53481713"><ele>1963.30</ele></trkpt>
<trkpt lon="13.05792661" lat="47.53483600"><ele>1962.54</ele></trkpt>
<trkpt lon="13.05794568" lat="47.53485225"><ele>1960.97</ele></trkpt>
<trkpt lon="13.05792555" lat="47.53483958"><ele>1949.38</ele></trkpt>
<trkpt lon="13.05792302" lat="47.53483972"><ele>1945.60</ele></trkpt>
</trkseg><trkseg>
<trkpt lon="13.05792555" lat="47.53483958"><ele>1949.38</ele></trkpt>
<trkpt lon="13.05796697" lat="47.53486935"><ele>1951.17</ele></trkpt>
<trkpt lon="13.05804052" lat="47.53489264"><ele>1944.12</ele></trkpt>
<trkpt lon="13.05806313" lat="47.53491003"><ele>1912.60</ele></trkpt>
<trkpt lon="13.05805517" lat="47.53492762"><ele>1882.62</ele></trkpt>
<trkpt lon="13.05807464" lat="47.53489691"><ele>1883.12</ele></trkpt>
<trkpt lon="13.05809431" lat="47.53487880"><ele>1881.41</ele></trkpt>
</trkseg><trkseg>
<trkpt lon="13.05807464" lat="47.53489691"><ele>1883.12</ele></trkpt>
<trkpt lon="13.05807710" lat="47.53489524"><ele>1885.90</ele></trkpt>
<trkpt lon="13.05809609" lat="47.53485948"><ele>1884.67</ele></trkpt>
<trkpt lon="13.05814050" lat="47.53484062"><ele>1881.13</ele></trkpt>
<trkpt lon="13.05815293" lat="47.53485657"><ele>1880.49</ele></trkpt>
</trkseg><trkseg>
<trkpt lon="13.05814050" lat="47.53484062"><ele>1881.13</ele></trkpt>
<trkpt lon="13.05814661" lat="47.53481921"><ele>1882.28</ele></trkpt>
</trkseg><trkseg>
<trkpt lon="13.04991667" lat="47.53395002"><ele>1924.00</ele></trkpt>
<trkpt lon="13.04993636" lat="47.53394208"><ele>1923.74</ele></trkpt>
<trkpt lon="13.04994271" lat="47.53395370"><ele>1922.82</ele></trkpt>
<trkpt lon="13.04996256" lat="47.53393082"><ele>1922.28</ele></trkpt>
<trkpt lon="13.05003483" lat="47.53395257"><ele>1915.79</ele></trkpt>
<trkpt lon="13.05008390" lat="47.53392983"><ele>1911.86</ele></trkpt>
<trkpt lon="13.05013029" lat="47.53389013"><ele>1903.80</ele></trkpt>
<trkpt lon="13.05015185" lat="47.53386413"><ele>1903.24</ele></trkpt>
<trkpt lon="13.05015060" lat="47.53385817"><ele>1902.18</ele></trkpt>
<trkpt lon="13.05015217" lat="47.53385180"><ele>1900.04</ele></trkpt>
<trkpt lon="13.05016333" lat="47.53384111"><ele>1899.82</ele></trkpt>
<trkpt lon="13.05016168" lat="47.53382812"><ele>1893.56</ele></trkpt>
<trkpt lon="13.05019190" lat="47.53380884"><ele>1893.76</ele></trkpt>
<trkpt lon="13.05022536" lat="47.53377701"><ele>1894.19</ele></trkpt>
<trkpt lon="13.05023957" lat="47.53373064"><ele>1898.84</ele></trkpt>
<trkpt lon="13.05024248" lat="47.53369515"><ele>1901.37</ele></trkpt>
</trkseg><trkseg>
<trkpt lon="13.05023957" lat="47.53373064"><ele>1898.84</ele></trkpt>
<trkpt lon="13.05023220" lat="47.53372521"><ele>1904.25</ele></trkpt>
<trkpt lon="13.05020723" lat="47.53375007"><ele>1911.91</ele></trkpt>
</trkseg><trkseg>
<trkpt lon="13.05023220" lat="47.53372521"><ele>1904.25</ele></trkpt>
<trkpt lon="13.05020486" lat="47.53371008"><ele>1901.79</ele></trkpt>
</trkseg><trkseg>
<trkpt lon="13.05019190" lat="47.53380884"><ele>1893.76</ele></trkpt>
<trkpt lon="13.05024314" lat="47.53382078"><ele>1877.52</ele></trkpt>
<trkpt lon="13.05021800" lat="47.53383943"><ele>1875.99</ele></trkpt>
<trkpt lon="13.05025155" lat="47.53388076"><ele>1871.62</ele></trkpt>
<trkpt lon="13.05022454" lat="47.53388516"><ele>1854.55</ele></trkpt>
<trkpt lon="13.05022331" lat="47.53389324"><ele>1854.13</ele></trkpt>
<trkpt lon="13.05023969" lat="47.53387075"><ele>1846.39</ele></trkpt>
<trkpt lon="13.05026495" lat="47.53387766"><ele>1839.79</ele></trkpt>
<trkpt lon="13.05026509" lat="47.53385939"><ele>1836.03</ele></trkpt>
<trkpt lon="13.05028168" lat="47.53384924"><ele>1834.68</ele></trkpt>
<trkpt lon="13.05027667" lat="47.53384456"><ele>1834.67</ele></trkpt>
</trkseg><trkseg>
<trkpt lon="13.05026495" lat="47.53387766"><ele>1839.79</ele></trkpt>
<trkpt lon="13.05025491" lat="47.53388316"><ele>1840.23</ele></trkpt>
<trkpt lon="13.05031410" lat="47.53388866"><ele>1839.06</ele></trkpt>
<trkpt lon="13.05031798" lat="47.53389521"><ele>1839.26</ele></trkpt>
<trkpt lon="13.05033901" lat="47.53390501"><ele>1830.98</ele></trkpt>
<trkpt lon="13.05034721" lat="47.53387726"><ele>1829.93</ele></trkpt>
<trkpt lon="13.05032820" lat="47.53386308"><ele>1829.62</ele></trkpt>
<trkpt lon="13.05032342" lat="47.53384527"><ele>1828.71</ele></trkpt>
<trkpt lon="13.05031374" lat="47.53382666"><ele>1827.12</ele></trkpt>
<trkpt lon="13.05030606" lat="47.53381537"><ele>1826.60</ele></trkpt>
<trkpt lon="13.05029340" lat="47.53381983"><ele>1827.29</ele></trkpt>
<trkpt lon="13.05028735" lat="47.53380740"><ele>1829.42</ele></trkpt>
<trkpt lon="13.05026152" lat="47.53381254"><ele>1831.46</ele></trkpt>
<trkpt lon="13.05026105" lat="47.53382522"><ele>1833.82</ele></trkpt>
</trkseg><trkseg>
<trkpt lon="13.05030606" lat="47.53381537"><ele>1826.60</ele></trkpt>
<trkpt lon="13.05031958" lat="47.53380534"><ele>1821.40</ele></trkpt>
<trkpt lon="13.05031987" lat="47.53377952"><ele>1821.47</ele></trkpt>
<trkpt lon="13.05031277" lat="47.53373468"><ele>1818.74</ele></trkpt>
</trkseg><trkseg>
<trkpt lon="13.05031987" lat="47.53377952"><ele>1821.47</ele></trkpt>
<trkpt lon="13.05034251" lat="47.53381059"><ele>1821.86</ele></trkpt>
</trkseg><trkseg>
<trkpt lon="13.04019996" lat="47.52795005"><ele>2145.00</ele></trkpt>
<trkpt lon="13.04019479" lat="47.52796391"><ele>2145.04</ele></trkpt>
<trkpt lon="13.04021244" lat="47.52796079"><ele>2140.55</ele></trkpt>
<trkpt lon="13.04022144" lat="47.52797615"><ele>2118.89</ele></trkpt>
<trkpt lon="13.04023523" lat="47.52798025"><ele>2118.79</ele></trkpt>
<trkpt lon="13.04023042" lat="47.52800951"><ele>2117.05</ele></trkpt>
<trkpt lon="13.04021200" lat="47.52802620"><ele>2101.38</ele></trkpt>
<trkpt lon="13.04024779" lat="47.52803896"><ele>2105.01</ele></trkpt>
<trkpt lon="13.04026934" lat="47.52802754"><ele>2105.52</ele></trkpt>
<trkpt lon="13.04029265" lat="47.52802605"><ele>2106.44</ele></trkpt>
</trkseg><trkseg>
<trkpt lon="13.04021200" lat="47.52802620"><ele>2101.38</ele></trkpt>
<trkpt lon="13.04024947" lat="47.52802594"><ele>2101.25</ele></trkpt>
<trkpt lon="13.04029354" lat="47.52801283"><ele>2096.99</ele></trkpt>
</trkseg><trkseg>
<trkpt lon="13.04021200" lat="47.52802620"><ele>2101.38</ele></trkpt>
<trkpt lon="13.04022919" lat="47.52798213"><ele>2097.66</ele></trkpt>
<trkpt lon="13.04026134" lat="47.52799636"><ele>2097.10</ele></trkpt>
<trkpt lon="13.04027466" lat="47.52797400"><ele>2092.28</ele></trkpt>
</trkseg><trkseg>
<trkpt lon="13.04027466" lat="47.52797400"><ele>2092.28</ele></trkpt>
<trkpt lon="13.04027562" lat="47.52796961"><ele>2091.42</ele></trkpt>
<trkpt lon="13.04026456" lat="47.52795277"><ele>2090.60</ele></trkpt>
<trkpt lon="13.04032896" lat="47.52791797"><ele>2081.46</ele></trkpt>
</trkseg><trkseg>
<trkpt lon="13.04027466" lat="47.52797400"><ele>2092.28</ele></trkpt>
<trkpt lon="13.04031269" lat="47.52798023"><ele>2091.42</ele></trkpt>
<trkpt lon="13.04034717" lat="47.52796417"><ele>2086.53</ele></trkpt>
<trkpt lon="13.04040767" lat="47.52793056"><ele>2078.27</ele></trkpt>
<trkpt lon="13.04041420" lat="47.52791951"><ele>2076.84</ele></trkpt>
<trkpt lon="13.04044243" lat="47.52792477"><ele>2075.31</ele></trkpt>
<trkpt lon="13.04046699" lat="47.52791448"><ele>2073.47</ele></trkpt>
</trkseg><trkseg>
<trkpt lon="13.04755005" lat="47.53071667"><ele>2009.00</ele></trkpt>
<trkpt lon="13.04756087" lat="47.53074384"><ele>2006.80</ele></trkpt>
<trkpt lon="13.04756776" lat="47.53074792"><ele>2006.03</ele></trkpt>
<trkpt lon="13.04758330" lat="47.53075520"><ele>2002.67</ele></trkpt>
<trkpt lon="13.04760640" lat="47.53072698"><ele>2001.32</ele></trkpt>
<trkpt lon="13.04759442" lat="47.53071679"><ele>2000.31</ele></trkpt>
<trkpt lon="13.04758512" lat="47.53071690"><ele>1991.72</ele></trkpt>
<trkpt lon="13.04759485" lat="47.53072328"><ele>1991.67</ele></trkpt>
<trkpt lon="13.04758879" lat="47.53071094"><ele>1975.49</ele></trkpt>
<trkpt lon="13.04758296" lat="47.53070706"><ele>1962.38</ele></trkpt>
<trkpt lon="13.04758334" lat="47.53070760"><ele>1962.93</ele></trkpt>
<trkpt lon="13.04757655" lat="47.53067563"><ele>1961.25</ele></trkpt>
<trkpt lon="13.04757452" lat="47.53066606"><ele>1960.43</ele></trkpt>
<trkpt lon="13.04756979" lat="47.53067174"><ele>1956.74</ele></trkpt>
<trkpt lon="13.04756039" lat="47.53068877"><ele>1950.77</ele></trkpt>
<trkpt lon="13.04756621" lat="47.53066439"><ele>1949.84</ele></trkpt>
<trkpt lon="13.04756782" lat="47.53064606"><ele>1944.75</ele></trkpt>
</trkseg><trkseg>
<trkpt lon="13.04756782" lat="47.53064606"><ele>1944.75</ele></trkpt>
<trkpt lon="13.04758602" lat="47.53063179"><ele>1942.97</ele></trkpt>
<trkpt lon="13.04757412" lat="47.53061575"><ele>1942.38</ele></trkpt>
<trkpt lon="13.04757763" lat="47.53060358"><ele>1942.33</ele></trkpt>
</trkseg><trkseg>
<trkpt lon="13.04755005" lat="47.53071667"><ele>2009.00</ele></trkpt>
<trkpt lon="13.04755005" lat="47.53071667"><ele>2009.00</ele></trkpt>
</trkseg><trkseg>
<trkpt lon="13.04758334" lat="47.53070760"><ele>1962.93</ele></trkpt>
<trkpt lon="13.04759320" lat="47.53067808"><ele>1958.58</ele></trkpt>
</trkseg><trkseg>
<trkpt lon="13.04759320" lat="47.53067808"><ele>1958.58</ele></trkpt>
<trkpt lon="13.04758674" lat="47.53067680"><ele>1952.83</ele></trkpt>
</trkseg><trkseg>
<trkpt lon="13.04756979" lat="47.53067174"><ele>1956.74</ele></trkpt>
<trkpt lon="13.04754603" lat="47.53069266"><ele>1956.62</ele></trkpt>
<trkpt lon="13.04749603" lat="47.53071871"><ele>1967.97</ele></trkpt>
</trkseg><trkseg>
<trkpt lon="13.04754603" lat="47.53069266"><ele>1956.62</ele></trkpt>
<trkpt lon="13.04752061" lat="47.53069718"><ele>1954.23</ele></trkpt>
</trkseg><trkseg>
<trkpt lon="13.04752061" lat="47.53069718"><ele>1954.23</ele></trkpt>
<trkpt lon="13.04752569" lat="47.53069654"><ele>1951.68</ele></trkpt>
</trkseg><trkseg>
<trkpt lon="13.04752569" lat="47.53069654"><ele>1951.68</ele></trkpt>
<trkpt lon="13.04751736" lat="47.53069883"><ele>1946.48</ele></trkpt>
</trkseg><trkseg>
<trkpt lon="13.04752569" lat="47.53069654"><ele>1951.68</ele></trkpt>
<trkpt lon="13.04751477" lat="47.53068997"><ele>1951.57</ele></trkpt>
</trkseg><trkseg>
<trkpt lon="13.04751477" lat="47.53068997"><ele>1951.57</ele></trkpt>
<trkpt lon="13.04753405" lat="47.53067536"><ele>1950.41</ele></trkpt>
</trkseg><trkseg>
<trkpt lon="13.04753405" lat="47.53067536"><ele>1950.41</ele></trkpt>
<trkpt lon="13.04753897" lat="47.53067166"><ele>1949.42</ele></trkpt>
</trkseg><trkseg>
<trkpt lon="13.04753897" lat="47.53067166"><ele>1949.42</ele></trkpt>
<trkpt lon="13.04753661" lat="47.53065642"><ele>1949.05</ele></trkpt>
</trkseg><trkseg>
<trkpt lon="13.04753661" lat="47.53065642"><ele>1949.05</ele></trkpt>
<trkpt lon="13.04752404" lat="47.53066205"><ele>1947.46</ele></trkpt>
</trkseg><trkseg>
<trkpt lon="13.04752404" lat="47.53066205"><ele>1947.46</ele></trkpt>
<trkpt lon="13.04751566" lat="47.53065156"><ele>1947.05</ele></trkpt>
</trkseg><trkseg>
<trkpt lon="13.04751566" lat="47.53065156"><ele>1947.05</ele></trkpt>
<trkpt lon="13.04752146" lat="47.53064932"><ele>1943.33</ele></trkpt>
</trkseg><trkseg>
<trkpt lon="13.04752146" lat="47.53064932"><ele>1943.33</ele></trkpt>
<trkpt lon="13.04750412" lat="47.53066900"><ele>1942.44</ele></trkpt>
<trkpt lon="13.04749992" lat="47.53066398"><ele>1942.39</ele></trkpt>
</trkseg><trkseg>
<trkpt lon="13.04749992" lat="47.53066398"><ele>1942.39</ele></trkpt>
<trkpt lon="13.04748887" lat="47.53065389"><ele>1941.52</ele></trkpt>
</trkseg><trkseg>
<trkpt lon="13.04748887" lat="47.53065389"><ele>1941.52</ele></trkpt>
<trkpt lon="13.04746622" lat="47.53063074"><ele>1940.68</ele></trkpt>
</trkseg><trkseg>
<trkpt lon="13.04746622" lat="47.53063074"><ele>1940.68</ele></trkpt>
<trkpt lon="13.04745410" lat="47.53063845"><ele>1937.97</ele></trkpt>
</trkseg><trkseg>
<trkpt lon="13.04745410" lat="47.53063845"><ele>1937.97</ele></trkpt>
<trkpt lon="13.04745368" lat="47.53064268"><ele>1936.10</ele></trkpt>
</trkseg><trkseg>
<trkpt lon="13.04745368" lat="47.53064268"><ele>1936.10</ele></trkpt>
<trkpt lon="13.04745214" lat="47.53062348"><ele>1933.71</ele></trkpt>
</trkseg><trkseg>
<trkpt lon="13.04745214" lat="47.53062348"><ele>1933.71</ele></trkpt>
<trkpt lon="13.04746602" lat="47.53060392"><ele>1925.06</ele></trkpt>
</trkseg><trkseg>
<trkpt lon="13.04746602" lat="47.53060392"><ele>1925.06</ele></trkpt>
<trkpt lon="13.04748267" lat="47.53063138"><ele>1927.28</ele></trkpt>
</trkseg><trkseg>
<trkpt lon="13.04746602" lat="47.53060392"><ele>1925.06</ele></trkpt>
<trkpt lon="13.04746906" lat="47.53062917"><ele>1925.55</ele></trkpt>
</trkseg><trkseg>
<trkpt lon="13.04746906" lat="47.53062917"><ele>1925.55</ele></trkpt>
<trkpt lon="13.04745333" lat="47.53063070"><ele>1920.43</ele></trkpt>
</trkseg><trkseg>
<trkpt lon="13.04745333" lat="47.53063070"><ele>1920.43</ele></trkpt>
<trkpt lon="13.04744898" lat="47.53065843"><ele>1917.61</ele></trkpt>
</trkseg><trkseg>
<trkpt lon="13.04744898" lat="47.53065843"><ele>1917.61</ele></trkpt>
<trkpt lon="13.04747240" lat="47.53066108"><ele>1914.41</ele></trkpt>
</trkseg><trkseg>
<trkpt lon="13.04747240" lat="47.53066108"><ele>1914.41</ele></trkpt>
<trkpt lon="13.04749490" lat="47.53066345"><ele>1913.10</ele></trkpt>
</trkseg><trkseg>
<trkpt lon="13.04749490" lat="47.53066345"><ele>1913.10</ele></trkpt>
<trkpt lon="13.04748979" lat="47.53068279"><ele>1912.56</ele></trkpt>
</trkseg><trkseg>
<trkpt lon="13.04748979" lat="47.53068279"><ele>1912.56</ele></trkpt>
<trkpt lon="13.04750230" lat="47.53070730"><ele>1911.54</ele></trkpt>
</trkseg><trkseg>
<trkpt lon="13.04750230" lat="47.53070730"><ele>1911.54</ele></trkpt>
<trkpt lon="13.04749702" lat="47.53072440"><ele>1909.97</ele></trkpt>
</trkseg><trkseg>
<trkpt lon="13.04749702" lat="47.53072440"><ele>1909.97</ele></trkpt>
<trkpt lon="13.04751335" lat="47.53073170"><ele>1909.72</ele></trkpt>
</trkseg><trkseg>
<trkpt lon="13.04751335" lat="47.53073170"><ele>1909.72</ele></trkpt>
<trkpt lon="13.04752000" lat="47.53074963"><ele>1909.22</ele></trkpt>
</trkseg><trkseg>
<trkpt lon="13.04752000" lat="47.53074963"><ele>1909.22</ele></trkpt>
<trkpt lon="13.04751604" lat="47.53075235"><ele>1908.32</ele></trkpt>
</trkseg><trkseg>
<trkpt lon="13.04751604" lat="47.53075235"><ele>1908.32</ele></trkpt>
<trkpt lon="13.04755333" lat="47.53076801"><ele>1901.21</ele></trkpt>
</trkseg><trkseg>
<trkpt lon="13.04755333" lat="47.53076801"><ele>1901.21</ele></trkpt>
<trkpt lon="13.04753303" lat="47.53077774"><ele>1899.95</ele></trkpt>
</trkseg><trkseg>
<trkpt lon="13.04753303" lat="47.53077774"><ele>1899.95</ele></trkpt>
<trkpt lon="13.04755543" lat="47.53078281"><ele>1898.90</ele></trkpt>
</trkseg><trkseg>
<trkpt lon="13.04755543" lat="47.53078281"><ele>1898.90</ele></trkpt>
<trkpt lon="13.04757317" lat="47.53079894"><ele>1892.76</ele></trkpt>
</trkseg><trkseg>
<trkpt lon="13.04757317" lat="47.53079894"><ele>1892.76</ele></trkpt>
<trkpt lon="13.04759034" lat="47.53078034"><ele>1892.02</ele></trkpt>
</trkseg><trkseg>
<trkpt lon="13.04759034" lat="47.53078034"><ele>1892.02</ele></trkpt>
<trkpt lon="13.04762174" lat="47.53077557"><ele>1878.26</ele></trkpt>
</trkseg><trkseg>
<trkpt lon="13.04762174" lat="47.53077557"><ele>1878.26</ele></trkpt>
<trkpt lon="13.04762141" lat="47.53080570"><ele>1877.52</ele></trkpt>
</trkseg><trkseg>
<trkpt lon="13.04762141" lat="47.53080570"><ele>1877.52</ele></trkpt>
<trkpt lon="13.04760805" lat="47.53080773"><ele>1876.90</ele></trkpt>
</trkseg><trkseg>
<trkpt lon="13.04760805" lat="47.53080773"><ele>1876.90</ele></trkpt>
<trkpt lon="13.04760876" lat="47.53081359"><ele>1876.32</ele></trkpt>
</trkseg><trkseg>
<trkpt lon="13.04760876" lat="47.53081359"><ele>1876.32</ele></trkpt>
<trkpt lon="13.04758921" lat="47.53081433"><ele>1875.42</ele></trkpt>
</trkseg><trkseg>
<trkpt lon="13.04758921" lat="47.53081433"><ele>1875.42</ele></trkpt>
<trkpt lon="13.04757943" lat="47.53083792"><ele>1871.81</ele></trkpt>
</trkseg><trkseg>
<trkpt lon="13.04757943" lat="47.53083792"><ele>1871.81</ele></trkpt>
<trkpt lon="13.04755752" lat="47.53083755"><ele>1870.28</ele></trkpt>
</trkseg><trkseg>
<trkpt lon="13.04755752" lat="47.53083755"><ele>1870.28</ele></trkpt>
<trkpt lon="13.04754599" lat="47.53082971"><ele>1868.55</ele></trkpt>
</trkseg><trkseg>
<trkpt lon="13.04754599" lat="47.53082971"><ele>1868.55</ele></trkpt>
<trkpt lon="13.04754948" lat="47.53083588"><ele>1868.44</ele></trkpt>
<trkpt lon="13.04754624" lat="47.53081216"><ele>1865.64</ele></trkpt>
</trkseg><trkseg>
<trkpt lon="13.04754624" lat="47.53081216"><ele>1865.64</ele></trkpt>
<trkpt lon="13.04755302" lat="47.53079401"><ele>1864.54</ele></trkpt>
</trkseg><trkseg>
<trkpt lon="13.04755302" lat="47.53079401"><ele>1864.54</ele></trkpt>
<trkpt lon="13.04754268" lat="47.53077926"><ele>1864.69</ele></trkpt>
</trkseg><trkseg>
<trkpt lon="13.04754268" lat="47.53077926"><ele>1864.69</ele></trkpt>
<trkpt lon="13.04750632" lat="47.53078521"><ele>1865.79</ele></trkpt>
</trkseg><trkseg>
<trkpt lon="13.04755302" lat="47.53079401"><ele>1864.54</ele></trkpt>
<trkpt lon="13.04755981" lat="47.53078297"><ele>1862.81</ele></trkpt>
</trkseg><trkseg>
<trkpt lon="13.04755981" lat="47.53078297"><ele>1862.81</ele></trkpt>
<trkpt lon="13.04759639" lat="47.53077459"><ele>1861.50</ele></trkpt>
</trkseg><trkseg>
<trkpt lon="13.04759639" lat="47.53077459"><ele>1861.50</ele></trkpt>
<trkpt lon="13.04761503" lat="47.53077716"><ele>1861.32</ele></trkpt>
</trkseg><trkseg>
<trkpt lon="13.04761503" lat="47.53077716"><ele>1861.32</ele></trkpt>
<trkpt lon="13.04762282" lat="47.53078215"><ele>1860.76</ele></trkpt>
</trkseg><trkseg>
<trkpt lon="13.04762282" lat="47.53078215"><ele>1860.76</ele></trkpt>
<trkpt lon="13.04765821" lat="47.53080237"><ele>1858.52</ele></trkpt>
<trkpt lon="13.04765972" lat="47.53080816"><ele>1858.67</ele></trkpt>
</trkseg><trkseg>
<trkpt lon="13.04765972" lat="47.53080816"><ele>1858.67</ele></trkpt>
<trkpt lon="13.04769210" lat="47.53080925"><ele>1857.51</ele></trkpt>
</trkseg><trkseg>
<trkpt lon="13.04769210" lat="47.53080925"><ele>1857.51</ele></trkpt>
<trkpt lon="13.04770190" lat="47.53083155"><ele>1855.17</ele></trkpt>
</trkseg><trkseg>
<trkpt lon="13.06358334" lat="47.53460001"><ele>1991.00</ele></trkpt>
<trkpt lon="13.06359292" lat="47.53462842"><ele>1988.06</ele></trkpt>
<trkpt lon="13.06365802" lat="47.53466480"><ele>1984.20</ele></trkpt>
<trkpt lon="13.06369145" lat="47.53464467"><ele>1978.40</ele></trkpt>
<trkpt lon="13.06370451" lat="47.53464354"><ele>1974.90</ele></trkpt>
<trkpt lon="13.06370629" lat="47.53464555"><ele>1973.48</ele></trkpt>
<trkpt lon="13.06374678" lat="47.53457442"><ele>1973.80</ele></trkpt>
<trkpt lon="13.06375020" lat="47.53454290"><ele>1974.99</ele></trkpt>
<trkpt lon="13.06376707" lat="47.53452509"><ele>1975.11</ele></trkpt>
<trkpt lon="13.06382533" lat="47.53449440"><ele>1964.17</ele></trkpt>
<trkpt lon="13.06387975" lat="47.53449253"><ele>1950.32</ele></trkpt>
<trkpt lon="13.06393688" lat="47.53450700"><ele>1943.14</ele></trkpt>
<trkpt lon="13.06396989" lat="47.53454877"><ele>1942.07</ele></trkpt>
<trkpt lon="13.06402180" lat="47.53456080"><ele>1930.89</ele></trkpt>
<trkpt lon="13.06404188" lat="47.53453495"><ele>1929.72</ele></trkpt>
<trkpt lon="13.06409512" lat="47.53451084"><ele>1921.60</ele></trkpt>
<trkpt lon="13.06412845" lat="47.53452229"><ele>1920.30</ele></trkpt>
<trkpt lon="13.06418181" lat="47.53450942"><ele>1909.91</ele></trkpt>
<trkpt lon="13.06421481" lat="47.53450440"><ele>1905.53</ele></trkpt>
<trkpt lon="13.06424218" lat="47.53451899"><ele>1900.70</ele></trkpt>
<trkpt lon="13.06426011" lat="47.53451182"><ele>1899.38</ele></trkpt>
<trkpt lon="13.06428495" lat="47.53449416"><ele>1895.88</ele></trkpt>
<trkpt lon="13.06434344" lat="47.53448264"><ele>1894.71</ele></trkpt>
<trkpt lon="13.06433932" lat="47.53450425"><ele>1894.71</ele></trkpt>
</trkseg><trkseg>
<trkpt lon="13.06434344" lat="47.53448264"><ele>1894.71</ele></trkpt>
<trkpt lon="13.06434278" lat="47.53451844"><ele>1894.43</ele></trkpt>
<trkpt lon="13.06433553" lat="47.53453127"><ele>1893.68</ele></trkpt>
<trkpt lon="13.06433930" lat="47.53453737"><ele>1893.13</ele></trkpt>
<trkpt lon="13.06438485" lat="47.53457044"><ele>1882.52</ele></trkpt>
<trkpt lon="13.06440449" lat="47.53454216"><ele>1881.19</ele></trkpt>
<trkpt lon="13.06449633" lat="47.53453075"><ele>1871.03</ele></trkpt>
<trkpt lon="13.06451943" lat="47.53450234"><ele>1868.18</ele></trkpt>
<trkpt lon="13.06450853" lat="47.53451692"><ele>1867.63</ele></trkpt>
</trkseg><trkseg>
<trkpt lon="13.06426011" lat="47.53451182"><ele>1899.38</ele></trkpt>
<trkpt lon="13.06424445" lat="47.53454386"><ele>1898.87</ele></trkpt>
</trkseg><trkseg>
<trkpt lon="13.06424445" lat="47.53454386"><ele>1898.87</ele></trkpt>
<trkpt lon="13.06423368" lat="47.53455853"><ele>1898.30</ele></trkpt>
<trkpt lon="13.06422493" lat="47.53458331"><ele>1897.94</ele></trkpt>
<trkpt lon="13.06421007" lat="47.53459709"><ele>1897.39</ele></trkpt>
<trkpt lon="13.06420969" lat="47.53460393"><ele>1897.20</ele></trkpt>
<trkpt lon="13.06419238" lat="47.53460831"><ele>1897.35</ele></trkpt>
<trkpt lon="13.06417104" lat="47.53463954"><ele>1896.40</ele></trkpt>
<trkpt lon="13.06413691" lat="47.53465336"><ele>1895.59</ele></trkpt>
<trkpt lon="13.06411564" lat="47.53467172"><ele>1895.09</ele></trkpt>
<trkpt lon="13.06407696" lat="47.53468303"><ele>1894.14</ele></trkpt>
<trkpt lon="13.06407483" lat="47.53467957"><ele>1894.09</ele></trkpt>
<trkpt lon="13.06405484" lat="47.53469552"><ele>1893.74</ele></trkpt>
<trkpt lon="13.06401933" lat="47.53470725"><ele>1893.08</ele></trkpt>
<trkpt lon="13.06397287" lat="47.53472410"><ele>1892.64</ele></trkpt>
<trkpt lon="13.06395733" lat="47.53474553"><ele>1892.27</ele></trkpt>
<trkpt lon="13.06395119" lat="47.53474255"><ele>1891.75</ele></trkpt>
<trkpt lon="13.06391796" lat="47.53475008"><ele>1891.51</ele></trkpt>
</trkseg><trkseg>
<trkpt lon="13.06391796" lat="47.53475008"><ele>1891.51</ele></trkpt>
<trkpt lon="13.06389157" lat="47.53475243"><ele>1891.64</ele></trkpt>
<trkpt lon="13.06386427" lat="47.53477212"><ele>1891.11</ele></trkpt>
<trkpt lon="13.06385534" lat="47.53476927"><ele>1891.23</ele></trkpt>
<trkpt lon="13.06382999" lat="47.53479746"><ele>1891.28</ele></trkpt>
<trkpt lon="13.06378309" lat="47.53480072"><ele>1891.37</ele></trkpt>
<trkpt lon="13.06380566" lat="47.53476537"><ele>1892.14</ele></trkpt>
<trkpt lon="13.06378427" lat="47.53476510"><ele>1891.97</ele></trkpt>
<trkpt lon="13.06373805" lat="47.53472851"><ele>1891.33</ele></trkpt>
<trkpt lon="13.06375856" lat="47.53473461"><ele>1890.83</ele></trkpt>
<trkpt lon="13.06375849" lat="47.53472543"><ele>1890.37</ele></trkpt>
<trkpt lon="13.06378052" lat="47.53472275"><ele>1890.09</ele></trkpt>
<trkpt lon="13.06379307" lat="47.53472458"><ele>1889.68</ele></trkpt>
<trkpt lon="13.06383252" lat="47.53471769"><ele>1888.98</ele></trkpt>
<trkpt lon="13.06383125" lat="47.53469463"><ele>1885.68</ele></trkpt>
<trkpt lon="13.06381016" lat="47.53468986"><ele>1885.17</ele></trkpt>
<trkpt lon="13.06378650" lat="47.53467929"><ele>1883.92</ele></trkpt>
<trkpt lon="13.06381188" lat="47.53466479"><ele>1883.93</ele></trkpt>
<trkpt lon="13.06385495" lat="47.53466074"><ele>1884.54</ele></trkpt>
<trkpt lon="13.06385318" lat="47.53467637"><ele>1882.59</ele></trkpt>
<trkpt lon="13.06389499" lat="47.53464864"><ele>1882.37</ele></trkpt>
<trkpt lon="13.06387067" lat="47.53462349"><ele>1882.80</ele></trkpt>
<trkpt lon="13.06392147" lat="47.53461868"><ele>1881.17</ele></trkpt>
<trkpt lon="13.06393063" lat="47.53462261"><ele>1872.95</ele></trkpt>
<trkpt lon="13.06388720" lat="47.53458246"><ele>1870.86</ele></trkpt>
<trkpt lon="13.06387108" lat="47.53454746"><ele>1870.90</ele></trkpt>
<trkpt lon="13.06394766" lat="47.53453903"><ele>1871.83</ele></trkpt>
<trkpt lon="13.06395802" lat="47.53450672"><ele>1872.99</ele></trkpt>
<trkpt lon="13.06394410" lat="47.53450226"><ele>1871.02</ele></trkpt>
<trkpt lon="13.06394450" lat="47.53449120"><ele>1871.01</ele></trkpt>
<trkpt lon="13.06393375" lat="47.53448742"><ele>1870.71</ele></trkpt>
<trkpt lon="13.06391163" lat="47.53447472"><ele>1870.88</ele></trkpt>
<trkpt lon="13.06391164" lat="47.53447085"><ele>1870.76</ele></trkpt>
<trkpt lon="13.06390117" lat="47.53444844"><ele>1863.76</ele></trkpt>
<trkpt lon="13.06393576" lat="47.53448340"><ele>1857.62</ele></trkpt>
</trkseg><trkseg>
<trkpt lon="13.05457300" lat="47.53746903"><ele>1886.36</ele></trkpt>
<trkpt lon="13.05463015" lat="47.53746163"><ele>1883.52</ele></trkpt>
<trkpt lon="13.05467023" lat="47.53749173"><ele>1880.39</ele></trkpt>
<trkpt lon="13.05467800" lat="47.53748638"><ele>1880.37</ele></trkpt>
<trkpt lon="13.05468815" lat="47.53748853"><ele>1878.54</ele></trkpt>
<trkpt lon="13.05475399" lat="47.53751565"><ele>1877.35</ele></trkpt>
<trkpt lon="13.05475216" lat="47.53753263"><ele>1876.22</ele></trkpt>
<trkpt lon="13.05477765" lat="47.53753324"><ele>1874.72</ele></trkpt>
<trkpt lon="13.05480128" lat="47.53754840"><ele>1873.58</ele></trkpt>
<trkpt lon="13.05481031" lat="47.53754837"><ele>1872.77</ele></trkpt>
<trkpt lon="13.05482868" lat="47.53757631"><ele>1872.90</ele></trkpt>
</trkseg><trkseg>
<trkpt lon="13.05481031" lat="47.53754837"><ele>1872.77</ele></trkpt>
<trkpt lon="13.05482698" lat="47.53756467"><ele>1870.07</ele></trkpt>
<trkpt lon="13.05484135" lat="47.53754980"><ele>1868.95</ele></trkpt>
<trkpt lon="13.05481888" lat="47.53752863"><ele>1867.60</ele></trkpt>
<trkpt lon="13.05478919" lat="47.53752678"><ele>1868.10</ele></trkpt>
</trkseg><trkseg>
<trkpt lon="13.05481888" lat="47.53752863"><ele>1867.60</ele></trkpt>
<trkpt lon="13.05481428" lat="47.53754169"><ele>1864.28</ele></trkpt>
<trkpt lon="13.05477555" lat="47.53753617"><ele>1865.05</ele></trkpt>
</trkseg><trkseg>
<trkpt lon="13.05484135" lat="47.53754980"><ele>1868.95</ele></trkpt>
<trkpt lon="13.05486103" lat="47.53754941"><ele>1868.31</ele></trkpt>
<trkpt lon="13.05487818" lat="47.53753134"><ele>1869.05</ele></trkpt>
<trkpt lon="13.05490049" lat="47.53752461"><ele>1869.71</ele></trkpt>
<trkpt lon="13.05493990" lat="47.53755129"><ele>1871.05</ele></trkpt>
</trkseg><trkseg>
<trkpt lon="13.05484135" lat="47.53754980"><ele>1868.95</ele></trkpt>
<trkpt lon="13.05486905" lat="47.53756988"><ele>1868.99</ele></trkpt>
<trkpt lon="13.05491982" lat="47.53754438"><ele>1860.70</ele></trkpt>
<trkpt lon="13.05491449" lat="47.53753754"><ele>1859.80</ele></trkpt>
<trkpt lon="13.05493273" lat="47.53752237"><ele>1856.82</ele></trkpt>
<trkpt lon="13.05495565" lat="47.53751682"><ele>1853.70</ele></trkpt>
<trkpt lon="13.05497806" lat="47.53751819"><ele>1848.87</ele></trkpt>
<trkpt lon="13.05497469" lat="47.53749429"><ele>1847.76</ele></trkpt>
<trkpt lon="13.05501054" lat="47.53745908"><ele>1835.79</ele></trkpt>
<trkpt lon="13.05506980" lat="47.53745559"><ele>1832.66</ele></trkpt>
<trkpt lon="13.05511102" lat="47.53742623"><ele>1825.88</ele></trkpt>
</trkseg><trkseg>
<trkpt lon="13.05016671" lat="47.53231666"><ele>1932.00</ele></trkpt>
<trkpt lon="13.05007144" lat="47.53240268"><ele>1928.73</ele></trkpt>
<trkpt lon="13.05009932" lat="47.53243555"><ele>1929.26</ele></trkpt>
</trkseg><trkseg>
<trkpt lon="13.05007144" lat="47.53240268"><ele>1928.73</ele></trkpt>
<trkpt lon="13.05003444" lat="47.53244399"><ele>1929.43</ele></trkpt>
<trkpt lon="13.05002156" lat="47.53246509"><ele>1934.36</ele></trkpt>
</trkseg><trkseg>
<trkpt lon="13.05007144" lat="47.53240268"><ele>1928.73</ele></trkpt>
<trkpt lon="13.04996111" lat="47.53236112"><ele>1930.10</ele></trkpt>
</trkseg><trkseg>
<trkpt lon="13.05311673" lat="47.52940669"><ele>1998.31</ele></trkpt>
<trkpt lon="13.05311173" lat="47.52939472"><ele>1997.10</ele></trkpt>
<trkpt lon="13.05311179" lat="47.52937862"><ele>1995.72</ele></trkpt>
<trkpt lon="13.05307908" lat="47.52938652"><ele>1995.07</ele></trkpt>
</trkseg><trkseg>
<trkpt lon="13.05313613" lat="47.52943536"><ele>2002.15</ele></trkpt>
<trkpt lon="13.05311057" lat="47.52943673"><ele>2001.98</ele></trkpt>
</trkseg><trkseg>
<trkpt lon="13.05311057" lat="47.52943673"><ele>2001.98</ele></trkpt>
<trkpt lon="13.05310856" lat="47.52946243"><ele>2002.79</ele></trkpt>
</trkseg><trkseg>
<trkpt lon="13.05310856" lat="47.52946243"><ele>2002.79</ele></trkpt>
<trkpt lon="13.05312267" lat="47.52947950"><ele>2003.57</ele></trkpt>
</trkseg><trkseg>
<trkpt lon="13.05312267" lat="47.52947950"><ele>2003.57</ele></trkpt>
<trkpt lon="13.05313433" lat="47.52949130"><ele>2005.87</ele></trkpt>
</trkseg><trkseg>
<trkpt lon="13.05313433" lat="47.52949130"><ele>2005.87</ele></trkpt>
<trkpt lon="13.05314748" lat="47.52950205"><ele>2005.92</ele></trkpt>
</trkseg><trkseg>
<trkpt lon="13.05306972" lat="47.52942425"><ele>1992.36</ele></trkpt>
<trkpt lon="13.05305558" lat="47.52943633"><ele>1992.58</ele></trkpt>
</trkseg><trkseg>
<trkpt lon="13.05305558" lat="47.52943633"><ele>1992.58</ele></trkpt>
<trkpt lon="13.05303807" lat="47.52943208"><ele>1993.65</ele></trkpt>
</trkseg><trkseg>
<trkpt lon="13.05303807" lat="47.52943208"><ele>1993.65</ele></trkpt>
<trkpt lon="13.05303124" lat="47.52942629"><ele>1993.27</ele></trkpt>
</trkseg><trkseg>
<trkpt lon="13.05305812" lat="47.52923868"><ele>1946.84</ele></trkpt>
<trkpt lon="13.05307292" lat="47.52925882"><ele>1949.08</ele></trkpt>
</trkseg><trkseg>
<trkpt lon="13.05307292" lat="47.52925882"><ele>1949.08</ele></trkpt>
<trkpt lon="13.05306954" lat="47.52922088"><ele>1951.12</ele></trkpt>
</trkseg><trkseg>
<trkpt lon="13.05306954" lat="47.52922088"><ele>1951.12</ele></trkpt>
<trkpt lon="13.05308920" lat="47.52924605"><ele>1950.29</ele></trkpt>
<trkpt lon="13.05312660" lat="47.52922617"><ele>1950.49</ele></trkpt>
</trkseg><trkseg>
<trkpt lon="13.05318166" lat="47.52901663"><ele>1779.46</ele></trkpt>
<trkpt lon="13.05321233" lat="47.52902786"><ele>1781.63</ele></trkpt>
<trkpt lon="13.05323528" lat="47.52898587"><ele>1782.34</ele></trkpt>
<trkpt lon="13.05326202" lat="47.52897768"><ele>1780.95</ele></trkpt>
<trkpt lon="13.05325767" lat="47.52898751"><ele>1775.13</ele></trkpt>
<trkpt lon="13.05327452" lat="47.52896665"><ele>1775.08</ele></trkpt>
<trkpt lon="13.05331935" lat="47.52895787"><ele>1768.87</ele></trkpt>
<trkpt lon="13.05334974" lat="47.52895893"><ele>1766.52</ele></trkpt>
<trkpt lon="13.05335481" lat="47.52895811"><ele>1765.54</ele></trkpt>
</trkseg><trkseg>
<trkpt lon="13.05331935" lat="47.52895787"><ele>1768.87</ele></trkpt>
<trkpt lon="13.05328888" lat="47.52896995"><ele>1768.16</ele></trkpt>
<trkpt lon="13.05329918" lat="47.52896428"><ele>1764.20</ele></trkpt>
</trkseg><trkseg>
<trkpt lon="13.05321233" lat="47.52902786"><ele>1781.63</ele></trkpt>
<trkpt lon="13.05317482" lat="47.52904702"><ele>1777.67</ele></trkpt>
<trkpt lon="13.05317639" lat="47.52905118"><ele>1773.40</ele></trkpt>
<trkpt lon="13.05317992" lat="47.52908508"><ele>1773.87</ele></trkpt>
<trkpt lon="13.05315349" lat="47.52910290"><ele>1771.85</ele></trkpt>
</trkseg><trkseg>
<trkpt lon="13.05321233" lat="47.52902786"><ele>1781.63</ele></trkpt>
<trkpt lon="13.05323980" lat="47.52901456"><ele>1780.86</ele></trkpt>
</trkseg><trkseg>
<trkpt lon="13.05320391" lat="47.52899685"><ele>1766.26</ele></trkpt>
<trkpt lon="13.05317887" lat="47.52899877"><ele>1767.31</ele></trkpt>
</trkseg><trkseg>
<trkpt lon="13.05324529" lat="47.52906360"><ele>1739.99</ele></trkpt>
<trkpt lon="13.05321703" lat="47.52909111"><ele>1741.58</ele></trkpt>
<trkpt lon="13.05323687" lat="47.52912231"><ele>1742.75</ele></trkpt>
<trkpt lon="13.05322088" lat="47.52913428"><ele>1744.55</ele></trkpt>
<trkpt lon="13.05322088" lat="47.52913428"><ele>1744.55</ele></trkpt>
<trkpt lon="13.05320040" lat="47.52914913"><ele>1749.41</ele></trkpt>
<trkpt lon="13.05317548" lat="47.52917283"><ele>1752.53</ele></trkpt>
</trkseg><trkseg>
<trkpt lon="13.05322006" lat="47.52901656"><ele>1734.69</ele></trkpt>
<trkpt lon="13.05326407" lat="47.52905159"><ele>1733.84</ele></trkpt>
</trkseg><trkseg>
<trkpt lon="13.05322088" lat="47.52913428"><ele>1744.55</ele></trkpt>
<trkpt lon="13.05323086" lat="47.52915181"><ele>1744.43</ele></trkpt>
</trkseg><trkseg>
<trkpt lon="13.05323086" lat="47.52915181"><ele>1744.43</ele></trkpt>
<trkpt lon="13.05320890" lat="47.52915648"><ele>1732.56</ele></trkpt>
</trkseg><trkseg>
<trkpt lon="13.05320890" lat="47.52915648"><ele>1732.56</ele></trkpt>
<trkpt lon="13.05318360" lat="47.52914714"><ele>1727.43</ele></trkpt>
</trkseg><trkseg>
<trkpt lon="13.05318360" lat="47.52914714"><ele>1727.43</ele></trkpt>
<trkpt lon="13.05323077" lat="47.52914344"><ele>1725.79</ele></trkpt>
</trkseg><trkseg>
<trkpt lon="13.05323077" lat="47.52914344"><ele>1725.79</ele></trkpt>
<trkpt lon="13.05326051" lat="47.52910822"><ele>1720.02</ele></trkpt>
</trkseg><trkseg>
<trkpt lon="13.05326051" lat="47.52910822"><ele>1720.02</ele></trkpt>
<trkpt lon="13.05329299" lat="47.52908133"><ele>1716.60</ele></trkpt>
</trkseg><trkseg>
<trkpt lon="13.05329299" lat="47.52908133"><ele>1716.60</ele></trkpt>
<trkpt lon="13.05329132" lat="47.52907266"><ele>1714.10</ele></trkpt>
</trkseg><trkseg>
<trkpt lon="13.05302885" lat="47.52902438"><ele>1822.14</ele></trkpt>
<trkpt lon="13.05299348" lat="47.52904322"><ele>1820.15</ele></trkpt>
</trkseg><trkseg>
<trkpt lon="13.05299348" lat="47.52904322"><ele>1820.15</ele></trkpt>
<trkpt lon="13.05296474" lat="47.52903724"><ele>1819.06</ele></trkpt>
</trkseg><trkseg>
<trkpt lon="13.05296474" lat="47.52903724"><ele>1819.06</ele></trkpt>
<trkpt lon="13.05297679" lat="47.52903457"><ele>1814.59</ele></trkpt>
</trkseg><trkseg>
<trkpt lon="13.05297679" lat="47.52903457"><ele>1814.59</ele></trkpt>
<trkpt lon="13.05296745" lat="47.52901776"><ele>1814.92</ele></trkpt>
</trkseg><trkseg>
<trkpt lon="13.05329132" lat="47.52907266"><ele>1714.10</ele></trkpt>
<trkpt lon="13.05332801" lat="47.52905403"><ele>1712.89</ele></trkpt>
</trkseg><trkseg>
<trkpt lon="13.05332801" lat="47.52905403"><ele>1712.89</ele></trkpt>
<trkpt lon="13.05335209" lat="47.52907126"><ele>1712.29</ele></trkpt>
</trkseg><trkseg>
<trkpt lon="13.05335209" lat="47.52907126"><ele>1712.29</ele></trkpt>
<trkpt lon="13.05334600" lat="47.52908151"><ele>1712.60</ele></trkpt>
</trkseg><trkseg>
<trkpt lon="13.05334600" lat="47.52908151"><ele>1712.60</ele></trkpt>
<trkpt lon="13.05336691" lat="47.52909446"><ele>1712.52</ele></trkpt>
</trkseg><trkseg>
<trkpt lon="13.05336691" lat="47.52909446"><ele>1712.52</ele></trkpt>
<trkpt lon="13.05339942" lat="47.52910275"><ele>1711.82</ele></trkpt>
</trkseg><trkseg>
<trkpt lon="13.05339942" lat="47.52910275"><ele>1711.82</ele></trkpt>
<trkpt lon="13.05340938" lat="47.52912794"><ele>1711.96</ele></trkpt>
</trkseg><trkseg>
<trkpt lon="13.05340938" lat="47.52912794"><ele>1711.96</ele></trkpt>
<trkpt lon="13.05340482" lat="47.52913983"><ele>1712.52</ele></trkpt>
</trkseg><trkseg>
<trkpt lon="13.05340482" lat="47.52913983"><ele>1712.52</ele></trkpt>
<trkpt lon="13.05341554" lat="47.52914442"><ele>1712.14</ele></trkpt>
</trkseg><trkseg>
<trkpt lon="13.05341554" lat="47.52914442"><ele>1712.14</ele></trkpt>
<trkpt lon="13.05341250" lat="47.52915130"><ele>1711.63</ele></trkpt>
</trkseg><trkseg>
<trkpt lon="13.05341250" lat="47.52915130"><ele>1711.63</ele></trkpt>
<trkpt lon="13.05342238" lat="47.52915704"><ele>1711.77</ele></trkpt>
</trkseg><trkseg>
<trkpt lon="13.05342238" lat="47.52915704"><ele>1711.77</ele></trkpt>
<trkpt lon="13.05342187" lat="47.52916018"><ele>1710.81</ele></trkpt>
</trkseg><trkseg>
<trkpt lon="13.05342187" lat="47.52916018"><ele>1710.81</ele></trkpt>
<trkpt lon="13.05343435" lat="47.52917110"><ele>1709.58</ele></trkpt>
</trkseg><trkseg>
<trkpt lon="13.05224170" lat="47.52760996"><ele>2033.00</ele></trkpt>
<trkpt lon="13.05221186" lat="47.52761945"><ele>2028.77</ele></trkpt>
</trkseg><trkseg>
<trkpt lon="13.05221186" lat="47.52761945"><ele>2028.77</ele></trkpt>
<trkpt lon="13.05221369" lat="47.52760949"><ele>2020.46</ele></trkpt>
</trkseg><trkseg>
<trkpt lon="13.05221369" lat="47.52760949"><ele>2020.46</ele></trkpt>
<trkpt lon="13.05220640" lat="47.52761629"><ele>2015.59</ele></trkpt>
</trkseg><trkseg>
<trkpt lon="13.05220640" lat="47.52761629"><ele>2015.59</ele></trkpt>
<trkpt lon="13.05219568" lat="47.52761872"><ele>2002.20</ele></trkpt>
<trkpt lon="13.05218085" lat="47.52762810"><ele>1996.57</ele></trkpt>
</trkseg><trkseg>
<trkpt lon="13.05218085" lat="47.52762810"><ele>1996.57</ele></trkpt>
<trkpt lon="13.05219852" lat="47.52762813"><ele>1988.71</ele></trkpt>
</trkseg><trkseg>
<trkpt lon="13.05219852" lat="47.52762813"><ele>1988.71</ele></trkpt>
<trkpt lon="13.05221380" lat="47.52759932"><ele>1983.31</ele></trkpt>
</trkseg><trkseg>
<trkpt lon="13.05221380" lat="47.52759932"><ele>1983.31</ele></trkpt>
<trkpt lon="13.05215631" lat="47.52764154"><ele>1980.41</ele></trkpt>
</trkseg><trkseg>
<trkpt lon="13.05215631" lat="47.52764154"><ele>1980.41</ele></trkpt>
<trkpt lon="13.05212668" lat="47.52763429"><ele>1984.48</ele></trkpt>
</trkseg><trkseg>
<trkpt lon="13.05212668" lat="47.52763429"><ele>1984.48</ele></trkpt>
<trkpt lon="13.05200659" lat="47.52763413"><ele>1991.19</ele></trkpt>
</trkseg><trkseg>
<trkpt lon="13.05200659" lat="47.52763413"><ele>1991.19</ele></trkpt>
<trkpt lon="13.05198380" lat="47.52771131"><ele>1995.73</ele></trkpt>
</trkseg><trkseg>
<trkpt lon="13.05422488" lat="47.52737162"><ele>2034.58</ele></trkpt>
<trkpt lon="13.05426012" lat="47.52733110"><ele>2030.22</ele></trkpt>
<trkpt lon="13.05430954" lat="47.52731691"><ele>2030.60</ele></trkpt>
</trkseg><trkseg>
<trkpt lon="13.05465438" lat="47.52747249"><ele>2011.65</ele></trkpt>
<trkpt lon="13.05465956" lat="47.52747618"><ele>2012.63</ele></trkpt>
<trkpt lon="13.05464710" lat="47.52746472"><ele>2013.35</ele></trkpt>
<trkpt lon="13.05459563" lat="47.52746970"><ele>2014.56</ele></trkpt>
<trkpt lon="13.05458517" lat="47.52749048"><ele>2016.12</ele></trkpt>
<trkpt lon="13.05455243" lat="47.52748840"><ele>2017.11</ele></trkpt>
<trkpt lon="13.05451287" lat="47.52751985"><ele>2018.26</ele></trkpt>
<trkpt lon="13.05441960" lat="47.52757037"><ele>2019.59</ele></trkpt>
<trkpt lon="13.05438589" lat="47.52755855"><ele>2020.25</ele></trkpt>
<trkpt lon="13.05437743" lat="47.52756821"><ele>2020.24</ele></trkpt>
<trkpt lon="13.05434317" lat="47.52757123"><ele>2002.58</ele></trkpt>
</trkseg><trkseg>
<trkpt lon="13.05437743" lat="47.52756821"><ele>2020.24</ele></trkpt>
<trkpt lon="13.05433951" lat="47.52758404"><ele>2018.82</ele></trkpt>
<trkpt lon="13.05434749" lat="47.52760190"><ele>2015.54</ele></trkpt>
<trkpt lon="13.05437737" lat="47.52757343"><ele>2011.96</ele></trkpt>
</trkseg><trkseg>
<trkpt lon="13.05426012" lat="47.52733110"><ele>2030.22</ele></trkpt>
<trkpt lon="13.05414355" lat="47.52728961"><ele>2033.08</ele></trkpt>
</trkseg><trkseg>
<trkpt lon="13.05414355" lat="47.52728961"><ele>2033.08</ele></trkpt>
<trkpt lon="13.05409588" lat="47.52734630"><ele>2036.37</ele></trkpt>
</trkseg><trkseg>
<trkpt lon="13.05414355" lat="47.52728961"><ele>2033.08</ele></trkpt>
<trkpt lon="13.05411575" lat="47.52729049"><ele>2033.06</ele></trkpt>
</trkseg><trkseg>
<trkpt lon="13.05411575" lat="47.52729049"><ele>2033.06</ele></trkpt>
<trkpt lon="13.05409914" lat="47.52727977"><ele>2033.14</ele></trkpt>
<trkpt lon="13.05408571" lat="47.52726569"><ele>2033.95</ele></trkpt>
</trkseg><trkseg>
<trkpt lon="13.05463610" lat="47.52731318"><ele>2019.20</ele></trkpt>
<trkpt lon="13.05469002" lat="47.52730276"><ele>2017.17</ele></trkpt>
</trkseg><trkseg>
<trkpt lon="13.05463610" lat="47.52731318"><ele>2019.20</ele></trkpt>
<trkpt lon="13.05454524" lat="47.52733800"><ele>2016.68</ele></trkpt>
</trkseg><trkseg>
<trkpt lon="13.05469002" lat="47.52730276"><ele>2017.17</ele></trkpt>
<trkpt lon="13.05471072" lat="47.52728565"><ele>2014.67</ele></trkpt>
</trkseg><trkseg>
<trkpt lon="13.05471072" lat="47.52728565"><ele>2014.67</ele></trkpt>
<trkpt lon="13.05473765" lat="47.52726514"><ele>2012.33</ele></trkpt>
</trkseg><trkseg>
<trkpt lon="13.05473765" lat="47.52726514"><ele>2012.33</ele></trkpt>
<trkpt lon="13.05471775" lat="47.52725707"><ele>2011.07</ele></trkpt>
</trkseg><trkseg>
<trkpt lon="13.05471775" lat="47.52725707"><ele>2011.07</ele></trkpt>
<trkpt lon="13.05471575" lat="47.52721051"><ele>2012.86</ele></trkpt>
</trkseg><trkseg>
<trkpt lon="13.05471575" lat="47.52721051"><ele>2012.86</ele></trkpt>
<trkpt lon="13.05471068" lat="47.52719315"><ele>2012.28</ele></trkpt>
</trkseg><trkseg>
<trkpt lon="13.05471068" lat="47.52719315"><ele>2012.28</ele></trkpt>
<trkpt lon="13.05469990" lat="47.52718658"><ele>2011.67</ele></trkpt>
</trkseg><trkseg>
<trkpt lon="13.05469990" lat="47.52718658"><ele>2011.67</ele></trkpt>
<trkpt lon="13.05466868" lat="47.52719738"><ele>2006.60</ele></trkpt>
</trkseg><trkseg>
<trkpt lon="13.05466868" lat="47.52719738"><ele>2006.60</ele></trkpt>
<trkpt lon="13.05466118" lat="47.52719888"><ele>2005.46</ele></trkpt>
</trkseg><trkseg>
<trkpt lon="13.05482481" lat="47.52744794"><ele>2011.88</ele></trkpt>
<trkpt lon="13.05487763" lat="47.52744946"><ele>2011.53</ele></trkpt>
</trkseg><trkseg>
<trkpt lon="13.05487763" lat="47.52744946"><ele>2011.53</ele></trkpt>
<trkpt lon="13.05490500" lat="47.52745299"><ele>2011.76</ele></trkpt>
</trkseg><trkseg>
<trkpt lon="13.05490500" lat="47.52745299"><ele>2011.76</ele></trkpt>
<trkpt lon="13.05490876" lat="47.52745917"><ele>2012.97</ele></trkpt>
</trkseg><trkseg>
<trkpt lon="13.05490876" lat="47.52745917"><ele>2012.97</ele></trkpt>
<trkpt lon="13.05492871" lat="47.52746581"><ele>2013.48</ele></trkpt>
</trkseg><trkseg>
<trkpt lon="13.05466118" lat="47.52719888"><ele>2005.46</ele></trkpt>
<trkpt lon="13.05466031" lat="47.52720462"><ele>2002.47</ele></trkpt>
<trkpt lon="13.05466607" lat="47.52720679"><ele>2001.04</ele></trkpt>
<trkpt lon="13.05460525" lat="47.52720621"><ele>1994.15</ele></trkpt>
<trkpt lon="13.05458967" lat="47.52717130"><ele>1997.49</ele></trkpt>
<trkpt lon="13.05456744" lat="47.52714015"><ele>1995.96</ele></trkpt>
<trkpt lon="13.05460062" lat="47.52709779"><ele>1991.28</ele></trkpt>
<trkpt lon="13.05465934" lat="47.52711228"><ele>1990.12</ele></trkpt>
</trkseg><trkseg>
<trkpt lon="13.05460525" lat="47.52720621"><ele>1994.15</ele></trkpt>
<trkpt lon="13.05461207" lat="47.52724079"><ele>1988.53</ele></trkpt>
</trkseg><trkseg>
<trkpt lon="13.05458967" lat="47.52717130"><ele>1997.49</ele></trkpt>
<trkpt lon="13.05458532" lat="47.52715593"><ele>2008.60</ele></trkpt>
</trkseg><trkseg>
<trkpt lon="13.05322670" lat="47.52805835"><ele>2048.00</ele></trkpt>
<trkpt lon="13.05319431" lat="47.52802531"><ele>2042.56</ele></trkpt>
</trkseg><trkseg>
<trkpt lon="13.05319431" lat="47.52802531"><ele>2042.56</ele></trkpt>
<trkpt lon="13.05324153" lat="47.52803088"><ele>2037.44</ele></trkpt>
<trkpt lon="13.05329720" lat="47.52802364"><ele>2035.44</ele></trkpt>
</trkseg><trkseg>
<trkpt lon="13.05329720" lat="47.52802364"><ele>2035.44</ele></trkpt>
<trkpt lon="13.05332420" lat="47.52799764"><ele>2033.21</ele></trkpt>
</trkseg><trkseg>
<trkpt lon="13.05332420" lat="47.52799764"><ele>2033.21</ele></trkpt>
<trkpt lon="13.05342604" lat="47.52795285"><ele>2031.96</ele></trkpt>
</trkseg><trkseg>
<trkpt lon="13.05342604" lat="47.52795285"><ele>2031.96</ele></trkpt>
<trkpt lon="13.05346661" lat="47.52795849"><ele>2030.85</ele></trkpt>
</trkseg><trkseg>
<trkpt lon="13.05346661" lat="47.52795849"><ele>2030.85</ele></trkpt>
<trkpt lon="13.05349404" lat="47.52795698"><ele>2028.87</ele></trkpt>
</trkseg><trkseg>
<trkpt lon="13.05349404" lat="47.52795698"><ele>2028.87</ele></trkpt>
<trkpt lon="13.05352378" lat="47.52799338"><ele>2029.25</ele></trkpt>
</trkseg><trkseg>
<trkpt lon="13.05352378" lat="47.52799338"><ele>2029.25</ele></trkpt>
<trkpt lon="13.05359333" lat="47.52798080"><ele>2028.01</ele></trkpt>
</trkseg><trkseg>
<trkpt lon="13.05359333" lat="47.52798080"><ele>2028.01</ele></trkpt>
<trkpt lon="13.05363189" lat="47.52796562"><ele>2028.84</ele></trkpt>
</trkseg><trkseg>
<trkpt lon="13.05363189" lat="47.52796562"><ele>2028.84</ele></trkpt>
<trkpt lon="13.05368369" lat="47.52797297"><ele>2029.02</ele></trkpt>
</trkseg><trkseg>
<trkpt lon="13.05368369" lat="47.52797297"><ele>2029.02</ele></trkpt>
<trkpt lon="13.05370469" lat="47.52801598"><ele>2028.52</ele></trkpt>
</trkseg><trkseg>
<trkpt lon="13.05370469" lat="47.52801598"><ele>2028.52</ele></trkpt>
<trkpt lon="13.05370187" lat="47.52803816"><ele>2028.60</ele></trkpt>
</trkseg><trkseg>
<trkpt lon="13.05370187" lat="47.52803816"><ele>2028.60</ele></trkpt>
<trkpt lon="13.05362323" lat="47.52806319"><ele>2023.40</ele></trkpt>
<trkpt lon="13.05360842" lat="47.52810433"><ele>2024.23</ele></trkpt>
</trkseg><trkseg>
<trkpt lon="13.05360842" lat="47.52810433"><ele>2024.23</ele></trkpt>
<trkpt lon="13.05353328" lat="47.52810648"><ele>2028.09</ele></trkpt>
</trkseg><trkseg>
<trkpt lon="13.05353328" lat="47.52810648"><ele>2028.09</ele></trkpt>
<trkpt lon="13.05352514" lat="47.52815034"><ele>2023.72</ele></trkpt>
</trkseg><trkseg>
<trkpt lon="13.05352514" lat="47.52815034"><ele>2023.72</ele></trkpt>
<trkpt lon="13.05348046" lat="47.52815858"><ele>2022.35</ele></trkpt>
</trkseg><trkseg>
<trkpt lon="13.05370187" lat="47.52803816"><ele>2028.60</ele></trkpt>
<trkpt lon="13.05379211" lat="47.52800523"><ele>2035.19</ele></trkpt>
</trkseg><trkseg>
<trkpt lon="13.05363189" lat="47.52796562"><ele>2028.84</ele></trkpt>
<trkpt lon="13.05374910" lat="47.52792522"><ele>2031.66</ele></trkpt>
</trkseg><trkseg>
<trkpt lon="13.05374910" lat="47.52792522"><ele>2031.66</ele></trkpt>
<trkpt lon="13.05374852" lat="47.52789066"><ele>2038.05</ele></trkpt>
</trkseg><trkseg>
<trkpt lon="13.05363189" lat="47.52796562"><ele>2028.84</ele></trkpt>
<trkpt lon="13.05367273" lat="47.52790674"><ele>2027.86</ele></trkpt>
<trkpt lon="13.05370270" lat="47.52786496"><ele>2026.44</ele></trkpt>
</trkseg><trkseg>
<trkpt lon="13.05370270" lat="47.52786496"><ele>2026.44</ele></trkpt>
<trkpt lon="13.05378291" lat="47.52782295"><ele>2023.94</ele></trkpt>
</trkseg><trkseg>
<trkpt lon="13.05378291" lat="47.52782295"><ele>2023.94</ele></trkpt>
<trkpt lon="13.05379560" lat="47.52779590"><ele>2022.89</ele></trkpt>
</trkseg><trkseg>
<trkpt lon="13.05379560" lat="47.52779590"><ele>2022.89</ele></trkpt>
<trkpt lon="13.05374883" lat="47.52776028"><ele>2015.32</ele></trkpt>
</trkseg><trkseg>
<trkpt lon="13.05378291" lat="47.52782295"><ele>2023.94</ele></trkpt>
<trkpt lon="13.05383975" lat="47.52776614"><ele>2028.03</ele></trkpt>
</trkseg><trkseg>
<trkpt lon="13.05383975" lat="47.52776614"><ele>2028.03</ele></trkpt>
<trkpt lon="13.05385114" lat="47.52775977"><ele>2028.25</ele></trkpt>
<trkpt lon="13.05388413" lat="47.52776239"><ele>2028.46</ele></trkpt>
</trkseg><trkseg>
<trkpt lon="13.05388413" lat="47.52776239"><ele>2028.46</ele></trkpt>
<trkpt lon="13.05392331" lat="47.52774470"><ele>2028.09</ele></trkpt>
</trkseg><trkseg>
<trkpt lon="13.05392331" lat="47.52774470"><ele>2028.09</ele></trkpt>
<trkpt lon="13.05394600" lat="47.52773843"><ele>2029.58</ele></trkpt>
<trkpt lon="13.05396661" lat="47.52771628"><ele>2030.35</ele></trkpt>
</trkseg><trkseg>
<trkpt lon="13.05396661" lat="47.52771628"><ele>2030.35</ele></trkpt>
<trkpt lon="13.05401800" lat="47.52769889"><ele>2031.69</ele></trkpt>
</trkseg><trkseg>
<trkpt lon="13.05401800" lat="47.52769889"><ele>2031.69</ele></trkpt>
<trkpt lon="13.05409024" lat="47.52768914"><ele>2032.38</ele></trkpt>
</trkseg><trkseg>
<trkpt lon="13.05409024" lat="47.52768914"><ele>2032.38</ele></trkpt>
<trkpt lon="13.05414941" lat="47.52769140"><ele>2034.22</ele></trkpt>
</trkseg><trkseg>
<trkpt lon="13.05414941" lat="47.52769140"><ele>2034.22</ele></trkpt>
<trkpt lon="13.05418416" lat="47.52769307"><ele>2035.44</ele></trkpt>
</trkseg><trkseg>
<trkpt lon="13.05418416" lat="47.52769307"><ele>2035.44</ele></trkpt>
<trkpt lon="13.05419806" lat="47.52767990"><ele>2034.78</ele></trkpt>
<trkpt lon="13.05421341" lat="47.52767080"><ele>2035.55</ele></trkpt>
</trkseg><trkseg>
<trkpt lon="13.05342604" lat="47.52795285"><ele>2031.96</ele></trkpt>
<trkpt lon="13.05342995" lat="47.52797991"><ele>2029.24</ele></trkpt>
<trkpt lon="13.05345670" lat="47.52799656"><ele>2026.33</ele></trkpt>
</trkseg><trkseg>
<trkpt lon="13.05329720" lat="47.52802364"><ele>2035.44</ele></trkpt>
<trkpt lon="13.05325934" lat="47.52798413"><ele>2034.37</ele></trkpt>
</trkseg><trkseg>
<trkpt lon="13.05325934" lat="47.52798413"><ele>2034.37</ele></trkpt>
<trkpt lon="13.05325487" lat="47.52799350"><ele>2043.67</ele></trkpt>
</trkseg><trkseg>
<trkpt lon="13.05808338" lat="47.53202334"><ele>1993.00</ele></trkpt>
<trkpt lon="13.05802713" lat="47.53191656"><ele>1970.26</ele></trkpt>
<trkpt lon="13.05802713" lat="47.53191656"><ele>1949.26</ele></trkpt>
</trkseg><trkseg>
<trkpt lon="13.03712329" lat="47.52902833"><ele>2188.00</ele></trkpt>
<trkpt lon="13.03712264" lat="47.52902805"><ele>2185.59</ele></trkpt>
<trkpt lon="13.03710013" lat="47.52900462"><ele>2177.43</ele></trkpt>
<trkpt lon="13.03709017" lat="47.52898313"><ele>2170.38</ele></trkpt>
<trkpt lon="13.03706841" lat="47.52898231"><ele>2170.67</ele></trkpt>
<trkpt lon="13.03704395" lat="47.52896497"><ele>2169.99</ele></trkpt>
<trkpt lon="13.03699540" lat="47.52899140"><ele>2169.28</ele></trkpt>
<trkpt lon="13.03700647" lat="47.52901157"><ele>2166.69</ele></trkpt>
<trkpt lon="13.03697384" lat="47.52901740"><ele>2164.60</ele></trkpt>
<trkpt lon="13.03692488" lat="47.52904419"><ele>2164.53</ele></trkpt>
<trkpt lon="13.03689958" lat="47.52903133"><ele>2163.80</ele></trkpt>
<trkpt lon="13.03686527" lat="47.52903939"><ele>2164.34</ele></trkpt>
<trkpt lon="13.03682590" lat="47.52901927"><ele>2165.11</ele></trkpt>
<trkpt lon="13.03677724" lat="47.52904130"><ele>2164.34</ele></trkpt>
<trkpt lon="13.03681675" lat="47.52906501"><ele>2168.22</ele></trkpt>
<trkpt lon="13.03684387" lat="47.52906439"><ele>2167.80</ele></trkpt>
<trkpt lon="13.03687133" lat="47.52904435"><ele>2168.96</ele></trkpt>
<trkpt lon="13.03689970" lat="47.52904600"><ele>2169.00</ele></trkpt>
<trkpt lon="13.03697227" lat="47.52904167"><ele>2169.69</ele></trkpt>
<trkpt lon="13.03697619" lat="47.52900763"><ele>2171.34</ele></trkpt>
<trkpt lon="13.03700157" lat="47.52899709"><ele>2169.16</ele></trkpt>
</trkseg><trkseg>
<trkpt lon="13.03704395" lat="47.52896497"><ele>2169.99</ele></trkpt>
<trkpt lon="13.03700357" lat="47.52893629"><ele>2167.79</ele></trkpt>
<trkpt lon="13.03701952" lat="47.52888626"><ele>2167.72</ele></trkpt>
<trkpt lon="13.03702305" lat="47.52886293"><ele>2168.00</ele></trkpt>
<trkpt lon="13.03702117" lat="47.52883149"><ele>2169.73</ele></trkpt>
<trkpt lon="13.03704910" lat="47.52881622"><ele>2171.07</ele></trkpt>
<trkpt lon="13.03704600" lat="47.52878189"><ele>2171.31</ele></trkpt>
<trkpt lon="13.03702034" lat="47.52876822"><ele>2171.78</ele></trkpt>
<trkpt lon="13.03700178" lat="47.52878500"><ele>2168.37</ele></trkpt>
<trkpt lon="13.03691273" lat="47.52878950"><ele>2161.86</ele></trkpt>
<trkpt lon="13.03689783" lat="47.52880419"><ele>2161.41</ele></trkpt>
<trkpt lon="13.03683502" lat="47.52881409"><ele>2156.95</ele></trkpt>
<trkpt lon="13.03688581" lat="47.52878103"><ele>2160.19</ele></trkpt>
<trkpt lon="13.03688443" lat="47.52875024"><ele>2159.82</ele></trkpt>
<trkpt lon="13.03688329" lat="47.52871323"><ele>2160.12</ele></trkpt>
</trkseg><trkseg>
<trkpt lon="13.03700647" lat="47.52901157"><ele>2166.69</ele></trkpt>
<trkpt lon="13.03702297" lat="47.52900015"><ele>2164.84</ele></trkpt>
</trkseg><trkseg>
<trkpt lon="13.03702297" lat="47.52900015"><ele>2164.84</ele></trkpt>
<trkpt lon="13.03708054" lat="47.52900969"><ele>2163.86</ele></trkpt>
</trkseg><trkseg>
<trkpt lon="13.03708054" lat="47.52900969"><ele>2163.86</ele></trkpt>
<trkpt lon="13.03712191" lat="47.52901544"><ele>2163.44</ele></trkpt>
</trkseg><trkseg>
<trkpt lon="13.03712191" lat="47.52901544"><ele>2163.44</ele></trkpt>
<trkpt lon="13.03717236" lat="47.52901666"><ele>2163.18</ele></trkpt>
</trkseg><trkseg>
<trkpt lon="13.03677724" lat="47.52904130"><ele>2164.34</ele></trkpt>
<trkpt lon="13.03673481" lat="47.52908898"><ele>2175.35</ele></trkpt>
</trkseg><trkseg>
<trkpt lon="13.03683502" lat="47.52881409"><ele>2156.95</ele></trkpt>
<trkpt lon="13.03684446" lat="47.52879238"><ele>2154.75</ele></trkpt>
</trkseg><trkseg>
<trkpt lon="13.03684446" lat="47.52879238"><ele>2154.75</ele></trkpt>
<trkpt lon="13.03688942" lat="47.52878389"><ele>2151.65</ele></trkpt>
</trkseg><trkseg>
<trkpt lon="13.03688942" lat="47.52878389"><ele>2151.65</ele></trkpt>
<trkpt lon="13.03693636" lat="47.52875418"><ele>2147.74</ele></trkpt>
</trkseg><trkseg>
<trkpt lon="13.03670162" lat="47.52927333"><ele>2191.00</ele></trkpt>
<trkpt lon="13.03669692" lat="47.52922853"><ele>2190.64</ele></trkpt>
</trkseg><trkseg>
<trkpt lon="13.03669692" lat="47.52922853"><ele>2190.64</ele></trkpt>
<trkpt lon="13.03671241" lat="47.52916931"><ele>2182.40</ele></trkpt>
</trkseg><trkseg>
<trkpt lon="13.03671241" lat="47.52916931"><ele>2182.40</ele></trkpt>
<trkpt lon="13.03667502" lat="47.52917812"><ele>2180.97</ele></trkpt>
<trkpt lon="13.03666061" lat="47.52913684"><ele>2174.53</ele></trkpt>
</trkseg><trkseg>
<trkpt lon="13.03666061" lat="47.52913684"><ele>2174.53</ele></trkpt>
<trkpt lon="13.03658918" lat="47.52912509"><ele>2171.76</ele></trkpt>
</trkseg><trkseg>
<trkpt lon="13.03658918" lat="47.52912509"><ele>2171.76</ele></trkpt>
<trkpt lon="13.03655998" lat="47.52910650"><ele>2197.97</ele></trkpt>
</trkseg><trkseg>
<trkpt lon="13.03658918" lat="47.52912509"><ele>2171.76</ele></trkpt>
<trkpt lon="13.03665960" lat="47.52909633"><ele>2170.59</ele></trkpt>
</trkseg><trkseg>
<trkpt lon="13.03665960" lat="47.52909633"><ele>2170.59</ele></trkpt>
<trkpt lon="13.03666560" lat="47.52910660"><ele>2169.55</ele></trkpt>
</trkseg><trkseg>
<trkpt lon="13.03666560" lat="47.52910660"><ele>2169.55</ele></trkpt>
<trkpt lon="13.03664729" lat="47.52910224"><ele>2164.61</ele></trkpt>
</trkseg><trkseg>
<trkpt lon="13.03664729" lat="47.52910224"><ele>2164.61</ele></trkpt>
<trkpt lon="13.03660395" lat="47.52908872"><ele>2158.95</ele></trkpt>
</trkseg><trkseg>
<trkpt lon="13.03660395" lat="47.52908872"><ele>2158.95</ele></trkpt>
<trkpt lon="13.03654634" lat="47.52911239"><ele>2157.14</ele></trkpt>
</trkseg><trkseg>
<trkpt lon="13.03660395" lat="47.52908872"><ele>2158.95</ele></trkpt>
<trkpt lon="13.03664715" lat="47.52909882"><ele>2158.97</ele></trkpt>
<trkpt lon="13.03665730" lat="47.52906561"><ele>2159.67</ele></trkpt>
</trkseg><trkseg>
<trkpt lon="13.03665730" lat="47.52906561"><ele>2159.67</ele></trkpt>
<trkpt lon="13.03671405" lat="47.52906154"><ele>2161.66</ele></trkpt>
</trkseg><trkseg>
<trkpt lon="13.03671405" lat="47.52906154"><ele>2161.66</ele></trkpt>
<trkpt lon="13.03672851" lat="47.52906917"><ele>2162.27</ele></trkpt>
</trkseg><trkseg>
<trkpt lon="13.03665960" lat="47.52909633"><ele>2170.59</ele></trkpt>
<trkpt lon="13.03664199" lat="47.52909828"><ele>2170.71</ele></trkpt>
<trkpt lon="13.03664288" lat="47.52908867"><ele>2171.09</ele></trkpt>
</trkseg><trkseg>
<trkpt lon="13.03664288" lat="47.52908867"><ele>2171.09</ele></trkpt>
<trkpt lon="13.03663383" lat="47.52907502"><ele>2170.03</ele></trkpt>
</trkseg><trkseg>
<trkpt lon="13.03663383" lat="47.52907502"><ele>2170.03</ele></trkpt>
<trkpt lon="13.03661251" lat="47.52907303"><ele>2170.87</ele></trkpt>
</trkseg><trkseg>
<trkpt lon="13.03661251" lat="47.52907303"><ele>2170.87</ele></trkpt>
<trkpt lon="13.03656681" lat="47.52906595"><ele>2168.73</ele></trkpt>
</trkseg><trkseg>
<trkpt lon="13.03656681" lat="47.52906595"><ele>2168.73</ele></trkpt>
<trkpt lon="13.03654613" lat="47.52906110"><ele>2169.04</ele></trkpt>
</trkseg><trkseg>
<trkpt lon="13.03654613" lat="47.52906110"><ele>2169.04</ele></trkpt>
<trkpt lon="13.03651910" lat="47.52905910"><ele>2167.93</ele></trkpt>
</trkseg><trkseg>
<trkpt lon="13.03651910" lat="47.52905910"><ele>2167.93</ele></trkpt>
<trkpt lon="13.03651412" lat="47.52905731"><ele>2168.17</ele></trkpt>
<trkpt lon="13.03648616" lat="47.52905890"><ele>2167.90</ele></trkpt>
<trkpt lon="13.03649342" lat="47.52906019"><ele>2166.94</ele></trkpt>
<trkpt lon="13.03647350" lat="47.52907047"><ele>2162.87</ele></trkpt>
</trkseg><trkseg>
<trkpt lon="13.03647350" lat="47.52907047"><ele>2162.87</ele></trkpt>
<trkpt lon="13.03644340" lat="47.52905835"><ele>2162.02</ele></trkpt>
</trkseg><trkseg>
<trkpt lon="13.03644340" lat="47.52905835"><ele>2162.02</ele></trkpt>
<trkpt lon="13.03641275" lat="47.52906439"><ele>2161.13</ele></trkpt>
</trkseg><trkseg>
<trkpt lon="13.03641275" lat="47.52906439"><ele>2161.13</ele></trkpt>
<trkpt lon="13.03640649" lat="47.52907193"><ele>2161.29</ele></trkpt>
</trkseg><trkseg>
<trkpt lon="13.03640649" lat="47.52907193"><ele>2161.29</ele></trkpt>
<trkpt lon="13.03636053" lat="47.52907888"><ele>2160.75</ele></trkpt>
</trkseg><trkseg>
<trkpt lon="13.03636053" lat="47.52907888"><ele>2160.75</ele></trkpt>
<trkpt lon="13.03634471" lat="47.52909337"><ele>2160.59</ele></trkpt>
<trkpt lon="13.03634974" lat="47.52910092"><ele>2161.58</ele></trkpt>
<trkpt lon="13.03633614" lat="47.52909493"><ele>2162.46</ele></trkpt>
</trkseg><trkseg>
<trkpt lon="13.03633614" lat="47.52909493"><ele>2162.46</ele></trkpt>
<trkpt lon="13.03640284" lat="47.52908789"><ele>2203.30</ele></trkpt>
</trkseg><trkseg>
<trkpt lon="13.03633614" lat="47.52909493"><ele>2162.46</ele></trkpt>
<trkpt lon="13.03623642" lat="47.52913615"><ele>2157.80</ele></trkpt>
</trkseg><trkseg>
<trkpt lon="13.03762161" lat="47.53000832"><ele>2122.00</ele></trkpt>
<trkpt lon="13.03760607" lat="47.53000833"><ele>2120.09</ele></trkpt>
<trkpt lon="13.03758769" lat="47.53002376"><ele>2117.90</ele></trkpt>
<trkpt lon="13.03757395" lat="47.53003585"><ele>2115.99</ele></trkpt>
<trkpt lon="13.03756154" lat="47.53004446"><ele>2115.14</ele></trkpt>
<trkpt lon="13.03757276" lat="47.53005356"><ele>2114.51</ele></trkpt>
<trkpt lon="13.03752523" lat="47.53006327"><ele>2112.61</ele></trkpt>
<trkpt lon="13.03753008" lat="47.53007919"><ele>2109.60</ele></trkpt>
<trkpt lon="13.03756686" lat="47.53005859"><ele>2109.75</ele></trkpt>
<trkpt lon="13.03756337" lat="47.53006303"><ele>2111.80</ele></trkpt>
<trkpt lon="13.03752538" lat="47.53006274"><ele>2112.56</ele></trkpt>
</trkseg><trkseg>
<trkpt lon="13.03753008" lat="47.53007919"><ele>2109.60</ele></trkpt>
<trkpt lon="13.03750929" lat="47.53008811"><ele>2112.58</ele></trkpt>
</trkseg><trkseg>
<trkpt lon="13.03756686" lat="47.53005859"><ele>2109.75</ele></trkpt>
<trkpt lon="13.03757539" lat="47.53006845"><ele>2108.48</ele></trkpt>
<trkpt lon="13.03758593" lat="47.53007088"><ele>2103.60</ele></trkpt>
</trkseg><trkseg>
<trkpt lon="13.03758593" lat="47.53007088"><ele>2103.60</ele></trkpt>
<trkpt lon="13.03759067" lat="47.53007204"><ele>2101.63</ele></trkpt>
</trkseg><trkseg>
<trkpt lon="13.03753008" lat="47.53007919"><ele>2109.60</ele></trkpt>
<trkpt lon="13.03753707" lat="47.53009488"><ele>2108.67</ele></trkpt>
</trkseg><trkseg>
<trkpt lon="13.03753707" lat="47.53009488"><ele>2108.67</ele></trkpt>
<trkpt lon="13.03751749" lat="47.53011047"><ele>2108.30</ele></trkpt>
</trkseg><trkseg>
<trkpt lon="13.03751749" lat="47.53011047"><ele>2108.30</ele></trkpt>
<trkpt lon="13.03749572" lat="47.53013494"><ele>2107.35</ele></trkpt>
</trkseg><trkseg>
<trkpt lon="13.03749572" lat="47.53013494"><ele>2107.35</ele></trkpt>
<trkpt lon="13.03750017" lat="47.53014734"><ele>2107.49</ele></trkpt>
</trkseg><trkseg>
<trkpt lon="13.03750017" lat="47.53014734"><ele>2107.49</ele></trkpt>
<trkpt lon="13.03747651" lat="47.53015467"><ele>2105.94</ele></trkpt>
</trkseg><trkseg>
<trkpt lon="13.03747651" lat="47.53015467"><ele>2105.94</ele></trkpt>
<trkpt lon="13.03745947" lat="47.53017355"><ele>2104.01</ele></trkpt>
</trkseg><trkseg>
<trkpt lon="13.03745947" lat="47.53017355"><ele>2104.01</ele></trkpt>
<trkpt lon="13.03744747" lat="47.53018522"><ele>2103.48</ele></trkpt>
</trkseg><trkseg>
<trkpt lon="13.04973170" lat="47.51412999"><ele>2090.00</ele></trkpt>
<trkpt lon="13.04966222" lat="47.51415904"><ele>2089.51</ele></trkpt>
<trkpt lon="13.04959899" lat="47.51421673"><ele>2089.27</ele></trkpt>
<trkpt lon="13.04940038" lat="47.51426806"><ele>2084.06</ele></trkpt>
<trkpt lon="13.04930840" lat="47.51419819"><ele>2081.60</ele></trkpt>
<trkpt lon="13.04924653" lat="47.51421550"><ele>2080.18</ele></trkpt>
<trkpt lon="13.04917884" lat="47.51422136"><ele>2079.51</ele></trkpt>
<trkpt lon="13.04916129" lat="47.51422161"><ele>2077.25</ele></trkpt>
<trkpt lon="13.04917922" lat="47.51422533"><ele>2070.31</ele></trkpt>
<trkpt lon="13.04919105" lat="47.51425730"><ele>2065.90</ele></trkpt>
<trkpt lon="13.04921088" lat="47.51426348"><ele>2063.06</ele></trkpt>
</trkseg><trkseg>
<trkpt lon="13.04924653" lat="47.51421550"><ele>2080.18</ele></trkpt>
<trkpt lon="13.04924653" lat="47.51421550"><ele>2080.18</ele></trkpt>
</trkseg><trkseg>
<trkpt lon="13.04924653" lat="47.51421550"><ele>2080.18</ele></trkpt>
<trkpt lon="13.04927098" lat="47.51426541"><ele>2080.81</ele></trkpt>
<trkpt lon="13.04931221" lat="47.51427798"><ele>2079.70</ele></trkpt>
<trkpt lon="13.04933234" lat="47.51421867"><ele>2067.32</ele></trkpt>
</trkseg><trkseg>
<trkpt lon="13.04940038" lat="47.51426806"><ele>2084.06</ele></trkpt>
<trkpt lon="13.04940038" lat="47.51426806"><ele>2084.06</ele></trkpt>
</trkseg><trkseg>
<trkpt lon="13.04940038" lat="47.51426806"><ele>2084.06</ele></trkpt>
<trkpt lon="13.04943169" lat="47.51424735"><ele>2085.91</ele></trkpt>
<trkpt lon="13.04938781" lat="47.51425947"><ele>2088.62</ele></trkpt>
</trkseg><trkseg>
<trkpt lon="13.04938781" lat="47.51425947"><ele>2088.62</ele></trkpt>
<trkpt lon="13.04935465" lat="47.51425117"><ele>2088.79</ele></trkpt>
</trkseg><trkseg>
<trkpt lon="13.04935465" lat="47.51425117"><ele>2088.79</ele></trkpt>
<trkpt lon="13.04933380" lat="47.51427961"><ele>2091.11</ele></trkpt>
</trkseg><trkseg>
<trkpt lon="13.04933380" lat="47.51427961"><ele>2091.11</ele></trkpt>
<trkpt lon="13.04932152" lat="47.51429209"><ele>2091.24</ele></trkpt>
</trkseg><trkseg>
<trkpt lon="13.04932152" lat="47.51429209"><ele>2091.24</ele></trkpt>
<trkpt lon="13.04932823" lat="47.51428654"><ele>2094.51</ele></trkpt>
<trkpt lon="13.04931509" lat="47.51429720"><ele>2097.67</ele></trkpt>
</trkseg><trkseg>
<trkpt lon="13.04931509" lat="47.51429720"><ele>2097.67</ele></trkpt>
<trkpt lon="13.04931982" lat="47.51430205"><ele>2098.57</ele></trkpt>
</trkseg><trkseg>
<trkpt lon="13.05006506" lat="47.51405171"><ele>2077.00</ele></trkpt>
<trkpt lon="13.05014286" lat="47.51406689"><ele>2076.48</ele></trkpt>
<trkpt lon="13.05021916" lat="47.51411920"><ele>2077.78</ele></trkpt>
<trkpt lon="13.05022432" lat="47.51415898"><ele>2078.13</ele></trkpt>
<trkpt lon="13.05021999" lat="47.51419337"><ele>2075.87</ele></trkpt>
<trkpt lon="13.05026273" lat="47.51423018"><ele>2073.62</ele></trkpt>
<trkpt lon="13.05031279" lat="47.51426261"><ele>2074.57</ele></trkpt>
<trkpt lon="13.05031413" lat="47.51433759"><ele>2071.56</ele></trkpt>
<trkpt lon="13.05036584" lat="47.51432938"><ele>2071.73</ele></trkpt>
<trkpt lon="13.05039780" lat="47.51439525"><ele>2075.56</ele></trkpt>
<trkpt lon="13.05041083" lat="47.51444137"><ele>2075.00</ele></trkpt>
<trkpt lon="13.05047081" lat="47.51443951"><ele>2075.32</ele></trkpt>
<trkpt lon="13.05050779" lat="47.51447379"><ele>2075.80</ele></trkpt>
<trkpt lon="13.05055110" lat="47.51447696"><ele>2077.30</ele></trkpt>
</trkseg><trkseg>
<trkpt lon="13.05036584" lat="47.51432938"><ele>2071.73</ele></trkpt>
<trkpt lon="13.05039369" lat="47.51438430"><ele>2067.05</ele></trkpt>
</trkseg><trkseg>
<trkpt lon="13.05039369" lat="47.51438430"><ele>2067.05</ele></trkpt>
<trkpt lon="13.05041852" lat="47.51438814"><ele>2062.34</ele></trkpt>
</trkseg><trkseg>
<trkpt lon="13.05041852" lat="47.51438814"><ele>2062.34</ele></trkpt>
<trkpt lon="13.05033247" lat="47.51433394"><ele>2060.75</ele></trkpt>
</trkseg><trkseg>
<trkpt lon="13.05033247" lat="47.51433394"><ele>2060.75</ele></trkpt>
<trkpt lon="13.05031824" lat="47.51435575"><ele>2058.27</ele></trkpt>
</trkseg><trkseg>
<trkpt lon="13.05031824" lat="47.51435575"><ele>2058.27</ele></trkpt>
<trkpt lon="13.05026200" lat="47.51440743"><ele>2052.89</ele></trkpt>
</trkseg><trkseg>
<trkpt lon="13.05031824" lat="47.51435575"><ele>2058.27</ele></trkpt>
<trkpt lon="13.05022952" lat="47.51431987"><ele>2057.99</ele></trkpt>
</trkseg><trkseg>
<trkpt lon="13.05022952" lat="47.51431987"><ele>2057.99</ele></trkpt>
<trkpt lon="13.05012594" lat="47.51426915"><ele>2054.73</ele></trkpt>
</trkseg><trkseg>
<trkpt lon="13.05012594" lat="47.51426915"><ele>2054.73</ele></trkpt>
<trkpt lon="13.05010627" lat="47.51427674"><ele>2054.44</ele></trkpt>
</trkseg><trkseg>
<trkpt lon="13.05010627" lat="47.51427674"><ele>2054.44</ele></trkpt>
<trkpt lon="13.05010127" lat="47.51423940"><ele>2056.80</ele></trkpt>
</trkseg><trkseg>
<trkpt lon="13.05010127" lat="47.51423940"><ele>2056.80</ele></trkpt>
<trkpt lon="13.05009653" lat="47.51418461"><ele>2063.83</ele></trkpt>
</trkseg><trkseg>
<trkpt lon="13.04660166" lat="47.51615830"><ele>2100.00</ele></trkpt>
<trkpt lon="13.04656318" lat="47.51614999"><ele>2097.78</ele></trkpt>
<trkpt lon="13.04650355" lat="47.51616418"><ele>2095.52</ele></trkpt>
<trkpt lon="13.04646543" lat="47.51617487"><ele>2092.91</ele></trkpt>
<trkpt lon="13.04642687" lat="47.51616864"><ele>2091.85</ele></trkpt>
<trkpt lon="13.04642835" lat="47.51613969"><ele>2089.86</ele></trkpt>
<trkpt lon="13.04642328" lat="47.51615463"><ele>2086.80</ele></trkpt>
<trkpt lon="13.04638713" lat="47.51615149"><ele>2080.42</ele></trkpt>
<trkpt lon="13.04638315" lat="47.51617284"><ele>2078.84</ele></trkpt>
<trkpt lon="13.04634748" lat="47.51616413"><ele>2075.41</ele></trkpt>
<trkpt lon="13.04634161" lat="47.51616106"><ele>2072.95</ele></trkpt>
<trkpt lon="13.04632545" lat="47.51618140"><ele>2068.80</ele></trkpt>
<trkpt lon="13.04630618" lat="47.51617108"><ele>2066.62</ele></trkpt>
<trkpt lon="13.04626423" lat="47.51619178"><ele>2060.02</ele></trkpt>
<trkpt lon="13.04625556" lat="47.51623572"><ele>2054.41</ele></trkpt>
<trkpt lon="13.04622940" lat="47.51622115"><ele>2052.90</ele></trkpt>
<trkpt lon="13.04623325" lat="47.51623912"><ele>2050.43</ele></trkpt>
<trkpt lon="13.04619994" lat="47.51624207"><ele>2050.59</ele></trkpt>
<trkpt lon="13.04622113" lat="47.51625439"><ele>2051.09</ele></trkpt>
<trkpt lon="13.04629091" lat="47.51627466"><ele>2051.01</ele></trkpt>
<trkpt lon="13.04631319" lat="47.51629691"><ele>2050.32</ele></trkpt>
<trkpt lon="13.04636671" lat="47.51631141"><ele>2050.51</ele></trkpt>
<trkpt lon="13.04643548" lat="47.51633021"><ele>2050.20</ele></trkpt>
<trkpt lon="13.04645505" lat="47.51633262"><ele>2050.07</ele></trkpt>
<trkpt lon="13.04646780" lat="47.51635767"><ele>2049.20</ele></trkpt>
<trkpt lon="13.04651778" lat="47.51637121"><ele>2049.68</ele></trkpt>
<trkpt lon="13.04658597" lat="47.51641260"><ele>2047.89</ele></trkpt>
<trkpt lon="13.04658444" lat="47.51642526"><ele>2047.83</ele></trkpt>
<trkpt lon="13.04666617" lat="47.51639543"><ele>2050.81</ele></trkpt>
<trkpt lon="13.04669440" lat="47.51638646"><ele>2051.13</ele></trkpt>
<trkpt lon="13.04674102" lat="47.51640435"><ele>2050.55</ele></trkpt>
<trkpt lon="13.04681140" lat="47.51642984"><ele>2052.58</ele></trkpt>
<trkpt lon="13.04681373" lat="47.51641729"><ele>2054.30</ele></trkpt>
<trkpt lon="13.04678465" lat="47.51639546"><ele>2054.80</ele></trkpt>
<trkpt lon="13.04679885" lat="47.51638878"><ele>2053.00</ele></trkpt>
<trkpt lon="13.04681423" lat="47.51639660"><ele>2052.39</ele></trkpt>
<trkpt lon="13.04681193" lat="47.51640484"><ele>2047.09</ele></trkpt>
<trkpt lon="13.04679255" lat="47.51641531"><ele>2044.96</ele></trkpt>
</trkseg><trkseg>
<trkpt lon="13.04681373" lat="47.51641729"><ele>2054.30</ele></trkpt>
<trkpt lon="13.04681373" lat="47.51641729"><ele>2054.30</ele></trkpt>
<trkpt lon="13.04675147" lat="47.51645555"><ele>2053.61</ele></trkpt>
<trkpt lon="13.04676982" lat="47.51649086"><ele>2053.73</ele></trkpt>
<trkpt lon="13.04673650" lat="47.51651549"><ele>2055.35</ele></trkpt>
<trkpt lon="13.04671388" lat="47.51657378"><ele>2052.38</ele></trkpt>
</trkseg><trkseg>
<trkpt lon="13.04658444" lat="47.51642526"><ele>2047.83</ele></trkpt>
<trkpt lon="13.04658444" lat="47.51642526"><ele>2047.83</ele></trkpt>
<trkpt lon="13.04663494" lat="47.51643170"><ele>2047.25</ele></trkpt>
<trkpt lon="13.04664568" lat="47.51643935"><ele>2046.13</ele></trkpt>
<trkpt lon="13.04662893" lat="47.51645040"><ele>2041.63</ele></trkpt>
</trkseg><trkseg>
<trkpt lon="13.04837331" lat="47.51802334"><ele>2119.00</ele></trkpt>
<trkpt lon="13.04838083" lat="47.51801744"><ele>2110.45</ele></trkpt>
</trkseg><trkseg>
<trkpt lon="13.04838083" lat="47.51801744"><ele>2110.45</ele></trkpt>
<trkpt lon="13.04840594" lat="47.51800311"><ele>2105.62</ele></trkpt>
</trkseg><trkseg>
<trkpt lon="13.04840594" lat="47.51800311"><ele>2105.62</ele></trkpt>
<trkpt lon="13.04838318" lat="47.51802215"><ele>2104.23</ele></trkpt>
</trkseg><trkseg>
<trkpt lon="13.04838318" lat="47.51802215"><ele>2104.23</ele></trkpt>
<trkpt lon="13.04839065" lat="47.51803200"><ele>2099.16</ele></trkpt>
</trkseg><trkseg>
<trkpt lon="13.04839065" lat="47.51803200"><ele>2099.16</ele></trkpt>
<trkpt lon="13.04833575" lat="47.51803664"><ele>2094.71</ele></trkpt>
</trkseg><trkseg>
<trkpt lon="13.04833575" lat="47.51803664"><ele>2094.71</ele></trkpt>
<trkpt lon="13.04834013" lat="47.51800100"><ele>2093.56</ele></trkpt>
</trkseg><trkseg>
<trkpt lon="13.05254997" lat="47.51898665"><ele>2090.00</ele></trkpt>
<trkpt lon="13.05250854" lat="47.51896839"><ele>2089.60</ele></trkpt>
<trkpt lon="13.05247136" lat="47.51897163"><ele>2089.55</ele></trkpt>
<trkpt lon="13.05243731" lat="47.51896215"><ele>2089.87</ele></trkpt>
<trkpt lon="13.05242341" lat="47.51896794"><ele>2089.10</ele></trkpt>
<trkpt lon="13.05238071" lat="47.51896955"><ele>2088.09</ele></trkpt>
<trkpt lon="13.05235992" lat="47.51898207"><ele>2087.65</ele></trkpt>
<trkpt lon="13.05229705" lat="47.51897254"><ele>2087.78</ele></trkpt>
<trkpt lon="13.05226295" lat="47.51896800"><ele>2095.00</ele></trkpt>
</trkseg><trkseg>
<trkpt lon="13.05229705" lat="47.51897254"><ele>2087.78</ele></trkpt>
<trkpt lon="13.05230373" lat="47.51892487"><ele>2087.04</ele></trkpt>
</trkseg><trkseg>
<trkpt lon="13.05230373" lat="47.51892487"><ele>2087.04</ele></trkpt>
<trkpt lon="13.05227575" lat="47.51891288"><ele>2085.37</ele></trkpt>
</trkseg><trkseg>
<trkpt lon="13.05227575" lat="47.51891288"><ele>2085.37</ele></trkpt>
<trkpt lon="13.05225169" lat="47.51889879"><ele>2084.30</ele></trkpt>
</trkseg><trkseg>
<trkpt lon="13.05225169" lat="47.51889879"><ele>2084.30</ele></trkpt>
<trkpt lon="13.05220746" lat="47.51886646"><ele>2084.54</ele></trkpt>
</trkseg><trkseg>
<trkpt lon="13.05220746" lat="47.51886646"><ele>2084.54</ele></trkpt>
<trkpt lon="13.05213639" lat="47.51886660"><ele>2082.42</ele></trkpt>
</trkseg><trkseg>
<trkpt lon="13.05213639" lat="47.51886660"><ele>2082.42</ele></trkpt>
<trkpt lon="13.05209429" lat="47.51885554"><ele>2082.33</ele></trkpt>
</trkseg><trkseg>
<trkpt lon="13.05209429" lat="47.51885554"><ele>2082.33</ele></trkpt>
<trkpt lon="13.05203099" lat="47.51884681"><ele>2082.47</ele></trkpt>
</trkseg><trkseg>
<trkpt lon="13.05203099" lat="47.51884681"><ele>2082.47</ele></trkpt>
<trkpt lon="13.05202610" lat="47.51881748"><ele>2081.26</ele></trkpt>
</trkseg><trkseg>
<trkpt lon="13.04634999" lat="47.52383333"><ele>2101.00</ele></trkpt>
<trkpt lon="13.04633081" lat="47.52380952"><ele>2098.47</ele></trkpt>
<trkpt lon="13.04633183" lat="47.52376778"><ele>2095.40</ele></trkpt>
<trkpt lon="13.04633512" lat="47.52375434"><ele>2094.25</ele></trkpt>
<trkpt lon="13.04630829" lat="47.52371843"><ele>2095.26</ele></trkpt>
<trkpt lon="13.04624946" lat="47.52368575"><ele>2093.36</ele></trkpt>
<trkpt lon="13.04632350" lat="47.52368441"><ele>2091.67</ele></trkpt>
<trkpt lon="13.04629656" lat="47.52364426"><ele>2089.33</ele></trkpt>
<trkpt lon="13.04621336" lat="47.52360964"><ele>2091.19</ele></trkpt>
<trkpt lon="13.04616970" lat="47.52359054"><ele>2091.55</ele></trkpt>
<trkpt lon="13.04614193" lat="47.52355848"><ele>2089.82</ele></trkpt>
<trkpt lon="13.04609448" lat="47.52359133"><ele>2092.50</ele></trkpt>
<trkpt lon="13.04615846" lat="47.52369995"><ele>2087.28</ele></trkpt>
<trkpt lon="13.04615846" lat="47.52369995"><ele>2087.28</ele></trkpt>
<trkpt lon="13.04608849" lat="47.52365952"><ele>2086.29</ele></trkpt>
<trkpt lon="13.04605565" lat="47.52361019"><ele>2082.31</ele></trkpt>
<trkpt lon="13.04600070" lat="47.52362338"><ele>2080.67</ele></trkpt>
<trkpt lon="13.04598166" lat="47.52363512"><ele>2082.15</ele></trkpt>
</trkseg><trkseg>
<trkpt lon="13.04615846" lat="47.52369995"><ele>2087.28</ele></trkpt>
<trkpt lon="13.04603701" lat="47.52366855"><ele>2087.01</ele></trkpt>
<trkpt lon="13.04592971" lat="47.52366051"><ele>2083.47</ele></trkpt>
<trkpt lon="13.04576557" lat="47.52361236"><ele>2077.07</ele></trkpt>
<trkpt lon="13.04576557" lat="47.52361236"><ele>2077.07</ele></trkpt>
<trkpt lon="13.04572523" lat="47.52366134"><ele>2080.76</ele></trkpt>
<trkpt lon="13.04569191" lat="47.52366428"><ele>2088.31</ele></trkpt>
</trkseg><trkseg>
<trkpt lon="13.04576557" lat="47.52361236"><ele>2077.07</ele></trkpt>
<trkpt lon="13.04576218" lat="47.52358575"><ele>2079.11</ele></trkpt>
<trkpt lon="13.04576599" lat="47.52356179"><ele>2079.18</ele></trkpt>
<trkpt lon="13.04571171" lat="47.52353180"><ele>2082.85</ele></trkpt>
<trkpt lon="13.04572271" lat="47.52347521"><ele>2084.49</ele></trkpt>
<trkpt lon="13.04566211" lat="47.52346167"><ele>2087.22</ele></trkpt>
<trkpt lon="13.04561903" lat="47.52345536"><ele>2090.65</ele></trkpt>
<trkpt lon="13.04560029" lat="47.52343056"><ele>2090.77</ele></trkpt>
<trkpt lon="13.04560084" lat="47.52341590"><ele>2089.45</ele></trkpt>
<trkpt lon="13.04552291" lat="47.52338227"><ele>2088.74</ele></trkpt>
<trkpt lon="13.04545152" lat="47.52330502"><ele>2088.11</ele></trkpt>
<trkpt lon="13.04535035" lat="47.52330347"><ele>2088.82</ele></trkpt>
<trkpt lon="13.04526705" lat="47.52318210"><ele>2089.08</ele></trkpt>
<trkpt lon="13.04520327" lat="47.52316131"><ele>2088.06</ele></trkpt>
<trkpt lon="13.04514970" lat="47.52313709"><ele>2089.73</ele></trkpt>
<trkpt lon="13.04512191" lat="47.52309837"><ele>2090.49</ele></trkpt>
<trkpt lon="13.04512191" lat="47.52309837"><ele>2090.49</ele></trkpt>
<trkpt lon="13.04507802" lat="47.52306757"><ele>2091.60</ele></trkpt>
</trkseg><trkseg>
<trkpt lon="13.04614193" lat="47.52355848"><ele>2089.82</ele></trkpt>
<trkpt lon="13.04614193" lat="47.52355848"><ele>2089.82</ele></trkpt>
<trkpt lon="13.04608001" lat="47.52350515"><ele>2087.74</ele></trkpt>
<trkpt lon="13.04607920" lat="47.52348408"><ele>2089.77</ele></trkpt>
<trkpt lon="13.04607889" lat="47.52346023"><ele>2092.06</ele></trkpt>
<trkpt lon="13.04607889" lat="47.52346023"><ele>2092.06</ele></trkpt>
<trkpt lon="13.04609147" lat="47.52340069"><ele>2095.33</ele></trkpt>
<trkpt lon="13.04608205" lat="47.52337885"><ele>2095.59</ele></trkpt>
<trkpt lon="13.04608930" lat="47.52338023"><ele>2090.97</ele></trkpt>
</trkseg><trkseg>
<trkpt lon="13.04609147" lat="47.52340069"><ele>2095.33</ele></trkpt>
<trkpt lon="13.04609147" lat="47.52340069"><ele>2095.33</ele></trkpt>
<trkpt lon="13.04614055" lat="47.52340261"><ele>2097.27</ele></trkpt>
<trkpt lon="13.04616366" lat="47.52333101"><ele>2101.34</ele></trkpt>
</trkseg><trkseg>
<trkpt lon="13.04607889" lat="47.52346023"><ele>2092.06</ele></trkpt>
<trkpt lon="13.04612631" lat="47.52348911"><ele>2092.98</ele></trkpt>
</trkseg><trkseg>
<trkpt lon="13.04612631" lat="47.52348911"><ele>2092.98</ele></trkpt>
<trkpt lon="13.04614611" lat="47.52351401"><ele>2093.28</ele></trkpt>
</trkseg><trkseg>
<trkpt lon="13.04576599" lat="47.52356179"><ele>2079.18</ele></trkpt>
<trkpt lon="13.04576599" lat="47.52356179"><ele>2079.18</ele></trkpt>
<trkpt lon="13.04579045" lat="47.52352568"><ele>2079.68</ele></trkpt>
</trkseg><trkseg>
<trkpt lon="13.04579045" lat="47.52352568"><ele>2079.68</ele></trkpt>
<trkpt lon="13.04584732" lat="47.52348588"><ele>2086.45</ele></trkpt>
</trkseg><trkseg>
<trkpt lon="13.04584732" lat="47.52348588"><ele>2086.45</ele></trkpt>
<trkpt lon="13.04585909" lat="47.52349454"><ele>2086.55</ele></trkpt>
</trkseg><trkseg>
<trkpt lon="13.04585909" lat="47.52349454"><ele>2086.55</ele></trkpt>
<trkpt lon="13.04585779" lat="47.52349362"><ele>2088.78</ele></trkpt>
<trkpt lon="13.04585209" lat="47.52351125"><ele>2086.20</ele></trkpt>
</trkseg><trkseg>
<trkpt lon="13.04572271" lat="47.52347521"><ele>2084.49</ele></trkpt>
<trkpt lon="13.04572271" lat="47.52347521"><ele>2084.49</ele></trkpt>
</trkseg><trkseg>
<trkpt lon="13.04572271" lat="47.52347521"><ele>2084.49</ele></trkpt>
<trkpt lon="13.04579367" lat="47.52346391"><ele>2083.05</ele></trkpt>
</trkseg><trkseg>
<trkpt lon="13.04579367" lat="47.52346391"><ele>2083.05</ele></trkpt>
<trkpt lon="13.04580854" lat="47.52345346"><ele>2087.80</ele></trkpt>
</trkseg><trkseg>
<trkpt lon="13.04566211" lat="47.52346167"><ele>2087.22</ele></trkpt>
<trkpt lon="13.04566211" lat="47.52346167"><ele>2087.22</ele></trkpt>
<trkpt lon="13.04567852" lat="47.52340967"><ele>2088.16</ele></trkpt>
</trkseg><trkseg>
<trkpt lon="13.04561903" lat="47.52345536"><ele>2090.65</ele></trkpt>
<trkpt lon="13.04561903" lat="47.52345536"><ele>2090.65</ele></trkpt>
<trkpt lon="13.04562195" lat="47.52347691"><ele>2089.48</ele></trkpt>
<trkpt lon="13.04564708" lat="47.52351576"><ele>2086.22</ele></trkpt>
</trkseg><trkseg>
<trkpt lon="13.04560029" lat="47.52343056"><ele>2090.77</ele></trkpt>
<trkpt lon="13.04560029" lat="47.52343056"><ele>2090.77</ele></trkpt>
<trkpt lon="13.04556209" lat="47.52344701"><ele>2094.09</ele></trkpt>
</trkseg><trkseg>
<trkpt lon="13.04556209" lat="47.52344701"><ele>2094.09</ele></trkpt>
<trkpt lon="13.04554061" lat="47.52344214"><ele>2094.95</ele></trkpt>
<trkpt lon="13.04552491" lat="47.52347517"><ele>2096.20</ele></trkpt>
</trkseg><trkseg>
<trkpt lon="13.04512191" lat="47.52309837"><ele>2090.49</ele></trkpt>
<trkpt lon="13.04511101" lat="47.52314507"><ele>2092.07</ele></trkpt>
<trkpt lon="13.04508506" lat="47.52314283"><ele>2096.95</ele></trkpt>
</trkseg><trkseg>
<trkpt lon="13.04545152" lat="47.52330502"><ele>2088.11</ele></trkpt>
<trkpt lon="13.04545152" lat="47.52330502"><ele>2088.11</ele></trkpt>
<trkpt lon="13.04554421" lat="47.52326323"><ele>2092.62</ele></trkpt>
</trkseg><trkseg>
<trkpt lon="13.04554421" lat="47.52326323"><ele>2092.62</ele></trkpt>
<trkpt lon="13.04553874" lat="47.52324604"><ele>2092.32</ele></trkpt>
</trkseg><trkseg>
<trkpt lon="13.04553874" lat="47.52324604"><ele>2092.32</ele></trkpt>
<trkpt lon="13.04557001" lat="47.52324801"><ele>2093.80</ele></trkpt>
</trkseg><trkseg>
<trkpt lon="13.04557001" lat="47.52324801"><ele>2093.80</ele></trkpt>
<trkpt lon="13.04561076" lat="47.52325959"><ele>2094.37</ele></trkpt>
</trkseg><trkseg>
<trkpt lon="13.04561076" lat="47.52325959"><ele>2094.37</ele></trkpt>
<trkpt lon="13.04563472" lat="47.52323687"><ele>2093.45</ele></trkpt>
</trkseg><trkseg>
<trkpt lon="13.04563472" lat="47.52323687"><ele>2093.45</ele></trkpt>
<trkpt lon="13.04563209" lat="47.52321829"><ele>2094.36</ele></trkpt>
</trkseg><trkseg>
<trkpt lon="13.04563209" lat="47.52321829"><ele>2094.36</ele></trkpt>
<trkpt lon="13.04567830" lat="47.52321539"><ele>2095.70</ele></trkpt>
</trkseg><trkseg>
<trkpt lon="13.04567830" lat="47.52321539"><ele>2095.70</ele></trkpt>
<trkpt lon="13.04573573" lat="47.52314996"><ele>2099.76</ele></trkpt>
</trkseg><trkseg>
<trkpt lon="13.04614611" lat="47.52351401"><ele>2093.28</ele></trkpt>
<trkpt lon="13.04614967" lat="47.52355052"><ele>2103.89</ele></trkpt>
</trkseg><trkseg>
<trkpt lon="13.04603701" lat="47.52366855"><ele>2087.01</ele></trkpt>
<trkpt lon="13.04603701" lat="47.52366855"><ele>2087.01</ele></trkpt>
<trkpt lon="13.04598719" lat="47.52363287"><ele>2095.11</ele></trkpt>
<trkpt lon="13.04600257" lat="47.52361577"><ele>2095.57</ele></trkpt>
<trkpt lon="13.04599296" lat="47.52355999"><ele>2101.33</ele></trkpt>
</trkseg><trkseg>
<trkpt lon="13.04801666" lat="47.53285003"><ele>1973.00</ele></trkpt>
<trkpt lon="13.04799713" lat="47.53282855"><ele>1963.53</ele></trkpt>
<trkpt lon="13.04801159" lat="47.53284697"><ele>1957.37</ele></trkpt>
<trkpt lon="13.04800313" lat="47.53284935"><ele>1955.70</ele></trkpt>
<trkpt lon="13.04800320" lat="47.53285466"><ele>1955.08</ele></trkpt>
</trkseg><trkseg>
<trkpt lon="13.04196668" lat="47.52906670"><ele>2086.00</ele></trkpt>
<trkpt lon="13.04193234" lat="47.52904695"><ele>2084.50</ele></trkpt>
<trkpt lon="13.04189817" lat="47.52906553"><ele>2082.58</ele></trkpt>
<trkpt lon="13.04192112" lat="47.52908086"><ele>2080.95</ele></trkpt>
</trkseg><trkseg>
<trkpt lon="13.04189817" lat="47.52906553"><ele>2082.58</ele></trkpt>
<trkpt lon="13.04187135" lat="47.52907209"><ele>2088.68</ele></trkpt>
</trkseg><trkseg>
<trkpt lon="13.04193234" lat="47.52904695"><ele>2084.50</ele></trkpt>
<trkpt lon="13.04192001" lat="47.52904269"><ele>2086.83</ele></trkpt>
<trkpt lon="13.04190451" lat="47.52902020"><ele>2086.14</ele></trkpt>
<trkpt lon="13.04194242" lat="47.52897612"><ele>2089.27</ele></trkpt>
<trkpt lon="13.04200691" lat="47.52897119"><ele>2085.35</ele></trkpt>
<trkpt lon="13.04204448" lat="47.52897184"><ele>2084.98</ele></trkpt>
<trkpt lon="13.04204849" lat="47.52899629"><ele>2081.17</ele></trkpt>
</trkseg><trkseg>
<trkpt lon="13.04194242" lat="47.52897612"><ele>2089.27</ele></trkpt>
<trkpt lon="13.04192971" lat="47.52892137"><ele>2086.95</ele></trkpt>
<trkpt lon="13.04197080" lat="47.52888824"><ele>2088.26</ele></trkpt>
<trkpt lon="13.04199739" lat="47.52887709"><ele>2089.46</ele></trkpt>
</trkseg><trkseg>
<trkpt lon="13.04200691" lat="47.52897119"><ele>2085.35</ele></trkpt>
<trkpt lon="13.04201111" lat="47.52895462"><ele>2082.68</ele></trkpt>
<trkpt lon="13.04204424" lat="47.52896049"><ele>2079.56</ele></trkpt>
</trkseg><trkseg>
<trkpt lon="13.04190451" lat="47.52902020"><ele>2086.14</ele></trkpt>
<trkpt lon="13.04185867" lat="47.52901311"><ele>2085.60</ele></trkpt>
</trkseg><trkseg>
<trkpt lon="13.04185867" lat="47.52901311"><ele>2085.60</ele></trkpt>
<trkpt lon="13.04185517" lat="47.52901080"><ele>2092.30</ele></trkpt>
</trkseg><trkseg>
<trkpt lon="13.04185517" lat="47.52901080"><ele>2092.30</ele></trkpt>
<trkpt lon="13.04185361" lat="47.52902410"><ele>2092.17</ele></trkpt>
<trkpt lon="13.04188314" lat="47.52901236"><ele>2094.14</ele></trkpt>
</trkseg><trkseg>
<trkpt lon="13.04185361" lat="47.52902410"><ele>2092.17</ele></trkpt>
<trkpt lon="13.04180263" lat="47.52902313"><ele>2093.12</ele></trkpt>
</trkseg><trkseg>
<trkpt lon="13.04192971" lat="47.52892137"><ele>2086.95</ele></trkpt>
<trkpt lon="13.04188231" lat="47.52889195"><ele>2087.42</ele></trkpt>
</trkseg><trkseg>
<trkpt lon="13.04196668" lat="47.52906670"><ele>2086.00</ele></trkpt>
<trkpt lon="13.04195078" lat="47.52908712"><ele>2085.79</ele></trkpt>
</trkseg><trkseg>
<trkpt lon="13.04195078" lat="47.52908712"><ele>2085.79</ele></trkpt>
<trkpt lon="13.04194034" lat="47.52909981"><ele>2083.84</ele></trkpt>
<trkpt lon="13.04193756" lat="47.52912100"><ele>2088.53</ele></trkpt>
</trkseg><trkseg>
<trkpt lon="13.04193756" lat="47.52912100"><ele>2088.53</ele></trkpt>
<trkpt lon="13.04188837" lat="47.52908597"><ele>2092.35</ele></trkpt>
</trkseg><trkseg>
<trkpt lon="13.04190451" lat="47.52902020"><ele>2086.14</ele></trkpt>
<trkpt lon="13.04195706" lat="47.52903954"><ele>2087.89</ele></trkpt>
</trkseg><trkseg>
<trkpt lon="13.04188314" lat="47.52901236"><ele>2094.14</ele></trkpt>
<trkpt lon="13.04194213" lat="47.52901598"><ele>2095.99</ele></trkpt>
</trkseg><trkseg>
<trkpt lon="13.04188231" lat="47.52889195"><ele>2087.42</ele></trkpt>
<trkpt lon="13.04188575" lat="47.52891387"><ele>2102.58</ele></trkpt>
</trkseg><trkseg>
<trkpt lon="13.04192971" lat="47.52892137"><ele>2086.95</ele></trkpt>
<trkpt lon="13.04189440" lat="47.52892410"><ele>2084.30</ele></trkpt>
<trkpt lon="13.04188799" lat="47.52893218"><ele>2100.46</ele></trkpt>
</trkseg><trkseg>
<trkpt lon="13.04193756" lat="47.52912100"><ele>2088.53</ele></trkpt>
<trkpt lon="13.04194725" lat="47.52911397"><ele>2091.02</ele></trkpt>
</trkseg><trkseg>
<trkpt lon="13.04188837" lat="47.52908597"><ele>2092.35</ele></trkpt>
<trkpt lon="13.04189204" lat="47.52908396"><ele>2096.06</ele></trkpt>
</trkseg><trkseg>
<trkpt lon="13.04212069" lat="47.52839148"><ele>2055.36</ele></trkpt>
<trkpt lon="13.04210550" lat="47.52837835"><ele>2055.18</ele></trkpt>
<trkpt lon="13.04211710" lat="47.52836299"><ele>2052.37</ele></trkpt>
<trkpt lon="13.04210016" lat="47.52836144"><ele>2048.80</ele></trkpt>
<trkpt lon="13.04213431" lat="47.52837174"><ele>2047.56</ele></trkpt>
<trkpt lon="13.04216304" lat="47.52840309"><ele>2042.16</ele></trkpt>
<trkpt lon="13.04217359" lat="47.52843018"><ele>2039.71</ele></trkpt>
<trkpt lon="13.04219260" lat="47.52842996"><ele>2035.20</ele></trkpt>
<trkpt lon="13.04219815" lat="47.52845219"><ele>2035.13</ele></trkpt>
<trkpt lon="13.04216873" lat="47.52845718"><ele>2035.47</ele></trkpt>
<trkpt lon="13.04218914" lat="47.52847274"><ele>2035.08</ele></trkpt>
</trkseg><trkseg>
<trkpt lon="13.04219260" lat="47.52842996"><ele>2035.20</ele></trkpt>
<trkpt lon="13.04218157" lat="47.52843364"><ele>2032.84</ele></trkpt>
<trkpt lon="13.04218542" lat="47.52842633"><ele>2006.41</ele></trkpt>
<trkpt lon="13.04223180" lat="47.52844044"><ele>2007.12</ele></trkpt>
<trkpt lon="13.04224898" lat="47.52845720"><ele>2007.91</ele></trkpt>
<trkpt lon="13.04227667" lat="47.52845920"><ele>2006.28</ele></trkpt>
<trkpt lon="13.04229898" lat="47.52845239"><ele>1994.34</ele></trkpt>
<trkpt lon="13.04236863" lat="47.52846212"><ele>1978.35</ele></trkpt>
<trkpt lon="13.04239382" lat="47.52844573"><ele>1977.33</ele></trkpt>
<trkpt lon="13.04244954" lat="47.52847295"><ele>1972.91</ele></trkpt>
<trkpt lon="13.04244668" lat="47.52848181"><ele>1971.44</ele></trkpt>
<trkpt lon="13.04248062" lat="47.52847654"><ele>1967.84</ele></trkpt>
<trkpt lon="13.04244742" lat="47.52848345"><ele>1967.11</ele></trkpt>
<trkpt lon="13.04244733" lat="47.52849649"><ele>1965.81</ele></trkpt>
<trkpt lon="13.04244304" lat="47.52851549"><ele>1960.92</ele></trkpt>
<trkpt lon="13.04244810" lat="47.52851144"><ele>1961.00</ele></trkpt>
<trkpt lon="13.04253142" lat="47.52854661"><ele>1959.57</ele></trkpt>
<trkpt lon="13.04251014" lat="47.52857234"><ele>1957.43</ele></trkpt>
<trkpt lon="13.04252763" lat="47.52857363"><ele>1954.43</ele></trkpt>
<trkpt lon="13.04253646" lat="47.52859691"><ele>1954.54</ele></trkpt>
<trkpt lon="13.04254365" lat="47.52861071"><ele>1954.52</ele></trkpt>
<trkpt lon="13.04254645" lat="47.52861777"><ele>1949.73</ele></trkpt>
<trkpt lon="13.04257014" lat="47.52862016"><ele>1950.17</ele></trkpt>
<trkpt lon="13.04257674" lat="47.52863917"><ele>1950.77</ele></trkpt>
<trkpt lon="13.04260154" lat="47.52863320"><ele>1950.68</ele></trkpt>
</trkseg><trkseg>
<trkpt lon="13.04197139" lat="47.52852625"><ele>2083.59</ele></trkpt>
<trkpt lon="13.04192518" lat="47.52850791"><ele>2083.97</ele></trkpt>
</trkseg><trkseg>
<trkpt lon="13.04200955" lat="47.52844330"><ele>2079.40</ele></trkpt>
<trkpt lon="13.04197151" lat="47.52843752"><ele>2080.15</ele></trkpt>
</trkseg><trkseg>
<trkpt lon="13.04236863" lat="47.52846212"><ele>1978.35</ele></trkpt>
<trkpt lon="13.04228677" lat="47.52844840"><ele>1969.48</ele></trkpt>
</trkseg><trkseg>
<trkpt lon="13.04257674" lat="47.52863917"><ele>1950.77</ele></trkpt>
<trkpt lon="13.04258441" lat="47.52863300"><ele>1956.16</ele></trkpt>
</trkseg><trkseg>
<trkpt lon="13.04218542" lat="47.52842633"><ele>2006.41</ele></trkpt>
<trkpt lon="13.04216719" lat="47.52842359"><ele>2013.67</ele></trkpt>
</trkseg><trkseg>
<trkpt lon="13.04216719" lat="47.52842359"><ele>2013.67</ele></trkpt>
<trkpt lon="13.04213284" lat="47.52840789"><ele>2013.61</ele></trkpt>
</trkseg><trkseg>
<trkpt lon="13.04213284" lat="47.52840789"><ele>2013.61</ele></trkpt>
<trkpt lon="13.04208631" lat="47.52838010"><ele>2014.69</ele></trkpt>
</trkseg><trkseg>
<trkpt lon="13.04206153" lat="47.52863514"><ele>2047.30</ele></trkpt>
<trkpt lon="13.04208034" lat="47.52865112"><ele>2046.46</ele></trkpt>
</trkseg><trkseg>
<trkpt lon="13.04208034" lat="47.52865112"><ele>2046.46</ele></trkpt>
<trkpt lon="13.04209800" lat="47.52869416"><ele>2046.61</ele></trkpt>
</trkseg><trkseg>
<trkpt lon="13.04207714" lat="47.52852634"><ele>2047.42</ele></trkpt>
<trkpt lon="13.04214097" lat="47.52848190"><ele>2048.69</ele></trkpt>
</trkseg><trkseg>
<trkpt lon="13.04214097" lat="47.52848190"><ele>2048.69</ele></trkpt>
<trkpt lon="13.04216734" lat="47.52850872"><ele>2049.12</ele></trkpt>
</trkseg><trkseg>
<trkpt lon="13.04203431" lat="47.52828167"><ele>2065.15</ele></trkpt>
<trkpt lon="13.04203469" lat="47.52823929"><ele>2063.61</ele></trkpt>
</trkseg><trkseg>
<trkpt lon="13.04203469" lat="47.52823929"><ele>2063.61</ele></trkpt>
<trkpt lon="13.04202982" lat="47.52823435"><ele>2054.63</ele></trkpt>
</trkseg><trkseg>
<trkpt lon="13.04202982" lat="47.52823435"><ele>2054.63</ele></trkpt>
<trkpt lon="13.04200126" lat="47.52821658"><ele>2054.41</ele></trkpt>
</trkseg><trkseg>
<trkpt lon="13.04200126" lat="47.52821658"><ele>2054.41</ele></trkpt>
<trkpt lon="13.04193351" lat="47.52820904"><ele>2055.25</ele></trkpt>
</trkseg><trkseg>
<trkpt lon="13.04193351" lat="47.52820904"><ele>2055.25</ele></trkpt>
<trkpt lon="13.04187082" lat="47.52818727"><ele>2055.19</ele></trkpt>
</trkseg><trkseg>
<trkpt lon="13.04187082" lat="47.52818727"><ele>2055.19</ele></trkpt>
<trkpt lon="13.04179669" lat="47.52815154"><ele>2056.59</ele></trkpt>
</trkseg><trkseg>
<trkpt lon="13.04179669" lat="47.52815154"><ele>2056.59</ele></trkpt>
<trkpt lon="13.04176249" lat="47.52816013"><ele>2057.05</ele></trkpt>
</trkseg><trkseg>
<trkpt lon="13.04176249" lat="47.52816013"><ele>2057.05</ele></trkpt>
<trkpt lon="13.04171613" lat="47.52816708"><ele>2053.20</ele></trkpt>
</trkseg><trkseg>
<trkpt lon="13.04176249" lat="47.52816013"><ele>2057.05</ele></trkpt>
<trkpt lon="13.04171496" lat="47.52816634"><ele>2059.85</ele></trkpt>
</trkseg><trkseg>
<trkpt lon="13.04187082" lat="47.52818727"><ele>2055.19</ele></trkpt>
<trkpt lon="13.04186230" lat="47.52814843"><ele>2054.75</ele></trkpt>
</trkseg><trkseg>
<trkpt lon="13.04186230" lat="47.52814843"><ele>2054.75</ele></trkpt>
<trkpt lon="13.04187229" lat="47.52809074"><ele>2056.40</ele></trkpt>
</trkseg><trkseg>
<trkpt lon="13.04187229" lat="47.52809074"><ele>2056.40</ele></trkpt>
<trkpt lon="13.04187061" lat="47.52805724"><ele>2055.97</ele></trkpt>
</trkseg><trkseg>
<trkpt lon="13.04187061" lat="47.52805724"><ele>2055.97</ele></trkpt>
<trkpt lon="13.04179394" lat="47.52802920"><ele>2056.77</ele></trkpt>
</trkseg><trkseg>
<trkpt lon="13.04179394" lat="47.52802920"><ele>2056.77</ele></trkpt>
<trkpt lon="13.04175566" lat="47.52797258"><ele>2062.80</ele></trkpt>
</trkseg><trkseg>
<trkpt lon="13.04175566" lat="47.52797258"><ele>2062.80</ele></trkpt>
<trkpt lon="13.04172760" lat="47.52789112"><ele>2064.10</ele></trkpt>
</trkseg><trkseg>
<trkpt lon="13.04172760" lat="47.52789112"><ele>2064.10</ele></trkpt>
<trkpt lon="13.04173934" lat="47.52780052"><ele>2065.37</ele></trkpt>
</trkseg><trkseg>
<trkpt lon="13.04173934" lat="47.52780052"><ele>2065.37</ele></trkpt>
<trkpt lon="13.04181603" lat="47.52775333"><ele>2065.39</ele></trkpt>
</trkseg><trkseg>
<trkpt lon="13.04181603" lat="47.52775333"><ele>2065.39</ele></trkpt>
<trkpt lon="13.04182741" lat="47.52767605"><ele>2063.66</ele></trkpt>
</trkseg><trkseg>
<trkpt lon="13.04182741" lat="47.52767605"><ele>2063.66</ele></trkpt>
<trkpt lon="13.04180587" lat="47.52763375"><ele>2058.27</ele></trkpt>
</trkseg><trkseg>
<trkpt lon="13.04180587" lat="47.52763375"><ele>2058.27</ele></trkpt>
<trkpt lon="13.04184723" lat="47.52758631"><ele>2057.84</ele></trkpt>
</trkseg><trkseg>
<trkpt lon="13.04184723" lat="47.52758631"><ele>2057.84</ele></trkpt>
<trkpt lon="13.04187543" lat="47.52756394"><ele>2057.86</ele></trkpt>
</trkseg><trkseg>
<trkpt lon="13.04180587" lat="47.52763375"><ele>2058.27</ele></trkpt>
<trkpt lon="13.04178552" lat="47.52763448"><ele>2056.60</ele></trkpt>
</trkseg><trkseg>
<trkpt lon="13.04178552" lat="47.52763448"><ele>2056.60</ele></trkpt>
<trkpt lon="13.04175010" lat="47.52764728"><ele>2056.89</ele></trkpt>
<trkpt lon="13.04174101" lat="47.52761293"><ele>2057.44</ele></trkpt>
</trkseg><trkseg>
<trkpt lon="13.04174101" lat="47.52761293"><ele>2057.44</ele></trkpt>
<trkpt lon="13.04166895" lat="47.52759299"><ele>2058.23</ele></trkpt>
</trkseg><trkseg>
<trkpt lon="13.04166895" lat="47.52759299"><ele>2058.23</ele></trkpt>
<trkpt lon="13.04163154" lat="47.52755599"><ele>2058.01</ele></trkpt>
</trkseg><trkseg>
<trkpt lon="13.04163154" lat="47.52755599"><ele>2058.01</ele></trkpt>
<trkpt lon="13.04162116" lat="47.52751344"><ele>2056.21</ele></trkpt>
</trkseg><trkseg>
<trkpt lon="13.04163154" lat="47.52755599"><ele>2058.01</ele></trkpt>
<trkpt lon="13.04155618" lat="47.52760312"><ele>2064.59</ele></trkpt>
</trkseg><trkseg>
<trkpt lon="13.04155618" lat="47.52760312"><ele>2064.59</ele></trkpt>
<trkpt lon="13.04154652" lat="47.52760925"><ele>2064.83</ele></trkpt>
</trkseg><trkseg>
<trkpt lon="13.04154652" lat="47.52760925"><ele>2064.83</ele></trkpt>
<trkpt lon="13.04142101" lat="47.52759388"><ele>2063.44</ele></trkpt>
</trkseg><trkseg>
<trkpt lon="13.04142101" lat="47.52759388"><ele>2063.44</ele></trkpt>
<trkpt lon="13.04132465" lat="47.52758441"><ele>2065.38</ele></trkpt>
</trkseg><trkseg>
<trkpt lon="13.04132465" lat="47.52758441"><ele>2065.38</ele></trkpt>
<trkpt lon="13.04124984" lat="47.52759546"><ele>2066.75</ele></trkpt>
</trkseg><trkseg>
<trkpt lon="13.04124984" lat="47.52759546"><ele>2066.75</ele></trkpt>
<trkpt lon="13.04117208" lat="47.52758918"><ele>2066.31</ele></trkpt>
</trkseg><trkseg>
<trkpt lon="13.04117208" lat="47.52758918"><ele>2066.31</ele></trkpt>
<trkpt lon="13.04101157" lat="47.52753991"><ele>2067.90</ele></trkpt>
</trkseg><trkseg>
<trkpt lon="13.04101157" lat="47.52753991"><ele>2067.90</ele></trkpt>
<trkpt lon="13.04091687" lat="47.52751076"><ele>2068.22</ele></trkpt>
</trkseg><trkseg>
<trkpt lon="13.04091687" lat="47.52751076"><ele>2068.22</ele></trkpt>
<trkpt lon="13.04086144" lat="47.52744385"><ele>2066.94</ele></trkpt>
</trkseg><trkseg>
<trkpt lon="13.04086144" lat="47.52744385"><ele>2066.94</ele></trkpt>
<trkpt lon="13.04074051" lat="47.52739464"><ele>2064.73</ele></trkpt>
</trkseg><trkseg>
<trkpt lon="13.04074051" lat="47.52739464"><ele>2064.73</ele></trkpt>
<trkpt lon="13.04071473" lat="47.52738061"><ele>2065.38</ele></trkpt>
</trkseg><trkseg>
<trkpt lon="13.04071473" lat="47.52738061"><ele>2065.38</ele></trkpt>
<trkpt lon="13.04070307" lat="47.52735836"><ele>2063.80</ele></trkpt>
<trkpt lon="13.04065293" lat="47.52733132"><ele>2062.51</ele></trkpt>
</trkseg><trkseg>
<trkpt lon="13.04065293" lat="47.52733132"><ele>2062.51</ele></trkpt>
<trkpt lon="13.04061911" lat="47.52730492"><ele>2063.44</ele></trkpt>
<trkpt lon="13.04060971" lat="47.52731106"><ele>2064.18</ele></trkpt>
</trkseg><trkseg>
<trkpt lon="13.04060971" lat="47.52731106"><ele>2064.18</ele></trkpt>
<trkpt lon="13.04054943" lat="47.52727448"><ele>2063.22</ele></trkpt>
</trkseg><trkseg>
<trkpt lon="13.04054943" lat="47.52727448"><ele>2063.22</ele></trkpt>
<trkpt lon="13.04049087" lat="47.52725584"><ele>2062.06</ele></trkpt>
</trkseg><trkseg>
<trkpt lon="13.04049087" lat="47.52725584"><ele>2062.06</ele></trkpt>
<trkpt lon="13.04045737" lat="47.52714954"><ele>2063.69</ele></trkpt>
</trkseg><trkseg>
<trkpt lon="13.04045737" lat="47.52714954"><ele>2063.69</ele></trkpt>
<trkpt lon="13.04041133" lat="47.52711213"><ele>2064.81</ele></trkpt>
</trkseg><trkseg>
<trkpt lon="13.04041133" lat="47.52711213"><ele>2064.81</ele></trkpt>
<trkpt lon="13.04034980" lat="47.52708399"><ele>2064.54</ele></trkpt>
</trkseg><trkseg>
<trkpt lon="13.04034980" lat="47.52708399"><ele>2064.54</ele></trkpt>
<trkpt lon="13.04032096" lat="47.52708809"><ele>2064.69</ele></trkpt>
</trkseg><trkseg>
<trkpt lon="13.04032096" lat="47.52708809"><ele>2064.69</ele></trkpt>
<trkpt lon="13.04028904" lat="47.52709609"><ele>2065.66</ele></trkpt>
</trkseg><trkseg>
<trkpt lon="13.04028904" lat="47.52709609"><ele>2065.66</ele></trkpt>
<trkpt lon="13.04026072" lat="47.52706096"><ele>2066.12</ele></trkpt>
</trkseg><trkseg>
<trkpt lon="13.04026072" lat="47.52706096"><ele>2066.12</ele></trkpt>
<trkpt lon="13.04025413" lat="47.52704186"><ele>2065.77</ele></trkpt>
</trkseg><trkseg>
<trkpt lon="13.04025413" lat="47.52704186"><ele>2065.77</ele></trkpt>
<trkpt lon="13.04017619" lat="47.52703702"><ele>2070.01</ele></trkpt>
</trkseg><trkseg>
<trkpt lon="13.04017619" lat="47.52703702"><ele>2070.01</ele></trkpt>
<trkpt lon="13.04013630" lat="47.52701286"><ele>2068.91</ele></trkpt>
</trkseg><trkseg>
<trkpt lon="13.04219260" lat="47.52842996"><ele>2035.20</ele></trkpt>
<trkpt lon="13.04223165" lat="47.52842667"><ele>2038.28</ele></trkpt>
<trkpt lon="13.04223594" lat="47.52841838"><ele>2038.62</ele></trkpt>
<trkpt lon="13.04225893" lat="47.52841472"><ele>2039.86</ele></trkpt>
<trkpt lon="13.04228158" lat="47.52842365"><ele>2039.09</ele></trkpt>
<trkpt lon="13.04228034" lat="47.52841778"><ele>2032.15</ele></trkpt>
<trkpt lon="13.04230472" lat="47.52842666"><ele>2033.28</ele></trkpt>
<trkpt lon="13.04229873" lat="47.52844464"><ele>2037.18</ele></trkpt>
<trkpt lon="13.04228935" lat="47.52847202"><ele>2033.81</ele></trkpt>
<trkpt lon="13.04231940" lat="47.52849989"><ele>2032.00</ele></trkpt>
</trkseg><trkseg>
<trkpt lon="13.04200060" lat="47.52854114"><ele>2084.11</ele></trkpt>
<trkpt lon="13.04202528" lat="47.52855254"><ele>2082.86</ele></trkpt>
<trkpt lon="13.04202596" lat="47.52856992"><ele>2082.35</ele></trkpt>
<trkpt lon="13.04202670" lat="47.52858586"><ele>2083.00</ele></trkpt>
<trkpt lon="13.04200241" lat="47.52861379"><ele>2085.64</ele></trkpt>
</trkseg><trkseg>
<trkpt lon="13.04202596" lat="47.52856992"><ele>2082.35</ele></trkpt>
<trkpt lon="13.04202918" lat="47.52856926"><ele>2079.17</ele></trkpt>
<trkpt lon="13.04200204" lat="47.52852749"><ele>2080.33</ele></trkpt>
<trkpt lon="13.04201364" lat="47.52850141"><ele>2081.46</ele></trkpt>
</trkseg><trkseg>
<trkpt lon="13.04200204" lat="47.52852749"><ele>2080.33</ele></trkpt>
<trkpt lon="13.04199557" lat="47.52852261"><ele>2076.64</ele></trkpt>
</trkseg><trkseg>
<trkpt lon="13.04200204" lat="47.52852749"><ele>2080.33</ele></trkpt>
<trkpt lon="13.04202907" lat="47.52852579"><ele>2083.30</ele></trkpt>
<trkpt lon="13.04201325" lat="47.52849403"><ele>2084.11</ele></trkpt>
</trkseg><trkseg>
<trkpt lon="13.04162503" lat="47.52879739"><ele>2071.84</ele></trkpt>
<trkpt lon="13.04160391" lat="47.52882241"><ele>2074.05</ele></trkpt>
</trkseg><trkseg>
<trkpt lon="13.04176824" lat="47.52871570"><ele>2061.77</ele></trkpt>
<trkpt lon="13.04166096" lat="47.52870325"><ele>2066.40</ele></trkpt>
<trkpt lon="13.04166759" lat="47.52866782"><ele>2066.69</ele></trkpt>
<trkpt lon="13.04160355" lat="47.52865017"><ele>2066.80</ele></trkpt>
<trkpt lon="13.04158122" lat="47.52863611"><ele>2067.22</ele></trkpt>
<trkpt lon="13.04158490" lat="47.52863347"><ele>2070.78</ele></trkpt>
<trkpt lon="13.04157988" lat="47.52860792"><ele>2069.28</ele></trkpt>
<trkpt lon="13.04153660" lat="47.52860332"><ele>2076.56</ele></trkpt>
</trkseg><trkseg>
<trkpt lon="13.04166759" lat="47.52866782"><ele>2066.69</ele></trkpt>
<trkpt lon="13.04165981" lat="47.52866616"><ele>2061.81</ele></trkpt>
<trkpt lon="13.04166985" lat="47.52867137"><ele>2058.58</ele></trkpt>
<trkpt lon="13.04168604" lat="47.52868964"><ele>2059.86</ele></trkpt>
<trkpt lon="13.04168689" lat="47.52867040"><ele>2054.37</ele></trkpt>
</trkseg><trkseg>
<trkpt lon="13.04188360" lat="47.52869680"><ele>2059.53</ele></trkpt>
<trkpt lon="13.04188052" lat="47.52865832"><ele>2056.18</ele></trkpt>
<trkpt lon="13.04185513" lat="47.52861577"><ele>2053.50</ele></trkpt>
<trkpt lon="13.04184020" lat="47.52860643"><ele>2052.25</ele></trkpt>
<trkpt lon="13.04182596" lat="47.52857865"><ele>2051.08</ele></trkpt>
</trkseg><trkseg>
<trkpt lon="13.04184020" lat="47.52860643"><ele>2052.25</ele></trkpt>
<trkpt lon="13.04185528" lat="47.52860831"><ele>2042.11</ele></trkpt>
</trkseg><trkseg>
<trkpt lon="13.04013630" lat="47.52701286"><ele>2068.91</ele></trkpt>
<trkpt lon="13.04017363" lat="47.52703806"><ele>2070.01</ele></trkpt>
</trkseg><trkseg>
<trkpt lon="13.04013630" lat="47.52701286"><ele>2068.91</ele></trkpt>
<trkpt lon="13.04013114" lat="47.52703013"><ele>2068.81</ele></trkpt>
<trkpt lon="13.04010155" lat="47.52704349"><ele>2067.73</ele></trkpt>
<trkpt lon="13.04009804" lat="47.52704154"><ele>2060.77</ele></trkpt>
<trkpt lon="13.04012518" lat="47.52705820"><ele>2062.05</ele></trkpt>
<trkpt lon="13.04010616" lat="47.52710151"><ele>2062.52</ele></trkpt>
<trkpt lon="13.04013946" lat="47.52713142"><ele>2065.01</ele></trkpt>
<trkpt lon="13.04006783" lat="47.52716034"><ele>2065.46</ele></trkpt>
<trkpt lon="13.03998285" lat="47.52718777"><ele>2071.57</ele></trkpt>
<trkpt lon="13.03989369" lat="47.52722026"><ele>2077.92</ele></trkpt>
<trkpt lon="13.03985285" lat="47.52721443"><ele>2079.24</ele></trkpt>
<trkpt lon="13.03986621" lat="47.52720539"><ele>2068.45</ele></trkpt>
<trkpt lon="13.03990873" lat="47.52718731"><ele>2071.09</ele></trkpt>
<trkpt lon="13.03988266" lat="47.52717391"><ele>2071.27</ele></trkpt>
</trkseg><trkseg>
<trkpt lon="13.04009804" lat="47.52704154"><ele>2060.77</ele></trkpt>
<trkpt lon="13.04006748" lat="47.52700232"><ele>2062.28</ele></trkpt>
<trkpt lon="13.04006648" lat="47.52696487"><ele>2061.25</ele></trkpt>
<trkpt lon="13.04008250" lat="47.52694868"><ele>2063.64</ele></trkpt>
</trkseg><trkseg>
<trkpt lon="13.04006748" lat="47.52700232"><ele>2062.28</ele></trkpt>
<trkpt lon="13.04001419" lat="47.52699565"><ele>2058.78</ele></trkpt>
<trkpt lon="13.03998986" lat="47.52701377"><ele>2058.69</ele></trkpt>
<trkpt lon="13.03995770" lat="47.52701781"><ele>2059.94</ele></trkpt>
<trkpt lon="13.03995366" lat="47.52702620"><ele>2061.43</ele></trkpt>
<trkpt lon="13.03993557" lat="47.52702328"><ele>2060.70</ele></trkpt>
<trkpt lon="13.03992418" lat="47.52701886"><ele>2059.55</ele></trkpt>
<trkpt lon="13.03990455" lat="47.52703940"><ele>2056.99</ele></trkpt>
<trkpt lon="13.03987893" lat="47.52702798"><ele>2050.24</ele></trkpt>
<trkpt lon="13.03982421" lat="47.52704918"><ele>2048.58</ele></trkpt>
<trkpt lon="13.03986713" lat="47.52709527"><ele>2047.01</ele></trkpt>
</trkseg><trkseg>
<trkpt lon="13.03989369" lat="47.52722026"><ele>2077.92</ele></trkpt>
<trkpt lon="13.03980990" lat="47.52722989"><ele>2083.38</ele></trkpt>
</trkseg><trkseg>
<trkpt lon="13.03980990" lat="47.52722989"><ele>2083.38</ele></trkpt>
<trkpt lon="13.03986481" lat="47.52723236"><ele>2090.82</ele></trkpt>
</trkseg><trkseg>
<trkpt lon="13.04198892" lat="47.52866935"><ele>2050.38</ele></trkpt>
<trkpt lon="13.04191929" lat="47.52865160"><ele>2050.08</ele></trkpt>
<trkpt lon="13.04189883" lat="47.52866250"><ele>2044.27</ele></trkpt>
<trkpt lon="13.04190722" lat="47.52866904"><ele>2029.65</ele></trkpt>
<trkpt lon="13.04186011" lat="47.52859633"><ele>2030.10</ele></trkpt>
</trkseg><trkseg>
<trkpt lon="13.04189883" lat="47.52866250"><ele>2044.27</ele></trkpt>
<trkpt lon="13.04183094" lat="47.52858045"><ele>2047.07</ele></trkpt>
</trkseg><trkseg>
<trkpt lon="13.04190722" lat="47.52866904"><ele>2029.65</ele></trkpt>
<trkpt lon="13.04194889" lat="47.52868450"><ele>2026.68</ele></trkpt>
<trkpt lon="13.04194958" lat="47.52868749"><ele>2024.98</ele></trkpt>
<trkpt lon="13.04197563" lat="47.52868370"><ele>2023.72</ele></trkpt>
<trkpt lon="13.04197588" lat="47.52869117"><ele>2023.71</ele></trkpt>
<trkpt lon="13.04203241" lat="47.52870375"><ele>2025.46</ele></trkpt>
<trkpt lon="13.04202711" lat="47.52869610"><ele>2025.44</ele></trkpt>
<trkpt lon="13.04206917" lat="47.52869421"><ele>2026.83</ele></trkpt>
<trkpt lon="13.04209041" lat="47.52871959"><ele>2027.84</ele></trkpt>
<trkpt lon="13.04212663" lat="47.52873172"><ele>2026.09</ele></trkpt>
<trkpt lon="13.04218626" lat="47.52872509"><ele>2005.51</ele></trkpt>
<trkpt lon="13.04223101" lat="47.52874718"><ele>1993.04</ele></trkpt>
<trkpt lon="13.04225102" lat="47.52873790"><ele>1992.70</ele></trkpt>
<trkpt lon="13.04224439" lat="47.52874102"><ele>1967.75</ele></trkpt>
<trkpt lon="13.04224275" lat="47.52875647"><ele>1966.94</ele></trkpt>
<trkpt lon="13.04220654" lat="47.52876215"><ele>1965.78</ele></trkpt>
<trkpt lon="13.04220313" lat="47.52877874"><ele>1964.74</ele></trkpt>
<trkpt lon="13.04219365" lat="47.52878713"><ele>1964.10</ele></trkpt>
<trkpt lon="13.04217547" lat="47.52880076"><ele>1964.21</ele></trkpt>
<trkpt lon="13.04220499" lat="47.52882142"><ele>1963.71</ele></trkpt>
<trkpt lon="13.04218315" lat="47.52883725"><ele>1961.25</ele></trkpt>
<trkpt lon="13.04218151" lat="47.52883470"><ele>1959.17</ele></trkpt>
<trkpt lon="13.04216489" lat="47.52881732"><ele>1957.85</ele></trkpt>
<trkpt lon="13.04215717" lat="47.52884274"><ele>1955.43</ele></trkpt>
</trkseg><trkseg>
<trkpt lon="13.04218151" lat="47.52883470"><ele>1959.17</ele></trkpt>
<trkpt lon="13.04214697" lat="47.52885967"><ele>1956.92</ele></trkpt>
</trkseg><trkseg>
<trkpt lon="13.04175566" lat="47.52797258"><ele>2062.80</ele></trkpt>
<trkpt lon="13.04177897" lat="47.52796740"><ele>2060.71</ele></trkpt>
<trkpt lon="13.04179863" lat="47.52797799"><ele>2057.89</ele></trkpt>
<trkpt lon="13.04183067" lat="47.52800608"><ele>2053.48</ele></trkpt>
<trkpt lon="13.04185249" lat="47.52801230"><ele>2051.40</ele></trkpt>
<trkpt lon="13.04187581" lat="47.52801756"><ele>2049.43</ele></trkpt>
<trkpt lon="13.04187733" lat="47.52804449"><ele>2046.88</ele></trkpt>
<trkpt lon="13.04192698" lat="47.52805631"><ele>2036.02</ele></trkpt>
</trkseg><trkseg>
<trkpt lon="13.04182741" lat="47.52767605"><ele>2063.66</ele></trkpt>
<trkpt lon="13.04188286" lat="47.52768905"><ele>2063.57</ele></trkpt>
<trkpt lon="13.04198840" lat="47.52771623"><ele>2060.23</ele></trkpt>
<trkpt lon="13.04205048" lat="47.52775788"><ele>2057.19</ele></trkpt>
</trkseg><trkseg>
<trkpt lon="13.04216734" lat="47.52850872"><ele>2049.12</ele></trkpt>
<trkpt lon="13.04216800" lat="47.52850189"><ele>2043.44</ele></trkpt>
<trkpt lon="13.04222116" lat="47.52849416"><ele>2040.79</ele></trkpt>
<trkpt lon="13.04226101" lat="47.52846236"><ele>2039.09</ele></trkpt>
<trkpt lon="13.04224815" lat="47.52844729"><ele>2035.39</ele></trkpt>
</trkseg><trkseg>
<trkpt lon="13.04226101" lat="47.52846236"><ele>2039.09</ele></trkpt>
<trkpt lon="13.04228434" lat="47.52848156"><ele>2039.13</ele></trkpt>
<trkpt lon="13.04220197" lat="47.52847080"><ele>2048.81</ele></trkpt>
</trkseg><trkseg>
<trkpt lon="13.04228434" lat="47.52848156"><ele>2039.13</ele></trkpt>
<trkpt lon="13.04222950" lat="47.52848791"><ele>2046.61</ele></trkpt>
</trkseg><trkseg>
<trkpt lon="13.04222116" lat="47.52849416"><ele>2040.79</ele></trkpt>
<trkpt lon="13.04221754" lat="47.52848078"><ele>2024.85</ele></trkpt>
<trkpt lon="13.04228173" lat="47.52841610"><ele>2008.12</ele></trkpt>
<trkpt lon="13.04231562" lat="47.52843008"><ele>2007.30</ele></trkpt>
</trkseg><trkseg>
<trkpt lon="13.04216734" lat="47.52850872"><ele>2049.12</ele></trkpt>
<trkpt lon="13.04216876" lat="47.52848850"><ele>2051.25</ele></trkpt>
<trkpt lon="13.04215309" lat="47.52846681"><ele>2054.04</ele></trkpt>
<trkpt lon="13.04213083" lat="47.52847255"><ele>2054.42</ele></trkpt>
<trkpt lon="13.04216854" lat="47.52850505"><ele>2050.02</ele></trkpt>
</trkseg><trkseg>
<trkpt lon="13.04215309" lat="47.52846681"><ele>2054.04</ele></trkpt>
<trkpt lon="13.04219299" lat="47.52846209"><ele>2047.94</ele></trkpt>
<trkpt lon="13.04227389" lat="47.52849461"><ele>2039.52</ele></trkpt>
</trkseg><trkseg>
<trkpt lon="13.03980990" lat="47.52722989"><ele>2083.38</ele></trkpt>
<trkpt lon="13.03976235" lat="47.52725446"><ele>2087.20</ele></trkpt>
<trkpt lon="13.03968081" lat="47.52730714"><ele>2095.96</ele></trkpt>
<trkpt lon="13.03960606" lat="47.52731297"><ele>2100.60</ele></trkpt>
<trkpt lon="13.03962266" lat="47.52734520"><ele>2101.63</ele></trkpt>
</trkseg><trkseg>
<trkpt lon="13.04179394" lat="47.52802920"><ele>2056.77</ele></trkpt>
<trkpt lon="13.04179662" lat="47.52805697"><ele>2056.32</ele></trkpt>
<trkpt lon="13.04177530" lat="47.52806947"><ele>2048.17</ele></trkpt>
<trkpt lon="13.04179377" lat="47.52807653"><ele>2047.82</ele></trkpt>
<trkpt lon="13.04180781" lat="47.52810971"><ele>2044.00</ele></trkpt>
<trkpt lon="13.04179007" lat="47.52807602"><ele>2043.62</ele></trkpt>
<trkpt lon="13.04181359" lat="47.52807570"><ele>2034.55</ele></trkpt>
</trkseg><trkseg>
<trkpt lon="13.03982421" lat="47.52704918"><ele>2048.58</ele></trkpt>
<trkpt lon="13.03983561" lat="47.52704623"><ele>2045.03</ele></trkpt>
<trkpt lon="13.03978127" lat="47.52706770"><ele>2032.88</ele></trkpt>
<trkpt lon="13.03980254" lat="47.52708858"><ele>2032.51</ele></trkpt>
<trkpt lon="13.03980753" lat="47.52710442"><ele>2029.67</ele></trkpt>
<trkpt lon="13.03978789" lat="47.52710381"><ele>2025.15</ele></trkpt>
<trkpt lon="13.03978409" lat="47.52714883"><ele>2025.83</ele></trkpt>
<trkpt lon="13.03978743" lat="47.52715896"><ele>2020.39</ele></trkpt>
<trkpt lon="13.03980033" lat="47.52717997"><ele>2012.01</ele></trkpt>
<trkpt lon="13.03981746" lat="47.52719439"><ele>2001.33</ele></trkpt>
<trkpt lon="13.03983568" lat="47.52719407"><ele>1990.17</ele></trkpt>
<trkpt lon="13.03984089" lat="47.52717535"><ele>1975.32</ele></trkpt>
<trkpt lon="13.03987335" lat="47.52717060"><ele>1975.32</ele></trkpt>
<trkpt lon="13.03986940" lat="47.52712329"><ele>1961.42</ele></trkpt>
<trkpt lon="13.03986367" lat="47.52709539"><ele>1956.59</ele></trkpt>
</trkseg><trkseg>
<trkpt lon="13.03986367" lat="47.52709539"><ele>1956.59</ele></trkpt>
<trkpt lon="13.03985545" lat="47.52708418"><ele>1953.48</ele></trkpt>
<trkpt lon="13.03986567" lat="47.52708076"><ele>1952.40</ele></trkpt>
<trkpt lon="13.03989231" lat="47.52708616"><ele>1941.69</ele></trkpt>
<trkpt lon="13.03987131" lat="47.52712566"><ele>1940.09</ele></trkpt>
<trkpt lon="13.03990230" lat="47.52713537"><ele>1939.16</ele></trkpt>
<trkpt lon="13.03990653" lat="47.52712888"><ele>1939.29</ele></trkpt>
<trkpt lon="13.03991017" lat="47.52712021"><ele>1937.67</ele></trkpt>
<trkpt lon="13.03991188" lat="47.52711367"><ele>1926.92</ele></trkpt>
<trkpt lon="13.03989011" lat="47.52713804"><ele>1926.59</ele></trkpt>
<trkpt lon="13.03987590" lat="47.52714509"><ele>1922.69</ele></trkpt>
<trkpt lon="13.03988241" lat="47.52716293"><ele>1917.16</ele></trkpt>
<trkpt lon="13.03987067" lat="47.52716768"><ele>1913.24</ele></trkpt>
<trkpt lon="13.03987870" lat="47.52719823"><ele>1910.42</ele></trkpt>
<trkpt lon="13.03986725" lat="47.52722017"><ele>1904.45</ele></trkpt>
<trkpt lon="13.03985322" lat="47.52725457"><ele>1900.81</ele></trkpt>
</trkseg><trkseg>
<trkpt lon="13.04222997" lat="47.52817199"><ele>2083.10</ele></trkpt>
<trkpt lon="13.04225286" lat="47.52817436"><ele>2082.12</ele></trkpt>
<trkpt lon="13.04230679" lat="47.52815341"><ele>2077.77</ele></trkpt>
<trkpt lon="13.04233173" lat="47.52813998"><ele>2075.92</ele></trkpt>
<trkpt lon="13.04237110" lat="47.52810673"><ele>2070.13</ele></trkpt>
<trkpt lon="13.04239763" lat="47.52808271"><ele>2066.93</ele></trkpt>
<trkpt lon="13.04246513" lat="47.52810753"><ele>2063.78</ele></trkpt>
<trkpt lon="13.04245214" lat="47.52812449"><ele>2058.65</ele></trkpt>
<trkpt lon="13.04240251" lat="47.52811239"><ele>2057.82</ele></trkpt>
<trkpt lon="13.04236977" lat="47.52812101"><ele>2056.15</ele></trkpt>
<trkpt lon="13.04237696" lat="47.52814903"><ele>2054.32</ele></trkpt>
<trkpt lon="13.04238641" lat="47.52815927"><ele>2054.01</ele></trkpt>
<trkpt lon="13.04234648" lat="47.52813636"><ele>2054.68</ele></trkpt>
<trkpt lon="13.04229957" lat="47.52811874"><ele>2057.81</ele></trkpt>
<trkpt lon="13.04225885" lat="47.52810994"><ele>2060.45</ele></trkpt>
<trkpt lon="13.04228017" lat="47.52815098"><ele>2059.73</ele></trkpt>
<trkpt lon="13.04227051" lat="47.52816791"><ele>2061.20</ele></trkpt>
<trkpt lon="13.04229907" lat="47.52817146"><ele>2059.38</ele></trkpt>
<trkpt lon="13.04234843" lat="47.52823385"><ele>2054.80</ele></trkpt>
<trkpt lon="13.04236517" lat="47.52825177"><ele>2053.65</ele></trkpt>
<trkpt lon="13.04234246" lat="47.52827298"><ele>2052.67</ele></trkpt>
<trkpt lon="13.04235698" lat="47.52830049"><ele>2051.35</ele></trkpt>
</trkseg><trkseg>
<trkpt lon="13.04245214" lat="47.52812449"><ele>2058.65</ele></trkpt>
<trkpt lon="13.04247549" lat="47.52811481"><ele>2056.35</ele></trkpt>
</trkseg><trkseg>
<trkpt lon="13.04247549" lat="47.52811481"><ele>2056.35</ele></trkpt>
<trkpt lon="13.04249360" lat="47.52812088"><ele>2056.10</ele></trkpt>
</trkseg><trkseg>
<trkpt lon="13.04249360" lat="47.52812088"><ele>2056.10</ele></trkpt>
<trkpt lon="13.04249414" lat="47.52813844"><ele>2044.39</ele></trkpt>
</trkseg><trkseg>
<trkpt lon="13.04249414" lat="47.52813844"><ele>2044.39</ele></trkpt>
<trkpt lon="13.04250939" lat="47.52815696"><ele>2042.62</ele></trkpt>
</trkseg><trkseg>
<trkpt lon="13.04250939" lat="47.52815696"><ele>2042.62</ele></trkpt>
<trkpt lon="13.04252478" lat="47.52817540"><ele>2040.87</ele></trkpt>
</trkseg><trkseg>
<trkpt lon="13.04252478" lat="47.52817540"><ele>2040.87</ele></trkpt>
<trkpt lon="13.04251879" lat="47.52819366"><ele>2041.27</ele></trkpt>
</trkseg><trkseg>
<trkpt lon="13.04250939" lat="47.52815696"><ele>2042.62</ele></trkpt>
<trkpt lon="13.04249375" lat="47.52816668"><ele>2043.59</ele></trkpt>
</trkseg><trkseg>
<trkpt lon="13.04207723" lat="47.53802998"><ele>1978.10</ele></trkpt>
<trkpt lon="13.04208445" lat="47.53804307"><ele>1975.40</ele></trkpt>
</trkseg><trkseg>
<trkpt lon="13.04208445" lat="47.53804307"><ele>1975.40</ele></trkpt>
<trkpt lon="13.04210122" lat="47.53802095"><ele>1973.06</ele></trkpt>
</trkseg><trkseg>
<trkpt lon="13.04210122" lat="47.53802095"><ele>1973.06</ele></trkpt>
<trkpt lon="13.04212587" lat="47.53801894"><ele>1971.27</ele></trkpt>
</trkseg><trkseg>
<trkpt lon="13.04212587" lat="47.53801894"><ele>1971.27</ele></trkpt>
<trkpt lon="13.04211683" lat="47.53800502"><ele>1968.56</ele></trkpt>
</trkseg><trkseg>
<trkpt lon="13.04211683" lat="47.53800502"><ele>1968.56</ele></trkpt>
<trkpt lon="13.04213649" lat="47.53798376"><ele>1957.78</ele></trkpt>
</trkseg><trkseg>
<trkpt lon="13.04213649" lat="47.53798376"><ele>1957.78</ele></trkpt>
<trkpt lon="13.04210509" lat="47.53796702"><ele>1956.84</ele></trkpt>
</trkseg><trkseg>
<trkpt lon="13.04210509" lat="47.53796702"><ele>1956.84</ele></trkpt>
<trkpt lon="13.04208715" lat="47.53795268"><ele>1954.99</ele></trkpt>
</trkseg><trkseg>
<trkpt lon="13.04208715" lat="47.53795268"><ele>1954.99</ele></trkpt>
<trkpt lon="13.04201199" lat="47.53791927"><ele>1954.59</ele></trkpt>
</trkseg><trkseg>
<trkpt lon="13.04201199" lat="47.53791927"><ele>1954.59</ele></trkpt>
<trkpt lon="13.04198311" lat="47.53788125"><ele>1953.09</ele></trkpt>
</trkseg><trkseg>
<trkpt lon="13.04198311" lat="47.53788125"><ele>1953.09</ele></trkpt>
<trkpt lon="13.04196124" lat="47.53782977"><ele>1950.77</ele></trkpt>
</trkseg><trkseg>
<trkpt lon="13.04196124" lat="47.53782977"><ele>1950.77</ele></trkpt>
<trkpt lon="13.04192402" lat="47.53778729"><ele>1948.55</ele></trkpt>
</trkseg><trkseg>
<trkpt lon="13.04737871" lat="47.51788267"><ele>2079.10</ele></trkpt>
<trkpt lon="13.04712643" lat="47.51777264"><ele>2087.08</ele></trkpt>
<trkpt lon="13.04709730" lat="47.51775244"><ele>2088.04</ele></trkpt>
<trkpt lon="13.04701279" lat="47.51777836"><ele>2089.54</ele></trkpt>
<trkpt lon="13.04702224" lat="47.51780290"><ele>2091.54</ele></trkpt>
<trkpt lon="13.04698877" lat="47.51782771"><ele>2089.26</ele></trkpt>
<trkpt lon="13.04698105" lat="47.51784260"><ele>2089.28</ele></trkpt>
</trkseg><trkseg>
<trkpt lon="13.04737871" lat="47.51788267"><ele>2079.10</ele></trkpt>
<trkpt lon="13.04749378" lat="47.51773148"><ele>2077.88</ele></trkpt>
</trkseg><trkseg>
<trkpt lon="13.04749378" lat="47.51773148"><ele>2077.88</ele></trkpt>
<trkpt lon="13.04749307" lat="47.51771473"><ele>2077.06</ele></trkpt>
</trkseg><trkseg>
<trkpt lon="13.04749307" lat="47.51771473"><ele>2077.06</ele></trkpt>
<trkpt lon="13.04754474" lat="47.51769680"><ele>2079.97</ele></trkpt>
</trkseg><trkseg>
<trkpt lon="13.04754474" lat="47.51769680"><ele>2079.97</ele></trkpt>
<trkpt lon="13.04756641" lat="47.51767117"><ele>2083.03</ele></trkpt>
</trkseg><trkseg>
<trkpt lon="13.04756641" lat="47.51767117"><ele>2083.03</ele></trkpt>
<trkpt lon="13.04761014" lat="47.51770260"><ele>2084.14</ele></trkpt>
</trkseg><trkseg>
<trkpt lon="13.04756641" lat="47.51767117"><ele>2083.03</ele></trkpt>
<trkpt lon="13.04758996" lat="47.51763800"><ele>2087.00</ele></trkpt>
</trkseg><trkseg>
<trkpt lon="13.04758996" lat="47.51763800"><ele>2087.00</ele></trkpt>
<trkpt lon="13.04759029" lat="47.51760400"><ele>2086.34</ele></trkpt>
</trkseg><trkseg>
<trkpt lon="13.04759029" lat="47.51760400"><ele>2086.34</ele></trkpt>
<trkpt lon="13.04757293" lat="47.51756015"><ele>2089.15</ele></trkpt>
</trkseg><trkseg>
<trkpt lon="13.04757293" lat="47.51756015"><ele>2089.15</ele></trkpt>
<trkpt lon="13.04749400" lat="47.51755727"><ele>2090.96</ele></trkpt>
</trkseg><trkseg>
<trkpt lon="13.04749400" lat="47.51755727"><ele>2090.96</ele></trkpt>
<trkpt lon="13.04746942" lat="47.51752869"><ele>2091.44</ele></trkpt>
</trkseg><trkseg>
<trkpt lon="13.04746942" lat="47.51752869"><ele>2091.44</ele></trkpt>
<trkpt lon="13.04742012" lat="47.51752920"><ele>2092.94</ele></trkpt>
</trkseg><trkseg>
<trkpt lon="13.04742012" lat="47.51752920"><ele>2092.94</ele></trkpt>
<trkpt lon="13.04742926" lat="47.51750146"><ele>2094.14</ele></trkpt>
</trkseg><trkseg>
<trkpt lon="13.04742926" lat="47.51750146"><ele>2094.14</ele></trkpt>
<trkpt lon="13.04743800" lat="47.51747353"><ele>2093.41</ele></trkpt>
</trkseg><trkseg>
<trkpt lon="13.04712643" lat="47.51777264"><ele>2087.08</ele></trkpt>
<trkpt lon="13.04718148" lat="47.51790712"><ele>2080.32</ele></trkpt>
</trkseg><trkseg>
<trkpt lon="13.04718148" lat="47.51790712"><ele>2080.32</ele></trkpt>
<trkpt lon="13.04714357" lat="47.51790863"><ele>2081.96</ele></trkpt>
</trkseg><trkseg>
<trkpt lon="13.04714357" lat="47.51790863"><ele>2081.96</ele></trkpt>
<trkpt lon="13.04713798" lat="47.51790890"><ele>2084.90</ele></trkpt>
</trkseg><trkseg>
<trkpt lon="13.04713798" lat="47.51790890"><ele>2084.90</ele></trkpt>
<trkpt lon="13.04711332" lat="47.51789705"><ele>2085.34</ele></trkpt>
</trkseg><trkseg>
<trkpt lon="13.04711332" lat="47.51789705"><ele>2085.34</ele></trkpt>
<trkpt lon="13.04708757" lat="47.51790363"><ele>2083.77</ele></trkpt>
</trkseg><trkseg>
<trkpt lon="13.04708757" lat="47.51790363"><ele>2083.77</ele></trkpt>
<trkpt lon="13.04706367" lat="47.51791051"><ele>2082.53</ele></trkpt>
</trkseg><trkseg>
<trkpt lon="13.04706367" lat="47.51791051"><ele>2082.53</ele></trkpt>
<trkpt lon="13.04701473" lat="47.51792272"><ele>2081.40</ele></trkpt>
</trkseg><trkseg>
<trkpt lon="13.04696279" lat="47.51825217"><ele>2060.95</ele></trkpt>
<trkpt lon="13.04693053" lat="47.51823713"><ele>2054.36</ele></trkpt>
<trkpt lon="13.04689816" lat="47.51822191"><ele>2047.73</ele></trkpt>
<trkpt lon="13.04688829" lat="47.51819439"><ele>2047.52</ele></trkpt>
<trkpt lon="13.04685557" lat="47.51820625"><ele>2048.67</ele></trkpt>
</trkseg><trkseg>
<trkpt lon="13.04695900" lat="47.51826839"><ele>2068.66</ele></trkpt>
<trkpt lon="13.04695819" lat="47.51823274"><ele>2067.29</ele></trkpt>
<trkpt lon="13.04699345" lat="47.51821697"><ele>2069.97</ele></trkpt>
<trkpt lon="13.04702616" lat="47.51819809"><ele>2072.80</ele></trkpt>
<trkpt lon="13.04705805" lat="47.51818720"><ele>2073.93</ele></trkpt>
<trkpt lon="13.04711064" lat="47.51816236"><ele>2077.26</ele></trkpt>
<trkpt lon="13.04706372" lat="47.51816310"><ele>2075.55</ele></trkpt>
</trkseg><trkseg>
<trkpt lon="13.04711064" lat="47.51816236"><ele>2077.26</ele></trkpt>
<trkpt lon="13.04717399" lat="47.51816974"><ele>2078.70</ele></trkpt>
<trkpt lon="13.04718857" lat="47.51819915"><ele>2080.21</ele></trkpt>
<trkpt lon="13.04722566" lat="47.51819852"><ele>2081.46</ele></trkpt>
<trkpt lon="13.04724209" lat="47.51822102"><ele>2080.70</ele></trkpt>
<trkpt lon="13.04726287" lat="47.51821598"><ele>2080.57</ele></trkpt>
<trkpt lon="13.04727915" lat="47.51823173"><ele>2080.24</ele></trkpt>
</trkseg><trkseg>
<trkpt lon="13.04692535" lat="47.51828744"><ele>2062.87</ele></trkpt>
<trkpt lon="13.04687329" lat="47.51830859"><ele>2070.80</ele></trkpt>
<trkpt lon="13.04689208" lat="47.51833915"><ele>2070.72</ele></trkpt>
<trkpt lon="13.04688709" lat="47.51834842"><ele>2071.62</ele></trkpt>
<trkpt lon="13.04683878" lat="47.51835786"><ele>2073.56</ele></trkpt>
<trkpt lon="13.04682360" lat="47.51836957"><ele>2073.26</ele></trkpt>
<trkpt lon="13.04680599" lat="47.51835397"><ele>2073.90</ele></trkpt>
<trkpt lon="13.04680168" lat="47.51833761"><ele>2075.15</ele></trkpt>
<trkpt lon="13.04681325" lat="47.51837299"><ele>2077.29</ele></trkpt>
<trkpt lon="13.04682195" lat="47.51839968"><ele>2077.67</ele></trkpt>
<trkpt lon="13.04681364" lat="47.51841961"><ele>2076.77</ele></trkpt>
<trkpt lon="13.04685853" lat="47.51842694"><ele>2078.46</ele></trkpt>
<trkpt lon="13.04686207" lat="47.51845679"><ele>2076.33</ele></trkpt>
<trkpt lon="13.04679254" lat="47.51848701"><ele>2073.87</ele></trkpt>
<trkpt lon="13.04677033" lat="47.51845927"><ele>2075.73</ele></trkpt>
<trkpt lon="13.04675340" lat="47.51846807"><ele>2075.54</ele></trkpt>
<trkpt lon="13.04672900" lat="47.51845974"><ele>2076.31</ele></trkpt>
<trkpt lon="13.04672305" lat="47.51848393"><ele>2075.37</ele></trkpt>
</trkseg><trkseg>
<trkpt lon="13.04703192" lat="47.51832911"><ele>2057.89</ele></trkpt>
<trkpt lon="13.04699380" lat="47.51836860"><ele>2058.70</ele></trkpt>
</trkseg><trkseg>
<trkpt lon="13.04699380" lat="47.51836860"><ele>2058.70</ele></trkpt>
<trkpt lon="13.04687746" lat="47.51843590"><ele>2056.26</ele></trkpt>
</trkseg><trkseg>
<trkpt lon="13.04687746" lat="47.51843590"><ele>2056.26</ele></trkpt>
<trkpt lon="13.04683669" lat="47.51846796"><ele>2053.69</ele></trkpt>
</trkseg><trkseg>
<trkpt lon="13.04683669" lat="47.51846796"><ele>2053.69</ele></trkpt>
<trkpt lon="13.04679923" lat="47.51848577"><ele>2052.24</ele></trkpt>
</trkseg><trkseg>
<trkpt lon="13.04679923" lat="47.51848577"><ele>2052.24</ele></trkpt>
<trkpt lon="13.04676763" lat="47.51851052"><ele>2050.22</ele></trkpt>
</trkseg><trkseg>
<trkpt lon="13.04676763" lat="47.51851052"><ele>2050.22</ele></trkpt>
<trkpt lon="13.04671569" lat="47.51852484"><ele>2048.71</ele></trkpt>
</trkseg><trkseg>
<trkpt lon="13.04671569" lat="47.51852484"><ele>2048.71</ele></trkpt>
<trkpt lon="13.04667557" lat="47.51853567"><ele>2046.82</ele></trkpt>
</trkseg><trkseg>
<trkpt lon="13.04667557" lat="47.51853567"><ele>2046.82</ele></trkpt>
<trkpt lon="13.04665167" lat="47.51857117"><ele>2044.81</ele></trkpt>
</trkseg><trkseg>
<trkpt lon="13.04665167" lat="47.51857117"><ele>2044.81</ele></trkpt>
<trkpt lon="13.04661141" lat="47.51859307"><ele>2043.50</ele></trkpt>
</trkseg><trkseg>
<trkpt lon="13.04661141" lat="47.51859307"><ele>2043.50</ele></trkpt>
<trkpt lon="13.04659651" lat="47.51859714"><ele>2042.92</ele></trkpt>
</trkseg><trkseg>
<trkpt lon="13.04738361" lat="47.51803708"><ele>2064.04</ele></trkpt>
<trkpt lon="13.04742800" lat="47.51802200"><ele>2065.73</ele></trkpt>
<trkpt lon="13.04753522" lat="47.51799629"><ele>2067.13</ele></trkpt>
<trkpt lon="13.04755520" lat="47.51799123"><ele>2064.42</ele></trkpt>
<trkpt lon="13.04759902" lat="47.51797002"><ele>2064.15</ele></trkpt>
<trkpt lon="13.04764577" lat="47.51797037"><ele>2063.87</ele></trkpt>
<trkpt lon="13.04767463" lat="47.51795511"><ele>2064.01</ele></trkpt>
</trkseg><trkseg>
<trkpt lon="13.04753522" lat="47.51799629"><ele>2067.13</ele></trkpt>
<trkpt lon="13.04756885" lat="47.51796339"><ele>2067.66</ele></trkpt>
</trkseg><trkseg>
<trkpt lon="13.04756885" lat="47.51796339"><ele>2067.66</ele></trkpt>
<trkpt lon="13.04762352" lat="47.51792194"><ele>2064.47</ele></trkpt>
</trkseg><trkseg>
<trkpt lon="13.04762352" lat="47.51792194"><ele>2064.47</ele></trkpt>
<trkpt lon="13.04760536" lat="47.51787798"><ele>2064.55</ele></trkpt>
</trkseg><trkseg>
<trkpt lon="13.04694961" lat="47.52045682"><ele>2079.99</ele></trkpt>
<trkpt lon="13.04692891" lat="47.52047420"><ele>2080.04</ele></trkpt>
<trkpt lon="13.04683295" lat="47.52053987"><ele>2083.97</ele></trkpt>
<trkpt lon="13.04683837" lat="47.52058720"><ele>2084.30</ele></trkpt>
<trkpt lon="13.04686984" lat="47.52061986"><ele>2082.43</ele></trkpt>
</trkseg><trkseg>
<trkpt lon="13.04683837" lat="47.52058720"><ele>2084.30</ele></trkpt>
<trkpt lon="13.04672711" lat="47.52061428"><ele>2085.51</ele></trkpt>
<trkpt lon="13.04666507" lat="47.52057858"><ele>2086.84</ele></trkpt>
<trkpt lon="13.04658455" lat="47.52057928"><ele>2089.50</ele></trkpt>
<trkpt lon="13.04660763" lat="47.52064095"><ele>2089.07</ele></trkpt>
<trkpt lon="13.04652903" lat="47.52065761"><ele>2092.55</ele></trkpt>
<trkpt lon="13.04645552" lat="47.52065915"><ele>2097.58</ele></trkpt>
<trkpt lon="13.04646405" lat="47.52059765"><ele>2100.09</ele></trkpt>
<trkpt lon="13.04655716" lat="47.52061562"><ele>2102.40</ele></trkpt>
<trkpt lon="13.04652082" lat="47.52067133"><ele>2099.78</ele></trkpt>
</trkseg><trkseg>
<trkpt lon="13.04719638" lat="47.52034342"><ele>2086.48</ele></trkpt>
<trkpt lon="13.04718116" lat="47.52032759"><ele>2086.63</ele></trkpt>
<trkpt lon="13.04716966" lat="47.52030472"><ele>2086.35</ele></trkpt>
<trkpt lon="13.04716470" lat="47.52030238"><ele>2086.22</ele></trkpt>
<trkpt lon="13.04716799" lat="47.52028894"><ele>2077.35</ele></trkpt>
</trkseg><trkseg>
<trkpt lon="13.04768679" lat="47.52021158"><ele>2116.49</ele></trkpt>
<trkpt lon="13.04768501" lat="47.52018437"><ele>2117.53</ele></trkpt>
<trkpt lon="13.04769098" lat="47.52018474"><ele>2112.25</ele></trkpt>
</trkseg><trkseg>
<trkpt lon="13.04768501" lat="47.52018437"><ele>2117.53</ele></trkpt>
<trkpt lon="13.04764193" lat="47.52016060"><ele>2117.18</ele></trkpt>
<trkpt lon="13.04764386" lat="47.52015505"><ele>2111.94</ele></trkpt>
</trkseg><trkseg>
<trkpt lon="13.04645552" lat="47.52065915"><ele>2097.58</ele></trkpt>
<trkpt lon="13.04646597" lat="47.52065671"><ele>2095.78</ele></trkpt>
</trkseg><trkseg>
<trkpt lon="13.04646597" lat="47.52065671"><ele>2095.78</ele></trkpt>
<trkpt lon="13.04650515" lat="47.52069626"><ele>2097.17</ele></trkpt>
</trkseg><trkseg>
<trkpt lon="13.04672711" lat="47.52061428"><ele>2085.51</ele></trkpt>
<trkpt lon="13.04673915" lat="47.52061548"><ele>2085.81</ele></trkpt>
<trkpt lon="13.04674099" lat="47.52063396"><ele>2084.72</ele></trkpt>
</trkseg><trkseg>
<trkpt lon="13.04674099" lat="47.52063396"><ele>2084.72</ele></trkpt>
<trkpt lon="13.04676566" lat="47.52064580"><ele>2084.60</ele></trkpt>
</trkseg><trkseg>
<trkpt lon="13.04676566" lat="47.52064580"><ele>2084.60</ele></trkpt>
<trkpt lon="13.04675190" lat="47.52066942"><ele>2084.52</ele></trkpt>
</trkseg><trkseg>
<trkpt lon="13.04675190" lat="47.52066942"><ele>2084.52</ele></trkpt>
<trkpt lon="13.04674173" lat="47.52068922"><ele>2084.60</ele></trkpt>
</trkseg><trkseg>
<trkpt lon="13.04674173" lat="47.52068922"><ele>2084.60</ele></trkpt>
<trkpt lon="13.04675798" lat="47.52069885"><ele>2084.67</ele></trkpt>
</trkseg><trkseg>
<trkpt lon="13.04673915" lat="47.52061548"><ele>2085.81</ele></trkpt>
<trkpt lon="13.04676629" lat="47.52061459"><ele>2083.69</ele></trkpt>
</trkseg><trkseg>
<trkpt lon="13.04692891" lat="47.52047420"><ele>2080.04</ele></trkpt>
<trkpt lon="13.04691177" lat="47.52044565"><ele>2078.77</ele></trkpt>
<trkpt lon="13.04688845" lat="47.52044048"><ele>2076.59</ele></trkpt>
</trkseg><trkseg>
<trkpt lon="13.04688845" lat="47.52044048"><ele>2076.59</ele></trkpt>
<trkpt lon="13.04689939" lat="47.52042861"><ele>2075.53</ele></trkpt>
</trkseg><trkseg>
<trkpt lon="13.04741375" lat="47.52038158"><ele>2088.76</ele></trkpt>
<trkpt lon="13.04745046" lat="47.52040524"><ele>2087.99</ele></trkpt>
</trkseg><trkseg>
<trkpt lon="13.04745046" lat="47.52040524"><ele>2087.99</ele></trkpt>
<trkpt lon="13.04743248" lat="47.52042806"><ele>2089.73</ele></trkpt>
</trkseg><trkseg>
<trkpt lon="13.04805023" lat="47.52020796"><ele>2126.80</ele></trkpt>
<trkpt lon="13.04808066" lat="47.52017545"><ele>2128.49</ele></trkpt>
</trkseg><trkseg>
<trkpt lon="13.04808066" lat="47.52017545"><ele>2128.49</ele></trkpt>
<trkpt lon="13.04812116" lat="47.52014725"><ele>2129.95</ele></trkpt>
</trkseg><trkseg>
<trkpt lon="13.04812116" lat="47.52014725"><ele>2129.95</ele></trkpt>
<trkpt lon="13.04811714" lat="47.52013765"><ele>2132.51</ele></trkpt>
</trkseg><trkseg>
<trkpt lon="13.03641663" lat="47.53649991"><ele>1974.00</ele></trkpt>
<trkpt lon="13.03643230" lat="47.53650009"><ele>1966.43</ele></trkpt>
<trkpt lon="13.03643021" lat="47.53650635"><ele>1960.67</ele></trkpt>
<trkpt lon="13.03644796" lat="47.53650783"><ele>1957.91</ele></trkpt>
<trkpt lon="13.03642304" lat="47.53648490"><ele>1956.23</ele></trkpt>
<trkpt lon="13.03645734" lat="47.53648423"><ele>1953.18</ele></trkpt>
<trkpt lon="13.03646395" lat="47.53649226"><ele>1951.41</ele></trkpt>
<trkpt lon="13.03645030" lat="47.53649851"><ele>1950.51</ele></trkpt>
<trkpt lon="13.03646082" lat="47.53650868"><ele>1949.90</ele></trkpt>
<trkpt lon="13.03645772" lat="47.53652743"><ele>1945.49</ele></trkpt>
<trkpt lon="13.03647796" lat="47.53651212"><ele>1939.39</ele></trkpt>
<trkpt lon="13.03647404" lat="47.53649972"><ele>1935.61</ele></trkpt>
<trkpt lon="13.03648066" lat="47.53647536"><ele>1933.78</ele></trkpt>
<trkpt lon="13.03651901" lat="47.53646603"><ele>1924.35</ele></trkpt>
<trkpt lon="13.03649362" lat="47.53647720"><ele>1921.02</ele></trkpt>
<trkpt lon="13.03652342" lat="47.53648671"><ele>1919.13</ele></trkpt>
<trkpt lon="13.03654222" lat="47.53648865"><ele>1916.75</ele></trkpt>
<trkpt lon="13.03657904" lat="47.53648128"><ele>1914.42</ele></trkpt>
<trkpt lon="13.03660500" lat="47.53649063"><ele>1912.31</ele></trkpt>
<trkpt lon="13.03661776" lat="47.53651172"><ele>1908.04</ele></trkpt>
<trkpt lon="13.03664463" lat="47.53650031"><ele>1898.98</ele></trkpt>
<trkpt lon="13.03664728" lat="47.53649693"><ele>1886.41</ele></trkpt>
<trkpt lon="13.03667483" lat="47.53647446"><ele>1886.21</ele></trkpt>
</trkseg><trkseg>
<trkpt lon="13.03651901" lat="47.53646603"><ele>1924.35</ele></trkpt>
<trkpt lon="13.03654788" lat="47.53643323"><ele>1926.25</ele></trkpt>
</trkseg><trkseg>
<trkpt lon="13.03654788" lat="47.53643323"><ele>1926.25</ele></trkpt>
<trkpt lon="13.03656524" lat="47.53640950"><ele>1927.64</ele></trkpt>
</trkseg><trkseg>
<trkpt lon="13.03656524" lat="47.53640950"><ele>1927.64</ele></trkpt>
<trkpt lon="13.03655416" lat="47.53638943"><ele>1927.16</ele></trkpt>
</trkseg><trkseg>
<trkpt lon="13.03655416" lat="47.53638943"><ele>1927.16</ele></trkpt>
<trkpt lon="13.03657143" lat="47.53638963"><ele>1920.29</ele></trkpt>
<trkpt lon="13.03654510" lat="47.53638657"><ele>1918.96</ele></trkpt>
<trkpt lon="13.03656371" lat="47.53638644"><ele>1916.06</ele></trkpt>
<trkpt lon="13.03654654" lat="47.53637310"><ele>1909.83</ele></trkpt>
<trkpt lon="13.03659389" lat="47.53635744"><ele>1909.52</ele></trkpt>
<trkpt lon="13.03665079" lat="47.53632476"><ele>1910.84</ele></trkpt>
</trkseg><trkseg>
<trkpt lon="13.03665079" lat="47.53632476"><ele>1910.84</ele></trkpt>
<trkpt lon="13.03667489" lat="47.53633409"><ele>1910.97</ele></trkpt>
</trkseg><trkseg>
<trkpt lon="13.03667489" lat="47.53633409"><ele>1910.97</ele></trkpt>
<trkpt lon="13.03669225" lat="47.53633879"><ele>1911.03</ele></trkpt>
</trkseg><trkseg>
<trkpt lon="13.03669225" lat="47.53633879"><ele>1911.03</ele></trkpt>
<trkpt lon="13.03671383" lat="47.53633736"><ele>1902.62</ele></trkpt>
</trkseg><trkseg>
<trkpt lon="13.03671383" lat="47.53633736"><ele>1902.62</ele></trkpt>
<trkpt lon="13.03672528" lat="47.53632271"><ele>1901.05</ele></trkpt>
</trkseg><trkseg>
<trkpt lon="13.03672528" lat="47.53632271"><ele>1901.05</ele></trkpt>
<trkpt lon="13.03674496" lat="47.53630100"><ele>1900.60</ele></trkpt>
</trkseg><trkseg>
<trkpt lon="13.03674496" lat="47.53630100"><ele>1900.60</ele></trkpt>
<trkpt lon="13.03674659" lat="47.53632119"><ele>1890.03</ele></trkpt>
</trkseg><trkseg>
<trkpt lon="13.03674659" lat="47.53632119"><ele>1890.03</ele></trkpt>
<trkpt lon="13.03676470" lat="47.53628109"><ele>1873.67</ele></trkpt>
</trkseg><trkseg>
<trkpt lon="13.03676470" lat="47.53628109"><ele>1873.67</ele></trkpt>
<trkpt lon="13.03681973" lat="47.53626269"><ele>1873.00</ele></trkpt>
</trkseg><trkseg>
<trkpt lon="13.03681973" lat="47.53626269"><ele>1873.00</ele></trkpt>
<trkpt lon="13.03685205" lat="47.53625118"><ele>1872.85</ele></trkpt>
</trkseg><trkseg>
<trkpt lon="13.03685205" lat="47.53625118"><ele>1872.85</ele></trkpt>
<trkpt lon="13.03686341" lat="47.53625309"><ele>1870.47</ele></trkpt>
</trkseg><trkseg>
<trkpt lon="13.03686341" lat="47.53625309"><ele>1870.47</ele></trkpt>
<trkpt lon="13.03687542" lat="47.53625896"><ele>1862.65</ele></trkpt>
</trkseg><trkseg>
<trkpt lon="13.03687542" lat="47.53625896"><ele>1862.65</ele></trkpt>
<trkpt lon="13.03686490" lat="47.53627003"><ele>1855.09</ele></trkpt>
</trkseg><trkseg>
<trkpt lon="13.03686490" lat="47.53627003"><ele>1855.09</ele></trkpt>
<trkpt lon="13.03690780" lat="47.53629200"><ele>1853.34</ele></trkpt>
</trkseg><trkseg>
<trkpt lon="13.03690780" lat="47.53629200"><ele>1853.34</ele></trkpt>
<trkpt lon="13.03692575" lat="47.53629177"><ele>1851.20</ele></trkpt>
</trkseg><trkseg>
<trkpt lon="13.03411166" lat="47.53730500"><ele>2006.00</ele></trkpt>
<trkpt lon="13.03406899" lat="47.53729140"><ele>2002.58</ele></trkpt>
<trkpt lon="13.03406436" lat="47.53729087"><ele>1997.44</ele></trkpt>
<trkpt lon="13.03406106" lat="47.53726877"><ele>1996.12</ele></trkpt>
</trkseg><trkseg>
<trkpt lon="13.03933337" lat="47.52146664"><ele>2081.00</ele></trkpt>
<trkpt lon="13.03932923" lat="47.52147431"><ele>2078.83</ele></trkpt>
<trkpt lon="13.03931913" lat="47.52146730"><ele>2076.37</ele></trkpt>
</trkseg><trkseg>
<trkpt lon="13.03931913" lat="47.52146730"><ele>2076.37</ele></trkpt>
<trkpt lon="13.03919803" lat="47.52150158"><ele>2070.34</ele></trkpt>
</trkseg><trkseg>
<trkpt lon="13.03919803" lat="47.52150158"><ele>2070.34</ele></trkpt>
<trkpt lon="13.03918645" lat="47.52153072"><ele>2068.85</ele></trkpt>
</trkseg><trkseg>
<trkpt lon="13.03918645" lat="47.52153072"><ele>2068.85</ele></trkpt>
<trkpt lon="13.03916258" lat="47.52155119"><ele>2067.24</ele></trkpt>
</trkseg><trkseg>
<trkpt lon="13.03916258" lat="47.52155119"><ele>2067.24</ele></trkpt>
<trkpt lon="13.03917207" lat="47.52157456"><ele>2065.39</ele></trkpt>
</trkseg><trkseg>
<trkpt lon="13.03917207" lat="47.52157456"><ele>2065.39</ele></trkpt>
<trkpt lon="13.03915383" lat="47.52157551"><ele>2065.19</ele></trkpt>
</trkseg><trkseg>
<trkpt lon="13.03915383" lat="47.52157551"><ele>2065.19</ele></trkpt>
<trkpt lon="13.03913357" lat="47.52160594"><ele>2065.63</ele></trkpt>
</trkseg><trkseg>
<trkpt lon="13.03916258" lat="47.52155119"><ele>2067.24</ele></trkpt>
<trkpt lon="13.03911266" lat="47.52152550"><ele>2066.36</ele></trkpt>
<trkpt lon="13.03912503" lat="47.52151068"><ele>2066.83</ele></trkpt>
<trkpt lon="13.03911306" lat="47.52150760"><ele>2067.16</ele></trkpt>
</trkseg><trkseg>
<trkpt lon="13.03911306" lat="47.52150760"><ele>2067.16</ele></trkpt>
<trkpt lon="13.03911470" lat="47.52150286"><ele>2066.40</ele></trkpt>
</trkseg><trkseg>
<trkpt lon="13.03911470" lat="47.52150286"><ele>2066.40</ele></trkpt>
<trkpt lon="13.03909688" lat="47.52148896"><ele>2066.66</ele></trkpt>
<trkpt lon="13.03909893" lat="47.52148045"><ele>2067.40</ele></trkpt>
<trkpt lon="13.03911049" lat="47.52147309"><ele>2066.82</ele></trkpt>
</trkseg><trkseg>
<trkpt lon="13.03911049" lat="47.52147309"><ele>2066.82</ele></trkpt>
<trkpt lon="13.03910350" lat="47.52146478"><ele>2061.70</ele></trkpt>
</trkseg><trkseg>
<trkpt lon="13.03910350" lat="47.52146478"><ele>2061.70</ele></trkpt>
<trkpt lon="13.03909592" lat="47.52149354"><ele>2056.92</ele></trkpt>
</trkseg><trkseg>
<trkpt lon="13.03909592" lat="47.52149354"><ele>2056.92</ele></trkpt>
<trkpt lon="13.03908697" lat="47.52152326"><ele>2050.17</ele></trkpt>
</trkseg><trkseg>
<trkpt lon="13.03908697" lat="47.52152326"><ele>2050.17</ele></trkpt>
<trkpt lon="13.03906613" lat="47.52155503"><ele>2044.12</ele></trkpt>
</trkseg><trkseg>
<trkpt lon="13.03906613" lat="47.52155503"><ele>2044.12</ele></trkpt>
<trkpt lon="13.03907500" lat="47.52156651"><ele>2041.63</ele></trkpt>
</trkseg><trkseg>
<trkpt lon="13.03907500" lat="47.52156651"><ele>2041.63</ele></trkpt>
<trkpt lon="13.03906163" lat="47.52157232"><ele>2040.88</ele></trkpt>
</trkseg><trkseg>
<trkpt lon="13.03906163" lat="47.52157232"><ele>2040.88</ele></trkpt>
<trkpt lon="13.03904434" lat="47.52156923"><ele>2038.55</ele></trkpt>
<trkpt lon="13.03902558" lat="47.52158421"><ele>2038.78</ele></trkpt>
</trkseg><trkseg>
<trkpt lon="13.03902558" lat="47.52158421"><ele>2038.78</ele></trkpt>
<trkpt lon="13.03902594" lat="47.52158898"><ele>2037.77</ele></trkpt>
<trkpt lon="13.03900933" lat="47.52159968"><ele>2038.11</ele></trkpt>
<trkpt lon="13.03900497" lat="47.52160257"><ele>2036.05</ele></trkpt>
</trkseg><trkseg>
<trkpt lon="13.03900497" lat="47.52160257"><ele>2036.05</ele></trkpt>
<trkpt lon="13.03899076" lat="47.52160971"><ele>2036.29</ele></trkpt>
<trkpt lon="13.03897766" lat="47.52161533"><ele>2035.26</ele></trkpt>
</trkseg><trkseg>
<trkpt lon="13.05922598" lat="47.52822296"><ele>2011.70</ele></trkpt>
<trkpt lon="13.05919300" lat="47.52825975"><ele>2011.55</ele></trkpt>
<trkpt lon="13.05914339" lat="47.52826494"><ele>2011.50</ele></trkpt>
<trkpt lon="13.05907947" lat="47.52828671"><ele>2011.40</ele></trkpt>
<trkpt lon="13.05905839" lat="47.52828555"><ele>2011.16</ele></trkpt>
<trkpt lon="13.05904362" lat="47.52829348"><ele>2010.01</ele></trkpt>
<trkpt lon="13.05905909" lat="47.52828466"><ele>2006.30</ele></trkpt>
<trkpt lon="13.05904169" lat="47.52829903"><ele>2006.69</ele></trkpt>
</trkseg><trkseg>
<trkpt lon="13.05905909" lat="47.52828466"><ele>2006.30</ele></trkpt>
<trkpt lon="13.05908842" lat="47.52828551"><ele>2006.05</ele></trkpt>
<trkpt lon="13.05908229" lat="47.52827893"><ele>1997.77</ele></trkpt>
</trkseg><trkseg>
<trkpt lon="13.05821664" lat="47.53288332"><ele>1990.00</ele></trkpt>
<trkpt lon="13.05822200" lat="47.53285695"><ele>1983.03</ele></trkpt>
<trkpt lon="13.05823336" lat="47.53285868"><ele>1980.87</ele></trkpt>
<trkpt lon="13.05822490" lat="47.53286105"><ele>1973.08</ele></trkpt>
<trkpt lon="13.05826111" lat="47.53284844"><ele>1969.30</ele></trkpt>
<trkpt lon="13.05826843" lat="47.53282661"><ele>1962.44</ele></trkpt>
<trkpt lon="13.05826211" lat="47.53281777"><ele>1960.77</ele></trkpt>
<trkpt lon="13.05826509" lat="47.53277661"><ele>1943.67</ele></trkpt>
<trkpt lon="13.05822686" lat="47.53280449"><ele>1940.12</ele></trkpt>
<trkpt lon="13.05822686" lat="47.53280449"><ele>1939.62</ele></trkpt>
</trkseg><trkseg>
<trkpt lon="13.04338589" lat="47.52723447"><ele>1408.66</ele></trkpt>
<trkpt lon="13.04339003" lat="47.52724102"><ele>1411.13</ele></trkpt>
</trkseg><trkseg>
<trkpt lon="13.04932478" lat="47.52169495"><ele>2049.06</ele></trkpt>
<trkpt lon="13.04932738" lat="47.52166782"><ele>2054.01</ele></trkpt>
<trkpt lon="13.04943100" lat="47.52164996"><ele>2053.75</ele></trkpt>
<trkpt lon="13.04944216" lat="47.52161038"><ele>2056.40</ele></trkpt>
<trkpt lon="13.04947224" lat="47.52152649"><ele>2064.09</ele></trkpt>
<trkpt lon="13.04954194" lat="47.52150959"><ele>2065.71</ele></trkpt>
<trkpt lon="13.04956239" lat="47.52143093"><ele>2067.69</ele></trkpt>
<trkpt lon="13.04967093" lat="47.52135548"><ele>2073.21</ele></trkpt>
</trkseg><trkseg>
<trkpt lon="13.04442613" lat="47.53091466"><ele>1753.28</ele></trkpt>
<trkpt lon="13.04451830" lat="47.53092271"><ele>1756.88</ele></trkpt>
</trkseg><trkseg>
<trkpt lon="13.04927782" lat="47.52682989"><ele>1733.66</ele></trkpt>
<trkpt lon="13.04926661" lat="47.52685634"><ele>1734.16</ele></trkpt>
</trkseg><trkseg>
<trkpt lon="13.04583090" lat="47.52756790"><ele>1653.66</ele></trkpt>
<trkpt lon="13.04581207" lat="47.52748813"><ele>1652.80</ele></trkpt>
</trkseg><trkseg>
<trkpt lon="13.04557904" lat="47.52707365"><ele>1667.55</ele></trkpt>
<trkpt lon="13.04560218" lat="47.52708007"><ele>1671.20</ele></trkpt>
<trkpt lon="13.04562685" lat="47.52708472"><ele>1671.86</ele></trkpt>
</trkseg><trkseg>
<trkpt lon="13.04874135" lat="47.52844137"><ele>1744.22</ele></trkpt>
<trkpt lon="13.04868229" lat="47.52845773"><ele>1743.55</ele></trkpt>
</trkseg><trkseg>
<trkpt lon="13.04874135" lat="47.52844137"><ele>1744.22</ele></trkpt>
<trkpt lon="13.04868400" lat="47.52845821"><ele>1743.61</ele></trkpt>
</trkseg><trkseg>
<trkpt lon="13.04517720" lat="47.52768022"><ele>1639.73</ele></trkpt>
<trkpt lon="13.04525774" lat="47.52767943"><ele>1639.74</ele></trkpt>
</trkseg><trkseg>
<trkpt lon="13.04917386" lat="47.52692476"><ele>1742.36</ele></trkpt>
<trkpt lon="13.04910735" lat="47.52690906"><ele>1741.76</ele></trkpt>
</trkseg><trkseg>
<trkpt lon="13.04914632" lat="47.52685780"><ele>1731.70</ele></trkpt>
<trkpt lon="13.04917962" lat="47.52686988"><ele>1730.17</ele></trkpt>
</trkseg><trkseg>
<trkpt lon="13.04895205" lat="47.52705219"><ele>1728.91</ele></trkpt>
<trkpt lon="13.04895841" lat="47.52702404"><ele>1729.51</ele></trkpt>
<trkpt lon="13.04896727" lat="47.52700007"><ele>1732.24</ele></trkpt>
</trkseg><trkseg>
<trkpt lon="13.04579720" lat="47.52760602"><ele>1655.78</ele></trkpt>
<trkpt lon="13.04580369" lat="47.52762782"><ele>1656.04</ele></trkpt>
</trkseg><trkseg>
<trkpt lon="13.03676663" lat="47.53555676"><ele>1715.52</ele></trkpt>
<trkpt lon="13.03670884" lat="47.53557070"><ele>1717.92</ele></trkpt>
</trkseg><trkseg>
<trkpt lon="13.04490886" lat="47.52724345"><ele>1600.27</ele></trkpt>
<trkpt lon="13.04492585" lat="47.52725445"><ele>1604.86</ele></trkpt>
<trkpt lon="13.04491432" lat="47.52730743"><ele>1605.40</ele></trkpt>
</trkseg><trkseg>
<trkpt lon="13.04521270" lat="47.52761153"><ele>1542.87</ele></trkpt>
<trkpt lon="13.04525714" lat="47.52761310"><ele>1551.54</ele></trkpt>
</trkseg><trkseg>
<trkpt lon="13.03806305" lat="47.53379520"><ele>1731.61</ele></trkpt>
<trkpt lon="13.03802387" lat="47.53381613"><ele>1731.15</ele></trkpt>
</trkseg><trkseg>
<trkpt lon="13.04360034" lat="47.52736240"><ele>1509.04</ele></trkpt>
<trkpt lon="13.04354858" lat="47.52735018"><ele>1507.88</ele></trkpt>
</trkseg><trkseg>
<trkpt lon="13.04354858" lat="47.52735018"><ele>1507.88</ele></trkpt>
<trkpt lon="13.04347876" lat="47.52734863"><ele>1505.47</ele></trkpt>
</trkseg><trkseg>
<trkpt lon="13.04932898" lat="47.52670055"><ele>1750.34</ele></trkpt>
<trkpt lon="13.04939186" lat="47.52672826"><ele>1748.94</ele></trkpt>
</trkseg><trkseg>
<trkpt lon="13.04931060" lat="47.52676638"><ele>1739.77</ele></trkpt>
<trkpt lon="13.04929693" lat="47.52677677"><ele>1738.25</ele></trkpt>
</trkseg><trkseg>
<trkpt lon="13.04471126" lat="47.52776630"><ele>1509.81</ele></trkpt>
<trkpt lon="13.04471305" lat="47.52773952"><ele>1509.67</ele></trkpt>
<trkpt lon="13.04480917" lat="47.52778786"><ele>1509.67</ele></trkpt>
</trkseg><trkseg>
<trkpt lon="13.04324091" lat="47.52738542"><ele>1492.88</ele></trkpt>
<trkpt lon="13.04332954" lat="47.52739215"><ele>1493.02</ele></trkpt>
<trkpt lon="13.04330608" lat="47.52740129"><ele>1497.01</ele></trkpt>
<trkpt lon="13.04324941" lat="47.52740338"><ele>1496.67</ele></trkpt>
</trkseg><trkseg>
<trkpt lon="13.04376055" lat="47.52763770"><ele>1484.40</ele></trkpt>
<trkpt lon="13.04372079" lat="47.52759931"><ele>1482.07</ele></trkpt>
<trkpt lon="13.04363222" lat="47.52755884"><ele>1480.71</ele></trkpt>
</trkseg><trkseg>
<trkpt lon="13.04313959" lat="47.52737334"><ele>1488.86</ele></trkpt>
<trkpt lon="13.04312574" lat="47.52737077"><ele>1489.25</ele></trkpt>
<trkpt lon="13.04310454" lat="47.52738696"><ele>1489.87</ele></trkpt>
</trkseg><trkseg>
<trkpt lon="13.04326993" lat="47.52712307"><ele>1414.08</ele></trkpt>
<trkpt lon="13.04330065" lat="47.52711883"><ele>1414.06</ele></trkpt>
</trkseg><trkseg>
<trkpt lon="13.04368567" lat="47.52744718"><ele>1401.02</ele></trkpt>
<trkpt lon="13.04367397" lat="47.52747227"><ele>1400.85</ele></trkpt>
</trkseg><trkseg>
<trkpt lon="13.04366219" lat="47.52744966"><ele>1400.96</ele></trkpt>
<trkpt lon="13.04368539" lat="47.52744736"><ele>1401.06</ele></trkpt>
</trkseg><trkseg>
<trkpt lon="13.04350602" lat="47.52735872"><ele>1407.12</ele></trkpt>
<trkpt lon="13.04352160" lat="47.52741118"><ele>1406.92</ele></trkpt>
</trkseg><trkseg>
<trkpt lon="13.04572289" lat="47.52795758"><ele>1520.45</ele></trkpt>
<trkpt lon="13.04571121" lat="47.52795009"><ele>1522.23</ele></trkpt>
<trkpt lon="13.04571853" lat="47.52788165"><ele>1521.52</ele></trkpt>
</trkseg><trkseg>
<trkpt lon="13.04209821" lat="47.52687910"><ele>1715.34</ele></trkpt>
<trkpt lon="13.04220150" lat="47.52684541"><ele>1714.17</ele></trkpt>
<trkpt lon="13.04223476" lat="47.52685480"><ele>1713.93</ele></trkpt>
</trkseg><trkseg>
<trkpt lon="13.04498691" lat="47.52781348"><ele>1511.47</ele></trkpt>
<trkpt lon="13.04497510" lat="47.52786313"><ele>1509.28</ele></trkpt>
</trkseg><trkseg>
<trkpt lon="13.04545906" lat="47.52781748"><ele>1514.05</ele></trkpt>
<trkpt lon="13.04546340" lat="47.52779731"><ele>1514.15</ele></trkpt>
<trkpt lon="13.04539261" lat="47.52775723"><ele>1513.84</ele></trkpt>
</trkseg><trkseg>
<trkpt lon="13.04294402" lat="47.52760198"><ele>1477.12</ele></trkpt>
<trkpt lon="13.04301001" lat="47.52760302"><ele>1482.22</ele></trkpt>
</trkseg><trkseg>
<trkpt lon="13.04095283" lat="47.52598174"><ele>1752.97</ele></trkpt>
<trkpt lon="13.04105293" lat="47.52599803"><ele>1753.12</ele></trkpt>
<trkpt lon="13.04105048" lat="47.52606367"><ele>1752.97</ele></trkpt>
</trkseg><trkseg>
<trkpt lon="13.04086859" lat="47.52547936"><ele>1753.78</ele></trkpt>
<trkpt lon="13.04086089" lat="47.52551477"><ele>1754.85</ele></trkpt>
<trkpt lon="13.04084558" lat="47.52551208"><ele>1754.29</ele></trkpt>
<trkpt lon="13.04084068" lat="47.52556509"><ele>1753.99</ele></trkpt>
</trkseg><trkseg>
<trkpt lon="13.04119427" lat="47.52487456"><ele>1749.84</ele></trkpt>
<trkpt lon="13.04120751" lat="47.52494003"><ele>1746.38</ele></trkpt>
</trkseg><trkseg>
<trkpt lon="13.03585874" lat="47.53487641"><ele>1761.30</ele></trkpt>
<trkpt lon="13.03587380" lat="47.53487855"><ele>1761.93</ele></trkpt>
<trkpt lon="13.03593042" lat="47.53491012"><ele>1759.61</ele></trkpt>
</trkseg><trkseg>
<trkpt lon="13.04201939" lat="47.52512451"><ele>1777.06</ele></trkpt>
<trkpt lon="13.04192806" lat="47.52514040"><ele>1777.19</ele></trkpt>
<trkpt lon="13.04187041" lat="47.52509389"><ele>1776.79</ele></trkpt>
<trkpt lon="13.04187039" lat="47.52503729"><ele>1773.29</ele></trkpt>
</trkseg><trkseg>
<trkpt lon="13.03639547" lat="47.53484646"><ele>1745.89</ele></trkpt>
<trkpt lon="13.03638572" lat="47.53487607"><ele>1746.73</ele></trkpt>
<trkpt lon="13.03651952" lat="47.53491535"><ele>1747.49</ele></trkpt>
</trkseg><trkseg>
<trkpt lon="13.03580934" lat="47.53474382"><ele>1755.33</ele></trkpt>
<trkpt lon="13.03581141" lat="47.53481306"><ele>1755.81</ele></trkpt>
<trkpt lon="13.03593205" lat="47.53482403"><ele>1759.82</ele></trkpt>
</trkseg><trkseg>
<trkpt lon="13.04190454" lat="47.52461944"><ele>1781.68</ele></trkpt>
<trkpt lon="13.04191972" lat="47.52466847"><ele>1779.66</ele></trkpt>
</trkseg><trkseg>
<trkpt lon="13.04179044" lat="47.52477245"><ele>1784.38</ele></trkpt>
<trkpt lon="13.04177166" lat="47.52487390"><ele>1783.57</ele></trkpt>
</trkseg><trkseg>
<trkpt lon="13.04183252" lat="47.52449152"><ele>1784.66</ele></trkpt>
<trkpt lon="13.04183922" lat="47.52452933"><ele>1783.86</ele></trkpt>
<trkpt lon="13.04189324" lat="47.52458776"><ele>1782.91</ele></trkpt>
<trkpt lon="13.04189955" lat="47.52462152"><ele>1781.65</ele></trkpt>
<trkpt lon="13.04191472" lat="47.52467073"><ele>1779.59</ele></trkpt>
<trkpt lon="13.04189203" lat="47.52469518"><ele>1779.53</ele></trkpt>
</trkseg><trkseg>
<trkpt lon="13.04198325" lat="47.52451785"><ele>1776.21</ele></trkpt>
<trkpt lon="13.04198242" lat="47.52444738"><ele>1779.43</ele></trkpt>
<trkpt lon="13.04195391" lat="47.52442817"><ele>1780.29</ele></trkpt>
<trkpt lon="13.04194949" lat="47.52440785"><ele>1778.38</ele></trkpt>
</trkseg><trkseg>
<trkpt lon="13.04286203" lat="47.52436800"><ele>1788.51</ele></trkpt>
<trkpt lon="13.04275811" lat="47.52437613"><ele>1786.97</ele></trkpt>
<trkpt lon="13.04269829" lat="47.52437349"><ele>1784.52</ele></trkpt>
</trkseg><trkseg>
<trkpt lon="13.04332920" lat="47.52460858"><ele>1794.64</ele></trkpt>
<trkpt lon="13.04329907" lat="47.52453293"><ele>1793.12</ele></trkpt>
<trkpt lon="13.04322392" lat="47.52449971"><ele>1794.23</ele></trkpt>
</trkseg><trkseg>
<trkpt lon="13.04144211" lat="47.52479052"><ele>1765.99</ele></trkpt>
<trkpt lon="13.04147085" lat="47.52475016"><ele>1763.93</ele></trkpt>
<trkpt lon="13.04131308" lat="47.52473082"><ele>1765.47</ele></trkpt>
</trkseg><trkseg>
<trkpt lon="13.04527898" lat="47.53057844"><ele>1749.71</ele></trkpt>
<trkpt lon="13.04527988" lat="47.53054714"><ele>1750.23</ele></trkpt>
<trkpt lon="13.04526891" lat="47.53053499"><ele>1752.95</ele></trkpt>
</trkseg><trkseg>
<trkpt lon="13.04093848" lat="47.52592129"><ele>1726.44</ele></trkpt>
<trkpt lon="13.04091511" lat="47.52595311"><ele>1742.29</ele></trkpt>
<trkpt lon="13.04087583" lat="47.52596261"><ele>1747.84</ele></trkpt>
<trkpt lon="13.04086700" lat="47.52597847"><ele>1752.06</ele></trkpt>
<trkpt lon="13.04089414" lat="47.52599531"><ele>1752.96</ele></trkpt>
<trkpt lon="13.04092091" lat="47.52597930"><ele>1751.53</ele></trkpt>
<trkpt lon="13.04094378" lat="47.52598239"><ele>1752.68</ele></trkpt>
<trkpt lon="13.04104428" lat="47.52599842"><ele>1752.83</ele></trkpt>
<trkpt lon="13.04104638" lat="47.52606315"><ele>1752.67</ele></trkpt>
</trkseg><trkseg>
<trkpt lon="13.04331820" lat="47.52427231"><ele>1804.65</ele></trkpt>
<trkpt lon="13.04339238" lat="47.52426368"><ele>1805.28</ele></trkpt>
</trkseg><trkseg>
<trkpt lon="13.04135403" lat="47.52601766"><ele>1696.56</ele></trkpt>
<trkpt lon="13.04136446" lat="47.52600164"><ele>1696.78</ele></trkpt>
<trkpt lon="13.04143427" lat="47.52596792"><ele>1694.80</ele></trkpt>
</trkseg><trkseg>
<trkpt lon="13.04131002" lat="47.52610446"><ele>1699.94</ele></trkpt>
<trkpt lon="13.04133892" lat="47.52608471"><ele>1699.50</ele></trkpt>
</trkseg><trkseg>
<trkpt lon="13.04159962" lat="47.52582659"><ele>1691.27</ele></trkpt>
<trkpt lon="13.04158155" lat="47.52585139"><ele>1689.97</ele></trkpt>
<trkpt lon="13.04153428" lat="47.52587586"><ele>1692.19</ele></trkpt>
</trkseg><trkseg>
<trkpt lon="13.04360486" lat="47.52423374"><ele>1825.95</ele></trkpt>
<trkpt lon="13.04353583" lat="47.52422158"><ele>1821.16</ele></trkpt>
</trkseg><trkseg>
<trkpt lon="13.04255309" lat="47.52592629"><ele>1548.31</ele></trkpt>
<trkpt lon="13.04254516" lat="47.52588593"><ele>1554.91</ele></trkpt>
<trkpt lon="13.04252981" lat="47.52587010"><ele>1556.85</ele></trkpt>
<trkpt lon="13.04257361" lat="47.52583189"><ele>1560.59</ele></trkpt>
</trkseg><trkseg>
<trkpt lon="13.04336412" lat="47.53151535"><ele>1764.64</ele></trkpt>
<trkpt lon="13.04334449" lat="47.53146454"><ele>1766.44</ele></trkpt>
<trkpt lon="13.04344692" lat="47.53150048"><ele>1763.55</ele></trkpt>
</trkseg><trkseg>
<trkpt lon="13.04463661" lat="47.53091762"><ele>1758.64</ele></trkpt>
<trkpt lon="13.04451897" lat="47.53091903"><ele>1756.92</ele></trkpt>
<trkpt lon="13.04442573" lat="47.53091474"><ele>1753.38</ele></trkpt>
<trkpt lon="13.04437453" lat="47.53096606"><ele>1753.18</ele></trkpt>
</trkseg><trkseg>
<trkpt lon="13.04354735" lat="47.53137586"><ele>1760.11</ele></trkpt>
<trkpt lon="13.04353758" lat="47.53139909"><ele>1757.69</ele></trkpt>
</trkseg><trkseg>
<trkpt lon="13.04354735" lat="47.53137586"><ele>1760.11</ele></trkpt>
<trkpt lon="13.04349405" lat="47.53131934"><ele>1762.83</ele></trkpt>
</trkseg><trkseg>
<trkpt lon="13.04354735" lat="47.53137586"><ele>1760.11</ele></trkpt>
<trkpt lon="13.04360722" lat="47.53133800"><ele>1763.79</ele></trkpt>
</trkseg><trkseg>
<trkpt lon="13.04204422" lat="47.53193338"><ele>1759.44</ele></trkpt>
<trkpt lon="13.04200237" lat="47.53192637"><ele>1759.10</ele></trkpt>
<trkpt lon="13.04208349" lat="47.53186737"><ele>1759.16</ele></trkpt>
</trkseg><trkseg>
<trkpt lon="13.04154793" lat="47.53222338"><ele>1756.98</ele></trkpt>
<trkpt lon="13.04149285" lat="47.53227526"><ele>1754.00</ele></trkpt>
</trkseg><trkseg>
<trkpt lon="13.04139093" lat="47.53229691"><ele>1749.66</ele></trkpt>
<trkpt lon="13.04141624" lat="47.53227746"><ele>1750.66</ele></trkpt>
</trkseg><trkseg>
<trkpt lon="13.04139093" lat="47.53229691"><ele>1749.66</ele></trkpt>
<trkpt lon="13.04131281" lat="47.53230755"><ele>1749.65</ele></trkpt>
</trkseg><trkseg>
<trkpt lon="13.04600723" lat="47.53029175"><ele>1749.28</ele></trkpt>
<trkpt lon="13.04604825" lat="47.53031405"><ele>1748.08</ele></trkpt>
<trkpt lon="13.04613310" lat="47.53032251"><ele>1747.50</ele></trkpt>
<trkpt lon="13.04617981" lat="47.53036686"><ele>1747.24</ele></trkpt>
<trkpt lon="13.04626779" lat="47.53034487"><ele>1746.68</ele></trkpt>
</trkseg><trkseg>
<trkpt lon="13.04564471" lat="47.53041155"><ele>1755.94</ele></trkpt>
<trkpt lon="13.04568642" lat="47.53035836"><ele>1757.05</ele></trkpt>
</trkseg><trkseg>
<trkpt lon="13.04148802" lat="47.53228363"><ele>1749.95</ele></trkpt>
<trkpt lon="13.04141682" lat="47.53227963"><ele>1750.76</ele></trkpt>
<trkpt lon="13.04139217" lat="47.53229927"><ele>1749.87</ele></trkpt>
<trkpt lon="13.04131456" lat="47.53231055"><ele>1749.84</ele></trkpt>
</trkseg><trkseg>
<trkpt lon="13.04154793" lat="47.53222338"><ele>1756.98</ele></trkpt>
<trkpt lon="13.04162651" lat="47.53220061"><ele>1761.27</ele></trkpt>
</trkseg><trkseg>
<trkpt lon="13.04315927" lat="47.52701941"><ele>1409.53</ele></trkpt>
<trkpt lon="13.04315416" lat="47.52704236"><ele>1407.86</ele></trkpt>
<trkpt lon="13.04307932" lat="47.52703290"><ele>1405.88</ele></trkpt>
<trkpt lon="13.04306184" lat="47.52700290"><ele>1405.34</ele></trkpt>
<trkpt lon="13.04302850" lat="47.52700638"><ele>1405.48</ele></trkpt>
</trkseg><trkseg>
<trkpt lon="13.04521736" lat="47.53063147"><ele>1757.87</ele></trkpt>
<trkpt lon="13.04515564" lat="47.53059749"><ele>1758.88</ele></trkpt>
<trkpt lon="13.04502934" lat="47.53064995"><ele>1758.98</ele></trkpt>
</trkseg><trkseg>
<trkpt lon="13.04333954" lat="47.53146553"><ele>1766.48</ele></trkpt>
<trkpt lon="13.04344531" lat="47.53149730"><ele>1763.66</ele></trkpt>
<trkpt lon="13.04351321" lat="47.53149009"><ele>1768.39</ele></trkpt>
</trkseg><trkseg>
<trkpt lon="13.04092442" lat="47.53249725"><ele>1759.18</ele></trkpt>
<trkpt lon="13.04100155" lat="47.53243477"><ele>1759.34</ele></trkpt>
<trkpt lon="13.04103569" lat="47.53243140"><ele>1756.27</ele></trkpt>
</trkseg><trkseg>
<trkpt lon="13.03942024" lat="47.53320608"><ele>1754.66</ele></trkpt>
<trkpt lon="13.03941078" lat="47.53318171"><ele>1755.01</ele></trkpt>
</trkseg><trkseg>
<trkpt lon="13.04211892" lat="47.52582673"><ele>1612.49</ele></trkpt>
<trkpt lon="13.04213134" lat="47.52583576"><ele>1615.36</ele></trkpt>
<trkpt lon="13.04207761" lat="47.52587651"><ele>1624.91</ele></trkpt>
<trkpt lon="13.04200714" lat="47.52586027"><ele>1624.65</ele></trkpt>
</trkseg><trkseg>
<trkpt lon="13.04388312" lat="47.52383860"><ele>1824.90</ele></trkpt>
<trkpt lon="13.04386841" lat="47.52388415"><ele>1825.92</ele></trkpt>
<trkpt lon="13.04389595" lat="47.52390423"><ele>1825.87</ele></trkpt>
</trkseg><trkseg>
<trkpt lon="13.04945956" lat="47.52663286"><ele>1741.76</ele></trkpt>
<trkpt lon="13.04944944" lat="47.52662990"><ele>1748.17</ele></trkpt>
<trkpt lon="13.04941535" lat="47.52664632"><ele>1746.68</ele></trkpt>
<trkpt lon="13.04938721" lat="47.52664926"><ele>1748.76</ele></trkpt>
</trkseg><trkseg>
<trkpt lon="13.04929829" lat="47.52677580"><ele>1738.34</ele></trkpt>
<trkpt lon="13.04931195" lat="47.52676577"><ele>1739.85</ele></trkpt>
<trkpt lon="13.04934013" lat="47.52677615"><ele>1740.42</ele></trkpt>
<trkpt lon="13.04934910" lat="47.52676704"><ele>1738.17</ele></trkpt>
</trkseg><trkseg>
<trkpt lon="13.05027538" lat="47.53324516"><ele>1750.51</ele></trkpt>
<trkpt lon="13.05026283" lat="47.53326834"><ele>1749.67</ele></trkpt>
<trkpt lon="13.05021745" lat="47.53326676"><ele>1749.30</ele></trkpt>
</trkseg><trkseg>
<trkpt lon="13.03878238" lat="47.53314424"><ele>1760.04</ele></trkpt>
<trkpt lon="13.03885458" lat="47.53305729"><ele>1762.58</ele></trkpt>
<trkpt lon="13.03891141" lat="47.53301930"><ele>1762.16</ele></trkpt>
</trkseg><trkseg>
<trkpt lon="13.03877425" lat="47.53269256"><ele>1710.40</ele></trkpt>
<trkpt lon="13.03877864" lat="47.53271018"><ele>1711.41</ele></trkpt>
<trkpt lon="13.03879156" lat="47.53271994"><ele>1711.78</ele></trkpt>
</trkseg><trkseg>
<trkpt lon="13.03877425" lat="47.53269256"><ele>1710.40</ele></trkpt>
<trkpt lon="13.03872945" lat="47.53270394"><ele>1712.24</ele></trkpt>
</trkseg><trkseg>
<trkpt lon="13.03729790" lat="47.53473008"><ele>1747.66</ele></trkpt>
<trkpt lon="13.03727884" lat="47.53469601"><ele>1750.67</ele></trkpt>
<trkpt lon="13.03730155" lat="47.53469271"><ele>1751.29</ele></trkpt>
<trkpt lon="13.03728986" lat="47.53472113"><ele>1752.07</ele></trkpt>
</trkseg><trkseg>
<trkpt lon="13.03647662" lat="47.53492919"><ele>1747.45</ele></trkpt>
<trkpt lon="13.03651609" lat="47.53491484"><ele>1747.51</ele></trkpt>
<trkpt lon="13.03638314" lat="47.53487423"><ele>1746.84</ele></trkpt>
<trkpt lon="13.03639323" lat="47.53484579"><ele>1746.09</ele></trkpt>
</trkseg><trkseg>
<trkpt lon="13.03669280" lat="47.53538479"><ele>1724.78</ele></trkpt>
<trkpt lon="13.03671813" lat="47.53540394"><ele>1723.27</ele></trkpt>
</trkseg><trkseg>
<trkpt lon="13.03646395" lat="47.53541786"><ele>1731.17</ele></trkpt>
<trkpt lon="13.03646925" lat="47.53541111"><ele>1732.77</ele></trkpt>
<trkpt lon="13.03646975" lat="47.53538709"><ele>1732.92</ele></trkpt>
</trkseg><trkseg>
<trkpt lon="13.04066536" lat="47.52564254"><ele>1753.73</ele></trkpt>
<trkpt lon="13.04060185" lat="47.52567114"><ele>1753.63</ele></trkpt>
<trkpt lon="13.04063122" lat="47.52570674"><ele>1753.46</ele></trkpt>
</trkseg><trkseg>
<trkpt lon="13.03932613" lat="47.53262623"><ele>1652.90</ele></trkpt>
<trkpt lon="13.03928517" lat="47.53260943"><ele>1653.20</ele></trkpt>
<trkpt lon="13.03925233" lat="47.53261363"><ele>1654.72</ele></trkpt>
<trkpt lon="13.03924366" lat="47.53264660"><ele>1657.59</ele></trkpt>
</trkseg><trkseg>
<trkpt lon="13.04045691" lat="47.52552163"><ele>1748.06</ele></trkpt>
<trkpt lon="13.04043575" lat="47.52551884"><ele>1747.49</ele></trkpt>
<trkpt lon="13.04038936" lat="47.52554099"><ele>1760.26</ele></trkpt>
</trkseg><trkseg>
<trkpt lon="13.03631878" lat="47.53555862"><ele>1741.93</ele></trkpt>
<trkpt lon="13.03632670" lat="47.53551728"><ele>1740.04</ele></trkpt>
</trkseg><trkseg>
<trkpt lon="13.04756782" lat="47.53064606"><ele>1944.75</ele></trkpt>
<trkpt lon="13.04756897" lat="47.53066525"><ele>1949.76</ele></trkpt>
<trkpt lon="13.04756315" lat="47.53068953"><ele>1950.71</ele></trkpt>
</trkseg><trkseg>
<trkpt lon="13.04757943" lat="47.53083792"><ele>1871.81</ele></trkpt>
<trkpt lon="13.04759077" lat="47.53081508"><ele>1875.52</ele></trkpt>
<trkpt lon="13.04761046" lat="47.53081443"><ele>1876.39</ele></trkpt>
<trkpt lon="13.04760989" lat="47.53080839"><ele>1876.95</ele></trkpt>
</trkseg><trkseg>
<trkpt lon="13.05302885" lat="47.52902438"><ele>1822.14</ele></trkpt>
<trkpt lon="13.05306640" lat="47.52902583"><ele>1828.43</ele></trkpt>
</trkseg><trkseg>
<trkpt lon="13.05320391" lat="47.52899685"><ele>1766.26</ele></trkpt>
<trkpt lon="13.05317875" lat="47.52899831"><ele>1767.31</ele></trkpt>
</trkseg><trkseg>
<trkpt lon="13.05466118" lat="47.52719888"><ele>2005.46</ele></trkpt>
<trkpt lon="13.05466855" lat="47.52719720"><ele>2006.63</ele></trkpt>
<trkpt lon="13.05469944" lat="47.52718819"><ele>2011.71</ele></trkpt>
<trkpt lon="13.05470956" lat="47.52719493"><ele>2012.37</ele></trkpt>
<trkpt lon="13.05471622" lat="47.52721232"><ele>2012.95</ele></trkpt>
</trkseg><trkseg>
<trkpt lon="13.04175566" lat="47.52797258"><ele>2062.80</ele></trkpt>
<trkpt lon="13.04178000" lat="47.52799675"><ele>2062.57</ele></trkpt>
<trkpt lon="13.04181263" lat="47.52805508"><ele>2056.55</ele></trkpt>
</trkseg><trkseg>
<trkpt lon="13.04175566" lat="47.52797258"><ele>2062.80</ele></trkpt>
<trkpt lon="13.04173069" lat="47.52789009"><ele>2064.03</ele></trkpt>
<trkpt lon="13.04174748" lat="47.52779976"><ele>2065.30</ele></trkpt>
</trkseg><trkseg>
<trkpt lon="13.04182741" lat="47.52767605"><ele>2063.66</ele></trkpt>
<trkpt lon="13.04181562" lat="47.52775377"><ele>2065.42</ele></trkpt>
<trkpt lon="13.04173765" lat="47.52779968"><ele>2065.37</ele></trkpt>
</trkseg><trkseg>
<trkpt lon="13.04231562" lat="47.52843008"><ele>2007.30</ele></trkpt>
<trkpt lon="13.04233266" lat="47.52844702"><ele>2008.10</ele></trkpt>
<trkpt lon="13.04236088" lat="47.52844894"><ele>2006.46</ele></trkpt>
</trkseg><trkseg>
<trkpt lon="13.04216734" lat="47.52850872"><ele>2049.12</ele></trkpt>
<trkpt lon="13.04213696" lat="47.52848273"><ele>2048.63</ele></trkpt>
<trkpt lon="13.04207010" lat="47.52852631"><ele>2047.32</ele></trkpt>
<trkpt lon="13.04203766" lat="47.52840221"><ele>2057.37</ele></trkpt>
</trkseg><trkseg>
<trkpt lon="13.03980990" lat="47.52722989"><ele>2083.38</ele></trkpt>
<trkpt lon="13.03989254" lat="47.52722258"><ele>2078.14</ele></trkpt>
<trkpt lon="13.03998123" lat="47.52718846"><ele>2071.79</ele></trkpt>
</trkseg><trkseg>
<trkpt lon="13.04179394" lat="47.52802920"><ele>2056.77</ele></trkpt>
<trkpt lon="13.04186871" lat="47.52805829"><ele>2056.01</ele></trkpt>
<trkpt lon="13.04186875" lat="47.52809311"><ele>2056.50</ele></trkpt>
<trkpt lon="13.04185742" lat="47.52815096"><ele>2054.85</ele></trkpt>
<trkpt lon="13.04186835" lat="47.52818939"><ele>2055.31</ele></trkpt>
</trkseg><trkseg>
<trkpt lon="13.03986367" lat="47.52709539"><ele>1956.59</ele></trkpt>
<trkpt lon="13.03986706" lat="47.52712208"><ele>1961.52</ele></trkpt>
</trkseg><trkseg>
<trkpt lon="13.04703192" lat="47.51832911"><ele>2057.89</ele></trkpt>
<trkpt lon="13.04699407" lat="47.51836833"><ele>2058.65</ele></trkpt>
</trkseg><trkseg>
<trkpt lon="13.04738361" lat="47.51803708"><ele>2064.04</ele></trkpt>
<trkpt lon="13.04742760" lat="47.51802208"><ele>2065.63</ele></trkpt>
<trkpt lon="13.04753444" lat="47.51799582"><ele>2067.00</ele></trkpt>
<trkpt lon="13.04755429" lat="47.51799076"><ele>2064.31</ele></trkpt>
</trkseg><trkseg>
<trkpt lon="13.04703192" lat="47.51832911"><ele>2057.89</ele></trkpt>
<trkpt lon="13.04709003" lat="47.51827755"><ele>2053.45</ele></trkpt>
</trkseg></trk>
</gpx>
