TRIP
DATE 2025-08-19
DECLINATION 0.0
DATA
0		282.43	-24.25	7.580	>
0		282.55	-24.30	7.587	>
0		282.49	-24.32	7.575	>
0		205.14	-4.30	7.511	>
0		191.02	-5.69	3.830	>
0		172.90	-6.01	3.914	>
0		156.77	-7.96	4.065	>
0		144.65	-8.92	4.132	>
0		133.96	-7.65	4.868	>
0		128.36	-2.37	4.559	>
0		110.78	2.19	5.572	>
0		101.48	4.98	5.872	>
0		231.87	2.04	6.252	>
0		252.22	-2.57	5.581	>
0		169.50	1.55	3.955	>
0		170.07	1.27	3.951	>
0		169.99	1.32	3.940	>
0	1	282.49	-24.29	7.581	>
1		340.26	-16.96	4.897	>
1		340.10	-16.69	4.886	>
1		340.07	-16.67	4.882	>
1	2	340.14	-16.78	4.888	>
2		338.52	-12.43	2.114	>
2		338.61	-12.41	2.115	>
2		338.58	-12.43	2.115	>
2	3	338.57	-12.42	2.115	>
3		107.59	0.19	1.250	>
3		73.06	78.35	0.930	>
3		138.20	-78.44	1.639	>
3		59.13	-27.31	3.088	>
3		13.73	-42.67	2.346	>
3		60.40	-47.22	4.825	>
3		60.38	-47.28	4.840	>
3		60.36	-47.24	4.823	>
3	4	60.38	-47.25	4.829	>
4		226.42	-1.03	2.057	>
4		245.32	-0.44	3.331	>
4		270.09	-0.10	2.759	>
4		303.02	-17.30	2.805	>
4		321.76	-18.42	2.369	>
4		357.13	-6.34	0.948	>
4		273.22	50.76	4.431	>
4		303.23	31.18	4.336	>
4		307.27	11.68	5.694	>
4		108.00	-79.85	0.638	>
4		304.37	-22.86	8.870	>
4		304.38	-22.73	8.878	>
4		304.40	-22.75	8.876	>
4	5	304.38	-22.78	8.875	>
5		174.43	0.23	1.078	>
5		52.22	0.24	1.693	>
5		77.13	1.29	4.339	>
5		97.76	-0.16	3.764	>
5		112.96	0.63	4.479	>
5		131.24	0.79	5.487	>
5		152.62	0.85	3.888	>
5		103.50	-53.90	3.665	>
5		327.84	-85.46	1.611	>
5		330.07	88.73	2.987	>
5		229.60	45.92	3.003	>
5		231.70	35.97	7.013	>
5		234.39	34.00	9.583	>
5		234.83	32.99	11.026	>
5		234.94	33.07	8.951	>
5		234.88	33.10	8.907	>
5		234.86	33.10	8.889	>
5	6	234.90	33.09	8.916	>
6		234.81	33.06	8.938	>
6		347.94	4.97	0.983	>
6		335.85	60.02	0.615	>
6		335.28	-87.60	0.946	>
6		319.23	-11.26	0.759	>
6		310.52	-8.45	4.066	>
6		294.95	-11.64	2.213	>
6		277.96	11.93	1.950	>
6		250.38	32.79	5.116	>
6		250.32	32.80	5.114	>
6		250.31	32.77	5.121	>
6	7	250.34	32.79	5.117	>
7		99.63	-0.74	1.110	>
7		354.06	2.02	1.007	>
7		76.81	85.72	1.213	>
7		338.86	-86.87	1.030	>
7		191.72	27.93	2.755	>
7		191.73	27.94	2.756	>
7		191.69	27.90	2.754	>
7	8	191.72	27.92	2.755	>
8		287.68	30.10	9.077	>
8		287.59	30.02	9.081	>
8		287.61	30.04	9.063	>
8	9	287.63	30.05	9.074	>
0	0.1	169.85	1.38	3.949	>
0.1		79.55	-9.85	0.574	>
0.1		111.71	-33.01	1.501	>
0.1		111.07	-42.30	4.524	>
0.1		172.45	-43.76	5.036	>
0.1		189.36	-38.81	1.326	>
0.1		137.38	-37.52	9.487	>
0.1		155.62	-43.47	10.706	>
0.1		145.57	-29.26	10.271	>
0.1		148.54	-44.51	16.936	>
0.1		140.12	-44.41	11.633	>
0.1		144.32	-39.25	12.122	>
0.1		144.20	-47.77	9.758	>
0.1		142.62	-52.27	4.139	>
0.1		146.80	-41.73	16.993	>
0.1		146.86	-41.69	16.953	>
0.1		146.90	-41.76	16.947	>
0.1	0.2	146.86	-41.73	16.964	>
0.2		113.64	-38.35	4.978	>
0.2		113.33	-38.27	4.967	>
0.2		113.30	-38.27	4.965	>
0.2	0.3	113.42	-38.29	4.970	>
0.3		326.90	35.91	6.179	>
0.3		296.71	31.72	6.355	>
0.3		279.93	20.06	2.380	>
0.3		247.57	5.66	1.722	>
0.3		344.19	33.67	1.283	>
0.3		272.21	-68.87	1.486	>
0.3		267.78	65.43	2.417	>
0.3		192.38	-39.03	4.566	>
0.3		116.00	-54.37	3.110	>
0.3		27.47	31.01	8.111	>
0.3		351.01	43.53	2.179	>
0.3		7.17	31.50	3.422	>
0.3		11.32	30.27	5.564	>
0.3		20.18	31.24	6.363	>
0.3		152.54	-38.54	6.211	>
0.3		152.51	-38.44	6.200	>
0.3		152.46	-38.34	6.205	>
0.3	0.4	152.50	-38.44	6.205	>
0.4		143.61	5.78	0.714	>
0.4		208.55	2.31	1.747	>
0.4		221.40	-15.45	4.037	>
0.4		244.52	-2.19	4.133	>
0.4		255.32	-3.40	5.484	>
0.4		280.73	-5.18	5.044	>
0.4		302.22	-5.00	2.643	>
0.4		319.70	4.59	3.502	>
0.4		280.05	70.96	1.706	>
0.4		325.16	56.38	4.463	>
0.4		288.45	-62.78	1.998	>
0.4		247.39	-41.45	4.586	>
0.4		63.22	19.64	2.342	>
0.4		44.01	17.55	3.539	>
0.4		1.76	16.61	3.370	>
0.4		14.80	17.67	7.153	>
0.4		19.96	16.33	7.177	>
0.4		27.22	22.51	8.534	>
0.4		27.30	22.48	8.538	>
0.4		27.26	22.53	8.544	>
0.4		232.75	-34.15	4.535	>
0.4		232.82	-34.21	4.535	>
0.4		232.81	-34.19	4.536	>
0.4		310.42	-31.07	3.867	>
0.4		312.62	-31.96	1.640	>
0.4		298.16	-30.26	2.932	>
0.4		297.28	-34.10	3.094	>
0.4		297.54	-34.19	3.097	>
0.4		297.56	-34.05	3.097	>
0.4	0.5	27.26	22.51	8.539	>
0.5		164.78	7.15	1.323	>
0.5		194.50	8.87	2.568	>
0.5		205.35	9.66	4.752	>
0.5		216.81	8.99	3.475	>
0.5		222.41	8.11	3.258	>
0.5		237.28	-0.24	2.685	>
0.5		272.03	-4.50	0.725	>
0.5		147.68	40.16	1.078	>
0.5		158.71	-68.75	1.366	>
0.5		96.02	0.82	5.431	>
0.5		91.43	4.05	1.383	>
0.5		130.33	9.18	1.446	>
0.4	0.4.1	232.79	-34.18	4.535	>
0.4.1		260.04	5.34	1.700	>
0.4.1		290.39	17.96	2.794	>
0.4.1		309.28	22.43	2.902	>
0.4.1		326.59	19.45	3.764	>
0.4.1		350.45	21.24	3.785	>
0.4.1		6.18	16.48	2.739	>
0.4.1		120.04	10.78	0.834	>
0.4.1		75.45	15.86	1.227	>
0.4.1		242.70	67.25	2.435	>
0.4.1		332.67	70.56	3.345	>
0.4.1		307.72	52.29	3.453	>
0.4.1		138.55	-80.57	1.125	>
0.4.1		138.08	-34.66	1.382	>
0.4.1		231.80	-0.75	1.824	>
0.4.1		193.33	6.68	2.068	>
0.4.1		213.24	-6.77	4.798	>
0.4.1		213.17	-6.78	4.798	>
0.4.1		213.67	-6.70	4.794	>
0.4.1	0.4.2	213.36	-6.75	4.797	>
0.4.2		63.63	0.98	1.980	>
0.4.2		18.67	6.08	1.559	>
0.4.2		352.50	-10.03	1.643	>
0.4.2		235.48	-54.63	2.686	>
0.4.2		191.54	-36.06	2.080	>
0.4.2		181.63	-57.52	4.015	>
0.4.2		117.71	-54.60	4.262	>
0.4.2		104.60	-57.54	2.797	>
0.4.2		148.19	-55.39	6.410	>
0.4.2		62.07	57.51	1.510	>
0.4.2		74.96	0.55	1.670	>
0.4.2		111.02	-7.26	1.152	>
0.4.2		141.25	-52.27	4.750	>
0.4.2		141.22	-52.47	4.802	>
0.4.2		141.13	-52.45	4.801	>
0.4.2	0.4.3	141.20	-52.40	4.784	>
0.4.3		230.34	-4.03	0.727	>
0.4.3		235.54	-27.58	1.256	>
0.4.3		56.07	-2.17	0.970	>
0.4.3		347.14	77.31	1.738	>
0.4.3		151.74	-80.24	1.285	>
0.4.3		110.51	-42.58	2.715	>
0.4.3		110.50	-42.60	2.715	>
0.4.3		110.56	-42.56	2.720	>
0.4.3	0.4.4	110.52	-42.58	2.717	>
0.4.4		25.19	12.22	1.273	>
0.4.4		349.32	36.15	1.794	>
0.4.4		91.86	0.16	2.252	>
0.4.4		101.10	-1.65	2.560	>
0.4.4		107.11	-3.48	4.451	>
0.4.4		110.99	-5.78	3.593	>
0.4.4		115.68	-9.64	1.374	>
0.4.4		125.25	-0.19	0.959	>
0.4.4		26.61	-69.59	0.484	>
0.4.4		40.64	75.39	2.075	>
0.4.4		103.91	-2.52	8.740	>
0.4.4		104.07	-1.98	8.811	>
0.4.4		104.12	-1.94	7.629	>
0.4.4		104.25	-1.42	7.567	>
0.4.4		104.27	-1.43	7.563	>
0.4.4	0.4.5	104.21	-1.60	7.586	>
0.4.5		104.20	-1.87	8.660	>
0.4.5		104.17	-1.64	7.563	>
0.4	0.4.0.1	297.46	-34.11	3.096	>
0.4.0.1		53.77	2.37	2.082	>
0.4.0.1		29.42	-0.79	1.724	>
0.4.0.1		355.95	-6.44	2.865	>
0.4.0.1		342.56	-11.04	3.123	>
0.4.0.1		339.02	-12.13	1.115	>
0.4.0.1		68.91	82.84	4.145	>
0.4.0.1		353.96	53.83	2.505	>
0.4.0.1		346.13	26.56	2.730	>
0.4.0.1		336.92	-69.71	1.292	>
0.4.0.1		348.52	-34.82	2.865	>
0.4.0.1		22.94	-0.13	1.960	>
0.4.0.1		22.49	-0.41	1.954	>
0.4.0.1		22.65	-0.36	1.954	>
0.4.0.1	0.4.0.2	22.70	-0.30	1.956	>
0.4.0.2		245.79	-2.24	1.627	>
0.4.0.2		262.06	-5.35	2.601	>
0.4.0.2		260.07	41.46	2.500	>
0.4.0.2		275.04	12.23	3.030	>
0.4.0.2		274.55	-5.97	5.645	>
0.4.0.2		301.45	-15.35	2.546	>
0.4.0.2		290.47	-13.39	3.069	>
0.4.0.2		285.73	-19.90	3.948	>
0.4.0.2		242.07	-52.70	1.917	>
0.4.0.2		283.52	-42.62	3.460	>
0.4.0.2		279.26	-32.76	6.047	>
0.4.0.2		280.65	-25.94	10.055	>
0.4.0.2		280.44	-25.99	10.038	>
0.4.0.2		280.38	-25.98	10.049	>
0.4.0.2	0.4.0.3	280.49	-25.97	10.047	>
0.4.0.3		78.07	29.53	3.783	>
0.4.0.3		87.03	30.83	5.338	>
0.4.0.3		33.32	17.84	1.199	>
0.4.0.3		66.32	30.27	2.798	>
0.4.0.3		113.41	33.55	1.566	>
0.4.0.3		99.48	27.77	3.282	>
0.4.0.3		320.99	63.34	1.777	>
0.4.0.3		19.98	44.85	2.066	>
0.4.0.3		12.38	-65.43	1.954	>
0.4.0.3		317.36	-22.56	2.833	>
0.4.0.3		323.78	-21.11	5.434	>
0.4.0.3		337.08	-23.07	4.046	>
0.4.0.3		349.96	-20.75	1.966	>
0.4.0.3		23.47	-3.42	1.156	>
0.4.0.3		335.08	-14.68	4.255	>
0.4.0.3		335.07	-14.92	4.259	>
0.4.0.3		335.10	-14.80	4.253	>
0.4.0.3	0.4.0.4	335.08	-14.80	4.256	>
0.4.0.4		80.84	7.24	2.780	>
0.4.0.4		47.75	-14.58	4.103	>
0.4.0.4		27.67	-20.47	4.397	>
0.4.0.4		354.22	-21.77	3.722	>
0.4.0.4		309.08	-11.87	1.637	>
0.4.0.4		264.64	-6.81	1.752	>
0.4.0.4		230.04	-0.21	1.500	>
0.4.0.4		280.95	67.06	0.652	>
0.4.0.4		245.12	-68.61	2.152	>
0.4.0.4		6.93	-18.84	3.771	>
0.4.0.4		7.00	-18.62	3.767	>
0.4.0.4		7.09	-18.80	3.778	>
0.4.0.4	0.4.0.5	7.01	-18.75	3.772	>
0.4.0.5		92.99	29.20	3.382	>
0.4.0.5		95.89	3.04	2.160	>
0.4.0.5		54.31	24.53	4.580	>
0.4.0.5		39.01	23.81	4.851	>
0.4.0.5		26.17	10.02	2.491	>
0.4.0.5		79.03	64.12	0.782	>
0.4.0.5		108.08	-81.20	0.774	>
0.4.0.5		14.56	14.05	1.389	>
0.4.0.5		22.87	7.84	2.318	>
0.4.0.5		22.79	8.83	2.317	>
0.4.0.5		22.77	8.82	2.317	>
0.4.0.5	0.4.0.6	22.81	8.50	2.317	>
0.4.0.6		126.35	38.35	4.658	>
0.4.0.6		147.45	15.24	3.092	>
0.4.0.6		95.67	32.69	3.528	>
0.4.0.6		77.31	33.22	3.121	>
0.4.0.6		229.41	2.54	0.938	>
0.4.0.6		245.62	78.47	1.297	>
0.4.0.6		263.91	-56.69	1.334	>
0.4.0.6		286.98	-22.71	4.435	>
0.4.0.6		287.07	-22.71	4.440	>
0.4.0.6		286.95	-22.87	4.434	>
0.4.0.6	0.4.0.7	287.00	-22.77	4.436	>
0.4.0.7		103.33	23.00	3.836	>
0.4.0.7		87.70	21.28	2.623	>
0.4.0.7		63.76	17.01	1.672	>
0.4.0.7		121.34	15.05	1.571	>
0.4.0.7		210.70	25.81	2.325	>
0.4.0.7		251.61	6.27	2.408	>
0.4.0.7		263.28	3.09	2.277	>
0.4.0.7		332.02	0.14	1.651	>
0.4.0.7		4.98	1.41	2.010	>
0.4.0.7		22.55	-1.98	1.533	>
0.4.0.7		274.81	86.51	0.551	>
0.4.0.7		307.48	22.86	1.776	>
0.4.0.7		8.71	-34.30	1.190	>
0.4.0.7		261.55	-7.16	2.178	>
0.4.0.7		261.29	-7.64	2.178	>
0.4.0.7		261.27	-7.64	2.179	>
0.4.0.7	0.4.0.8	261.37	-7.48	2.178	>
0.4.0.8		17.81	-0.81	1.440	>
0.4.0.8		355.53	-4.70	1.516	>
0.4.0.8		351.91	-1.47	1.865	>
0.4.0.8		343.31	-6.47	3.514	>
0.4.0.8		331.99	-3.16	1.627	>
0.4.0.8		335.62	-6.24	2.330	>
0.4.0.8		3.45	64.46	0.920	>
0.4.0.8		330.90	-35.29	0.921	>
0.4.0.8		346.42	-2.77	6.714	>
0.4.0.8		346.39	-2.79	6.724	>
0.4.0.8		346.33	-2.72	6.720	>
0.4.0.8	0.4.0.9	346.38	-2.76	6.719	>
0.4.0.9		224.12	17.50	2.860	>
0.4.0.9		188.22	7.17	3.504	>
0.4.0.9		176.96	13.62	4.833	>
0.4.0.9		166.56	15.00	5.460	>
0.4.0.9		138.86	12.77	2.029	>
0.4.0.9		117.91	13.71	0.945	>
0.4.0.9		174.06	79.39	1.575	>
0.4.0.9		246.79	-47.41	1.654	>
0.4.0.9		128.87	-77.72	0.873	>
0.4.0.9		333.39	-50.87	1.344	>
0.4.0.9		332.98	-50.99	1.342	>
0.4.0.9		333.17	-50.86	1.347	>
0.4.0.9	0.4.0.10	333.18	-50.91	1.344	>
0.4.0.10		251.13	-0.53	1.373	>
0.4.0.10		3.15	-4.70	0.981	>
0.4.0.10		263.35	0.90	1.344	>
0.4.0.10		287.71	-2.86	1.391	>
0.4.0.10		299.49	-2.34	1.708	>
0.4.0.10		312.51	-4.03	1.969	>
0.4.0.10		298.92	-0.30	5.088	>

PLAN
STATIONS
0.000	0.000	0
-6.746	1.494	1
-8.336	5.896	2
-9.090	7.819	3
-6.241	9.439	4
-12.993	14.059	5
-19.104	9.764	6
-23.155	8.316	7
-23.650	5.933	8
-31.135	8.311	9
0.695	-3.886	0.1
7.618	-14.487	0.2
11.197	-16.037	0.3
13.441	-20.349	0.4
17.054	-13.336	0.5
10.453	-22.617	0.4.1
7.834	-26.596	0.4.2
9.663	-28.871	0.4.3
11.536	-29.572	0.4.4
18.888	-31.434	0.4.5
11.167	-19.167	0.4.0.1
11.922	-17.362	0.4.0.2
3.040	-15.718	0.4.0.3
1.306	-11.987	0.4.0.4
1.742	-8.442	0.4.0.5
2.630	-6.329	0.4.0.6
-1.282	-5.133	0.4.0.7
-3.417	-5.457	0.4.0.8
-4.997	1.066	0.4.0.9
-5.380	1.822	0.4.0.10
SHOTS
0.000	0.000	-3.182	-6.780
0.000	0.000	-0.729	-3.741
0.000	0.000	0.481	-3.863
0.000	0.000	1.588	-3.699
0.000	0.000	2.362	-3.329
0.000	0.000	3.473	-3.349
0.000	0.000	3.572	-2.827
0.000	0.000	5.206	-1.975
0.000	0.000	5.733	-1.164
0.000	0.000	-4.915	-3.858
0.000	0.000	-5.309	-1.703
0.000	0.000	-6.746	1.494
-6.746	1.494	-8.336	5.896
-8.336	5.896	-9.090	7.819
-9.090	7.819	-7.899	7.441
-9.090	7.819	-8.911	7.873
-9.090	7.819	-8.871	7.574
-9.090	7.819	-6.735	9.227
-9.090	7.819	-8.681	9.494
-9.090	7.819	-6.241	9.439
-6.241	9.439	-7.730	8.021
-6.241	9.439	-9.267	8.048
-6.241	9.439	-8.999	9.443
-6.241	9.439	-8.486	10.898
-6.241	9.439	-7.632	11.204
-6.241	9.439	-6.288	10.380
-6.241	9.439	-9.039	9.596
-6.241	9.439	-9.343	11.472
-6.241	9.439	-10.678	12.815
-6.241	9.439	-6.134	9.404
-6.241	9.439	-12.993	14.059
-12.993	14.059	-12.889	12.987
-12.993	14.059	-11.655	15.097
-12.993	14.059	-8.764	15.026
-12.993	14.059	-9.264	13.551
-12.993	14.059	-8.869	12.313
-12.993	14.059	-8.868	10.442
-12.993	14.059	-11.205	10.607
-12.993	14.059	-10.894	13.555
-12.993	14.059	-13.061	14.167
-12.993	14.059	-13.027	14.117
-12.993	14.059	-14.584	12.705
-12.993	14.059	-17.447	10.541
-12.993	14.059	-19.452	9.434
-12.993	14.059	-20.553	8.733
-12.993	14.059	-19.104	9.764
-19.104	9.764	-25.226	5.446
-19.104	9.764	-19.309	10.721
-19.104	9.764	-19.230	10.044
-19.104	9.764	-19.121	9.800
-19.104	9.764	-19.591	10.328
-19.104	9.764	-22.162	12.377
-19.104	9.764	-21.070	10.678
-19.104	9.764	-20.994	10.028
-19.104	9.764	-23.155	8.316
-23.155	8.316	-22.061	8.131
-23.155	8.316	-23.259	9.317
-23.155	8.316	-23.067	8.337
-23.155	8.316	-23.176	8.369
-23.155	8.316	-23.650	5.933
-23.650	5.933	-31.135	8.311
0.000	0.000	0.695	-3.886
0.695	-3.886	1.252	-3.783
0.695	-3.886	1.865	-4.351
0.695	-3.886	3.818	-5.089
0.695	-3.886	1.174	-7.492
0.695	-3.886	0.527	-4.905
0.695	-3.886	5.790	-9.423
0.695	-3.886	3.903	-10.963
0.695	-3.886	5.761	-11.277
0.695	-3.886	6.999	-14.188
0.695	-3.886	6.024	-10.263
0.695	-3.886	6.170	-11.511
0.695	-3.886	4.532	-9.205
0.695	-3.886	2.233	-5.899
0.695	-3.886	7.618	-14.487
7.618	-14.487	11.197	-16.037
11.197	-16.037	8.464	-11.845
11.197	-16.037	6.368	-13.608
11.197	-16.037	8.995	-15.652
11.197	-16.037	9.613	-16.691
11.197	-16.037	10.906	-15.010
11.197	-16.037	10.662	-16.017
11.197	-16.037	10.193	-16.076
11.197	-16.037	10.437	-19.502
11.197	-16.037	12.826	-16.832
11.197	-16.037	14.403	-9.869
11.197	-16.037	10.950	-14.477
11.197	-16.037	11.561	-13.143
11.197	-16.037	12.140	-11.326
11.197	-16.037	13.074	-10.931
11.197	-16.037	13.441	-20.349
13.441	-20.349	13.863	-20.921
13.441	-20.349	12.607	-21.882
13.441	-20.349	10.868	-23.267
13.441	-20.349	9.713	-22.125
13.441	-20.349	8.146	-21.736
13.441	-20.349	8.506	-19.413
13.441	-20.349	11.214	-18.945
13.441	-20.349	11.183	-17.687
13.441	-20.349	12.893	-20.252
13.441	-20.349	12.030	-18.320
13.441	-20.349	12.574	-20.059
13.441	-20.349	10.268	-21.670
13.441	-20.349	15.410	-19.355
13.441	-20.349	15.786	-17.922
13.441	-20.349	13.540	-17.121
13.441	-20.349	15.182	-13.759
13.441	-20.349	15.792	-13.875
13.441	-20.349	10.920	-18.201
13.441	-20.349	12.417	-19.407
13.441	-20.349	11.209	-19.154
13.441	-20.349	17.054	-13.336
17.054	-13.336	17.399	-14.603
17.054	-13.336	16.419	-15.793
17.054	-13.336	15.048	-17.570
17.054	-13.336	14.998	-16.085
17.054	-13.336	14.879	-15.718
17.054	-13.336	14.795	-14.788
17.054	-13.336	16.332	-13.311
17.054	-13.336	17.495	-14.033
17.054	-13.336	17.234	-13.798
17.054	-13.336	22.455	-13.906
17.054	-13.336	18.433	-13.371
17.054	-13.336	18.142	-14.260
13.441	-20.349	10.453	-22.617
10.453	-22.617	8.786	-22.910
10.453	-22.617	7.962	-21.691
10.453	-22.617	8.377	-20.919
10.453	-22.617	8.499	-19.655
10.453	-22.617	9.868	-19.139
10.453	-22.617	10.736	-20.006
10.453	-22.617	11.162	-23.028
10.453	-22.617	11.596	-22.321
10.453	-22.617	9.616	-23.049
10.453	-22.617	9.942	-21.628
10.453	-22.617	8.783	-21.325
10.453	-22.617	10.575	-22.756
10.453	-22.617	11.213	-23.463
10.453	-22.617	9.020	-23.745
10.453	-22.617	9.979	-24.616
10.453	-22.617	7.834	-26.596
7.834	-26.596	9.607	-25.717
7.834	-26.596	8.330	-25.127
7.834	-26.596	7.622	-24.992
7.834	-26.596	6.552	-27.477
7.834	-26.596	7.497	-28.244
7.834	-26.596	7.772	-28.751
7.834	-26.596	10.019	-27.744
7.834	-26.596	9.286	-26.974
7.834	-26.596	9.753	-29.690
7.834	-26.596	8.550	-26.216
7.834	-26.596	9.446	-26.163
7.834	-26.596	8.900	-27.006
7.834	-26.596	9.663	-28.871
9.663	-28.871	9.105	-29.334
9.663	-28.871	8.745	-29.501
9.663	-28.871	10.467	-28.330
9.663	-28.871	9.578	-28.499
9.663	-28.871	9.766	-29.063
9.663	-28.871	11.536	-29.572
11.536	-29.572	12.066	-28.446
11.536	-29.572	11.268	-28.149
11.536	-29.572	13.787	-29.645
11.536	-29.572	14.047	-30.065
11.536	-29.572	15.783	-30.879
11.536	-29.572	14.874	-30.853
11.536	-29.572	12.757	-30.159
11.536	-29.572	12.319	-30.126
11.536	-29.572	11.612	-29.421
11.536	-29.572	11.877	-29.175
11.536	-29.572	20.012	-31.671
11.536	-29.572	20.078	-31.713
11.536	-29.572	18.888	-31.434
18.888	-31.434	27.279	-33.557
18.888	-31.434	26.218	-33.284
13.441	-20.349	11.167	-19.167
11.167	-19.167	12.845	-17.937
11.167	-19.167	12.013	-17.665
11.167	-19.167	10.966	-16.327
11.167	-19.167	10.248	-16.242
11.167	-19.167	10.776	-18.149
11.167	-19.167	11.649	-18.981
11.167	-19.167	11.011	-17.697
11.167	-19.167	10.581	-16.796
11.167	-19.167	10.991	-18.755
11.167	-19.167	10.699	-16.862
11.167	-19.167	11.922	-17.362
11.922	-17.362	10.439	-18.029
11.922	-17.362	9.357	-17.720
11.922	-17.362	10.076	-17.685
11.922	-17.362	8.972	-17.102
11.922	-17.362	6.325	-16.917
11.922	-17.362	9.827	-16.081
11.922	-17.362	9.125	-16.318
11.922	-17.362	8.348	-16.356
11.922	-17.362	10.895	-17.907
11.922	-17.362	9.446	-16.767
11.922	-17.362	6.903	-16.544
11.922	-17.362	3.040	-15.718
3.040	-15.718	6.260	-15.038
3.040	-15.718	7.617	-15.481
3.040	-15.718	3.667	-14.765
3.040	-15.718	5.253	-14.748
3.040	-15.718	4.237	-16.237
3.040	-15.718	5.904	-16.197
3.040	-15.718	2.538	-15.099
3.040	-15.718	3.540	-14.342
3.040	-15.718	3.214	-14.925
3.040	-15.718	1.268	-13.794
3.040	-15.718	0.045	-11.628
3.040	-15.718	1.590	-12.290
3.040	-15.718	2.719	-13.908
3.040	-15.718	3.499	-14.660
3.040	-15.718	1.306	-11.987
1.306	-11.987	4.029	-11.548
1.306	-11.987	4.245	-9.317
1.306	-11.987	3.220	-8.339
1.306	-11.987	0.958	-8.548
1.306	-11.987	0.063	-10.977
1.306	-11.987	-0.426	-12.149
1.306	-11.987	0.157	-12.950
1.306	-11.987	1.057	-11.939
1.306	-11.987	0.594	-12.317
1.306	-11.987	1.742	-8.442
1.742	-8.442	4.690	-8.596
1.742	-8.442	3.888	-8.663
1.742	-8.442	5.126	-6.011
1.742	-8.442	4.535	-4.993
1.742	-8.442	2.824	-6.240
1.742	-8.442	2.077	-8.377
1.742	-8.442	1.855	-8.479
1.742	-8.442	2.081	-7.138
1.742	-8.442	2.630	-6.329
2.630	-6.329	5.573	-8.494
2.630	-6.329	4.235	-8.844
2.630	-6.329	5.585	-6.623
2.630	-6.329	5.178	-5.756
2.630	-6.329	1.919	-6.939
2.630	-6.329	2.394	-6.436
2.630	-6.329	1.902	-6.407
2.630	-6.329	-1.282	-5.133
-1.282	-5.133	2.154	-5.947
-1.282	-5.133	1.161	-5.035
-1.282	-5.133	0.153	-4.426
-1.282	-5.133	0.014	-5.922
-1.282	-5.133	-2.350	-6.933
-1.282	-5.133	-3.553	-5.888
-1.282	-5.133	-3.540	-5.399
-1.282	-5.133	-2.056	-3.675
-1.282	-5.133	-1.107	-3.131
-1.282	-5.133	-0.694	-3.718
-1.282	-5.133	-1.315	-5.130
-1.282	-5.133	-2.580	-4.137
-1.282	-5.133	-1.133	-4.161
-1.282	-5.133	-3.417	-5.457
-3.417	-5.457	-2.976	-4.086
-3.417	-5.457	-3.535	-3.951
-3.417	-5.457	-3.679	-3.611
-3.417	-5.457	-4.420	-2.113
-3.417	-5.457	-4.180	-4.023
-3.417	-5.457	-4.373	-3.347
-3.417	-5.457	-3.393	-5.061
-3.417	-5.457	-3.782	-4.800
-3.417	-5.457	-4.997	1.066
-4.997	1.066	-6.896	-0.893
-4.997	1.066	-5.494	-2.375
-4.997	1.066	-4.748	-3.625
-4.997	1.066	-3.772	-4.064
-4.997	1.066	-3.695	-0.425
-4.997	1.066	-4.186	0.636
-4.997	1.066	-4.967	0.777
-4.997	1.066	-6.026	0.624
-4.997	1.066	-4.853	0.949
-4.997	1.066	-5.380	1.822
-5.380	1.822	-6.679	1.378
-5.380	1.822	-5.326	2.798
-5.380	1.822	-6.714	1.666
-5.380	1.822	-6.703	2.245
-5.380	1.822	-6.865	2.662
-5.380	1.822	-6.828	3.149
-5.380	1.822	-9.833	4.282
POLYLINE BLACK
-9.100	7.883
-8.878	7.956
-8.630	8.085
-8.407	7.952
-8.273	7.871
-8.222	7.705
-8.129	7.591
-8.061	7.506
-7.976	7.437
-7.899	7.360
POLYLINE BLACK
-7.831	7.236
-7.860	7.214
-7.891	7.193
-7.919	7.169
-7.994	7.105
-8.107	6.842
-8.117	6.823
-8.137	6.786
-8.174	6.752
-8.213	6.736
-8.313	6.695
-8.415	6.717
-8.509	6.678
-8.536	6.667
-8.564	6.655
-8.588	6.638
-8.654	6.591
-8.715	6.536
-8.780	6.487
-8.786	6.483
-8.793	6.481
-8.801	6.480
-8.884	6.461
-8.946	6.600
-8.991	6.651
-9.039	6.705
-9.114	6.690
-9.152	6.738
-9.190	6.787
-9.174	6.874
-9.167	6.925
-9.153	7.021
-9.030	7.257
-9.029	7.258
-9.014	7.291
-9.007	7.296
-9.002	7.329
-8.992	7.396
-9.041	7.491
-9.054	7.540
-9.068	7.596
-9.080	7.652
-9.090	7.709
-9.092	7.721
-9.088	7.746
-9.083	7.759
-9.058	7.818
-8.994	7.859
-8.936	7.880
-8.860	7.907
-8.657	8.007
-8.544	7.959
-8.531	7.953
-8.519	7.947
-8.507	7.938
-8.452	7.898
-8.402	7.852
-8.345	7.814
-8.253	7.753
-8.165	7.755
-8.084	7.669
-8.014	7.594
-7.985	7.479
-7.942	7.393
-7.927	7.360
-7.903	7.341
-7.878	7.316
-7.868	7.307
-7.855	7.301
-7.849	7.289
-7.833	7.261
-7.824	7.229
-7.812	7.199
POLYLINE BLACK
-8.091	7.553
-8.088	7.553
POLYLINE BLACK
-7.779	7.320
-7.818	7.311
-7.857	7.300
-7.897	7.294
-7.975	7.283
-8.111	7.318
-8.163	7.332
-8.223	7.347
-8.271	7.381
-8.329	7.401
-8.402	7.425
-8.490	7.433
-8.554	7.383
-8.622	7.331
-8.591	7.245
-8.647	7.181
-8.717	7.101
-8.802	7.046
-8.813	6.936
-8.817	6.888
-8.812	6.843
-8.833	6.797
-8.858	6.745
-8.888	6.695
-8.917	6.645
-8.930	6.622
-8.892	6.692
-8.880	6.716
POLYLINE BLACK
-8.488	7.406
-8.557	7.452
-8.627	7.498
-8.696	7.543
-8.763	7.603
-8.819	7.679
-8.897	7.722
-8.954	7.753
-9.024	7.746
-9.087	7.758
POLYLINE BLACK
-8.460	9.409
-8.540	9.291
-8.517	9.336
-8.580	9.173
-8.588	9.153
-8.592	9.130
-8.586	9.109
-8.582	9.096
-8.576	9.089
-8.567	9.077
-8.537	9.037
-8.506	8.996
-8.474	8.956
-8.462	8.941
-8.444	8.954
-8.434	8.964
-8.410	8.987
-8.389	9.013
-8.362	9.033
-8.321	9.062
-8.277	9.085
-8.233	9.109
-8.205	9.125
-8.175	9.135
-8.147	9.151
-8.113	9.169
-8.091	9.194
-8.089	9.233
-8.085	9.294
-8.089	9.356
-8.079	9.417
-8.074	9.444
-7.989	9.599
-8.057	9.647
-8.067	9.653
-8.075	9.657
-8.086	9.659
-8.142	9.668
-8.155	9.630
-8.203	9.618
-8.228	9.612
-8.253	9.609
-8.278	9.605
-8.311	9.599
-8.324	9.598
-8.337	9.562
-8.347	9.535
-8.358	9.481
-8.380	9.451
-8.390	9.437
-8.402	9.425
-8.412	9.411
-8.436	9.377
-8.436	9.320
-8.420	9.283
-8.403	9.241
-8.350	9.244
-8.312	9.245
-8.172	9.246
-8.401	9.248
-8.196	9.238
-8.158	9.236
-8.158	9.231
-8.165	9.246
POLYLINE BLACK
-8.356	9.217
-8.369	9.166
-8.380	9.115
-8.394	9.065
-8.396	9.057
-8.400	9.050
-8.405	9.043
-8.415	9.026
-8.429	9.011
-8.439	8.994
-8.458	8.963
-8.460	8.938
-8.469	8.901
POLYLINE BLACK
-8.457	8.346
-8.455	8.428
-8.480	8.518
-8.384	8.543
-8.358	8.550
-8.326	8.540
-8.307	8.564
-8.289	8.587
-8.288	8.623
-8.267	8.650
-8.243	8.681
-8.232	8.687
-8.201	8.710
-8.191	8.717
-8.181	8.722
-8.171	8.730
-8.138	8.758
-8.120	8.795
-8.093	8.830
-8.068	8.862
-8.023	8.803
-8.019	8.778
-8.012	8.727
-8.027	8.710
-8.034	8.660
-8.036	8.641
-8.037	8.622
-8.036	8.602
-8.033	8.513
-7.978	8.463
-7.932	8.385
-7.917	8.360
-7.911	8.314
-7.907	8.290
-7.902	8.250
-7.916	8.211
-7.952	8.191
-7.988	8.170
-8.007	8.176
-8.054	8.156
-8.095	8.138
-8.135	8.116
-8.174	8.093
-8.217	8.067
-8.220	8.051
-8.257	8.038
-8.296	8.024
-8.353	8.030
-8.373	8.072
-8.375	8.076
-8.377	8.081
-8.378	8.087
-8.385	8.128
-8.387	8.171
-8.396	8.212
-8.405	8.253
-8.421	8.293
-8.432	8.333
-8.434	8.339
-8.433	8.350
-8.431	8.355
-8.426	8.378
-8.403	8.387
-8.387	8.402
-8.379	8.411
-8.372	8.420
-8.365	8.429
-8.356	8.441
-8.328	8.488
-8.304	8.505
-8.280	8.523
-8.254	8.500
-8.229	8.498
-8.205	8.497
-8.186	8.511
-8.163	8.511
-8.133	8.511
-8.103	8.490
-8.090	8.464
-8.081	8.447
-8.076	8.428
-8.067	8.412
-8.037	8.356
-7.977	8.328
-7.939	8.280
-7.934	8.273
-7.936	8.262
-7.934	8.254
POLYLINE BLACK
-8.155	8.485
-8.156	8.518
-8.157	8.549
-8.142	8.578
-8.128	8.604
-8.119	8.609
-8.115	8.634
-8.110	8.661
-8.120	8.687
-8.112	8.714
-8.087	8.789
-8.089	8.783
-8.061	8.829
POLYLINE BLACK
-7.956	9.182
-7.744	9.146
-7.910	9.167
-7.687	9.159
-7.654	9.158
-7.632	9.134
-7.602	9.130
-7.573	9.125
-7.533	9.152
-7.512	9.119
-7.483	9.074
-7.519	9.028
-7.536	8.985
-7.542	8.969
-7.546	8.953
-7.554	8.937
-7.572	8.899
-7.591	8.885
-7.622	8.853
POLYLINE BLACK
-7.805	7.279
-7.792	7.349
-7.780	7.398
-7.801	7.461
-7.808	7.486
-7.813	7.488
-7.814	7.511
-7.815	7.538
-7.806	7.551
-7.802	7.581
-7.799	7.599
-7.800	7.623
-7.805	7.641
-7.813	7.672
-7.834	7.692
-7.849	7.720
-7.877	7.770
-7.880	7.833
-7.845	7.882
-7.844	7.883
-7.775	7.992
-7.735	7.987
-7.726	7.985
-7.719	7.981
-7.711	7.978
POLYLINE BLACK
-9.116	7.849
-9.111	7.879
-9.097	7.923
-9.124	7.948
-9.137	7.960
-9.155	7.970
-9.170	7.976
-9.194	7.986
-9.231	7.988
-9.244	8.016
-9.270	8.074
-9.193	8.139
-9.168	8.172
-9.131	8.222
-9.151	8.292
-9.124	8.346
-9.102	8.390
-9.056	8.427
-9.029	8.462
-9.021	8.471
-9.016	8.481
-9.012	8.492
-8.996	8.536
-8.983	8.580
-8.971	8.624
-8.967	8.637
-8.965	8.650
-8.966	8.663
-8.967	8.685
-8.991	8.818
-8.976	8.880
-8.961	8.945
-8.910	9.003
-8.919	9.072
-8.931	9.170
-8.946	9.267
-8.961	9.364
-8.962	9.375
-8.967	9.384
-8.969	9.394
-8.973	9.413
-8.964	9.433
-8.951	9.446
-8.924	9.472
-8.901	9.469
-8.868	9.481
-8.803	9.503
-8.859	9.487
-8.822	9.502
-8.805	9.509
-8.787	9.515
-8.770	9.522
POLYLINE BLACK
-7.664	7.982
-7.660	8.022
-7.658	8.063
-7.652	8.103
-7.626	8.268
-7.382	8.326
-7.271	8.383
-7.223	8.407
-7.182	8.443
-7.134	8.467
-7.013	8.528
-7.024	8.492
-6.936	8.562
-6.890	8.600
-6.853	8.640
-6.823	8.691
-6.784	8.757
-6.743	8.866
-6.678	8.929
-6.555	9.048
-6.372	9.090
-6.258	9.220
-6.202	9.285
-6.166	9.367
-6.154	9.452
-6.145	9.507
-6.147	9.563
-6.139	9.618
-6.136	9.637
-6.130	9.656
-6.123	9.674
-6.094	9.750
-6.057	9.822
-6.030	9.898
-6.018	9.932
-6.012	9.967
-6.007	10.003
-5.985	10.160
-6.079	10.340
-6.213	10.421
-6.271	10.457
-6.335	10.480
-6.392	10.518
-7.440	11.291
-6.158	10.366
-7.169	11.039
-7.249	11.092
-7.317	11.160
-7.395	11.215
-7.441	11.248
-7.502	11.264
-7.555	11.282
POLYLINE BLACK
-8.885	9.541
-8.952	9.657
-8.904	9.593
-9.051	9.712
POLYLINE BLACK
-7.504	11.325
-7.634	11.326
-7.687	11.360
-7.792	11.426
POLYLINE BLACK
-12.372	14.049
-12.295	14.083
-12.220	14.119
-12.143	14.150
-12.075	14.177
-12.020	14.145
-11.956	14.129
-11.863	14.105
-11.754	14.142
-11.677	14.193
-11.589	14.250
-11.509	14.317
-11.423	14.375
-11.405	14.387
-11.378	14.401
-11.354	14.399
-11.331	14.397
-11.314	14.380
-11.303	14.361
-11.251	14.270
-11.202	14.178
-11.150	14.088
-11.129	14.053
-11.090	14.029
-11.049	14.030
-10.976	14.031
-10.898	14.048
-10.825	14.031
-10.738	14.012
-10.681	13.941
-10.647	13.864
-10.609	13.777
-10.542	13.673
-10.558	13.569
-10.575	13.458
-10.591	13.479
-10.633	13.343
-10.647	13.298
-10.658	13.167
-10.703	13.112
-10.742	13.065
-10.807	13.075
-10.860	13.063
-10.915	13.051
-10.961	13.015
-11.018	13.009
-11.095	13.002
-11.243	13.032
-11.281	13.034
-11.419	13.044
-11.603	12.929
-11.714	12.884
-11.782	12.856
-11.866	12.881
-11.926	12.915
-11.953	12.930
-11.977	12.950
-12.005	12.964
-12.092	13.008
-12.151	12.979
-12.214	13.074
-12.258	13.142
-12.247	13.224
-12.261	13.299
-12.270	13.352
-12.294	13.410
-12.324	13.455
-12.353	13.497
-12.387	13.536
-12.420	13.575
-12.468	13.632
-12.525	13.679
-12.543	13.754
-12.573	13.886
-12.403	14.120
-12.257	14.041
-12.237	14.030
-12.225	14.017
-12.211	13.999
-12.141	13.909
-12.068	13.821
-12.004	13.728
-11.970	13.680
-11.962	13.608
-11.921	13.566
-11.879	13.524
-11.800	13.511
-11.753	13.492
-11.685	13.464
-11.640	13.429
-11.565	13.430
-11.462	13.433
-11.376	13.512
-11.298	13.566
-11.237	13.609
-11.180	13.659
-11.117	13.698
-11.045	13.744
-10.965	13.776
-10.893	13.821
-10.725	13.927
-10.738	13.918
-10.817	13.908
POLYLINE BLACK
-11.747	13.437
-11.715	13.442
-11.682	13.450
-11.649	13.452
-11.642	13.452
-11.635	13.449
-11.629	13.444
-11.617	13.432
-11.618	13.409
-11.622	13.395
-11.632	13.356
-11.644	13.317
-11.658	13.279
-11.710	13.137
-11.835	13.110
-11.972	13.045
-11.999	13.033
-12.028	13.027
-12.054	13.014
-12.092	12.994
-12.128	12.970
-12.165	12.948
POLYLINE BLACK
-9.075	10.171
-9.174	10.314
-9.181	10.362
-9.174	10.540
-9.172	10.581
-9.153	10.628
-9.126	10.660
-9.057	10.740
-8.961	10.784
-8.899	10.871
-8.878	10.902
-8.860	10.934
-8.843	10.967
-8.810	11.032
-8.797	11.100
-8.737	11.146
-8.686	11.185
-8.634	11.224
-8.579	11.258
-8.532	11.286
-8.480	11.305
-8.432	11.333
-8.370	11.368
-8.315	11.439
-8.300	11.510
-8.277	11.615
-8.314	11.704
-8.359	11.797
-8.390	11.863
-8.423	11.928
-8.455	11.994
POLYLINE BLACK
-9.830	12.183
-9.819	12.046
-9.792	11.954
-9.815	11.834
-9.823	11.791
-9.837	11.749
-9.844	11.705
-9.866	11.563
-9.794	11.445
-9.736	11.317
-9.729	11.303
-9.712	11.296
-9.698	11.300
-9.653	11.314
-9.635	11.372
-9.568	11.384
-9.525	11.391
-9.410	11.392
-9.362	11.431
-9.335	11.454
-9.331	11.486
-9.328	11.519
-9.322	11.582
-9.320	11.645
-9.309	11.708
-9.286	11.844
-9.192	11.956
-9.178	12.095
-9.171	12.173
-9.217	12.241
-9.240	12.311
-9.256	12.358
-9.249	12.407
-9.272	12.452
-9.315	12.537
-9.406	12.585
-9.500	12.572
-9.608	12.557
-9.706	12.486
-9.818	12.502
-9.838	12.505
-9.858	12.513
-9.874	12.525
-9.882	12.532
-9.889	12.539
-9.896	12.547
-9.907	12.559
-9.912	12.587
-9.928	12.585
-9.942	12.584
-9.936	12.557
-9.932	12.543
-9.928	12.525
-9.846	12.088
-9.737	12.027
-9.641	11.973
-9.569	12.043
-9.480	12.045
-9.417	12.047
-9.358	12.014
-9.302	11.992
POLYLINE BLACK
-9.427	12.022
-9.456	11.979
-9.520	11.902
-9.533	11.839
-9.544	11.784
-9.549	11.727
-9.555	11.670
-9.561	11.620
-9.552	11.618
-9.570	11.577
-9.596	11.516
-9.689	11.414
-9.705	11.393
-9.738	11.350
-9.749	11.249
-9.756	11.224
POLYLINE BLACK
-9.505	12.093
-9.741	12.354
-9.753	12.428
-9.971	12.547
POLYLINE BLACK
-8.501	10.662
-8.587	10.620
-8.632	10.590
-8.625	10.494
-8.620	10.422
-8.615	10.350
-8.608	10.279
-8.607	10.272
-8.603	10.266
-8.600	10.260
-8.557	10.183
-8.394	10.191
-8.334	10.237
-8.294	10.268
-8.286	10.318
-8.262	10.360
-8.210	10.453
-8.122	10.522
-8.084	10.625
-8.042	10.738
-8.063	10.854
-8.043	10.971
-8.039	10.999
-7.938	11.269
-8.029	11.322
-8.084	11.354
-8.193	11.295
-8.234	11.260
-8.294	11.211
-8.348	11.156
-8.410	11.109
-8.444	11.083
-8.485	11.066
-8.520	11.041
-8.587	10.995
-8.622	10.898
-8.646	10.826
-8.670	10.756
-8.596	10.710
-8.578	10.650
-8.574	10.637
-8.573	10.623
-8.571	10.610
-8.567	10.585
-8.577	10.554
-8.561	10.534
-8.552	10.523
-8.542	10.553
-8.534	10.563
-8.523	10.576
-8.515	10.590
-8.504	10.602
-8.492	10.614
-8.480	10.625
-8.466	10.634
-8.404	10.677
-8.393	10.669
-8.354	10.713
-8.299	10.778
-8.270	10.963
-8.258	10.995
-8.256	11.000
-8.192	11.164
-8.140	11.217
-8.107	11.250
-8.069	11.257
-8.028	11.277
-7.976	11.302
-7.983	11.379
-7.980	11.423
POLYLINE BLACK
-8.332	10.696
-8.305	10.681
-8.278	10.668
-8.253	10.652
-8.178	10.604
-8.183	10.433
-8.173	10.386
-8.165	10.351
-8.150	10.319
-8.139	10.286
POLYLINE BLACK
-11.123	12.019
-11.160	12.019
-11.196	12.021
-11.233	12.018
-11.310	12.012
-11.233	11.876
-11.216	11.854
-11.200	11.833
-11.180	11.815
-11.165	11.794
-11.155	11.781
-11.147	11.766
-11.140	11.751
-11.122	11.706
-11.111	11.659
-11.091	11.615
-11.081	11.591
-11.065	11.569
-11.050	11.546
-11.018	11.495
-10.985	11.443
-10.950	11.393
-10.919	11.348
-10.855	11.377
-10.813	11.365
-10.761	11.350
-10.737	11.301
-10.702	11.266
-10.677	11.242
-10.650	11.226
-10.619	11.212
-10.545	11.179
-10.497	11.223
-10.464	11.287
-10.452	11.310
-10.444	11.339
-10.442	11.364
-10.437	11.422
-10.467	11.511
-10.475	11.549
-10.492	11.630
-10.509	11.683
-10.498	11.769
-10.462	12.028
-10.423	12.015
-10.435	12.204
-10.437	12.236
-10.451	12.290
-10.468	12.319
-10.596	12.544
-10.605	12.701
-10.842	12.595
-10.905	12.567
-10.947	12.510
-11.013	12.485
-11.071	12.464
-11.067	12.478
-11.134	12.460
-11.234	12.434
-11.442	12.278
-11.440	12.207
-11.439	12.175
-11.370	12.165
-11.354	12.158
-11.329	12.147
-11.300	12.124
-11.282	12.104
-11.246	12.062
-11.229	12.030
-11.208	11.980
-11.200	11.962
-11.197	11.941
-11.189	11.922
-11.177	11.896
-11.142	11.885
-11.116	11.886
-11.055	11.888
-10.932	11.870
-10.868	11.923
-10.831	11.953
-10.807	12.008
-10.790	12.045
-10.788	12.048
-10.692	12.255
-10.684	12.311
-10.681	12.338
-10.680	12.438
-10.677	12.458
-10.674	12.480
-10.667	12.501
-10.661	12.523
-10.657	12.541
-10.653	12.560
-10.649	12.578
POLYLINE BLACK
-10.867	11.705
-10.868	11.738
-10.898	11.818
-10.870	11.802
-10.826	11.778
-10.831	11.709
-10.801	11.668
-10.672	11.490
-10.676	11.551
-10.558	11.405
-10.496	11.327
-10.439	11.245
-10.380	11.164
POLYLINE BLACK
-7.862	11.533
-8.082	11.603
-8.144	11.654
-8.307	11.823
-8.360	11.878
-8.406	11.940
-8.460	11.994
-8.504	12.039
-8.577	12.077
-8.633	12.098
-8.680	12.116
-8.730	12.124
-8.776	12.142
-8.840	12.167
-8.899	12.216
-8.936	12.274
-9.002	12.377
-9.024	12.441
-9.034	12.561
-9.053	12.774
-9.066	12.988
-9.085	13.201
-9.094	13.312
-9.109	13.299
-9.093	13.402
-9.075	13.527
-8.969	13.619
-8.969	13.749
-8.969	13.793
-8.985	13.838
-9.011	13.873
-9.036	13.908
-9.074	13.920
-9.108	13.944
-9.169	13.986
-9.187	14.090
-9.159	14.154
-9.067	14.365
-8.961	14.569
-8.874	14.781
-8.849	14.844
-8.778	15.008
-8.821	15.104
-8.848	15.164
-8.906	15.202
-8.964	15.227
-9.059	15.268
-9.154	15.310
-9.250	15.347
-9.295	15.363
-9.651	15.519
-9.819	15.527
-9.903	15.531
-9.987	15.523
-10.071	15.528
-10.215	15.535
-10.329	15.643
-10.471	15.654
-10.594	15.663
-10.703	15.621
-10.821	15.583
-10.860	15.571
-10.896	15.553
-10.930	15.532
-10.986	15.496
-11.039	15.454
-11.091	15.412
-11.273	15.261
-11.332	15.153
-11.546	15.102
-11.727	15.059
-11.837	15.067
-11.991	14.985
-12.132	14.910
-12.250	14.805
-12.403	14.759
-12.509	14.728
-12.675	14.754
-12.753	14.659
-12.866	14.522
-12.870	14.472
-12.980	14.282
-13.012	14.226
-13.076	14.161
-13.078	14.090
-13.079	14.052
-13.025	14.039
-12.999	14.056
-12.955	14.086
-12.918	14.123
-12.877	14.156
POLYLINE BLACK
-8.990	9.549
-9.023	9.550
POLYLINE BLACK
-9.029	9.675
-9.108	9.765
-9.150	9.839
-9.170	9.957
-9.205	10.174
-9.169	10.398
-9.340	10.548
-9.379	10.583
-9.436	10.618
-9.485	10.633
-9.553	10.654
-9.777	10.747
-9.903	10.717
-9.990	10.696
-10.142	10.595
-10.175	10.579
-10.234	10.550
-10.318	10.543
-10.382	10.557
-10.583	10.601
-10.634	10.644
-10.827	10.609
-10.901	10.595
-10.908	10.579
-10.972	10.585
-10.999	10.587
-11.026	10.595
-11.054	10.597
-11.067	10.598
-11.080	10.596
-11.094	10.594
-11.107	10.591
-11.120	10.587
-11.132	10.582
-11.144	10.578
-11.174	10.560
-11.166	10.568
-11.149	10.584
-11.126	10.592
-11.108	10.607
-11.074	10.633
-11.042	10.662
-11.009	10.690
POLYLINE BLACK
-12.143	13.807
-12.107	13.849
POLYLINE BLACK
-11.106	10.677
-11.139	10.670
-11.172	10.662
-11.205	10.657
-11.312	10.640
-11.433	10.793
-11.476	10.834
-11.529	10.887
-11.590	10.992
-11.615	11.057
-11.646	11.138
-11.662	11.223
-11.691	11.305
-11.697	11.324
-11.706	11.342
-11.719	11.357
-12.181	11.919
-11.545	10.999
-12.299	12.249
-12.339	12.315
-12.380	12.360
-12.439	12.405
-12.474	12.431
-12.514	12.453
-12.549	12.481
-12.656	12.568
-12.716	12.711
-12.791	12.820
-12.810	12.848
-12.872	12.892
-12.867	12.940
-12.861	13.002
-12.675	13.165
-12.668	13.173
POLYLINE BLACK
-9.979	14.755
-9.984	14.757
-10.058	14.813
-10.096	14.805
-10.155	14.793
-10.151	14.635
-10.152	14.622
-10.155	14.584
-10.150	14.546
-10.153	14.507
-10.162	14.406
-10.184	14.395
-10.169	14.308
-10.157	14.236
-10.135	14.166
-10.124	14.093
-10.120	14.071
-10.122	14.047
-10.124	14.024
-10.126	13.992
-10.154	13.925
-10.121	13.891
-10.097	13.866
-10.046	13.868
-10.018	13.870
-9.905	13.874
-9.769	13.945
-9.732	14.058
-9.486	14.869
-9.808	13.842
-9.562	14.528
-9.543	14.581
-9.515	14.730
-9.499	14.790
-9.485	14.840
-9.460	14.884
-9.463	14.937
-9.467	15.002
-9.475	15.066
-9.485	15.130
-9.487	15.137
-9.492	15.143
-9.497	15.148
-9.539	15.188
-9.653	15.110
-9.680	15.082
-9.739	15.022
-9.790	14.955
-9.848	14.895
-9.884	14.859
-9.933	14.845
-9.966	14.805
-10.055	14.698
-9.991	14.619
-9.904	14.539
-9.868	14.506
-9.803	14.477
-9.815	14.415
-9.831	14.329
-9.855	14.241
-9.913	14.172
-9.953	14.123
-10.034	14.072
-10.059	14.022
-10.078	13.984
-10.067	13.938
-10.071	13.895
POLYLINE BLACK
-9.921	14.572
-9.721	14.891
-9.855	14.664
-9.569	15.279
POLYLINE BLACK
-12.922	12.996
-12.979	13.076
-13.051	13.159
-13.159	13.133
-13.184	13.128
-13.204	13.117
-13.225	13.103
-13.326	13.034
-13.487	12.880
-13.638	12.868
-13.818	12.854
-13.958	12.879
-14.117	12.827
-14.230	12.789
-14.376	12.630
-14.444	12.585
-14.849	12.317
-14.627	12.513
-15.020	12.299
-15.078	12.267
-15.129	12.226
-15.180	12.183
-15.328	12.059
-15.465	11.921
-15.615	11.800
-15.802	11.648
-15.802	11.734
-16.046	11.594
-16.280	11.461
-16.821	10.930
-16.905	10.860
-17.039	10.750
-17.658	10.443
-17.673	10.434
-18.019	10.228
-18.349	9.996
-18.695	9.787
-18.749	9.755
-18.809	9.734
-18.869	9.713
-18.907	9.700
-18.955	9.711
-18.986	9.686
-19.026	9.654
-19.040	9.598
-19.068	9.554
POLYLINE BLACK
-13.100	14.096
-13.220	14.004
-13.323	13.913
-13.475	13.893
-13.603	13.876
-13.657	13.901
-13.760	13.829
-13.802	13.799
-13.843	13.766
-13.880	13.730
-13.946	13.668
-13.965	13.620
-14.035	13.579
-14.095	13.544
-14.127	13.536
-14.196	13.521
-14.255	13.507
-14.307	13.502
-14.355	13.462
-14.386	13.436
-14.416	13.409
-14.443	13.378
-14.443	13.378
-14.640	13.108
-14.743	13.045
-14.781	13.023
-14.821	13.003
-14.862	12.986
-14.926	12.959
-14.976	12.959
-15.027	12.921
-15.066	12.892
-15.077	12.864
-15.116	12.827
-15.173	12.773
-15.368	12.669
-15.381	12.662
-15.434	12.634
-15.537	12.628
-15.580	12.617
-15.635	12.604
-15.707	12.560
-15.747	12.528
-15.781	12.503
-15.813	12.474
-15.839	12.442
-15.902	12.367
-15.953	12.283
-16.013	12.206
-16.026	12.191
-16.041	12.177
-16.058	12.167
-16.108	12.138
-16.161	12.116
-16.212	12.091
-16.273	12.064
-16.337	12.043
-16.395	12.010
-16.518	11.939
-16.698	11.782
-16.867	11.733
-16.998	11.694
-17.137	11.741
-17.258	11.669
-17.382	11.595
-17.498	11.426
-17.581	11.354
-17.762	11.195
-17.951	11.045
-18.144	10.901
-18.233	10.834
-18.364	10.769
-18.480	10.760
-18.568	10.754
-18.657	10.762
-18.744	10.748
-18.857	10.730
-18.966	10.689
-19.078	10.665
-19.104	10.659
-19.274	10.656
-19.299	10.610
-19.327	10.561
-19.343	10.505
-19.365	10.453
POLYLINE BLACK
-19.246	10.545
-19.325	10.517
-19.404	10.489
-19.483	10.460
-19.493	10.459
-19.503	10.457
-19.513	10.457
-19.565	10.459
-19.620	10.500
-19.654	10.532
-19.769	10.639
-19.873	10.758
-19.989	10.863
-20.046	10.915
-20.115	10.951
-20.174	11.000
-20.193	11.015
-20.207	11.033
-20.221	11.052
-20.290	11.139
-20.336	11.230
-20.432	11.292
-20.935	11.623
-20.843	11.482
-21.068	11.702
-21.245	11.875
-21.452	12.102
-21.656	12.225
-21.685	12.242
-21.718	12.199
-21.749	12.186
POLYLINE BLACK
-21.040	10.654
-21.037	10.636
POLYLINE BLACK
-21.117	10.743
-21.030	10.667
-20.993	10.647
-20.934	10.559
-20.777	10.326
-20.807	10.024
-20.911	9.779
-20.938	9.716
-21.000	9.682
-21.026	9.620
-21.057	9.545
-21.057	9.433
-21.071	9.368
-21.078	9.329
-21.094	9.293
-21.105	9.255
POLYLINE BLACK
-21.178	10.718
-21.263	10.806
-21.345	10.898
-21.433	10.983
-21.536	11.083
-21.649	11.173
-21.752	11.273
-21.833	11.353
-21.854	11.471
-21.894	11.572
-21.938	11.685
-22.074	11.741
-22.171	11.794
POLYLINE BLACK
-22.079	8.741
-22.061	8.769
POLYLINE BLACK
-19.135	9.582
-19.171	9.549
-19.204	9.511
-19.244	9.482
-19.322	9.424
-19.410	9.379
-19.490	9.323
-19.572	9.265
-19.578	9.169
-19.687	9.115
-19.803	9.059
-19.936	9.058
-20.046	8.989
-20.749	8.548
-20.096	8.898
-20.949	8.529
-21.022	8.497
-21.147	8.355
-21.175	8.330
-21.187	8.319
-21.202	8.310
-21.217	8.304
-21.383	8.232
-21.554	8.170
-21.719	8.097
-21.769	8.075
-21.827	8.029
-21.855	7.980
-21.878	7.941
-21.869	7.928
-21.909	7.904
POLYLINE BLACK
-21.107	9.248
-21.162	9.233
-21.217	9.218
-21.273	9.203
-21.361	9.192
-21.452	9.190
-21.539	9.169
-21.659	9.141
-21.772	9.089
-21.891	9.055
-21.920	9.047
-21.951	9.046
-21.981	9.044
-22.062	9.039
-22.143	9.036
-22.225	9.032
POLYLINE BLACK
-22.106	8.952
-22.263	9.074
-22.424	9.171
-22.621	9.203
-22.710	9.218
-22.800	9.221
-22.889	9.237
-22.956	9.250
-23.136	9.359
-23.197	9.300
-23.207	9.291
-23.216	9.274
-23.218	9.261
-23.229	9.174
-23.244	9.087
-23.247	8.999
-23.251	8.859
-23.236	8.718
-23.238	8.578
-23.238	8.524
-23.250	8.472
-23.252	8.419
-23.254	8.370
-23.231	8.296
-23.223	8.247
POLYLINE GREEN
-31.220	8.515
-31.230	8.464
-31.243	8.414
-31.250	8.363
-31.262	8.280
-31.242	8.191
-31.174	8.138
-31.095	8.075
-30.952	8.137
-30.925	8.229
-30.893	8.336
-30.967	8.427
-31.044	8.494
-31.065	8.513
-31.098	8.523
-31.125	8.514
-31.179	8.496
-31.234	8.374
-31.242	8.362
POLYLINE GREEN
-23.666	6.200
-23.735	6.173
-23.774	6.166
-23.827	6.123
-23.889	6.072
-23.998	5.913
-23.922	5.834
-23.888	5.799
-23.803	5.781
-23.772	5.774
-23.687	5.756
-23.519	5.691
-23.442	5.787
-23.393	5.848
-23.381	5.942
-23.439	6.002
-23.478	6.043
-23.567	6.080
-23.597	6.095
-23.617	6.105
-23.644	6.112
-23.666	6.113
-23.719	6.117
-23.762	6.092
-23.811	6.073
POLYLINE BLACK
-17.136	11.482
-17.177	11.428
-17.217	11.373
-17.259	11.320
-17.279	11.295
-17.292	11.292
-17.302	11.268
-17.311	11.244
-17.304	11.219
-17.305	11.195
-17.307	11.164
-17.321	11.136
-17.318	11.105
-17.315	11.078
-17.300	11.055
-17.300	11.027
-17.300	11.000
-17.307	10.996
-17.312	10.965
-17.318	10.928
-17.308	10.883
-17.270	10.867
-17.245	10.857
-17.210	10.856
-17.192	10.881
-17.161	10.926
-17.129	10.970
-17.100	11.016
-17.030	11.127
-17.064	11.112
-16.975	11.196
-16.973	11.198
-16.853	11.285
-16.828	11.332
-16.805	11.379
-16.782	11.426
-16.759	11.473
-16.749	11.499
-16.742	11.527
-16.730	11.553
-16.694	11.625
-16.654	11.694
-16.615	11.764
-16.606	11.779
-16.593	11.793
-16.586	11.809
-16.579	11.822
-16.598	11.824
-16.604	11.824
-16.624	11.826
-16.649	11.817
-16.665	11.805
-16.713	11.767
-16.752	11.718
-16.814	11.705
-16.872	11.693
-16.968	11.693
-17.024	11.651
-17.087	11.605
-17.135	11.534
-17.131	11.455
-17.129	11.411
-17.114	11.371
-17.121	11.326
-17.124	11.309
-17.128	11.292
-17.134	11.276
-17.150	11.237
-17.184	11.202
-17.187	11.160
-17.189	11.140
-17.157	11.187
-17.140	11.197
-17.062	11.238
-16.981	11.273
-16.902	11.311
-16.894	11.315
-16.885	11.316
-16.878	11.322
-16.870	11.330
-16.865	11.341
-16.858	11.350
POLYLINE BLACK
-17.189	11.152
-17.211	11.085
-17.192	11.014
-17.217	10.947
-17.233	10.903
-17.250	10.880
-17.275	10.839
POLYLINE BLACK
-14.971	12.774
-14.991	12.778
-15.011	12.783
-15.031	12.786
-15.075	12.793
-15.140	12.779
-15.167	12.740
-15.224	12.659
-15.176	12.712
-15.237	12.606
-15.249	12.585
-15.264	12.565
-15.280	12.547
-15.297	12.525
-15.325	12.508
-15.336	12.481
-15.343	12.462
-15.337	12.445
-15.337	12.426
-15.337	12.393
-15.351	12.362
-15.369	12.335
-15.377	12.322
-15.387	12.310
-15.397	12.300
-15.432	12.269
-15.468	12.239
-15.503	12.208
-15.505	12.205
-15.507	12.202
-15.509	12.198
-15.523	12.168
-15.495	12.131
-15.463	12.130
-15.448	12.130
-15.429	12.137
-15.417	12.142
-15.407	12.147
-15.397	12.153
-15.388	12.159
-15.349	12.186
-15.314	12.220
-15.273	12.242
-15.197	12.283
-15.115	12.309
-15.037	12.345
-14.999	12.362
-14.917	12.490
-14.908	12.501
-14.846	12.574
-14.703	12.645
-14.649	12.684
-14.621	12.703
-14.586	12.738
-14.567	12.769
-14.546	12.806
-14.526	12.844
-14.507	12.883
-14.505	12.886
-14.506	12.891
-14.507	12.895
-14.517	12.922
-14.584	12.915
-14.603	12.906
-14.651	12.885
-14.696	12.857
-14.745	12.838
-14.785	12.821
-14.828	12.813
-14.870	12.800
-14.891	12.793
-14.912	12.785
-14.934	12.778
-14.962	12.770
-14.971	12.773
-14.993	12.761
-15.017	12.747
-15.043	12.725
-15.044	12.695
-15.045	12.668
-15.036	12.646
-15.049	12.621
-15.066	12.590
-15.098	12.572
-15.126	12.554
-15.135	12.549
-15.142	12.546
-15.147	12.536
-15.167	12.501
-15.105	12.467
-15.078	12.464
-14.998	12.456
-15.009	12.456
-14.968	12.459
POLYLINE BLACK
-15.186	12.457
-15.209	12.438
-15.299	12.376
-15.328	12.330
-15.351	12.293
-15.374	12.228
-15.413	12.193
-15.421	12.187
-15.428	12.181
-15.437	12.176
-15.478	12.152
-15.520	12.129
-15.562	12.105
POLYLINE BLACK
-13.461	13.694
-13.429	13.720
-13.399	13.746
-13.367	13.771
-13.356	13.780
-13.337	13.783
-13.331	13.796
-13.327	13.803
-13.347	13.798
-13.355	13.796
-13.368	13.794
-13.380	13.790
-13.392	13.785
-13.415	13.776
-13.439	13.763
-13.454	13.741
-13.479	13.706
-13.461	13.603
-13.461	13.590
-13.461	13.567
-13.470	13.536
-13.479	13.516
-13.486	13.502
-13.493	13.489
-13.501	13.477
-13.543	13.414
-13.588	13.355
-13.628	13.292
-13.658	13.245
-13.665	13.163
-13.598	13.146
-13.575	13.139
-13.550	13.147
-13.527	13.146
-13.516	13.146
-13.505	13.145
-13.494	13.142
-13.459	13.131
-13.426	13.115
-13.390	13.104
-13.387	13.103
-13.383	13.105
-13.379	13.107
-13.359	13.118
-13.354	13.175
-13.351	13.183
-13.347	13.195
-13.341	13.207
-13.334	13.217
-13.298	13.275
-13.305	13.251
-13.261	13.303
-13.237	13.332
-13.233	13.372
-13.207	13.400
-13.183	13.428
-13.166	13.438
-13.135	13.456
-13.117	13.467
-13.110	13.466
-13.097	13.481
-13.077	13.505
-13.077	13.541
-13.076	13.569
-13.076	13.631
-13.100	13.683
-13.131	13.734
-13.144	13.755
-13.169	13.775
-13.171	13.802
-13.174	13.841
-13.112	13.906
-13.129	13.934
-13.134	13.941
-13.145	13.943
-13.153	13.943
-13.230	13.938
-13.290	13.890
-13.351	13.848
-13.356	13.844
-13.359	13.840
-13.363	13.835
-13.384	13.807
-13.382	13.766
-13.378	13.734
-13.376	13.717
-13.360	13.667
-13.367	13.641
-13.380	13.593
-13.398	13.548
-13.411	13.500
-13.415	13.488
-13.415	13.474
-13.416	13.461
-13.416	13.425
-13.416	13.388
-13.417	13.351
-13.413	13.349
-13.411	13.345
-13.407	13.345
-13.401	13.346
-13.395	13.350
-13.390	13.353
-13.354	13.378
-13.320	13.412
-13.276	13.424
-13.200	13.446
-13.122	13.456
-13.264	13.434
POLYLINE BLACK
-13.456	13.319
-13.501	13.284
-13.545	13.247
-13.591	13.214
-13.601	13.206
-13.614	13.202
-13.626	13.196
-13.635	13.192
-13.647	13.191
-13.655	13.184
-13.676	13.165
-13.692	13.140
-13.710	13.118
POLYLINE BLACK
-18.644	10.436
-18.667	10.442
-18.691	10.449
-18.715	10.455
-18.718	10.453
-18.724	10.453
-18.725	10.449
-18.727	10.444
-18.726	10.439
-18.723	10.434
-18.713	10.413
-18.701	10.393
-18.689	10.373
-18.676	10.352
-18.661	10.333
-18.649	10.312
-18.642	10.302
-18.638	10.291
-18.632	10.281
-18.610	10.246
-18.568	10.260
-18.542	10.234
-18.513	10.203
-18.502	10.142
-18.456	10.129
-18.421	10.120
-18.373	10.157
-18.354	10.180
-18.286	10.263
-18.266	10.312
-18.220	10.415
-18.176	10.516
-18.160	10.605
-18.092	10.684
-18.076	10.702
-18.061	10.722
-18.040	10.736
-17.971	10.781
-17.895	10.815
-17.825	10.858
-17.783	10.885
-17.722	10.965
-17.698	10.992
-17.689	11.002
-17.664	11.020
-17.680	11.036
-17.697	11.054
-17.738	11.061
-17.761	11.054
-17.813	11.039
-17.871	11.017
-17.914	10.984
-17.971	10.939
-18.020	10.885
-18.077	10.841
-18.137	10.794
-18.205	10.780
-18.277	10.770
-18.356	10.759
-18.378	10.765
-18.446	10.733
-18.494	10.711
-18.538	10.681
-18.586	10.660
-18.636	10.638
-18.680	10.630
-18.732	10.628
-18.748	10.628
-18.772	10.634
-18.788	10.626
-18.800	10.620
-18.806	10.608
-18.807	10.596
-18.813	10.535
-18.746	10.498
-18.706	10.466
-18.693	10.455
-18.668	10.450
-18.651	10.452
-18.601	10.456
-18.559	10.463
-18.513	10.484
-18.449	10.513
-18.450	10.526
-18.391	10.566
-18.365	10.583
-18.334	10.565
-18.308	10.561
-18.287	10.558
-18.266	10.560
-18.246	10.564
-18.194	10.576
-18.151	10.614
-18.125	10.660
-18.123	10.664
-18.121	10.671
-18.125	10.673
-18.132	10.676
-18.157	10.666
-18.163	10.664
-18.195	10.655
-18.226	10.646
-18.258	10.637
POLYLINE BLACK
-18.456	10.493
-18.435	10.541
POLYLINE BLACK
-18.417	10.563
-18.422	10.513
-18.425	10.462
-18.432	10.412
-18.436	10.381
-18.455	10.356
-18.456	10.325
-18.457	10.299
-18.445	10.271
-18.442	10.247
-18.437	10.209
-18.445	10.148
-18.448	10.117
POLYLINE BLACK
-7.451	10.517
-7.470	10.388
-7.485	10.258
-7.506	10.129
-7.518	10.053
-7.542	10.025
-7.522	9.951
-7.497	9.858
-7.491	9.884
-7.487	9.798
-7.484	9.746
-7.506	9.601
-7.451	9.543
-7.407	9.497
-7.153	9.461
-7.143	9.458
-7.058	9.434
-6.992	9.374
-6.900	9.381
-6.769	9.392
-6.692	9.480
-6.602	9.570
-6.577	9.595
-6.557	9.634
-6.552	9.670
-6.550	9.685
-6.548	9.701
-6.550	9.717
-6.569	9.854
-6.590	9.991
-6.618	10.127
-6.635	10.215
-6.718	10.370
-6.782	10.427
-6.800	10.442
-6.818	10.457
-6.838	10.468
-7.060	10.590
-7.102	10.598
-7.348	10.575
-7.364	10.573
-7.381	10.561
-7.386	10.546
-7.392	10.529
-7.386	10.508
-7.381	10.492
-7.361	10.435
-7.342	10.377
-7.319	10.321
-7.292	10.256
-7.208	10.236
-7.148	10.223
-7.107	10.214
-7.054	10.218
-7.013	10.196
-6.951	10.163
-6.916	10.054
-6.890	10.007
-6.880	9.988
-6.866	9.971
-6.856	9.952
-6.837	9.915
-6.826	9.871
-6.823	9.831
-6.794	9.453
-6.703	9.423
-6.861	9.512
POLYLINE BLACK
-6.974	10.048
-6.862	10.212
-6.906	10.263
-6.879	10.456
-6.873	10.496
-6.858	10.533
-6.847	10.572
POLYLINE BLACK
-8.005	9.090
-8.022	9.027
-8.048	8.963
-8.027	8.899
-7.996	8.805
-7.858	8.726
-7.763	8.733
-7.521	8.752
-7.565	8.777
-7.313	8.817
-7.279	8.823
-7.245	8.818
-7.211	8.819
-7.181	8.819
-7.150	8.814
-7.121	8.819
-7.038	8.836
-6.957	8.860
-6.877	8.885
-6.861	8.889
-6.851	8.908
-6.851	8.923
-6.852	8.954
-6.889	8.995
-6.903	9.009
-7.045	9.165
-7.193	9.134
-7.359	9.241
-7.428	9.286
-7.491	9.339
-7.557	9.386
-7.598	9.415
-7.644	9.439
-7.683	9.471
-7.950	9.685
-7.667	9.477
-7.873	9.673
-7.878	9.678
-7.889	9.676
-7.895	9.672
-7.904	9.667
-7.911	9.658
-7.916	9.649
-7.932	9.617
-7.945	9.584
-7.955	9.551
-7.982	9.466
-7.976	9.402
-7.963	9.317
-7.959	9.294
-7.934	9.180
-7.951	9.141
-7.964	9.112
-7.989	9.091
-8.009	9.066
POLYLINE BLACK
-7.438	9.153
-7.372	9.092
-7.317	9.063
-7.232	9.044
-7.195	9.036
-7.157	9.032
-7.120	9.020
-6.788	8.918
-7.039	8.951
-6.693	8.935
POLYLINE BLACK
-0.669	-3.839
-0.616	-3.785
-0.595	-3.751
-0.535	-3.720
-0.463	-3.681
-0.500	-3.715
-0.421	-3.671
-0.381	-3.648
-0.334	-3.583
-0.282	-3.595
-0.265	-3.599
-0.250	-3.609
-0.236	-3.621
-0.174	-3.675
-0.117	-3.734
-0.052	-3.785
-0.022	-3.809
0.012	-3.827
0.046	-3.844
0.148	-3.897
0.243	-3.844
0.355	-3.854
0.424	-3.860
0.489	-3.888
0.556	-3.906
POLYLINE BLACK
1.654	-3.659
1.708	-3.640
1.755	-3.631
1.799	-3.596
1.844	-3.562
1.842	-3.542
1.884	-3.492
1.910	-3.461
1.948	-3.434
1.984	-3.417
2.073	-3.372
2.173	-3.382
2.269	-3.362
2.324	-3.350
2.377	-3.329
2.431	-3.313
POLYLINE BLACK
3.617	-2.729
3.654	-2.690
3.678	-2.651
3.724	-2.630
3.777	-2.606
3.837	-2.619
3.892	-2.612
3.946	-2.605
4.005	-2.590
4.053	-2.562
4.158	-2.502
4.229	-2.393
4.342	-2.346
4.359	-2.339
4.376	-2.332
4.394	-2.329
4.512	-2.309
4.631	-2.299
4.748	-2.276
4.778	-2.271
4.807	-2.261
4.832	-2.246
4.951	-2.175
5.065	-2.096
5.179	-2.017
5.234	-1.980
5.231	-1.891
5.246	-1.838
5.267	-1.762
5.324	-1.697
5.373	-1.641
5.446	-1.561
5.530	-1.491
5.601	-1.409
5.626	-1.381
5.651	-1.350
5.660	-1.313
5.676	-1.247
5.670	-1.177
5.675	-1.109
POLYLINE BLACK
-3.241	-6.781
-3.440	-6.717
-3.600	-6.601
-3.708	-6.419
-3.728	-6.385
-3.749	-6.350
-3.759	-6.311
-3.762	-6.300
-3.801	-5.839
-3.924	-5.707
-3.983	-5.643
-4.020	-5.620
-4.095	-5.576
-4.128	-5.557
-4.164	-5.544
-4.196	-5.524
-4.296	-5.460
-4.380	-5.352
-4.408	-5.236
-4.424	-5.167
-4.432	-5.078
-4.421	-5.007
-4.421	-5.007
-4.342	-4.807
-4.375	-4.731
-4.394	-4.686
-4.454	-4.658
-4.484	-4.630
-4.506	-4.609
-4.526	-4.586
-4.543	-4.560
-4.629	-4.434
-4.634	-4.391
-4.688	-4.234
-4.717	-4.150
-4.724	-4.097
-4.769	-4.028
-4.810	-3.965
-4.858	-3.938
-4.912	-3.879
-4.942	-3.845
-4.972	-3.790
-4.986	-3.747
-5.049	-3.548
-4.987	-3.331
-5.054	-3.133
-5.138	-2.885
-5.237	-2.710
-5.215	-2.452
-5.203	-2.320
-5.159	-2.173
-5.215	-2.043
-5.262	-1.931
-5.320	-1.823
-5.370	-1.712
-5.379	-1.692
-5.371	-1.662
-5.358	-1.646
-5.335	-1.614
-5.271	-1.583
-5.252	-1.571
POLYLINE BLUE
7.620	-14.593
7.731	-14.660
7.846	-14.720
7.952	-14.794
8.146	-14.928
8.328	-15.079
8.519	-15.217
8.538	-15.231
8.560	-15.238
8.580	-15.247
8.722	-15.306
8.952	-15.365
9.068	-15.495
9.259	-15.708
9.402	-16.156
9.486	-16.308
9.626	-16.563
9.695	-16.583
9.885	-16.739
9.927	-16.774
10.011	-16.888
10.024	-16.904
POLYLINE BLUE
10.136	-16.849
10.113	-16.935
10.104	-17.003
10.133	-17.088
10.316	-17.635
10.280	-17.381
10.376	-18.044
10.393	-18.164
10.326	-18.382
10.314	-18.465
10.293	-18.625
10.370	-18.862
10.384	-18.985
10.415	-19.250
10.372	-19.092
10.376	-19.253
10.378	-19.379
10.478	-19.474
10.567	-19.550
POLYLINE BLUE
10.974	-15.039
10.970	-14.968
10.967	-14.897
10.961	-14.827
10.954	-14.741
10.945	-14.762
10.956	-14.682
10.970	-14.579
10.981	-14.603
10.972	-14.514
10.963	-14.410
10.937	-14.304
10.980	-14.203
11.035	-14.072
11.093	-13.942
11.157	-13.815
11.191	-13.747
11.253	-13.703
11.295	-13.642
11.320	-13.607
11.340	-13.569
11.358	-13.530
11.399	-13.442
11.405	-13.343
11.458	-13.260
11.533	-13.145
11.634	-13.101
11.665	-12.959
11.751	-12.549
11.810	-12.133
11.909	-11.727
11.918	-11.691
12.002	-11.471
12.074	-11.390
12.216	-11.232
12.433	-11.170
12.607	-11.058
12.638	-11.039
12.781	-10.939
12.819	-10.875
12.864	-10.799
12.898	-10.716
12.942	-10.639
12.949	-10.626
12.959	-10.616
12.970	-10.606
12.984	-10.593
12.999	-10.580
13.016	-10.571
13.159	-10.492
13.308	-10.425
13.448	-10.342
13.573	-10.269
13.741	-10.072
13.806	-9.980
14.035	-9.658
14.012	-9.705
14.077	-9.482
POLYLINE BLUE
11.334	-16.016
11.363	-15.889
11.375	-15.733
11.464	-15.626
11.500	-15.582
11.548	-15.549
11.579	-15.502
11.651	-15.394
11.709	-15.276
11.771	-15.162
11.804	-15.099
11.826	-15.031
11.866	-14.972
11.927	-14.880
12.003	-14.801
12.069	-14.714
12.096	-14.679
12.116	-14.639
12.143	-14.605
12.181	-14.558
12.228	-14.519
12.263	-14.470
12.428	-14.241
12.349	-14.213
12.524	-13.890
12.623	-13.706
12.760	-13.545
12.868	-13.366
12.946	-13.237
13.062	-12.771
13.070	-12.749
13.134	-12.580
13.206	-12.411
13.295	-12.253
13.484	-11.918
13.730	-11.615
13.905	-11.272
14.053	-10.981
14.138	-10.661
14.260	-10.357
14.301	-10.253
14.352	-10.153
14.395	-10.050
14.464	-9.885
14.464	-9.838
14.548	-9.688
14.580	-9.631
14.619	-9.577
14.654	-9.522
POLYLINE BLUE
14.811	-9.307
14.819	-9.263
14.823	-9.217
14.834	-9.173
14.839	-9.152
14.846	-9.129
14.859	-9.111
15.026	-8.869
15.206	-8.635
15.374	-8.393
15.394	-8.364
15.406	-8.329
15.421	-8.297
POLYLINE BLUE
14.164	-9.299
14.218	-9.214
14.266	-9.125
14.328	-9.045
14.365	-8.998
14.533	-8.859
14.582	-8.749
14.617	-8.673
14.638	-8.498
14.646	-8.462
14.671	-8.353
14.827	-8.254
14.916	-8.196
POLYLINE BLUE
11.384	-15.969
11.499	-15.888
11.679	-16.282
11.807	-16.316
11.947	-16.353
12.091	-16.377
12.230	-16.418
12.343	-16.452
12.494	-16.575
12.580	-16.625
12.647	-16.665
12.720	-16.692
12.787	-16.732
12.816	-16.749
12.841	-16.772
12.866	-16.795
12.933	-16.856
13.102	-17.055
13.237	-17.118
13.258	-17.128
13.412	-17.220
13.493	-17.202
13.664	-17.165
13.682	-16.791
13.758	-16.684
13.844	-16.562
13.932	-16.443
14.024	-16.326
14.210	-16.089
14.208	-16.151
14.333	-15.900
14.407	-15.751
14.494	-15.304
14.507	-15.268
14.619	-14.962
14.749	-14.663
14.890	-14.369
15.350	-13.412
15.061	-14.212
15.248	-13.663
POLYLINE BLUE
15.784	-17.957
15.761	-17.990
15.735	-18.021
15.715	-18.056
15.621	-18.212
15.595	-18.727
15.583	-18.805
15.560	-18.955
15.452	-19.065
15.423	-19.212
15.416	-19.253
15.412	-19.294
15.409	-19.335
15.404	-19.406
15.412	-19.455
15.374	-19.520
15.353	-19.554
15.334	-19.591
15.305	-19.620
15.006	-19.919
14.694	-20.205
14.393	-20.502
14.348	-20.546
14.319	-20.603
14.293	-20.659
14.257	-20.742
14.235	-20.855
14.156	-20.915
14.143	-20.924
14.131	-20.933
14.117	-20.939
14.014	-20.984
13.907	-21.018
13.807	-21.068
13.476	-21.235
13.491	-21.298
13.154	-21.573
13.007	-21.693
12.805	-21.708
12.658	-21.829
12.627	-21.855
12.596	-21.883
12.571	-21.915
12.403	-22.130
12.254	-22.359
12.081	-22.569
11.942	-22.738
11.729	-22.852
11.540	-22.944
10.930	-23.243
11.090	-23.205
10.766	-23.268
POLYLINE BLUE
15.225	-13.716
15.387	-13.649
15.555	-13.596
15.710	-13.515
15.813	-13.461
15.898	-13.377
15.996	-13.315
16.052	-13.278
16.175	-13.250
16.229	-13.244
16.470	-13.215
16.712	-13.191
16.954	-13.174
16.995	-13.171
17.037	-13.175
17.077	-13.184
17.109	-13.191
17.138	-13.209
17.168	-13.222
POLYLINE BLUE
15.779	-17.857
15.806	-17.703
15.824	-17.546
15.860	-17.394
15.893	-17.252
16.017	-17.010
16.078	-16.894
16.117	-16.821
16.165	-16.752
16.204	-16.679
16.260	-16.572
16.226	-16.401
16.229	-16.301
16.229	-16.275
16.233	-16.249
16.242	-16.224
16.345	-15.932
16.332	-15.962
16.411	-15.809
POLYLINE BLUE
16.353	-15.829
16.431	-15.686
16.529	-15.249
16.740	-15.122
16.811	-15.079
16.908	-15.079
16.962	-15.011
16.992	-14.974
17.019	-14.934
17.045	-14.894
17.097	-14.817
17.112	-14.774
17.192	-14.723
17.306	-14.651
17.452	-14.685
17.571	-14.624
17.669	-14.574
17.726	-14.475
17.809	-14.405
17.915	-14.315
17.999	-14.305
18.133	-14.299
POLYLINE BLUE
17.052	-13.162
17.189	-13.207
17.215	-13.226
17.355	-13.231
17.404	-13.233
17.452	-13.231
17.500	-13.224
17.563	-13.215
17.781	-13.144
17.814	-13.136
17.854	-13.128
17.896	-13.126
17.937	-13.124
18.106	-13.119
18.315	-13.241
18.450	-13.278
18.506	-13.294
18.565	-13.290
18.622	-13.295
POLYLINE BLUE
18.669	-13.284
18.839	-13.389
18.899	-13.355
19.104	-13.362
19.325	-13.370
19.422	-13.401
19.620	-13.364
19.732	-13.343
19.838	-13.286
19.954	-13.310
20.088	-13.338
20.254	-13.487
20.326	-13.525
20.381	-13.554
20.442	-13.574
20.504	-13.587
20.799	-13.650
21.094	-13.713
21.394	-13.752
21.622	-13.783
21.906	-13.674
22.111	-13.636
22.227	-13.615
22.336	-13.639
22.449	-13.658
POLYLINE BLUE
18.265	-14.194
18.476	-14.107
18.708	-13.949
18.949	-13.969
19.068	-13.978
19.183	-14.035
19.304	-14.017
19.378	-14.007
19.451	-13.986
19.525	-13.970
19.587	-13.956
19.637	-13.945
19.702	-13.962
19.858	-14.003
20.008	-14.068
20.167	-14.093
20.310	-14.116
20.457	-14.112
20.601	-14.106
20.728	-14.101
20.877	-14.045
21.012	-14.070
21.071	-14.086
21.130	-14.102
21.188	-14.118
21.243	-14.138
21.296	-14.168
21.353	-14.179
21.656	-14.236
21.838	-14.283
22.099	-14.263
22.106	-14.262
22.113	-14.260
22.120	-14.257
22.175	-14.236
22.230	-14.213
22.286	-14.190
POLYLINE BLUE
13.258	-20.496
13.235	-20.461
POLYLINE BLUE
13.611	-19.627
13.488	-19.622
13.366	-19.631
13.284	-19.732
13.221	-19.809
13.204	-19.875
13.109	-19.925
13.055	-19.953
12.834	-20.024
12.770	-20.119
12.732	-20.174
12.762	-20.259
12.758	-20.315
12.751	-20.399
12.738	-20.482
12.722	-20.564
12.716	-20.598
12.703	-20.630
12.691	-20.662
12.680	-20.688
12.637	-20.729
12.646	-20.762
12.657	-20.802
12.739	-20.819
12.760	-20.830
12.787	-20.845
12.811	-20.862
12.835	-20.881
12.912	-20.941
12.907	-20.957
12.979	-20.990
13.075	-21.033
13.168	-20.995
13.256	-20.953
13.357	-20.905
13.458	-20.857
13.559	-20.810
13.594	-20.794
13.611	-20.796
13.635	-20.775
13.703	-20.710
13.664	-20.560
13.697	-20.470
13.739	-20.356
13.906	-20.273
13.847	-20.123
13.800	-20.006
13.753	-19.889
13.706	-19.772
13.700	-19.768
13.695	-19.760
13.687	-19.759
13.648	-19.751
13.603	-19.832
13.593	-19.850
13.516	-19.983
13.562	-20.166
13.450	-20.282
13.332	-20.404
13.199	-20.505
13.053	-20.593
12.724	-20.792
12.869	-20.605
12.724	-20.847
POLYLINE BLUE
13.413	-20.436
13.535	-20.663
13.529	-20.681
13.568	-20.930
POLYLINE BLUE
11.333	-20.789
11.074	-20.819
10.936	-20.768
10.813	-20.983
10.784	-21.032
10.766	-21.088
10.737	-21.137
10.686	-21.224
10.554	-21.281
10.552	-21.385
10.552	-21.403
10.556	-21.423
10.564	-21.439
10.591	-21.499
10.620	-21.560
10.652	-21.618
10.669	-21.651
10.717	-21.679
10.750	-21.688
10.863	-21.720
10.976	-21.752
11.091	-21.778
11.112	-21.783
11.165	-21.781
11.189	-21.773
11.329	-21.721
11.285	-21.706
11.461	-21.609
11.509	-21.582
11.562	-21.563
11.614	-21.546
11.622	-21.544
11.749	-21.534
11.788	-21.495
11.806	-21.477
11.812	-21.450
11.810	-21.426
11.802	-21.302
11.790	-21.178
11.783	-21.054
11.780	-21.004
11.798	-20.953
11.834	-20.919
11.849	-20.905
11.895	-20.881
11.896	-20.850
11.898	-20.816
11.853	-20.793
11.830	-20.782
11.669	-20.705
11.493	-20.838
11.370	-20.923
11.341	-20.943
11.300	-21.000
11.287	-21.025
11.265	-21.070
11.171	-21.233
11.162	-21.334
11.157	-21.388
11.186	-21.448
11.147	-21.495
11.079	-21.577
10.950	-21.614
10.847	-21.606
10.828	-21.604
10.810	-21.600
10.792	-21.595
10.770	-21.590
10.750	-21.574
10.728	-21.577
10.687	-21.581
10.649	-21.601
10.610	-21.614
POLYLINE BLUE
11.254	-21.436
11.795	-21.414
11.569	-21.389
11.937	-21.458
POLYLINE BLUE
14.316	-18.568
14.356	-18.531
14.398	-18.496
14.435	-18.457
14.468	-18.421
14.496	-18.380
14.528	-18.344
14.586	-18.279
14.706	-18.340
14.758	-18.366
14.796	-18.385
14.825	-18.417
14.866	-18.425
14.930	-18.438
14.992	-18.362
15.027	-18.407
15.065	-18.454
15.059	-18.569
15.051	-18.619
15.034	-18.720
15.016	-18.880
14.939	-18.973
14.927	-18.988
14.913	-18.999
14.900	-19.013
14.866	-19.047
14.776	-19.172
14.696	-19.210
14.615	-19.249
14.371	-19.244
14.317	-19.250
14.268	-19.256
14.211	-19.271
14.167	-19.298
14.127	-19.323
14.077	-19.401
14.025	-19.356
14.012	-19.345
14.000	-19.326
13.993	-19.311
13.969	-19.249
14.025	-19.205
14.052	-19.156
14.095	-19.078
14.090	-19.032
14.131	-18.943
14.176	-18.842
14.227	-18.745
14.280	-18.649
14.320	-18.576
14.444	-18.520
14.496	-18.476
14.500	-18.472
14.497	-18.463
14.495	-18.457
14.486	-18.422
14.473	-18.389
14.461	-18.355
POLYLINE BLUE
15.067	-18.494
15.015	-18.519
14.962	-18.541
14.912	-18.568
14.855	-18.600
14.821	-18.658
14.764	-18.687
14.720	-18.709
14.677	-18.703
14.630	-18.712
14.581	-18.721
14.535	-18.750
14.500	-18.785
14.441	-18.844
14.456	-18.927
14.403	-18.988
14.330	-19.074
14.219	-19.111
14.135	-19.183
14.054	-19.251
14.035	-19.313
13.969	-19.417
13.964	-19.425
13.959	-19.435
13.952	-19.442
13.932	-19.463
13.909	-19.482
13.887	-19.503
POLYLINE BLUE
14.456	-18.729
14.502	-18.536
14.475	-18.600
14.540	-18.462
14.545	-18.452
14.552	-18.443
14.555	-18.433
14.572	-18.373
14.584	-18.313
14.598	-18.253
POLYLINE BLUE
10.512	-19.536
10.419	-19.504
10.325	-19.475
10.233	-19.440
10.157	-19.411
10.128	-19.347
10.075	-19.291
10.018	-19.230
9.944	-19.181
9.858	-19.176
9.669	-19.166
9.513	-19.317
9.349	-19.378
9.221	-19.425
9.087	-19.457
8.954	-19.486
8.888	-19.501
8.688	-19.479
8.633	-19.540
8.592	-19.585
8.561	-19.638
8.525	-19.687
POLYLINE BLUE
8.497	-19.790
8.499	-20.298
8.535	-20.280
8.345	-20.679
8.324	-20.723
8.256	-20.785
8.232	-20.817
8.216	-20.838
8.202	-20.861
8.192	-20.885
8.137	-21.015
8.056	-21.172
8.040	-21.323
8.031	-21.421
8.059	-21.495
8.105	-21.581
8.134	-21.636
8.179	-21.684
8.189	-21.748
8.204	-21.847
8.206	-21.948
8.223	-22.047
8.228	-22.077
8.238	-22.107
8.253	-22.134
8.327	-22.273
8.409	-22.407
8.487	-22.544
POLYLINE BLUE
8.558	-22.531
8.545	-22.570
8.529	-22.608
8.517	-22.648
8.483	-22.764
8.595	-22.979
8.616	-23.029
8.641	-23.091
8.672	-23.151
8.711	-23.205
8.903	-23.472
8.910	-23.395
9.011	-23.604
9.051	-23.685
9.043	-23.780
9.044	-23.867
POLYLINE BLUE
10.966	-23.093
10.885	-23.238
10.753	-23.345
10.684	-23.496
10.647	-23.579
10.620	-23.668
10.575	-23.748
10.506	-23.866
10.415	-23.970
10.344	-24.087
10.228	-24.277
10.205	-24.521
10.157	-24.727
POLYLINE BLUE
11.031	-24.259
11.026	-24.179
11.035	-24.141
11.009	-24.077
10.965	-23.970
10.830	-23.946
10.733	-23.991
10.652	-24.029
10.586	-24.132
10.630	-24.220
10.716	-24.388
10.801	-24.556
10.890	-24.722
10.905	-24.750
10.948	-24.759
10.975	-24.750
11.141	-24.694
11.368	-24.382
11.402	-24.343
11.447	-24.291
11.521	-24.204
11.529	-24.123
11.543	-23.979
11.417	-23.943
11.305	-23.997
11.207	-24.044
11.106	-24.193
11.044	-24.268
POLYLINE BLUE
8.952	-23.845
8.823	-24.300
8.741	-24.876
8.331	-25.193
8.325	-25.198
8.318	-25.200
8.311	-25.202
8.286	-25.211
8.260	-25.219
8.235	-25.228
POLYLINE BLUE
10.104	-24.795
9.878	-25.035
9.969	-24.922
9.699	-25.400
9.683	-25.429
9.672	-25.461
9.665	-25.494
9.642	-25.611
9.627	-25.730
9.608	-25.848
POLYLINE BLUE
9.698	-25.680
9.677	-25.714
9.653	-25.746
9.635	-25.780
9.556	-25.926
9.630	-26.309
9.635	-26.361
9.641	-26.419
9.667	-26.533
9.703	-26.593
9.766	-26.697
9.869	-26.788
9.871	-26.918
9.872	-26.969
9.873	-27.020
9.865	-27.070
9.851	-27.150
9.781	-27.344
9.785	-27.471
9.789	-27.567
9.846	-27.587
9.906	-27.648
9.925	-27.667
9.940	-27.689
9.956	-27.710
9.966	-27.722
9.973	-27.737
9.985	-27.748
10.009	-27.772
10.037	-27.791
10.064	-27.813
POLYLINE BLUE
8.285	-25.263
8.188	-25.238
8.088	-25.219
7.992	-25.188
7.959	-25.177
7.847	-25.139
7.801	-25.092
7.731	-25.021
7.782	-24.899
7.637	-24.922
7.506	-24.942
7.436	-25.075
7.394	-25.188
7.345	-25.319
7.304	-25.472
7.330	-25.613
7.343	-25.686
7.353	-25.671
7.377	-25.743
7.390	-25.784
7.391	-25.840
7.386	-25.880
7.375	-25.968
7.354	-26.027
7.314	-26.107
7.295	-26.145
7.201	-26.285
7.178	-26.369
7.159	-26.443
7.203	-26.485
7.231	-26.550
7.258	-26.611
7.265	-26.685
7.239	-26.748
7.203	-26.833
7.107	-26.967
7.026	-27.022
6.900	-27.107
6.486	-27.275
6.490	-27.521
6.493	-27.710
6.723	-27.985
6.784	-28.075
6.850	-28.171
6.956	-28.267
7.075	-28.289
7.164	-28.304
7.279	-28.296
7.366	-28.343
7.449	-28.387
7.488	-28.501
7.574	-28.554
7.658	-28.605
7.685	-28.574
7.808	-28.627
7.944	-28.685
8.072	-28.761
8.205	-28.826
8.285	-28.866
8.293	-28.857
8.367	-28.921
8.581	-29.108
8.386	-28.952
8.543	-29.117
8.631	-29.209
8.756	-29.250
8.837	-29.352
8.907	-29.440
8.933	-29.520
9.015	-29.584
9.057	-29.617
9.100	-29.635
9.152	-29.651
9.157	-29.653
9.615	-29.776
9.705	-29.836
9.757	-29.870
9.793	-29.924
9.837	-29.968
POLYLINE BLUE
10.049	-27.723
10.008	-27.736
9.968	-27.753
9.926	-27.761
9.847	-27.776
9.761	-27.778
9.681	-27.764
9.566	-27.743
9.632	-27.742
9.535	-27.717
9.467	-27.700
9.395	-27.704
9.327	-27.724
9.207	-27.761
9.087	-27.896
9.035	-28.003
9.004	-28.067
8.995	-28.137
8.952	-28.194
8.905	-28.257
8.833	-28.281
8.759	-28.295
8.718	-28.303
8.683	-28.305
8.648	-28.332
8.608	-28.363
8.581	-28.418
8.561	-28.459
8.410	-28.771
8.529	-28.946
8.625	-29.284
POLYLINE BLUE
10.049	-27.868
10.119	-27.938
10.151	-27.985
10.229	-28.028
10.244	-28.036
10.260	-28.041
10.276	-28.048
10.310	-28.062
10.345	-28.073
10.377	-28.090
10.408	-28.106
10.438	-28.126
10.466	-28.147
10.529	-28.196
10.603	-28.306
10.641	-28.354
POLYLINE BLUE
10.756	-28.256
10.741	-28.303
POLYLINE BLUE
10.749	-28.264
10.736	-28.256
POLYLINE BLUE
10.714	-28.218
10.709	-28.218
POLYLINE BLUE
10.526	-28.276
10.591	-28.294
10.642	-28.317
10.707	-28.314
10.817	-28.310
10.941	-28.252
11.036	-28.228
11.060	-28.222
11.085	-28.221
11.110	-28.222
11.254	-28.228
11.398	-28.242
11.542	-28.251
11.794	-28.266
11.778	-28.242
12.108	-28.346
12.184	-28.370
12.255	-28.409
12.323	-28.452
12.662	-28.664
12.649	-28.725
13.000	-29.002
13.412	-29.328
13.294	-29.164
13.811	-29.474
13.875	-29.512
13.925	-29.570
13.982	-29.619
POLYLINE BLUE
9.831	-29.886
9.881	-29.915
9.929	-29.946
9.981	-29.971
10.028	-29.994
10.069	-30.000
10.120	-30.004
10.501	-30.035
10.884	-30.050
11.264	-30.093
11.845	-30.159
11.486	-30.155
11.938	-30.290
12.044	-30.322
12.154	-30.339
12.263	-30.357
12.372	-30.374
12.482	-30.347
12.581	-30.307
12.646	-30.281
12.653	-30.266
12.716	-30.259
12.859	-30.242
13.003	-30.295
13.138	-30.334
POLYLINE BLUE
13.016	-30.464
13.049	-30.404
13.072	-30.347
13.147	-30.359
13.165	-30.362
13.184	-30.365
13.201	-30.373
13.830	-30.674
13.122	-30.356
13.775	-30.689
13.872	-30.739
13.973	-30.781
14.074	-30.822
14.100	-30.832
14.129	-30.835
14.156	-30.841
14.235	-30.859
14.317	-30.864
14.392	-30.894
15.536	-31.344
14.786	-31.127
15.399	-31.307
15.505	-31.338
15.608	-31.381
15.717	-31.398
16.918	-31.589
15.817	-31.326
16.631	-31.534
POLYLINE BLUE
11.178	-19.200
11.133	-19.197
11.088	-19.197
11.043	-19.191
11.014	-19.186
10.985	-19.179
10.957	-19.168
10.877	-19.139
10.747	-19.098
10.668	-19.035
10.592	-18.975
10.602	-18.960
10.525	-18.884
10.493	-18.853
10.433	-18.819
10.406	-18.773
10.366	-18.707
10.383	-18.617
10.331	-18.556
10.325	-18.550
10.317	-18.546
10.311	-18.541
POLYLINE BLUE
12.424	-19.357
12.409	-19.338
12.393	-19.320
12.380	-19.300
12.368	-19.282
12.357	-19.250
12.355	-19.230
12.335	-19.059
12.320	-18.968
12.376	-18.809
12.418	-18.689
12.489	-18.461
12.587	-18.331
12.672	-18.218
12.691	-18.233
12.738	-18.137
12.745	-18.122
12.751	-18.106
12.755	-18.090
12.771	-18.021
12.782	-17.967
12.745	-17.905
12.735	-17.889
12.716	-17.867
12.699	-17.856
12.679	-17.844
12.660	-17.831
12.637	-17.825
12.374	-17.748
12.107	-17.683
11.843	-17.606
11.818	-17.599
11.794	-17.586
11.771	-17.572
11.741	-17.553
11.712	-17.530
11.685	-17.506
11.656	-17.480
11.626	-17.454
11.604	-17.421
11.384	-17.091
11.178	-16.751
10.960	-16.418
10.925	-16.365
10.804	-16.295
10.775	-16.279
10.658	-16.215
10.514	-16.164
10.379	-16.199
10.287	-16.222
10.196	-16.250
10.104	-16.278
10.093	-16.282
10.075	-16.295
10.067	-16.303
10.050	-16.320
10.039	-16.344
10.027	-16.363
POLYLINE BLUE
41.976	-50.462
41.211	-50.585
40.450	-50.726
39.682	-50.831
39.538	-50.851
39.391	-50.840
39.245	-50.836
39.206	-50.834
39.167	-50.828
39.131	-50.812
38.860	-50.695
38.596	-50.563
38.329	-50.438
POLYLINE BLUE
12.426	-19.374
12.373	-19.340
12.319	-19.305
12.266	-19.271
12.247	-19.256
12.229	-19.238
12.208	-19.225
12.134	-19.181
12.053	-19.148
11.981	-19.101
11.497	-18.778
11.972	-19.065
11.726	-18.892
11.709	-18.880
11.691	-18.870
11.672	-18.863
11.253	-18.712
11.361	-18.737
11.149	-18.694
POLYLINE BLUE
10.244	-16.258
10.152	-16.291
9.957	-16.382
9.829	-16.384
8.834	-16.396
9.703	-16.354
9.321	-16.374
POLYLINE BLUE
10.330	-18.631
10.331	-18.463
10.389	-18.207
10.255	-18.055
10.241	-18.039
10.223	-18.027
10.207	-18.014
POLYLINE BLUE
10.168	-18.183
10.220	-18.184
POLYLINE BLUE
10.281	-18.153
10.167	-18.094
10.052	-18.012
9.922	-17.985
9.887	-17.977
9.852	-17.976
9.818	-17.969
9.801	-17.965
9.784	-17.958
9.768	-17.952
9.674	-17.916
9.579	-17.885
9.489	-17.843
9.273	-17.744
9.160	-17.585
8.974	-17.417
8.947	-17.392
8.903	-17.381
8.867	-17.387
8.831	-17.393
8.796	-17.408
8.762	-17.386
8.727	-17.363
8.668	-17.292
8.658	-17.283
8.585	-17.214
8.461	-17.179
8.369	-17.165
7.796	-17.079
8.149	-17.155
7.626	-17.129
7.517	-17.123
7.339	-17.057
7.248	-17.035
7.152	-17.011
7.019	-17.058
6.934	-17.072
6.850	-17.085
6.690	-16.973
6.653	-16.955
6.468	-16.862
6.683	-16.986
6.508	-16.882
POLYLINE BLUE
9.195	-16.329
9.086	-16.355
8.991	-16.311
8.886	-16.302
8.801	-16.294
8.749	-16.316
8.657	-16.325
8.628	-16.328
8.576	-16.321
8.548	-16.310
8.448	-16.271
8.283	-16.224
8.188	-16.138
8.029	-15.994
8.126	-16.059
7.985	-15.912
7.948	-15.874
7.904	-15.842
7.867	-15.805
7.818	-15.756
7.765	-15.678
7.700	-15.635
7.618	-15.579
7.514	-15.602
7.420	-15.592
7.402	-15.590
7.384	-15.585
7.366	-15.580
7.260	-15.549
7.152	-15.521
7.047	-15.483
6.890	-15.426
6.611	-15.328
6.443	-15.213
6.385	-15.173
6.345	-15.113
6.281	-15.083
6.266	-15.076
6.251	-15.070
6.235	-15.066
6.082	-15.028
5.928	-14.989
5.773	-14.955
5.401	-14.876
5.511	-14.876
5.276	-14.898
POLYLINE BLUE
6.392	-16.994
6.349	-16.963
6.286	-16.907
6.228	-16.894
6.089	-16.862
5.947	-16.840
5.807	-16.813
5.780	-16.808
5.753	-16.808
5.728	-16.799
5.571	-16.746
5.414	-16.693
5.262	-16.627
5.176	-16.589
5.104	-16.523
5.017	-16.487
4.814	-16.402
4.829	-16.448
4.668	-16.408
4.579	-16.386
4.509	-16.320
4.418	-16.305
4.371	-16.298
4.324	-16.295
4.277	-16.291
4.219	-16.285
4.159	-16.291
4.102	-16.277
3.226	-16.057
3.783	-16.124
3.309	-16.078
POLYLINE BLUE
3.245	-16.054
3.162	-15.983
2.979	-15.911
2.914	-15.789
2.889	-15.742
2.869	-15.693
2.842	-15.647
2.796	-15.568
2.773	-15.581
2.711	-15.500
2.678	-15.457
2.652	-15.409
2.625	-15.363
2.598	-15.318
2.603	-15.305
2.569	-15.271
2.550	-15.252
2.530	-15.236
2.509	-15.219
2.374	-15.111
2.239	-15.001
2.101	-14.895
2.052	-14.857
1.921	-14.784
1.877	-14.716
1.715	-14.466
1.571	-14.205
1.409	-13.956
1.402	-13.945
1.267	-13.786
1.228	-13.785
1.213	-13.784
1.199	-13.788
1.184	-13.789
POLYLINE BLUE
5.383	-14.881
5.212	-14.763
5.024	-14.666
4.812	-14.677
4.786	-14.678
4.760	-14.681
4.735	-14.688
4.604	-14.727
4.434	-14.810
4.284	-14.815
4.125	-14.821
3.967	-14.809
3.808	-14.812
3.712	-14.814
3.721	-14.835
3.650	-14.822
3.580	-14.808
3.529	-14.769
3.473	-14.729
3.469	-14.726
3.464	-14.724
3.460	-14.723
3.428	-14.711
3.397	-14.701
3.365	-14.690
POLYLINE BLUE
3.568	-14.683
3.429	-14.603
3.340	-14.515
3.281	-14.366
3.238	-14.255
3.254	-14.259
3.202	-14.176
3.144	-14.083
3.020	-14.070
2.929	-14.033
2.867	-14.008
2.813	-13.947
2.779	-13.891
2.702	-13.766
2.743	-13.600
2.763	-13.466
2.769	-13.424
2.779	-13.384
2.769	-13.341
2.755	-13.282
2.736	-13.225
2.717	-13.168
2.689	-13.084
2.654	-13.026
2.645	-12.941
2.616	-12.651
2.783	-12.332
2.966	-12.123
3.083	-11.988
3.314	-11.988
3.459	-11.939
3.487	-11.929
3.694	-11.847
3.762	-11.788
3.838	-11.722
3.912	-11.653
3.984	-11.582
3.996	-11.570
4.019	-11.530
4.020	-11.512
4.022	-11.490
4.017	-11.467
4.015	-11.444
POLYLINE BLUE
1.149	-13.787
0.961	-13.542
0.798	-13.277
0.587	-13.053
0.431	-12.887
0.230	-12.772
0.056	-12.627
-0.028	-12.558
-0.103	-12.479
-0.188	-12.411
-0.224	-12.382
-0.265	-12.359
-0.306	-12.337
-0.347	-12.316
-0.391	-12.305
-0.432	-12.284
-0.473	-12.263
-0.519	-12.225
-0.542	-12.183
-0.578	-12.116
-0.543	-12.023
-0.496	-11.971
-0.471	-11.943
-0.436	-11.918
-0.402	-11.902
-0.380	-11.892
-0.356	-11.885
-0.333	-11.877
-0.318	-11.871
-0.303	-11.867
-0.289	-11.860
-0.234	-11.832
-0.190	-11.787
-0.157	-11.734
-0.087	-11.619
-0.086	-11.466
-0.047	-11.346
-0.008	-11.225
0.049	-11.111
0.093	-10.993
0.099	-10.978
0.100	-10.961
0.102	-10.945
0.108	-10.890
0.087	-10.885
0.057	-10.846
0.029	-10.807
0.009	-10.757
0.032	-10.711
0.037	-10.701
0.042	-10.690
0.050	-10.681
0.173	-10.547
0.303	-10.420
0.423	-10.283
0.474	-10.225
0.535	-10.100
0.555	-10.032
0.647	-9.718
0.740	-9.404
0.811	-9.085
0.827	-9.012
0.833	-8.856
0.814	-8.758
0.801	-8.694
0.731	-8.617
0.757	-8.561
0.783	-8.503
0.916	-8.467
0.941	-8.456
POLYLINE BLUE
3.973	-11.537
3.933	-11.321
3.962	-11.294
4.050	-11.093
4.053	-11.084
4.054	-11.074
4.060	-11.067
4.088	-11.038
4.120	-11.013
4.150	-10.986
POLYLINE BLUE
4.158	-10.868
4.136	-10.733
4.120	-10.597
4.092	-10.463
4.083	-10.419
4.065	-10.378
4.047	-10.337
4.036	-10.312
4.020	-10.289
4.007	-10.266
4.002	-10.257
3.996	-10.250
3.992	-10.241
3.972	-10.192
3.971	-10.135
3.982	-10.084
4.001	-9.992
4.036	-9.924
4.084	-9.840
4.126	-9.766
4.183	-9.700
4.217	-9.622
4.291	-9.450
4.335	-9.266
4.407	-9.093
4.429	-9.040
4.463	-8.993
4.497	-8.948
4.523	-8.912
4.695	-8.775
4.679	-8.671
4.678	-8.666
4.674	-8.662
4.670	-8.658
4.646	-8.632
4.622	-8.607
4.597	-8.581
POLYLINE BLUE
4.581	-8.520
4.528	-8.426
4.499	-8.345
4.500	-8.240
4.500	-8.180
4.513	-8.088
4.495	-8.021
4.474	-7.940
4.419	-7.873
4.385	-7.798
4.329	-7.678
4.346	-7.623
4.306	-7.481
4.277	-7.376
4.229	-7.312
4.221	-7.212
4.212	-7.090
4.292	-6.947
4.364	-6.857
4.389	-6.826
4.420	-6.801
4.448	-6.773
POLYLINE BLUE
1.011	-8.415
1.069	-8.432
1.127	-8.453
1.186	-8.468
1.204	-8.472
1.223	-8.475
1.241	-8.473
1.385	-8.453
1.527	-8.427
1.670	-8.401
1.695	-8.397
1.729	-8.374
1.748	-8.361
1.755	-8.356
1.761	-8.350
1.767	-8.345
1.782	-8.330
1.797	-8.315
1.812	-8.301
POLYLINE BLUE
2.052	-13.302
2.030	-13.326
POLYLINE BLUE
1.742	-8.350
1.847	-8.120
1.978	-7.872
1.974	-7.609
1.973	-7.512
1.961	-7.415
1.960	-7.318
1.959	-7.244
2.004	-7.186
2.007	-7.115
2.008	-7.088
2.003	-7.064
1.994	-7.039
1.952	-6.912
1.912	-6.785
1.865	-6.660
1.856	-6.635
1.844	-6.609
1.825	-6.591
1.783	-6.550
1.732	-6.521
1.686	-6.486
POLYLINE BLUE
1.708	-6.595
1.498	-6.573
1.362	-6.382
1.158	-6.350
1.077	-6.338
0.993	-6.339
0.911	-6.334
POLYLINE BLUE
4.379	-6.827
4.555	-6.795
4.644	-6.741
4.781	-6.617
4.947	-6.468
5.035	-6.400
5.131	-6.229
5.191	-6.123
5.246	-5.974
5.192	-5.854
5.149	-5.761
5.044	-5.735
4.965	-5.684
4.912	-5.650
4.858	-5.593
4.824	-5.542
4.621	-5.236
4.766	-5.372
4.477	-5.104
4.444	-5.073
4.397	-5.048
4.353	-5.035
4.198	-4.987
3.986	-5.071
3.842	-5.137
POLYLINE BLUE
3.976	-5.135
3.748	-5.227
3.619	-5.331
3.461	-5.515
3.392	-5.595
3.346	-5.683
3.258	-5.741
3.161	-5.805
3.053	-5.851
2.960	-5.920
2.840	-6.009
2.680	-6.246
2.489	-6.251
2.406	-6.253
2.312	-6.207
2.245	-6.182
2.117	-6.135
2.015	-5.913
1.943	-5.833
1.823	-5.698
1.694	-5.571
1.561	-5.449
1.457	-5.355
1.293	-5.282
1.178	-5.211
1.160	-5.200
1.145	-5.185
1.131	-5.169
1.082	-5.113
1.041	-5.049
0.990	-4.996
0.920	-4.923
0.842	-4.860
0.767	-4.792
POLYLINE BLUE
0.618	-4.846
0.512	-4.721
0.406	-4.636
0.250	-4.583
0.185	-4.562
0.117	-4.554
0.053	-4.532
-0.020	-4.507
-0.147	-4.430
-0.197	-4.378
-0.334	-4.235
-0.461	-4.083
-0.587	-3.930
-0.642	-3.863
-0.685	-3.786
-0.741	-3.720
-0.776	-3.678
-0.816	-3.640
-0.859	-3.607
-0.956	-3.531
-1.104	-3.412
-1.240	-3.366
-1.601	-3.245
-1.935	-3.475
-2.184	-3.719
-2.347	-3.880
-2.500	-4.050
-2.658	-4.215
POLYLINE BLUE
0.971	-6.420
0.556	-6.136
0.669	-6.192
0.109	-5.937
0.074	-5.921
0.037	-5.913
-0.001	-5.908
-0.305	-5.865
-0.567	-5.928
-0.885	-5.982
-0.990	-5.999
-1.141	-6.047
-1.242	-6.105
-1.274	-6.124
-1.305	-6.146
-1.333	-6.171
-1.576	-6.386
-1.811	-6.611
-2.056	-6.824
-2.119	-6.879
-2.209	-6.915
-2.292	-6.923
-2.365	-6.930
-2.406	-6.911
-2.484	-6.894
POLYLINE BLUE
-2.399	-6.784
-2.402	-6.799
POLYLINE BLUE
-2.402	-6.806
-2.457	-6.810
-2.511	-6.817
-2.566	-6.817
-2.807	-6.817
-3.090	-6.612
-3.232	-6.430
-3.257	-6.398
-3.504	-6.110
-3.515	-5.943
-3.521	-5.850
-3.488	-5.769
-3.464	-5.682
-3.451	-5.635
-3.441	-5.586
-3.429	-5.539
POLYLINE BLUE
-2.477	-4.116
-2.590	-4.111
-2.795	-4.130
-2.934	-4.080
-2.952	-4.073
-2.970	-4.063
-2.987	-4.053
-3.130	-3.966
-3.267	-3.870
-3.413	-3.789
-3.455	-3.766
-3.504	-3.758
-3.550	-3.743
POLYLINE BLUE
-3.512	-5.805
-3.499	-5.657
-3.472	-5.552
-3.495	-5.416
-3.517	-5.288
-3.655	-5.059
-3.681	-5.014
-3.814	-4.797
-3.944	-4.577
-4.102	-4.378
-4.228	-4.220
-4.390	-4.094
-4.530	-3.948
-4.600	-3.875
-4.612	-3.764
-4.654	-3.678
-4.681	-3.624
-4.715	-3.573
-4.750	-3.524
-4.938	-3.252
-5.138	-2.989
-5.323	-2.715
-5.376	-2.639
-5.381	-2.544
-5.438	-2.471
-5.533	-2.350
-5.777	-2.239
-5.900	-2.156
-6.058	-2.050
-6.129	-1.833
-6.221	-1.684
-6.308	-1.544
-6.464	-1.475
-6.582	-1.366
-6.672	-1.282
-6.725	-1.154
-6.756	-1.037
-6.841	-0.720
-6.531	-0.297
-6.413	-0.103
-6.322	0.045
-6.194	0.166
-6.095	0.309
-6.057	0.363
-6.030	0.425
-6.004	0.486
-5.942	0.632
-5.949	0.772
-6.033	0.906
-6.050	0.934
-6.069	0.961
-6.092	0.984
-6.239	1.122
-6.404	1.239
-6.542	1.385
-6.598	1.445
-6.625	1.527
-6.667	1.597
POLYLINE BLUE
-3.538	-3.858
-3.888	-3.402
-3.234	-4.270
-4.000	-3.038
-4.100	-2.877
-4.305	-2.709
-4.385	-2.511
-4.409	-2.451
-4.446	-2.320
-4.440	-2.252
-4.383	-1.618
-4.404	-1.421
-4.217	-0.939
-4.146	-0.758
-4.006	-0.636
-3.892	-0.483
-3.802	-0.360
-3.785	-0.198
-3.805	-0.051
-3.822	0.068
-3.892	0.165
-3.966	0.257
-4.039	0.349
-4.119	0.436
-4.194	0.527
-4.212	0.550
-4.226	0.575
-4.242	0.599
-4.273	0.637
-4.304	0.674
-4.335	0.712
POLYLINE BLUE
-6.667	1.526
-6.672	1.641
-6.662	1.820
-6.704	1.947
-6.718	1.988
-6.739	2.026
-6.756	2.066
-6.793	2.153
-6.824	2.201
-6.836	2.289
-6.854	2.413
-6.796	2.628
-6.784	2.698
POLYLINE BLUE
-6.680	3.135
-6.581	3.116
-6.483	3.093
-6.384	3.077
-6.230	3.051
-6.075	3.024
-5.919	3.007
-5.749	2.988
-5.542	3.110
-5.393	2.990
-5.174	2.814
-5.187	2.522
-5.135	2.271
-5.109	2.146
-4.991	2.057
-4.987	1.926
-4.985	1.868
-4.988	1.809
-4.992	1.751
-4.999	1.630
-5.018	1.594
-4.972	1.475
-4.924	1.348
-4.851	1.310
-4.763	1.203
-4.139	0.446
-5.227	1.640
-3.986	0.328
POLYLINE BLUE
-6.769	2.441
-6.976	2.629
-7.222	2.765
-7.495	2.826
-8.011	2.940
-7.594	2.824
-7.914	2.917
POLYLINE BLUE
-6.626	3.126
-7.239	3.215
-6.966	3.159
-7.447	3.275
POLYLINE BLUE
-7.408	3.343
-7.630	3.499
-7.875	3.498
-8.122	3.578
-8.181	3.597
-8.237	3.625
-8.293	3.653
-8.301	3.656
-8.306	3.663
-8.311	3.669
-8.368	3.729
-8.423	3.790
-8.479	3.850
POLYLINE BLUE
-7.983	3.006
-8.592	3.411
-8.344	3.206
-8.754	3.589
POLYLINE BLUE
1.658	-10.360
1.572	-10.565
1.609	-10.686
1.595	-10.907
1.575	-11.233
1.540	-11.558
1.519	-11.884
1.518	-11.903
1.522	-11.923
1.527	-11.942
1.552	-12.046
1.675	-12.188
1.714	-12.258
1.744	-12.312
1.768	-12.370
1.787	-12.429
1.817	-12.525
1.836	-12.625
1.860	-12.722
1.935	-12.911
2.020	-13.097
2.084	-13.290
2.128	-13.420
2.135	-13.560
2.182	-13.689
2.234	-13.834
2.317	-13.965
2.377	-14.106
2.403	-14.179
2.428	-14.251
2.454	-14.323
2.450	-14.331
2.452	-14.345
2.444	-14.347
2.394	-14.361
2.298	-14.260
2.278	-14.224
2.177	-14.041
2.089	-13.851
1.984	-13.670
1.839	-13.423
1.683	-13.182
1.531	-12.939
1.491	-12.876
1.443	-12.817
1.408	-12.751
1.069	-12.042
1.393	-12.686
1.053	-12.094
0.932	-11.884
1.112	-11.596
1.149	-11.402
1.362	-10.259
0.956	-11.458
1.552	-9.928
1.556	-9.918
1.565	-9.907
1.576	-9.908
1.612	-9.909
1.622	-10.001
1.624	-10.023
1.628	-10.095
1.590	-10.160
1.596	-10.233
1.600	-10.288
1.611	-10.343
1.614	-10.398
1.617	-10.452
1.605	-10.516
1.597	-10.569
POLYLINE BLUE
1.662	-3.699
1.596	-3.717
1.447	-3.707
1.375	-3.772
1.357	-3.788
1.342	-3.809
1.322	-3.825
1.277	-3.861
1.221	-3.890
1.163	-3.897
1.142	-3.900
1.121	-3.900
1.099	-3.900
0.977	-3.902
0.854	-3.899
0.731	-3.904
0.708	-3.905
0.685	-3.912
0.662	-3.918
0.649	-3.922
0.632	-3.922
0.623	-3.933
0.599	-3.963
0.586	-4.000
0.568	-4.034
POLYLINE BLUE
6.964	-4.224
6.986	-4.243
POLYLINE BLUE
3.644	-2.763
3.618	-2.922
3.601	-3.025
3.644	-3.170
3.665	-3.237
3.695	-3.303
3.707	-3.372
3.725	-3.468
3.719	-3.567
3.733	-3.663
3.743	-3.735
3.769	-3.805
3.781	-3.877
3.785	-3.903
3.782	-3.930
3.782	-3.956
3.781	-4.018
3.775	-4.079
3.776	-4.140
3.778	-4.210
3.845	-4.372
3.852	-4.399
3.862	-4.439
3.867	-4.479
3.869	-4.520
3.876	-4.668
3.871	-4.817
3.879	-4.965
3.880	-4.995
3.887	-5.026
3.897	-5.054
3.958	-5.209
4.118	-5.386
4.119	-5.555
4.120	-5.803
4.025	-6.092
4.080	-6.329
4.115	-6.482
4.328	-6.704
4.408	-6.819
4.430	-6.851
4.449	-6.887
4.461	-6.924
4.689	-7.653
4.541	-7.368
4.799	-7.929
4.813	-7.959
4.862	-8.011
4.887	-8.028
4.890	-8.030
5.367	-8.282
5.457	-8.439
5.553	-8.609
5.662	-9.032
5.683	-9.092
5.744	-9.258
5.904	-9.389
5.917	-9.573
5.940	-9.898
5.901	-9.911
5.975	-10.158
5.996	-10.228
6.032	-10.300
6.089	-10.350
6.128	-10.384
6.150	-10.380
6.201	-10.410
6.234	-10.428
6.266	-10.458
6.290	-10.487
6.348	-10.559
6.333	-10.650
6.394	-10.723
6.413	-10.745
6.443	-10.769
6.469	-10.781
6.623	-10.857
6.671	-10.829
6.855	-10.850
6.912	-10.856
7.017	-10.903
7.053	-10.931
7.183	-11.034
7.297	-11.157
7.427	-11.260
7.540	-11.350
7.779	-11.427
7.885	-11.479
7.968	-11.519
8.076	-11.633
8.136	-11.679
8.163	-11.700
8.194	-11.717
8.224	-11.733
8.324	-11.784
8.449	-11.774
8.554	-11.792
8.603	-11.801
8.662	-11.827
8.706	-11.853
8.801	-11.911
8.838	-12.050
8.892	-12.126
8.950	-12.207
9.017	-12.280
9.085	-12.352
9.123	-12.392
9.195	-12.430
9.243	-12.452
9.326	-12.488
9.365	-12.486
9.424	-12.552
9.511	-12.649
9.527	-12.828
9.563	-12.928
9.579	-12.973
9.603	-13.015
9.626	-13.057
9.671	-13.133
9.712	-13.150
9.775	-13.225
9.804	-13.260
9.829	-13.298
9.853	-13.337
9.903	-13.420
9.906	-13.527
9.985	-13.592
9.995	-13.600
10.170	-13.714
10.218	-13.783
10.279	-13.871
10.293	-13.991
10.336	-14.085
10.363	-14.143
10.397	-14.199
10.432	-14.253
10.527	-14.401
10.445	-14.238
10.559	-14.388
10.634	-14.487
10.696	-14.594
10.770	-14.694
10.791	-14.723
10.819	-14.747
10.844	-14.774
10.871	-14.812
10.898	-14.851
10.926	-14.889
POLYLINE BLUE
1.709	-3.662
1.755	-3.652
1.771	-3.856
1.812	-3.912
1.844	-3.954
1.895	-3.973
1.926	-4.017
1.951	-4.053
1.966	-4.115
2.015	-4.127
2.031	-4.131
2.035	-4.129
2.050	-4.128
2.132	-4.120
2.178	-4.107
2.252	-4.121
2.297	-4.129
2.351	-4.171
2.392	-4.154
2.422	-4.142
2.440	-4.100
2.459	-4.079
2.491	-4.043
2.547	-4.021
2.554	-3.968
2.560	-3.926
2.542	-3.890
2.561	-3.849
2.575	-3.818
2.600	-3.799
2.620	-3.770
2.631	-3.753
2.641	-3.735
2.649	-3.716
2.684	-3.632
2.662	-3.596
2.664	-3.516
2.666	-3.425
2.723	-3.376
2.656	-3.292
2.596	-3.217
2.445	-3.300
2.385	-3.327
POLYLINE BLUE
3.626	-2.759
3.570	-2.823
3.517	-2.889
3.458	-2.950
3.388	-3.025
3.278	-3.024
3.208	-3.104
3.194	-3.120
3.181	-3.144
3.176	-3.165
3.162	-3.214
3.174	-3.287
3.112	-3.306
3.106	-3.307
3.099	-3.309
3.092	-3.309
2.947	-3.307
2.801	-3.303
2.655	-3.300
POLYLINE BLUE
6.492	-12.431
6.565	-12.447
POLYLINE BLUE
7.004	-12.828
7.018	-12.880
POLYLINE BLUE
7.547	-14.554
7.428	-14.501
7.294	-14.458
7.210	-14.352
7.140	-14.262
7.110	-14.151
7.021	-14.073
6.334	-13.476
7.029	-14.110
6.614	-13.763
6.515	-13.679
6.530	-13.635
6.390	-13.559
6.197	-13.453
5.994	-13.365
5.797	-13.264
5.788	-13.259
5.781	-13.250
5.774	-13.242
5.724	-13.180
5.733	-13.090
5.708	-13.021
5.669	-12.915
5.573	-12.705
5.488	-12.609
5.327	-12.427
5.145	-12.265
4.985	-12.082
4.898	-11.983
4.834	-11.865
4.748	-11.765
4.674	-11.678
4.586	-11.605
4.506	-11.523
4.455	-11.471
4.411	-11.412
4.358	-11.362
4.169	-11.186
3.966	-11.025
3.780	-10.846
3.723	-10.793
3.643	-10.668
3.618	-10.591
3.597	-10.528
3.547	-10.241
3.467	-10.115
3.373	-9.970
3.210	-9.900
3.084	-9.789
3.032	-9.743
2.991	-9.686
2.947	-9.632
2.741	-9.378
2.534	-9.124
2.335	-8.864
2.291	-8.807
2.266	-8.737
2.218	-8.683
1.901	-8.329
1.573	-7.983
1.241	-7.642
1.208	-7.608
1.167	-7.583
1.125	-7.561
0.944	-7.466
0.802	-7.422
0.599	-7.383
0.546	-7.372
0.491	-7.370
0.437	-7.369
0.252	-7.365
0.067	-7.370
-0.119	-7.367
-0.176	-7.366
-0.233	-7.354
-0.290	-7.357
-0.716	-7.384
-0.586	-7.425
-0.931	-7.393
-1.055	-7.382
-1.123	-7.319
-1.237	-7.270
-1.280	-7.252
-1.324	-7.237
-1.370	-7.227
-1.421	-7.216
-1.473	-7.212
-1.525	-7.208
-1.640	-7.199
-1.757	-7.212
-1.870	-7.187
-2.122	-7.131
-2.368	-7.052
-2.612	-6.967
-2.707	-6.934
-2.791	-6.877
-2.882	-6.835
-2.910	-6.822
-2.940	-6.813
-2.969	-6.802
POLYLINE BLUE
-0.588	-3.807
-0.487	-3.874
-0.361	-3.934
-0.296	-4.044
-0.270	-4.089
-0.249	-4.189
-0.238	-4.215
-0.203	-4.294
-0.157	-4.366
-0.121	-4.444
-0.074	-4.546
-0.052	-4.653
0.034	-4.732
0.194	-4.879
0.405	-4.767
0.483	-4.588
0.514	-4.515
0.489	-4.436
0.517	-4.362
0.705	-3.864
0.560	-4.336
0.700	-3.845
POLYLINE BLUE
-0.656	-3.798
-1.046	-4.148
-0.776	-3.877
-1.157	-4.368
-1.175	-4.391
-1.226	-4.426
-1.252	-4.437
-1.381	-4.494
-1.591	-4.539
-1.696	-4.665
-1.794	-4.783
-1.816	-4.974
-1.861	-5.107
-1.899	-5.217
-1.941	-5.326
-1.987	-5.433
-1.996	-5.454
-2.010	-5.474
-2.026	-5.491
-2.129	-5.590
-2.253	-5.668
-2.343	-5.779
-2.527	-6.005
-2.673	-6.260
-2.843	-6.497
-2.862	-6.523
-2.912	-6.561
-2.942	-6.577
-2.993	-6.604
-3.046	-6.628
-3.098	-6.654
POLYLINE BLUE
-9.250	4.225
-9.169	3.756
-9.202	4.007
-9.160	3.472
POLYLINE BLUE
-9.050	4.255
-9.040	3.730
-9.064	4.006
-8.966	3.429
POLYLINE BLUE
-9.360	3.967
-9.223	3.967
-9.086	3.966
-8.949	3.966
-8.882	3.970
-8.816	3.978
-8.750	3.977
-8.732	3.977
-8.715	3.968
-8.697	3.964
POLYLINE BLUE
-9.372	3.760
-8.795	3.726
POLYLINE BLUE
-8.509	0.959
-9.395	0.966
-10.280	1.011
-11.165	0.981
-11.831	0.958
-12.386	0.861
-12.993	0.647
-13.072	0.619
-13.145	0.578
-13.216	0.533
-13.388	0.423
-13.549	0.314
-13.643	0.132
-13.670	0.079
-13.664	-0.003
-13.651	-0.056
-13.576	-0.355
-13.412	-0.512
-13.105	-0.573
-12.674	-0.658
-12.126	-0.642
-11.727	-0.620
-11.398	-0.602
-11.073	-0.530
-10.744	-0.512
-10.011	-0.472
-9.275	-0.489
-8.542	-0.446
-8.313	-0.432
-7.971	-0.340
-7.770	-0.198
-7.627	-0.098
-7.509	0.123
-7.588	0.296
-7.661	0.456
-7.946	0.680
-8.077	0.765
-8.198	0.843
-8.332	0.900
-8.458	0.970
-8.476	0.980
-8.486	1.008
-8.487	1.027
-8.492	1.080
-8.463	1.157
-8.436	1.195
-8.172	1.569
-7.897	1.934
-7.628	2.304
POLYLINE BLUE
0.972	7.813
1.034	7.771
POLYLINE BLUE
-7.977	2.217
-7.743	2.387
-7.827	2.345
-7.496	2.473
-7.416	2.503
-7.373	2.431
-7.397	2.361
-7.456	2.189
-7.521	2.021
-7.583	1.850
POLYLINE BLUE
8.179	-6.121
6.785	-7.708
7.452	-6.948
6.145	-8.441
POLYLINE BLUE
6.265	-7.815
6.201	-7.943
6.131	-8.067
6.073	-8.198
6.041	-8.271
5.973	-8.456
6.136	-8.411
6.265	-8.375
6.377	-8.341
6.489	-8.269
6.554	-8.226
6.614	-8.177
6.677	-8.131
POLYLINE BLUE
6.879	-4.392
7.535	-4.294
8.185	-4.135
8.848	-4.098
9.894	-4.039
10.943	-4.079
11.990	-4.106
12.469	-4.119
12.946	-4.290
13.304	-4.610
13.477	-4.764
13.510	-5.113
13.305	-5.257
13.202	-5.329
13.059	-5.362
12.945	-5.381
11.509	-5.621
11.680	-5.559
10.137	-5.622
9.454	-5.649
8.772	-5.700
8.089	-5.707
7.888	-5.709
7.450	-5.664
7.222	-5.562
6.987	-5.458
6.279	-5.128
6.410	-4.718
6.462	-4.553
6.697	-4.471
6.820	-4.393
6.879	-4.355
6.889	-4.331
6.930	-4.276
POLYLINE BLUE
15.607	-27.451
17.136	-27.343
18.663	-27.196
20.194	-27.127
20.539	-27.112
20.884	-27.158
21.227	-27.199
21.378	-27.217
21.652	-27.266
21.826	-27.356
21.937	-27.413
21.975	-27.527
21.987	-27.645
22.002	-27.800
21.961	-27.948
21.824	-28.042
21.281	-28.416
20.813	-28.559
20.115	-28.777
19.864	-28.856
19.604	-28.908
19.343	-28.934
18.323	-29.039
17.640	-29.108
16.694	-28.945
16.363	-28.888
15.778	-28.717
15.535	-28.434
15.431	-28.313
15.215	-28.140
15.259	-27.941
15.277	-27.863
15.329	-27.781
15.389	-27.730
15.688	-27.478
15.762	-27.456
16.109	-27.313
POLYLINE BLUE
17.407	-29.126
16.683	-29.519
16.954	-29.337
16.560	-29.618
POLYLINE BLUE
16.594	-29.281
16.542	-29.343
16.488	-29.403
16.438	-29.467
16.338	-29.596
16.561	-29.627
16.639	-29.607
16.740	-29.582
16.838	-29.547
16.937	-29.517
POLYLINE BLUE
14.055	-29.557
14.106	-29.650
14.139	-29.744
14.214	-29.817
14.238	-29.839
14.292	-29.879
14.325	-29.888
14.728	-29.991
14.814	-30.035
15.141	-30.037
15.218	-30.038
15.294	-30.024
15.371	-30.030
15.604	-30.046
15.792	-30.115
16.013	-30.078
16.247	-30.039
16.456	-29.855
16.706	-29.965
16.829	-30.019
16.947	-30.082
17.064	-30.145
17.297	-30.271
17.507	-30.444
17.755	-30.534
18.220	-30.704
18.729	-30.802
19.227	-30.805
POLYLINE BLUE
16.533	-31.433
18.513	-32.055
17.182	-31.574
18.537	-32.169
18.587	-32.191
18.788	-32.199
18.798	-32.199
POLYLINE BLUE
12.021	-29.628
12.528	-29.666
13.034	-29.704
13.541	-29.741
13.621	-29.763
13.704	-29.776
13.781	-29.806
13.894	-29.850
14.001	-29.909
14.111	-29.960
14.200	-30.002
14.285	-30.052
14.377	-30.084
14.516	-30.131
14.658	-30.171
14.802	-30.196
15.236	-30.271
15.946	-30.243
16.307	-30.228
16.645	-30.214
16.500	-30.154
16.780	-30.195
17.105	-30.241
17.728	-30.642
17.791	-30.668
18.034	-30.770
18.284	-30.861
18.543	-30.909
18.824	-30.928
19.104	-30.946
19.385	-30.965
19.398	-30.974
19.426	-30.976
19.424	-30.992
19.421	-31.013
19.393	-31.021
19.375	-31.032
19.335	-31.057
19.291	-31.074
19.252	-31.099
19.164	-31.156
19.142	-31.211
19.057	-31.287
19.009	-31.331
18.952	-31.363
18.903	-31.406
18.753	-31.536
18.982	-31.909
18.793	-32.001
18.712	-32.040
18.577	-32.019
18.502	-32.004
18.412	-31.988
18.299	-31.956
18.216	-31.908
17.962	-31.759
17.935	-31.698
17.689	-31.626
17.471	-31.563
17.249	-31.517
17.032	-31.454
16.707	-31.359
16.748	-31.322
16.471	-31.299
16.190	-31.276
15.903	-31.297
15.626	-31.244
15.119	-31.147
14.375	-30.741
13.945	-30.559
13.751	-30.477
13.548	-30.415
13.351	-30.341
13.306	-30.324
13.264	-30.299
13.218	-30.287
13.106	-30.257
12.986	-30.256
12.878	-30.214
12.564	-30.090
12.264	-29.933
11.959	-29.789
11.736	-29.684
11.993	-29.774
11.711	-29.687
POLYLINE BLUE
18.621	-31.731
18.641	-31.619
18.664	-31.507
18.680	-31.394
18.719	-31.131
18.300	-31.411
18.288	-31.417
18.257	-31.433
18.168	-31.491
18.197	-31.471
18.308	-31.395
18.429	-31.332
18.534	-31.247
18.549	-31.235
18.495	-31.244
18.476	-31.247
18.420	-31.258
18.366	-31.279
18.310	-31.291
18.287	-31.296
18.248	-31.295
18.224	-31.287
18.110	-31.244
18.273	-31.036
18.095	-31.043
18.069	-31.044
18.043	-31.048
18.017	-31.053
17.985	-31.060
17.698	-31.173
17.787	-31.008
17.808	-30.969
17.836	-30.935
17.857	-30.897
17.876	-30.860
17.851	-30.845
17.817	-30.849
17.800	-30.851
17.782	-30.855
17.766	-30.861
17.633	-30.914
17.503	-30.977
17.369	-31.028
17.354	-31.034
17.299	-31.048
17.275	-31.032
17.225	-30.999
17.340	-30.861
17.327	-30.806
17.299	-30.696
16.998	-30.901
16.964	-30.802
16.948	-30.755
17.105	-30.553
16.956	-30.592
16.909	-30.605
16.861	-30.619
16.816	-30.637
16.708	-30.680
16.604	-30.732
16.496	-30.774
16.472	-30.783
16.445	-30.787
16.419	-30.790
16.255	-30.807
16.484	-30.554
16.407	-30.522
16.347	-30.497
16.128	-30.624
16.136	-30.602
16.163	-30.519
16.281	-30.502
16.350	-30.448
16.354	-30.444
16.360	-30.432
16.355	-30.431
16.341	-30.427
16.327	-30.436
16.313	-30.439
16.132	-30.533
15.948	-30.622
15.769	-30.721
15.636	-30.796
15.517	-30.896
15.378	-30.961
15.344	-30.978
15.424	-30.900
15.450	-30.872
15.577	-30.742
15.706	-30.615
15.830	-30.484
15.832	-30.482
15.896	-30.417
15.854	-30.406
15.845	-30.403
15.835	-30.401
15.826	-30.404
15.621	-30.474
15.417	-30.547
15.214	-30.623
15.168	-30.640
15.126	-30.667
15.079	-30.682
15.040	-30.695
15.037	-30.664
15.045	-30.637
15.053	-30.611
15.067	-30.587
15.079	-30.563
15.100	-30.521
15.127	-30.480
15.146	-30.436
15.222	-30.259
14.822	-30.324
14.805	-30.323
14.748	-30.322
14.678	-30.299
14.643	-30.251
14.622	-30.222
14.620	-30.190
14.607	-30.158
14.587	-30.107
14.522	-30.089
14.473	-30.092
14.314	-30.102
14.155	-30.208
14.005	-30.177
13.916	-30.159
13.925	-30.087
13.914	-30.016
13.901	-29.932
13.799	-29.924
13.733	-29.942
13.614	-29.974
13.497	-30.016
13.377	-30.050
13.365	-30.053
13.333	-30.054
13.319	-30.048
13.284	-30.032
13.332	-29.965
13.333	-29.942
13.338	-29.864
13.216	-29.875
13.172	-29.865
13.142	-29.857
13.108	-29.839
13.084	-29.819
13.026	-29.771
13.003	-29.698
12.941	-29.654
12.916	-29.637
12.877	-29.625
12.847	-29.628
12.822	-29.630
12.747	-29.635
12.772	-29.639
12.916	-29.664
12.965	-29.610
13.078	-29.711
13.181	-29.803
13.191	-29.909
13.329	-29.976
13.555	-30.086
13.824	-30.037
14.051	-30.144
14.190	-30.209
14.268	-30.343
14.400	-30.413
14.496	-30.464
14.610	-30.471
14.700	-30.530
14.804	-30.599
14.764	-30.709
14.833	-30.743
14.880	-30.767
14.932	-30.747
14.980	-30.738
15.140	-30.707
15.147	-30.697
15.310	-30.707
15.347	-30.709
15.428	-30.719
15.447	-30.765
15.462	-30.801
15.390	-30.884
15.461	-30.881
15.476	-30.881
15.490	-30.878
15.504	-30.874
15.611	-30.841
15.714	-30.796
15.823	-30.768
15.949	-30.735
16.065	-30.739
16.193	-30.756
16.232	-30.760
16.337	-30.785
16.311	-30.850
16.306	-30.863
16.271	-30.907
16.271	-30.922
16.270	-30.929
16.281	-30.935
16.288	-30.935
16.306	-30.936
16.324	-30.929
16.342	-30.924
16.541	-30.863
16.619	-30.791
16.479	-30.936
16.450	-30.966
16.416	-30.991
16.389	-31.022
16.382	-31.030
16.373	-31.041
16.378	-31.050
16.383	-31.059
16.397	-31.056
16.407	-31.055
16.456	-31.050
16.504	-31.036
16.553	-31.034
16.645	-31.030
16.722	-31.029
16.805	-31.060
16.906	-31.099
16.912	-31.207
17.031	-31.223
17.179	-31.242
17.251	-31.210
17.431	-31.211
17.491	-31.211
17.549	-31.221
17.607	-31.232
17.652	-31.241
17.832	-31.276
17.811	-31.369
17.806	-31.388
17.766	-31.432
17.793	-31.451
17.812	-31.464
17.860	-31.456
17.876	-31.454
17.945	-31.441
18.013	-31.421
18.083	-31.410
18.126	-31.403
18.187	-31.411
18.216	-31.450
18.234	-31.473
18.232	-31.505
18.257	-31.524
18.301	-31.559
18.383	-31.517
18.419	-31.494
18.542	-31.413
18.659	-31.325
18.781	-31.243
18.783	-31.241
18.786	-31.245
18.786	-31.247
18.786	-31.253
18.781	-31.259
18.779	-31.265
18.699	-31.382
18.616	-31.497
18.539	-31.616
18.531	-31.629
18.527	-31.643
18.524	-31.658
18.517	-31.712
18.584	-31.676
18.602	-31.676
18.613	-31.676
18.623	-31.684
18.632	-31.690
18.664	-31.715
18.694	-31.744
18.724	-31.771
POLYLINE BLUE
-7.943	14.631
-7.235	14.755
-6.536	14.944
-5.819	15.004
-5.163	15.059
-4.499	15.029
-3.843	14.974
-3.421	14.940
-3.010	14.824
-2.596	14.737
-2.552	14.728
-2.511	14.708
-2.473	14.687
-2.335	14.609
-2.139	14.472
-2.093	14.310
-2.013	14.028
-2.271	13.781
-2.492	13.658
-2.544	13.629
-2.597	13.597
-2.656	13.586
-4.474	13.263
-5.092	13.398
-7.447	13.466
-7.527	13.468
-7.905	13.487
-8.051	13.601
-8.183	13.703
-8.242	13.877
-8.302	14.022
-8.342	14.116
-8.370	14.244
-8.295	14.330
-8.083	14.570
-8.175	14.490
-7.916	14.639
POLYLINE BLUE
-6.855	13.424
-7.110	13.253
-7.431	12.895
-7.787	12.844
-7.913	12.826
-8.355	12.669
-8.574	12.804
POLYLINE BLUE
-8.285	13.075
-8.466	13.019
-8.646	12.963
-8.827	12.907
-8.830	12.897
-8.840	12.887
-8.838	12.876
-8.809	12.759
-8.363	12.592
-8.258	12.548

ELEVATION
STATIONS
0.000	0.000	0
-6.746	-3.119	1
-8.336	-4.530	2
-9.090	-4.985	3
-6.241	-8.531	4
-12.993	-11.967	5
-19.104	-7.100	6
-23.155	-4.328	7
-23.650	-3.038	8
-31.135	1.505	9
0.695	0.095	0.1
7.618	-11.196	0.2
11.197	-14.276	0.3
13.441	-18.134	0.4
17.054	-14.865	0.5
10.453	-20.682	0.4.1
7.834	-21.245	0.4.2
9.663	-25.036	0.4.3
11.536	-26.874	0.4.4
18.888	-27.085	0.4.5
11.167	-19.870	0.4.0.1
11.922	-19.880	0.4.0.2
3.040	-24.280	0.4.0.3
1.306	-25.367	0.4.0.4
1.742	-26.580	0.4.0.5
2.630	-26.237	0.4.0.6
-1.282	-27.954	0.4.0.7
-3.417	-28.238	0.4.0.8
-4.997	-28.561	0.4.0.9
-5.380	-29.605	0.4.0.10
SHOTS
0.000	0.000	-3.182	-0.563
0.000	0.000	-0.729	-0.379
0.000	0.000	0.481	-0.410
0.000	0.000	1.588	-0.563
0.000	0.000	2.362	-0.640
0.000	0.000	3.473	-0.648
0.000	0.000	3.572	-0.188
0.000	0.000	5.206	0.213
0.000	0.000	5.733	0.509
0.000	0.000	-4.915	0.223
0.000	0.000	-5.309	-0.250
0.000	0.000	-6.746	-3.119
-6.746	-3.119	-8.336	-4.530
-8.336	-4.530	-9.090	-4.985
-9.090	-4.985	-7.899	-4.980
-9.090	-4.985	-8.911	-4.074
-9.090	-4.985	-8.871	-6.590
-9.090	-4.985	-6.735	-6.401
-9.090	-4.985	-8.681	-6.575
-9.090	-4.985	-6.241	-8.531
-6.241	-8.531	-7.730	-8.568
-6.241	-8.531	-9.267	-8.557
-6.241	-8.531	-8.999	-8.536
-6.241	-8.531	-8.486	-9.365
-6.241	-8.531	-7.632	-9.279
-6.241	-8.531	-6.288	-8.636
-6.241	-8.531	-9.039	-5.099
-6.241	-8.531	-9.343	-6.286
-6.241	-8.531	-10.678	-7.378
-6.241	-8.531	-6.134	-9.159
-6.241	-8.531	-12.993	-11.967
-12.993	-11.967	-12.889	-11.963
-12.993	-11.967	-11.655	-11.960
-12.993	-11.967	-8.764	-11.869
-12.993	-11.967	-9.264	-11.978
-12.993	-11.967	-8.869	-11.918
-12.993	-11.967	-8.868	-11.892
-12.993	-11.967	-11.205	-11.909
-12.993	-11.967	-10.894	-14.928
-12.993	-11.967	-13.061	-13.573
-12.993	-11.967	-13.027	-8.981
-12.993	-11.967	-14.584	-9.810
-12.993	-11.967	-17.447	-7.848
-12.993	-11.967	-19.452	-6.608
-12.993	-11.967	-20.553	-5.963
-12.993	-11.967	-19.104	-7.100
-19.104	-7.100	-25.226	-2.223
-19.104	-7.100	-19.309	-7.014
-19.104	-7.100	-19.230	-6.567
-19.104	-7.100	-19.121	-8.045
-19.104	-7.100	-19.591	-7.248
-19.104	-7.100	-22.162	-7.697
-19.104	-7.100	-21.070	-7.546
-19.104	-7.100	-20.994	-6.696
-19.104	-7.100	-23.155	-4.328
-23.155	-4.328	-22.061	-4.343
-23.155	-4.328	-23.259	-4.293
-23.155	-4.328	-23.067	-3.119
-23.155	-4.328	-23.176	-5.357
-23.155	-4.328	-23.650	-3.038
-23.650	-3.038	-31.135	1.505
0.000	0.000	0.695	0.095
0.695	0.095	1.252	-0.003
0.695	0.095	1.865	-0.723
0.695	0.095	3.818	-2.950
0.695	0.095	1.174	-3.388
0.695	0.095	0.527	-0.736
0.695	0.095	5.790	-5.683
0.695	0.095	3.903	-7.270
0.695	0.095	5.761	-4.925
0.695	0.095	6.999	-11.778
0.695	0.095	6.024	-8.046
0.695	0.095	6.170	-7.575
0.695	0.095	4.532	-7.131
0.695	0.095	2.233	-3.178
0.695	0.095	7.618	-11.196
7.618	-11.196	11.197	-14.276
11.197	-14.276	8.464	-10.652
11.197	-14.276	6.368	-10.934
11.197	-14.276	8.995	-13.460
11.197	-14.276	9.613	-14.106
11.197	-14.276	10.906	-13.564
11.197	-14.276	10.662	-15.662
11.197	-14.276	10.193	-12.078
11.197	-14.276	10.437	-17.151
11.197	-14.276	12.826	-16.803
11.197	-14.276	14.403	-10.097
11.197	-14.276	10.950	-12.775
11.197	-14.276	11.561	-12.488
11.197	-14.276	12.140	-11.471
11.197	-14.276	13.074	-10.976
11.197	-14.276	13.441	-18.134
13.441	-18.134	13.863	-18.062
13.441	-18.134	12.607	-18.063
13.441	-18.134	10.868	-19.209
13.441	-18.134	9.713	-18.291
13.441	-18.134	8.146	-18.459
13.441	-18.134	8.506	-18.589
13.441	-18.134	11.214	-18.364
13.441	-18.134	11.183	-17.853
13.441	-18.134	12.893	-16.521
13.441	-18.134	12.030	-14.417
13.441	-18.134	12.574	-19.910
13.441	-18.134	10.268	-21.169
13.441	-18.134	15.410	-17.346
13.441	-18.134	15.786	-17.067
13.441	-18.134	13.540	-17.170
13.441	-18.134	15.182	-15.962
13.441	-18.134	15.792	-16.116
13.441	-18.134	10.920	-20.129
13.441	-18.134	12.417	-19.002
13.441	-18.134	11.209	-19.611
13.441	-18.134	17.054	-14.865
17.054	-14.865	17.399	-14.700
17.054	-14.865	16.419	-14.469
17.054	-14.865	15.048	-14.068
17.054	-14.865	14.998	-14.322
17.054	-14.865	14.879	-14.405
17.054	-14.865	14.795	-14.876
17.054	-14.865	16.332	-14.922
17.054	-14.865	17.495	-14.170
17.054	-14.865	17.234	-16.138
17.054	-14.865	22.455	-14.787
17.054	-14.865	18.433	-14.767
17.054	-14.865	18.142	-14.634
13.441	-18.134	10.453	-20.682
10.453	-20.682	8.786	-20.523
10.453	-20.682	7.962	-19.820
10.453	-20.682	8.377	-19.574
10.453	-20.682	8.499	-19.428
10.453	-20.682	9.868	-19.310
10.453	-20.682	10.736	-19.905
10.453	-20.682	11.162	-20.526
10.453	-20.682	11.596	-20.346
10.453	-20.682	9.616	-18.436
10.453	-20.682	9.942	-17.527
10.453	-20.682	8.783	-17.950
10.453	-20.682	10.575	-21.791
10.453	-20.682	11.213	-21.467
10.453	-20.682	9.020	-20.706
10.453	-20.682	9.979	-20.441
10.453	-20.682	7.834	-21.245
7.834	-21.245	9.607	-21.212
7.834	-21.245	8.330	-21.080
7.834	-21.245	7.622	-21.532
7.834	-21.245	6.552	-23.436
7.834	-21.245	7.497	-22.470
7.834	-21.245	7.772	-24.632
7.834	-21.245	10.019	-24.719
7.834	-21.245	9.286	-23.605
7.834	-21.245	9.753	-26.521
7.834	-21.245	8.550	-19.972
7.834	-21.245	9.446	-21.229
7.834	-21.245	8.900	-21.391
7.834	-21.245	9.663	-25.036
9.663	-25.036	9.105	-25.087
9.663	-25.036	8.745	-25.617
9.663	-25.036	10.467	-25.073
9.663	-25.036	9.578	-23.340
9.663	-25.036	9.766	-26.302
9.663	-25.036	11.536	-26.874
11.536	-26.874	12.066	-26.605
11.536	-26.874	11.268	-25.816
11.536	-26.874	13.787	-26.868
11.536	-26.874	14.047	-26.948
11.536	-26.874	15.783	-27.144
11.536	-26.874	14.874	-27.236
11.536	-26.874	12.757	-27.104
11.536	-26.874	12.319	-26.877
11.536	-26.874	11.612	-27.328
11.536	-26.874	11.877	-24.866
11.536	-26.874	20.012	-27.258
11.536	-26.874	20.078	-27.178
11.536	-26.874	18.888	-27.085
18.888	-27.085	27.279	-27.369
18.888	-27.085	26.218	-27.302
13.441	-18.134	11.167	-19.870
11.167	-19.870	12.845	-19.784
11.167	-19.870	12.013	-19.894
11.167	-19.870	10.966	-20.191
11.167	-19.870	10.248	-20.468
11.167	-19.870	10.776	-20.104
11.167	-19.870	11.649	-15.757
11.167	-19.870	11.011	-17.848
11.167	-19.870	10.581	-18.649
11.167	-19.870	10.991	-21.082
11.167	-19.870	10.699	-21.506
11.167	-19.870	11.922	-19.880
11.922	-19.880	10.439	-19.943
11.922	-19.880	9.357	-20.123
11.922	-19.880	10.076	-18.225
11.922	-19.880	8.972	-19.238
11.922	-19.880	6.325	-20.467
11.922	-19.880	9.827	-20.554
11.922	-19.880	9.125	-20.591
11.922	-19.880	8.348	-21.224
11.922	-19.880	10.895	-21.405
11.922	-19.880	9.446	-22.223
11.922	-19.880	6.903	-23.152
11.922	-19.880	3.040	-24.280
3.040	-24.280	6.260	-22.416
3.040	-24.280	7.617	-21.545
3.040	-24.280	3.667	-23.913
3.040	-24.280	5.253	-22.870
3.040	-24.280	4.237	-23.415
3.040	-24.280	5.904	-22.751
3.040	-24.280	2.538	-22.692
3.040	-24.280	3.540	-22.823
3.040	-24.280	3.214	-26.057
3.040	-24.280	1.268	-25.367
3.040	-24.280	0.045	-26.237
3.040	-24.280	1.590	-25.865
3.040	-24.280	2.719	-24.976
3.040	-24.280	3.499	-24.349
3.040	-24.280	1.306	-25.367
1.306	-25.367	4.029	-25.017
1.306	-25.367	4.245	-26.400
1.306	-25.367	3.220	-26.905
1.306	-25.367	0.958	-26.748
1.306	-25.367	0.063	-25.704
1.306	-25.367	-0.426	-25.575
1.306	-25.367	0.157	-25.373
1.306	-25.367	1.057	-24.767
1.306	-25.367	0.594	-27.371
1.306	-25.367	1.742	-26.580
1.742	-26.580	4.690	-24.930
1.742	-26.580	3.888	-26.465
1.742	-26.580	5.126	-24.679
1.742	-26.580	4.535	-24.622
1.742	-26.580	2.824	-26.146
1.742	-26.580	2.077	-25.876
1.742	-26.580	1.855	-27.345
1.742	-26.580	2.081	-26.243
1.742	-26.580	2.630	-26.237
2.630	-26.237	5.573	-23.347
2.630	-26.237	4.235	-25.425
2.630	-26.237	5.585	-24.332
2.630	-26.237	5.178	-24.528
2.630	-26.237	1.919	-26.196
2.630	-26.237	2.394	-24.967
2.630	-26.237	1.902	-27.352
2.630	-26.237	-1.282	-27.954
-1.282	-27.954	2.154	-26.455
-1.282	-27.954	1.161	-27.002
-1.282	-27.954	0.153	-27.465
-1.282	-27.954	0.014	-27.546
-1.282	-27.954	-2.350	-26.942
-1.282	-27.954	-3.553	-27.691
-1.282	-27.954	-3.540	-27.831
-1.282	-27.954	-2.056	-27.950
-1.282	-27.954	-1.107	-27.905
-1.282	-27.954	-0.694	-28.007
-1.282	-27.954	-1.315	-27.404
-1.282	-27.954	-2.580	-27.264
-1.282	-27.954	-1.133	-28.625
-1.282	-27.954	-3.417	-28.238
-3.417	-28.238	-2.976	-28.258
-3.417	-28.238	-3.535	-28.362
-3.417	-28.238	-3.679	-28.285
-3.417	-28.238	-4.420	-28.634
-3.417	-28.238	-4.180	-28.327
-3.417	-28.238	-4.373	-28.491
-3.417	-28.238	-3.393	-27.408
-3.417	-28.238	-3.782	-28.770
-3.417	-28.238	-4.997	-28.561
-4.997	-28.561	-6.896	-27.702
-4.997	-28.561	-5.494	-28.124
-4.997	-28.561	-4.748	-27.423
-4.997	-28.561	-3.772	-27.148
-4.997	-28.561	-3.695	-28.113
-4.997	-28.561	-4.186	-28.337
-4.997	-28.561	-4.967	-27.013
-4.997	-28.561	-6.026	-29.779
-4.997	-28.561	-4.853	-29.414
-4.997	-28.561	-5.380	-29.605
-5.380	-29.605	-6.679	-29.617
-5.380	-29.605	-5.326	-29.685
-5.380	-29.605	-6.714	-29.584
-5.380	-29.605	-6.703	-29.674
-5.380	-29.605	-6.865	-29.674
-5.380	-29.605	-6.828	-29.743
-5.380	-29.605	-9.833	-29.632

