TRIP
DATE 2025-08-18
DECLINATION 0.0
DATA
0		275.05	2.43	11.191	>
0		275.08	2.65	11.058	>
0		275.15	2.64	11.067	>
0	1	275.09	2.58	11.105	>
1		187.85	-9.83	7.669	>
1		187.91	-9.91	7.666	>
1		187.86	-9.87	7.668	>
1	2	187.87	-9.87	7.668	>
2		104.83	-18.05	2.885	>
2		104.73	-18.05	2.881	>
2		104.69	-17.97	2.883	>
2	3	104.75	-18.02	2.883	>
3		203.82	-25.97	2.189	>
3		32.88	-44.36	1.645	>
3		280.26	-25.24	0.759	>
3		220.01	-14.88	1.820	>
3		348.02	-13.74	2.120	>
3		107.41	-68.48	2.502	>
3		107.84	-68.49	2.545	>
3		108.42	-68.52	2.509	>
3		21.20	3.08	1.089	>
3		113.35	82.51	1.337	>
3		103.44	-58.76	0.742	>
3		208.19	13.11	4.608	>
3		76.37	-18.37	3.925	>
3		76.42	-18.28	3.906	>
3		76.35	-18.24	3.905	>
3	4	76.38	-18.30	3.912	>
4		334.37	36.39	4.406	>
4		272.42	27.90	2.482	>
4		227.63	15.51	2.568	>
4		202.55	-7.06	4.950	>
4		170.70	-1.53	2.261	>
4		71.64	8.07	2.262	>
4		112.87	-6.59	3.022	>
4		146.40	-6.19	2.878	>
4		127.49	-13.46	4.700	>
4		117.49	-13.15	6.106	>
4		218.87	79.48	3.719	>
4		179.34	-39.98	0.729	>
4		115.07	-14.82	6.283	>
4		114.97	-14.71	6.300	>
4		114.97	-14.70	6.297	>
4	5	115.00	-14.74	6.293	>
5		15.25	3.70	3.488	>
5		338.35	14.52	2.256	>
5		37.73	-1.71	3.302	>
5		52.29	-3.63	2.537	>
5		344.95	61.23	1.495	>
5		353.91	-79.23	0.670	>
5		97.85	-17.10	3.767	>
5		98.14	-17.24	3.761	>
5		98.02	-17.20	3.760	>
5	6	98.00	-17.18	3.763	>
6		205.38	1.39	1.118	>
6		20.75	12.00	1.744	>
6		73.17	80.50	2.387	>
6		42.42	60.46	1.822	>
6		196.45	62.33	1.914	>
6		24.24	-33.38	0.727	>
6		97.66	1.26	4.887	>
6		97.78	1.30	4.907	>
6		215.54	-27.04	7.511	>
6		215.67	-27.04	7.522	>
6		215.54	-27.05	7.515	>
6	7	97.73	1.23	4.898	>
7		198.02	11.40	3.523	>
7		177.29	44.60	4.588	>
7		171.72	60.39	4.437	>
7		160.03	73.58	1.692	>
7		5.70	-67.43	0.837	>
7		180.85	-71.65	1.472	>
7		267.54	6.33	5.187	>
7		256.81	10.28	2.890	>
7		231.82	8.87	2.205	>
7		210.58	12.33	2.612	>
7		310.26	3.82	3.449	>
7		330.16	3.35	1.215	>
7		100.05	-0.37	6.388	>
7		100.04	-0.32	6.384	>
7		100.00	-0.36	6.395	>
7	8	100.03	-0.35	6.389	>
8		289.17	1.55	3.975	>
8		301.34	6.99	2.751	>
8		315.42	10.51	2.011	>
8		335.07	12.74	1.731	>
8		352.19	8.80	2.205	>
8		195.95	77.20	1.935	>
8		331.91	70.09	2.173	>
8		350.35	53.05	1.943	>
8		270.58	5.87	4.075	>
8		261.12	9.94	1.924	>
8		66.24	13.46	4.689	>
8		86.06	16.71	4.864	>
8		57.11	9.52	3.205	>
8		35.28	8.65	2.668	>
8		21.07	11.38	2.986	>
8		355.64	10.59	2.174	>
8		96.78	44.30	3.755	>
8		66.25	38.45	3.530	>
8		73.81	15.85	5.485	>
8		73.72	15.86	5.489	>
8		73.81	15.80	5.518	>
8	9	73.78	15.84	5.497	>
9		114.67	16.12	1.644	>
9		110.90	11.09	2.418	>
9		132.34	13.63	2.181	>
9		200.23	6.45	1.190	>
9		188.76	17.72	1.372	>
9		132.20	51.03	1.277	>
9		158.70	46.65	1.931	>
9		153.07	25.78	5.541	>
9		153.15	25.66	5.538	>
9		153.16	25.68	5.537	>
9	10	153.13	25.71	5.539	>
10		334.06	7.48	3.028	>
10		10.74	-1.13	3.200	>
10		248.97	17.53	2.531	>
10		204.68	50.08	1.220	>
10		204.84	49.98	1.232	>
10		204.88	50.17	1.231	>
10	11	204.80	50.08	1.228	>
11		290.65	46.70	4.227	>
11		290.65	46.83	4.221	>
11		290.53	46.71	4.224	>
11	12	290.61	46.75	4.224	>
12		97.73	1.14	4.900	>
12		215.91	-27.11	7.524	>
12		215.84	-27.05	7.517	>
12		215.88	-27.05	7.519	>
6	6.1	215.58	-27.04	7.516	>
6.1		302.78	-16.34	0.608	>
6.1		246.83	77.02	0.992	>
6.1		290.93	-66.84	1.043	>
6.1		211.35	-22.46	3.601	>
6.1		211.44	-22.49	3.579	>
6.1		211.43	-22.47	3.597	>
6.1	6.2	211.41	-22.47	3.592	>
6.2		127.83	-12.67	0.846	>
6.2		120.97	49.84	0.710	>
6.2		155.52	-47.08	0.666	>
6.2		196.20	-18.95	2.206	>
6.2		196.23	-18.85	2.207	>
6.2		196.08	-18.84	2.207	>
6.2	6.3	196.17	-18.88	2.207	>
6.3		315.76	3.32	1.511	>
6.3		284.52	56.73	0.521	>
6.3		282.45	2.09	1.003	>
6.3		341.08	23.83	0.680	>
6.3		240.92	14.78	1.571	>
6.3		241.08	14.77	1.571	>
6.3		240.81	14.52	1.577	>
6.3	6.4	240.94	14.69	1.573	>
6.4		121.12	4.26	1.028	>
6.4		119.50	37.89	1.393	>
6.4		136.64	63.72	0.776	>
6.4		89.95	-74.52	0.511	>
6.4		185.33	12.79	4.132	>
6.4		185.31	12.92	4.144	>
6.4		185.32	12.88	4.134	>
6.4	6.5	185.32	12.86	4.137	>
6.5		31.25	5.34	1.694	>
6.5		59.33	-6.20	0.934	>
6.5		82.53	86.18	2.039	>
6.5		37.94	-80.06	2.505	>
6.5		234.57	60.16	2.289	>
6.5		181.72	21.92	2.599	>
6.5		252.73	30.92	2.631	>
6.5		102.65	-21.71	2.287	>
6.5		139.40	-14.90	2.276	>
6.5		156.06	2.44	2.981	>
6.5		113.03	-19.72	3.947	>
6.5		36.66	-4.67	2.763	>
6.5		19.89	-5.97	1.791	>
6.5		0.64	0.23	1.765	>
6.5		125.01	-21.99	6.469	>
6.5		125.02	-22.08	6.456	>
6.5		125.08	-22.22	6.445	>
6.5		296.32	-8.06	3.386	>
6.5		295.96	-8.01	3.386	>
6.5		296.22	-8.13	3.381	>
6.5	6.6	125.04	-22.10	6.457	>
6.6		4.72	6.16	0.843	>
6.6		8.11	56.96	0.833	>
6.6		35.53	-81.96	1.920	>
6.6		65.38	-18.57	4.841	>
6.6		65.46	-18.57	4.841	>
6.6		65.36	-18.57	4.845	>
6.6	6.7	65.40	-18.57	4.842	>
6.7		120.68	-8.73	0.811	>
6.7		122.61	-80.76	0.988	>
6.7		291.78	7.12	0.334	>
6.7		108.69	88.61	1.316	>
6.7		33.59	-6.30	2.088	>
6.7		33.84	-6.25	2.094	>
6.7		33.98	-6.05	2.102	>
6.7	6.8	33.80	-6.20	2.095	>
6.8		344.51	8.30	2.035	>
6.8		38.70	6.10	2.234	>
6.8		60.98	0.46	3.141	>
6.8		87.79	7.31	1.266	>
6.8		304.65	-14.12	2.395	>
6.8		277.45	-13.44	2.413	>
6.8		20.11	-68.89	2.490	>
6.8		20.43	-68.91	2.501	>
6.8		20.49	-68.90	2.509	>
6.8	6.9	20.34	-68.90	2.500	>
6.9		196.29	31.51	1.635	>
6.9		206.79	57.19	1.872	>
6.9		246.49	37.68	2.845	>
6.9		149.11	82.46	3.104	>
6.9		29.10	-46.89	0.846	>
6.9		146.38	-68.92	0.569	>
6.9		127.44	-10.40	2.262	>
6.9		115.87	-4.98	3.081	>
6.9		96.64	-19.47	2.045	>
6.9		111.25	-16.72	5.309	>
6.9		111.31	-16.57	5.301	>
6.9		111.21	-16.70	5.298	>
6.9	6.10	111.26	-16.66	5.303	>
6.10		9.98	14.11	0.744	>
6.10		33.10	74.06	0.906	>
6.10		39.01	-57.26	1.064	>
6.10		69.82	-14.47	1.999	>
6.10		91.96	-26.74	1.471	>
6.10		86.87	-20.49	5.822	>
6.10		87.15	-20.53	5.791	>
6.10		87.40	-20.52	5.786	>
6.10	6.11	87.14	-20.51	5.800	>
6.11		323.07	12.81	0.644	>
6.11		351.18	76.39	1.229	>
6.11		118.26	45.55	1.616	>
6.11		321.07	-71.66	0.703	>
6.11		21.55	15.40	2.261	>
6.11		8.90	10.28	2.412	>
6.11		341.20	16.86	1.678	>
6.11		357.46	2.57	3.056	>
6.11		357.39	2.55	3.057	>
6.11		357.52	2.38	3.056	>
6.11	6.12	357.46	2.50	3.056	>
6.12		282.30	17.64	2.109	>
6.12		282.24	17.65	2.104	>
6.12		282.15	17.66	2.104	>
6.12		242.10	3.49	0.852	>
6.12		225.90	57.13	0.814	>
6.12		259.01	-74.27	0.751	>
6.12		281.99	18.38	2.108	>
6.12		281.84	18.54	2.109	>
6.12		281.89	18.52	2.105	>
6.12	6.13	281.91	18.48	2.107	>
6.13		84.85	-0.66	0.818	>
6.13		78.77	46.36	0.707	>
6.13		106.30	-71.16	1.242	>
6.13		60.62	-0.46	3.766	>
6.13		60.84	-0.62	3.769	>
6.13		60.96	-0.70	3.768	>
6.13	6.14	60.81	-0.59	3.768	>
6.14		229.74	4.02	2.044	>
6.14		236.48	2.20	0.768	>
6.14		172.12	3.66	0.801	>
6.14		182.72	42.90	0.547	>
6.14		175.69	-49.09	1.514	>
6.14		120.62	-26.00	3.696	>
6.14		120.77	-26.16	3.705	>
6.14		120.73	-26.13	3.706	>
6.14	6.15	120.71	-26.10	3.702	>
6.15		248.26	5.86	0.834	>
6.15		247.48	-27.09	1.374	>
6.15		244.41	-65.56	0.966	>
6.15		248.63	64.28	0.557	>
6.15		204.14	-8.76	1.993	>
6.15		190.47	-9.35	3.116	>
6.15		175.50	-13.35	1.407	>
6.15		176.52	-4.48	2.332	>
6.15		182.07	-16.51	3.966	>
6.15		182.15	-16.57	3.972	>
6.15		182.17	-16.51	3.979	>
6.15	6.16	182.13	-16.53	3.972	>
6.16		47.74	0.46	1.708	>
6.16		79.09	65.56	1.165	>
6.16		102.18	-63.68	1.345	>
6.16		99.64	2.54	3.162	>
6.16		116.03	6.07	1.836	>
6.16		108.15	22.97	2.877	>
6.16		106.18	-1.35	3.703	>
6.16		106.08	-1.44	3.688	>
6.16		106.10	-1.35	3.692	>
6.16	6.17	106.12	-1.38	3.694	>
6.17		212.96	5.50	0.802	>
6.17		198.46	54.57	0.537	>
6.17		200.92	-82.95	1.363	>
6.17		131.65	-2.82	1.431	>
6.17		188.54	1.85	2.667	>
6.17		172.15	1.67	2.835	>
6.17		153.64	10.70	2.771	>
6.17		153.72	10.93	2.771	>
6.17		153.62	10.75	2.771	>
6.17	6.18	153.66	10.79	2.771	>
6.18		2.69	0.94	0.648	>
6.18		354.14	61.16	0.738	>
6.18		26.46	-59.97	2.030	>
6.18		176.63	-54.14	0.697	>
6.18		90.42	-8.82	4.898	>
6.18		90.47	-8.92	4.891	>
6.18		90.46	-9.03	4.882	>
6.18		287.01	15.17	3.510	>
6.18		286.63	15.29	3.507	>
6.18		286.13	15.20	3.502	>
6.18	6.19	90.45	-8.92	4.890	>
6.19		283.73	7.18	3.519	>
6.19		291.81	7.33	2.073	>
6.19		266.06	8.78	2.486	>
6.19		247.53	12.89	2.108	>
6.19		202.01	5.93	1.612	>
6.19		225.94	48.04	1.696	>
6.19		18.05	-59.97	0.784	>
6.19		84.01	-5.89	2.722	>
6.19		83.70	-6.00	2.717	>
6.19		83.45	-5.87	2.722	>
6.19	6.20	83.72	-5.92	2.720	>
6.20		194.47	3.24	1.310	>
6.20		160.37	3.91	1.649	>
6.20		110.35	5.58	0.634	>
6.20		201.36	60.96	0.857	>
6.20		149.52	3.60	4.099	>
6.20		155.70	2.96	1.609	>
6.20		143.71	-0.73	1.110	>
6.20		284.09	15.37	3.521	>
6.20		283.65	15.30	3.517	>
6.20		283.58	15.34	3.522	>
6.18	6.18.1	286.59	15.22	3.506	>
6.18.1		180.34	-2.10	0.986	>
6.18.1		69.73	15.91	1.133	>
6.18.1		86.24	-0.73	1.752	>
6.18.1		108.61	-1.77	2.209	>
6.18.1		121.90	5.35	1.819	>
6.18.1		137.43	18.47	1.020	>
6.18.1		61.81	-15.68	0.593	>
6.18.1		155.78	74.70	1.020	>
6.18.1		247.72	-83.10	2.270	>
6.18.1		218.87	1.59	2.047	>
6.18.1		205.03	1.28	1.663	>
6.18.1		234.56	4.74	2.529	>
6.18.1		244.82	10.03	3.625	>
6.18.1		256.84	11.33	3.021	>
6.18.1		267.17	8.51	1.974	>
6.18.1		276.23	4.41	1.385	>
6.18.1		242.50	-33.35	3.162	>
6.18.1		240.53	44.51	4.857	>
6.18.1		237.62	54.87	3.662	>
6.18.1		233.30	37.51	5.380	>
6.18.1		238.09	23.04	4.405	>
6.18.1		249.33	24.06	4.192	>
6.18.1		252.94	29.44	5.201	>
6.18.1		237.40	28.31	5.077	>
6.18.1		244.87	31.27	7.348	>
6.18.1		248.30	31.42	6.712	>
6.18.1		248.25	31.46	6.706	>
6.18.1		248.21	31.41	6.740	>
6.18.1	6.18.2	248.26	31.43	6.719	>
6.18.2		321.89	11.73	0.279	>
6.18.2		256.52	21.83	1.040	>
6.18.2		247.68	22.99	2.969	>
6.18.2		233.16	20.31	3.908	>
6.18.2		210.75	11.12	1.235	>
6.18.2		117.11	-19.76	1.004	>
6.18.2		125.04	-12.70	2.059	>
6.18.2		156.81	-3.64	1.856	>
6.18.2		166.93	0.41	2.114	>
6.18.2		178.97	9.15	2.810	>
6.18.2		179.12	9.34	2.805	>
6.18.2		179.36	9.42	2.805	>
6.18.2	6.18.3	179.15	9.30	2.807	>
6.18.3		55.12	15.30	0.985	>
6.18.3		54.06	50.29	1.466	>
6.18.3		14.19	-60.04	1.212	>
6.18.3		204.97	5.28	1.069	>
6.18.3		127.81	-8.52	0.835	>
6.18.3		104.55	-5.76	0.837	>
6.18.3		77.59	11.55	1.525	>
6.18.3		94.45	10.30	2.826	>
6.18.3		90.99	13.13	1.868	>
6.18.3		99.87	13.00	3.062	>
6.18.3		99.92	12.84	3.044	>
6.18.3		100.02	12.73	3.043	>
6.18.3	6.18.4	99.94	12.86	3.050	>
6.18.4		227.48	3.18	0.498	>
6.18.4		223.73	-43.47	1.476	>
6.18.4		244.39	48.58	0.357	>
6.18.4		245.18	-76.87	1.268	>
6.18.4		160.68	6.10	1.398	>
6.18.4		143.66	1.88	2.063	>
6.18.4		148.38	7.88	3.715	>
6.18.4		154.81	13.17	4.362	>
6.18.4		154.52	13.24	4.364	>
6.18.4		154.89	13.20	4.367	>
6.18.4	6.18.5	154.74	13.20	4.364	>
6.18.5		209.26	1.94	0.695	>
6.18.5		180.40	58.97	0.683	>
6.18.5		127.97	-79.09	1.385	>
6.18.5		272.34	10.21	6.068	>
6.18.5		272.14	13.07	5.113	>
6.18.5		271.86	13.12	5.116	>
6.18.5		272.13	13.21	5.106	>
6.18.5	6.18.6	272.04	13.14	5.112	>
6.18.6		159.68	6.59	0.928	>
6.18.6		171.52	65.03	0.791	>
6.18.6		184.31	-75.02	0.864	>
6.18.6		100.28	-8.81	1.109	>
6.18.6		78.60	-9.01	2.205	>
6.18.6		226.58	14.88	1.333	>
6.18.6		205.61	18.91	1.512	>
6.18.6		195.84	24.33	2.119	>
6.18.6		204.87	32.15	4.104	>
6.18.6		205.07	32.12	4.108	>
6.18.6		205.08	32.12	4.083	>
6.18.6	6.18.7	205.00	32.13	4.098	>
6.18.7		330.28	-11.34	1.369	>
6.18.7		311.31	61.92	1.064	>
6.18.7		323.98	-81.64	0.930	>
6.18.7		272.56	20.09	3.937	>
6.18.7		295.29	17.41	3.197	>
6.18.7		305.29	1.66	4.108	>
6.18.7		316.30	-3.25	1.379	>
6.18.7		303.30	5.50	4.045	>
6.18.7		303.52	5.60	4.040	>
6.18.7		303.43	5.41	4.059	>
6.18.7	6.18.8	303.42	5.50	4.048	>
6.18.8		184.78	-9.52	0.605	>
6.18.8		336.90	19.57	1.534	>
6.18.8		303.37	72.60	1.113	>
6.18.8		147.53	-76.02	0.809	>
6.18.8		279.46	6.46	2.436	>
6.18.8		279.54	6.41	2.444	>
6.18.8		279.58	6.34	2.436	>
6.18.8	6.18.9	279.53	6.40	2.439	>
6.18.9		244.87	17.79	0.636	>
6.18.9		209.70	70.16	0.578	>
6.18.9		201.91	-81.52	0.690	>
6.18.9		151.66	15.89	0.589	>
6.18.9		184.14	22.97	1.569	>
6.18.9		184.76	22.75	1.587	>
6.18.9		184.37	22.76	1.566	>
6.18.9		324.09	1.81	0.887	>
6.18.9		307.03	54.61	1.045	>
6.18.9		305.26	-66.20	0.713	>
6.18.9		286.48	32.26	2.151	>
6.18.9		286.55	32.72	2.144	>
6.18.9		286.47	32.61	2.145	>
6.18.9	6.18.10	286.50	32.53	2.147	>
6.18.10		192.88	12.67	0.571	>
6.18.10		220.72	62.60	0.893	>
6.18.10		207.34	-77.93	0.984	>
6.18.10		233.09	25.71	4.815	>
6.18.10		232.98	25.60	4.713	>
6.18.10		232.70	25.71	4.814	>
6.18.10		232.98	25.72	4.815	>
6.18.10		232.84	25.80	4.817	>
6.18.10	6.18.11	232.84	25.74	4.815	>
6.18.11		50.33	-18.64	2.508	>
6.18.11		63.18	-19.59	2.036	>
6.18.11		38.02	-11.53	1.047	>
6.18.11		79.23	-13.47	0.639	>
6.18.11		20.81	-11.33	0.563	>
6.18.11		13.16	58.14	0.494	>
6.18.11		39.06	-61.20	1.406	>
6.18.11		321.66	0.30	2.300	>
6.18.11		321.59	0.24	2.288	>
6.18.11		321.71	0.31	2.300	>
6.18.11	6.18.12	321.65	0.29	2.296	>
6.18.12		212.35	6.80	1.172	>
6.18.12		213.65	68.13	0.955	>
6.18.12		307.20	-72.87	0.618	>
6.18.12		294.32	29.90	2.687	>
6.18.12		294.08	29.99	2.676	>
6.18.12		294.01	30.11	2.686	>
6.18.12	6.18.13	294.14	30.00	2.683	>
6.18.13		202.88	11.61	0.751	>
6.18.13		242.81	15.85	2.329	>
6.18.13		256.90	27.48	3.444	>
6.18.13		270.25	29.45	1.242	>
6.18.13		35.12	1.73	0.550	>
6.18.13		231.16	-18.85	1.073	>
6.18.13		330.52	7.14	2.422	>
6.18.13		290.10	13.96	1.985	>
6.18.13		302.18	22.16	4.518	>
6.18.13		301.77	22.04	4.464	>
6.18.13		302.00	22.17	4.430	>
6.5	6.5.1	296.17	-8.07	3.384	>
6.5.1		76.33	20.29	3.600	>
6.5.1		65.33	20.89	1.386	>
6.5.1		111.81	10.04	2.454	>
6.5.1		146.43	11.82	1.148	>
6.5.1		118.13	50.18	1.351	>
6.5.1		138.91	-52.29	1.769	>
6.5.1		233.61	-6.56	3.083	>
6.5.1		194.93	-6.84	2.265	>
6.5.1		208.45	13.23	2.687	>
6.5.1		202.77	8.49	4.904	>
6.5.1		246.07	-7.06	1.365	>
6.5.1		203.85	-18.92	5.158	>
6.5.1		204.32	-19.05	5.120	>
6.5.1		203.64	-19.04	5.102	>
6.5.1	6.5.2	203.93	-19.01	5.127	>
6.5.2		204.10	-18.97	5.111	>
6.5.2		28.51	-16.78	3.329	>
6.5.2		41.32	14.66	3.047	>
6.5.2		36.15	70.54	3.639	>
6.5.2		110.70	-3.77	2.290	>
6.5.2		332.62	-85.27	1.548	>
6.5.2		282.38	-42.95	2.086	>
6.5.2		151.91	-7.36	2.908	>
6.5.2		155.63	-20.09	4.979	>
6.5.2		206.24	-20.92	2.750	>
6.5.2		185.04	-12.73	2.716	>
6.5.2		185.02	-12.63	2.715	>
6.5.2		184.66	-12.67	2.709	>
6.5.2	6.5.3	184.91	-12.67	2.713	>
6.5.3		276.81	-3.31	0.849	>
6.5.3		86.78	8.59	1.789	>
6.5.3		191.10	-82.95	2.546	>
6.5.3		358.03	65.72	1.848	>
6.5.3		220.70	-15.36	2.338	>
6.5.3		213.21	-21.82	1.221	>
6.5.3		212.56	-22.65	4.203	>
6.5.3		211.68	-37.22	5.976	>
6.5.3		211.49	-37.34	5.964	>
6.5.3		211.57	-37.40	5.980	>
6.5.3		343.33	2.70	2.997	>
6.5.3		301.89	12.28	1.970	>
6.5.3		331.11	15.86	4.115	>
6.5.3		331.03	15.80	4.114	>
6.5.3		330.90	15.78	4.116	>
6.5.3	6.5.4	211.58	-37.32	5.973	>
6.5.4		119.40	14.53	1.419	>
6.5.4		82.78	75.42	0.746	>
6.5.4		135.30	-57.92	1.478	>
6.5.4		178.79	-13.65	2.743	>
6.5.4		164.37	-15.36	2.390	>
6.5.4		179.29	-27.59	2.561	>
6.5.4		179.06	-27.94	2.560	>
6.5.4		179.10	-28.00	2.560	>
6.5.4	6.5.5	179.15	-27.84	2.560	>
6.5.5		324.04	28.36	1.342	>
6.5.5		180.67	61.58	0.675	>
6.5.5		311.61	58.88	0.876	>
6.5.5		319.45	-64.98	0.390	>
6.5.5		282.08	2.53	2.601	>
6.5.5		282.11	2.76	2.607	>
6.5.5		282.24	2.70	2.611	>
6.5.5	6.5.6	282.14	2.66	2.606	>
6.5.6		20.53	25.74	0.886	>
6.5.6		195.39	3.77	0.915	>
6.5.6		211.67	61.04	1.126	>
6.5.6		219.52	-44.14	0.411	>
6.5.6		284.77	29.29	6.833	>
6.5.6		263.64	27.83	2.268	>
6.5.6		272.66	31.06	3.421	>
6.5.6		280.56	33.22	4.637	>
6.5.6		286.68	28.50	3.112	>
6.5.6		285.87	29.72	6.830	>
6.5.6		285.89	29.70	6.835	>
6.5.6		285.67	29.66	6.827	>
6.5.6	6.5.7	285.81	29.69	6.831	>
6.5.7		178.31	-11.66	2.728	>
6.5.3	6.5.3.1	331.01	15.81	4.115	>
6.5.3.1		243.74	-0.89	0.891	>
6.5.3.1		70.54	-3.53	0.751	>
6.5.3.1		309.64	81.94	2.296	>
6.5.3.1		193.41	-63.67	1.232	>
6.5.3.1		309.42	43.28	4.882	>
6.5.3.1		309.38	43.30	4.884	>
6.5.3.1		309.36	43.28	4.897	>
6.5.3.1	6.5.3.2	309.39	43.29	4.888	>
6.5.3.2		111.99	-4.08	2.453	>
6.5.3.2		108.53	-28.27	3.671	>
6.5.3.2		98.48	-26.92	2.142	>
6.5.3.2		130.69	-20.28	1.565	>
6.5.3.2		109.99	-46.53	4.360	>
6.5.3.2		85.75	16.81	3.378	>
6.5.3.2		58.78	27.65	2.969	>
6.5.3.2		40.37	23.87	4.643	>
6.5.3.2		190.05	9.30	1.094	>
6.5.3.2		192.10	9.68	1.103	>
6.5.3.2		219.90	13.40	1.538	>
6.5.3.2		229.74	12.07	5.806	>
6.5.3.2		109.50	-13.80	2.461	>
6.5.3.2		137.20	-15.01	1.573	>
6.5.3.2		281.65	28.65	4.424	>
6.5.3.2		316.74	36.12	2.711	>
6.5.3.2		347.05	40.46	3.304	>
6.5.3.2		351.95	46.38	4.501	>
6.5.3.2		351.74	46.25	4.487	>
6.5.3.2		351.77	46.35	4.490	>
6.5.3.2		262.67	5.71	3.925	>
6.5.3.2		262.45	5.60	3.916	>
6.5.3.2		262.44	5.52	3.913	>
6.5.3.2	6.5.3.3	351.82	46.32	4.493	>
6.5.3.3		104.12	-2.33	2.696	>
6.5.3.3		83.24	-1.11	3.305	>
6.5.3.3		74.03	-0.44	5.663	>
6.5.3.3		52.56	5.20	6.370	>
6.5.3.3		171.26	-0.96	1.151	>
6.5.3.3		334.80	18.83	3.950	>
6.5.3.3		353.88	18.98	5.577	>
6.5.3.3		3.27	19.53	7.772	>
6.5.3.3		63.65	69.87	1.942	>
6.5.3.3		56.70	34.42	2.707	>
6.5.3.3		313.52	-83.04	0.951	>
6.5.3.3		66.17	-33.45	2.441	>
6.5.3.3		75.05	-17.78	0.307	>
6.5.3.3		29.72	27.56	10.375	>
6.5.3.3		29.95	27.55	10.374	>
6.5.3.3		30.07	27.56	10.400	>
6.5.3.3	6.5.3.4	29.91	27.56	10.383	>
6.5.3.4		233.28	2.88	1.371	>
6.5.3.4		205.97	5.61	2.349	>
6.5.3.4		297.44	46.77	7.075	>
6.5.3.4		160.71	-84.13	2.905	>
6.5.3.4		176.48	-47.80	5.012	>
6.5.3.4		96.27	-38.03	4.282	>
6.5.3.4		71.55	-28.98	3.650	>
6.5.3.4		39.41	-6.76	6.163	>
6.5.3.4		54.37	-41.33	3.588	>
6.5.3.4		6.55	15.12	6.685	>
6.5.3.4		6.72	15.18	6.684	>
6.5.3.4		6.71	15.21	6.682	>
6.5.3.4	6.5.3.5	6.66	15.17	6.684	>
6.5.3.5		215.93	-11.39	7.701	>
6.5.3.5		215.85	-11.34	7.692	>
6.5.3.5		215.85	-11.45	7.708	>
6.5.3.5	6.5.3.6	215.88	-11.39	7.700	>
6.5.3.2	6.5.3.2.1	262.52	5.61	3.918	>
6.5.3.2.1		141.39	2.13	2.998	>
6.5.3.2.1		174.47	11.96	2.036	>
6.5.3.2.1		103.58	8.57	2.818	>
6.5.3.2.1		33.34	28.48	3.161	>
6.5.3.2.1		358.07	37.71	2.020	>
6.5.3.2.1		338.10	43.49	2.757	>
6.5.3.2.1		232.89	23.75	1.523	>
6.5.3.2.1		254.64	33.95	2.679	>
6.5.3.2.1		258.05	36.15	5.060	>
6.5.3.2.1		274.37	29.92	4.763	>
6.5.3.2.1		320.52	35.83	4.798	>
6.5.3.2.1		292.96	78.50	5.577	>
6.5.3.2.1		95.75	78.31	6.277	>
6.5.3.2.1		54.83	61.77	5.208	>
6.5.3.2.1		221.81	-76.88	0.924	>
6.5.3.2.1		170.08	20.03	8.736	>
6.5.3.2.1		169.85	20.25	8.734	>
6.5.3.2.1		169.79	20.14	8.731	>
6.5.3.2.1		313.37	36.76	4.764	>
6.5.3.2.1		313.19	36.97	4.772	>
6.5.3.2.1		313.17	36.92	4.772	>
6.5.3.2.1	6.5.3.2.2	169.91	20.14	8.734	>
6.5.3.2.1	6.5.3.2.1.1	313.24	36.88	4.769	>
6.5.3.2.1.1		186.69	4.66	5.238	>
6.5.3.2.1.1		191.64	-30.04	3.176	>
6.5.3.2.1.1		199.67	-60.40	2.384	>
6.5.3.2.1.1		159.63	-4.88	3.838	>
6.5.3.2.1.1		74.42	5.08	1.690	>
6.5.3.2.1.1		98.67	-3.86	2.501	>
6.5.3.2.1.1		196.76	44.14	2.061	>
6.5.3.2.1.1		143.29	68.59	2.549	>
6.5.3.2.1.1		144.32	43.99	3.462	>
6.5.3.2.1.1		236.95	-1.82	7.461	>
6.5.3.2.1.1		245.31	11.05	4.004	>
6.5.3.2.1.1		281.79	9.90	4.192	>
6.5.3.2.1.1		303.10	13.05	2.322	>
6.5.3.2.1.1		17.22	18.31	1.032	>
6.5.3.2.1.1		275.36	20.17	4.601	>
6.5.3.2.1.1		275.09	20.30	4.598	>
6.5.3.2.1.1		274.94	20.23	4.595	>
6.5.3.2.1.1	6.5.3.2.1.2	275.13	20.23	4.598	>
6.5.3.2.1.2		180.63	-1.15	2.405	>
6.5.3.2.1.2		179.57	-37.58	3.578	>
6.5.3.2.1.2		37.43	-78.17	2.083	>
6.5.3.2.1.2		32.39	-2.68	0.952	>
6.5.3.2.1.2		173.62	36.80	1.307	>
6.5.3.2.1.2		233.03	23.43	4.962	>
6.5.3.2.1.2		232.97	23.37	4.972	>
6.5.3.2.1.2		232.75	23.27	4.953	>
6.5.3.2.1.2	6.5.3.2.1.3	232.91	23.36	4.962	>
6.5.3.2.1.3		17.47	-9.65	2.373	>
6.5.3.2.1.3		39.47	-15.68	3.994	>
6.5.3.2.1.3		53.46	-21.28	4.537	>
6.5.3.2.1.3		336.76	16.94	2.306	>
6.5.3.2.1.3		78.00	-10.94	2.523	>
6.5.3.2.1.3		109.90	-10.38	1.866	>
6.5.3.2.1.3		133.59	-33.59	3.147	>
6.5.3.2.1.3		170.28	-9.43	3.240	>
6.5.3.2.1.3		194.58	-4.00	4.371	>
6.5.3.2.1.3		281.47	53.19	3.169	>
6.5.3.2.1.3		42.14	-76.43	2.390	>
6.5.3.2.1.3		293.57	28.34	5.093	>
6.5.3.2.1.3		268.85	32.23	7.130	>
6.5.3.2.1.3		251.94	30.54	6.471	>
6.5.3.2.1.3		242.04	15.99	3.926	>
6.5.3.2.1.3		275.81	19.74	4.687	>
6.5.3.2.1.3		278.28	3.94	2.703	>
6.5.3.2.1.3		265.54	40.47	5.927	>
6.5.3.2.1.3		191.16	7.21	4.265	>
6.5.3.2.1.3		217.89	10.90	4.745	>
6.5.3.2.1.3		223.41	6.37	3.418	>
6.5.3.2.1.3		223.39	6.44	3.418	>
6.5.3.2.1.3		223.47	6.37	3.419	>
6.5.3.2.1.3	6.5.3.2.1.4	223.42	6.39	3.418	>
6.5.3.2.1.4		135.48	4.52	2.307	>
6.5.3.2.1.4		151.62	-62.73	0.741	>
6.5.3.2.1.4		138.89	49.45	0.827	>
6.5.3.2.1.4		158.89	38.61	3.080	>
6.5.3.2.1.4		176.90	44.70	3.685	>
6.5.3.2.1.4		184.87	44.80	1.727	>
6.5.3.2.1.4		168.29	44.47	10.576	>
6.5.3.2.1.4		168.12	44.46	10.549	>
6.5.3.2.1.4		168.26	44.38	10.566	>
6.5.3.2.1.4	6.5.3.2.1.5	168.22	44.44	10.564	>
6.5.3.2.1.5		4.18	-44.81	7.110	>
6.5.3.2.1.5		354.69	-45.58	5.895	>
6.5.3.2.1.5		8.40	-45.29	6.862	>
6.5.3.2.1.5		350.52	-43.74	5.029	>
6.5.3.2.1.5		350.83	-14.46	4.234	>
6.5.3.2.1.5		255.82	-12.23	5.183	>
6.5.3.2.1.5		330.22	-30.03	4.056	>
6.5.3.2.1.5		112.19	-84.34	2.133	>
6.5.3.2.1.5		85.84	-35.12	2.815	>
6.5.3.2.1.5		151.56	-33.51	2.700	>
6.5.3.2.1.5		86.80	-35.83	2.824	>
6.5.3.2.1.5		85.14	-38.00	2.728	>
6.5.3.2.1.5		152.55	-34.58	2.671	>
6.5.3.2.1.5		82.97	0.71	3.208	>
6.5.3.2.1.5		103.51	-17.19	2.648	>
6.5.3.2.1.5		115.89	-18.57	5.466	>
6.5.3.2.1.5		115.53	-18.63	5.458	>
6.5.3.2.1.5		115.76	-18.74	5.472	>
6.5.3.2.1.5		280.41	-2.89	6.419	>
6.5.3.2.1.5		280.31	-2.94	6.420	>
6.5.3.2.1.5		280.26	-2.98	6.425	>
6.5.3.2.1.5	6.5.3.2.1.6	115.73	-18.64	5.465	>
6.5.3.2.1.6		276.27	4.35	3.138	>
6.5.3.2.1.6		315.38	4.18	2.978	>
6.5.3.2.1.6		228.80	17.08	2.310	>
6.5.3.2.1.6		186.61	16.59	2.424	>
6.5.3.2.1.6		169.91	14.32	3.945	>
6.5.3.2.1.6		151.87	12.32	7.371	>
6.5.3.2.1.6		143.87	9.11	6.524	>
6.5.3.2.1.6		132.61	4.80	5.041	>
6.5.3.2.1.6		111.47	3.30	5.041	>
6.5.3.2.1.6		86.17	-2.54	6.939	>
6.5.3.2.1.6		67.25	-1.02	5.411	>
6.5.3.2.1.6		38.23	-3.32	4.416	>
6.5.3.2.1.6		12.00	0.04	3.398	>
6.5.3.2.1.6		346.49	0.24	3.694	>
6.5.3.2.1.6		26.97	31.12	2.886	>
6.5.3.2.1.6		93.63	64.82	1.413	>
6.5.3.2.1.6		160.04	35.01	1.767	>
6.5.3.2.1.6		161.19	21.32	5.503	>
6.5.3.2.1.6		346.60	-76.46	0.963	>
6.5.3.2.1.6		58.35	-28.48	7.413	>
6.5.3.2.1.6		92.37	-6.53	7.665	>
6.5.3.2.1.6		92.46	-6.54	7.673	>
6.5.3.2.1.6		92.35	-6.53	7.668	>
6.5.3.2.1.6		146.58	10.76	4.960	>
6.5.3.2.1.6		146.66	10.83	4.943	>
6.5.3.2.1.6		146.76	10.80	4.968	>
6.5.3.2.1.6	6.5.3.2.1.7	92.39	-6.54	7.669	>
6.5.3.2.1.7		327.28	2.77	1.057	>
6.5.3.2.1.7		229.15	15.63	1.078	>
6.5.3.2.1.7		30.02	19.00	2.794	>
6.5.3.2.1.7		70.43	30.53	2.346	>
6.5.3.2.1.7		114.97	36.72	2.691	>
6.5.3.2.1.7		170.32	31.84	2.840	>
6.5.3.2.1.7		348.92	68.80	4.338	>
6.5.3.2.1.7		163.61	69.65	2.212	>
6.5.3.2.1.7		14.16	48.14	2.891	>
6.5.3.2.1.6	6.5.3.2.1.6.1	146.66	10.80	4.957	>
6.5.3.2.1.6.1		77.21	-0.85	0.778	>
6.5.3.2.1.6.1		235.69	2.91	1.438	>
6.5.3.2.1.6.1		50.44	-81.76	1.099	>
6.5.3.2.1.6.1		262.77	45.02	1.397	>
6.5.3.2.1.6.1		150.34	34.52	4.291	>
6.5.3.2.1.6.1		150.25	34.49	4.295	>
6.5.3.2.1.6.1		150.28	34.51	4.291	>
6.5.3.2.1.6.1	6.5.3.2.1.6.2	150.29	34.51	4.292	>
6.5.3.2.1.6.2		306.05	-28.98	2.090	>
6.5.3.2.1.6.2		308.30	-34.89	3.865	>
6.5.3.2.1.6.2		339.22	-33.26	2.614	>
6.5.3.2.1.6.2		353.67	-31.53	2.202	>
6.5.3.2.1.6.2		22.20	-20.51	2.382	>
6.5.3.2.1.6.2		46.11	-15.56	2.383	>
6.5.3.2.1.6.2		98.88	-11.90	1.956	>
6.5.3.2.1.6.2		190.87	-80.75	0.814	>
6.5.3.2.1.6.2		341.46	-60.45	2.255	>
6.5.3.2.1.6.2		279.28	12.31	2.277	>
6.5.3.2.1.6.2		279.23	12.23	2.280	>
6.5.3.2.1.6.2		279.23	12.27	2.279	>
6.5.3.2.1.6.2	6.5.3.2.1.6.3	279.25	12.27	2.279	>
6.5.3.2.1.6.3		233.47	35.55	3.060	>
6.5.3.2.1.6.3		220.93	31.42	2.516	>
6.5.3.2.1.6.3		211.23	30.72	3.448	>
6.5.3.2.1.6.3		192.48	29.78	4.309	>
6.5.3.2.1.6.3		178.31	28.88	2.950	>
6.5.3.2.1.6.3		135.90	-4.46	1.560	>
6.5.3.2.1.6.3		167.46	-58.10	0.655	>
6.5.3.2.1.6.3		197.05	30.86	0.939	>
6.5.3.2.1.6.3		160.81	19.16	3.086	>
6.5.3.2.1.6.3		160.83	19.41	3.107	>
6.5.3.2.1.6.3		160.80	19.35	3.107	>
6.5.3.2.1.6.3	6.5.3.2.1.6.4	160.81	19.31	3.100	>
6.5.3.2.1.6.4		54.34	0.49	1.482	>
6.5.3.2.1.6.4		107.48	27.16	2.450	>
6.5.3.2.1.6.4		172.62	39.84	1.437	>
6.5.3.2.1.6.4		214.24	39.36	1.618	>
6.5.3.2.1.6.4		139.31	30.81	3.758	>
6.5.3.2.1.6.4		138.92	30.83	3.726	>
6.5.3.2.1.6.4		138.76	30.47	3.717	>
6.5.3.2.1.6.4	6.5.3.2.1.6.5	139.00	30.70	3.734	>
6.5.3.2.1.5	6.5.3.2.1.5.1	280.33	-2.94	6.421	>
6.5.3.2.1.5.1		65.02	-0.64	8.571	>
6.5.3.2.1.5.1		60.17	-1.35	6.308	>
6.5.3.2.1.5.1		49.50	-0.24	8.325	>
6.5.3.2.1.5.1		27.38	2.10	6.690	>
6.5.3.2.1.5.1		6.93	10.68	6.234	>
6.5.3.2.1.5.1		352.66	16.05	8.353	>
6.5.3.2.1.5.1		115.20	-3.05	7.260	>
6.5.3.2.1.5.1		132.85	7.56	3.634	>
6.5.3.2.1.5.1		162.18	14.36	5.162	>
6.5.3.2.1.5.1		190.82	13.67	1.948	>
6.5.3.2.1.5.1		222.52	7.10	1.194	>
6.5.3.2.1.5.1		270.31	27.64	1.816	>
6.5.3.2.1.5.1		289.81	26.07	5.642	>
6.5.3.2.1.5.1		310.30	26.66	5.793	>
6.5.3.2.1.5.1		322.46	24.66	7.545	>
6.5.3.2.1.5.1		324.44	20.66	14.367	>
6.5.3.2.1.5.1		336.46	18.90	14.399	>
6.5.3.2.1.5.1		342.69	20.97	16.559	>
6.5.3.2.1.5.1		346.92	20.70	18.084	>
6.5.3.2.1.5.1		44.20	-34.27	5.242	>
6.5.3.2.1.5.1		32.97	-16.36	7.012	>
6.5.3.2.1.5.1		79.53	-67.56	1.929	>
6.5.3.2.1.5.1		138.49	9.91	3.510	>
6.5.3.2.1.5.1		156.20	6.32	3.237	>
6.5.3.2.1.5.1		150.48	5.82	9.633	>
6.5.3.2.1.5.1		150.45	5.94	9.635	>
6.5.3.2.1.5.1		150.45	5.82	9.637	>
6.5.3.2.1.5.1		309.98	24.01	5.835	>
6.5.3.2.1.5.1		322.08	22.18	7.719	>
6.5.3.2.1.5.1		325.95	19.58	13.999	>
6.5.3.2.1.5.1		336.42	19.48	14.743	>
6.5.3.2.1.5.1		273.09	26.52	7.130	>
6.5.3.2.1.5.1		273.08	26.56	7.127	>
6.5.3.2.1.5.1		273.06	26.49	7.123	>
6.5.3.2.1.5.1	6.5.3.2.1.5.2	150.46	5.86	9.635	>
6.5.3.2.1.5.2		349.54	0.25	2.749	>
6.5.3.2.1.5.2		339.80	-8.75	3.380	>
6.5.3.2.1.5.2		321.89	2.16	2.520	>
6.5.3.2.1.5.2		329.07	1.19	4.155	>
6.5.3.2.1.5.2		210.79	49.44	6.378	>
6.5.3.2.1.5.2		283.89	73.33	3.072	>
6.5.3.2.1.5.2		246.85	1.30	1.143	>
6.5.3.2.1.5.2		205.13	4.35	2.419	>
6.5.3.2.1.5.2		183.82	7.02	2.922	>
6.5.3.2.1.5.2		94.14	-40.20	2.290	>
6.5.3.2.1.5.2		147.24	-54.04	3.853	>
6.5.3.2.1.5.2		195.00	-44.23	3.066	>
6.5.3.2.1.5.2		47.32	-78.71	4.683	>
6.5.3.2.1.5.2		148.46	-74.25	5.243	>
6.5.3.2.1.5.2		186.55	-72.77	4.077	>
6.5.3.2.1.5.2		116.60	-62.16	7.258	>
6.5.3.2.1.5.2		151.24	-64.50	9.877	>
6.5.3.2.1.5.2		150.62	-64.57	9.515	>
6.5.3.2.1.5.2		151.05	-64.42	9.861	>
6.5.3.2.1.5.2		152.12	-64.65	9.058	>
6.5.3.2.1.5.2		151.27	-64.45	9.867	>
6.5.3.2.1.5.2		151.16	-64.40	9.837	>
6.5.3.2.1.5.2		151.19	-64.45	9.803	>
6.5.3.2.1.5.2	6.5.3.2.1.5.3	151.20	-64.43	9.836	>
6.5.3.2.1.5.3		150.99	-64.63	9.805	>
6.5.3.2.1.5.3		272.86	26.26	7.139	>
6.5.3.2.1.5.3		272.86	26.38	7.134	>
6.5.3.2.1.5.3		272.83	26.39	7.132	>
6.5.3.2.1.5.1	6.5.3.2.1.5.1.1	273.08	26.52	7.127	>
6.5.3.2.1.5.1.1		206.79	8.44	7.587	>
6.5.3.2.1.5.1.1		206.88	8.57	7.586	>
6.5.3.2.1.5.1.1		206.89	8.56	7.589	>
6.5.3.2.1.5.1.1		93.02	-23.97	4.979	>
6.5.3.2.1.5.1.1		116.74	-18.89	4.033	>
6.5.3.2.1.5.1.1		131.87	-20.52	4.992	>
6.5.3.2.1.5.1.1		147.91	-15.58	5.611	>
6.5.3.2.1.5.1.1		137.48	-12.85	5.468	>
6.5.3.2.1.5.1.1		137.54	-12.94	5.466	>
6.5.3.2.1.5.1.1		137.59	-12.94	5.467	>
6.5.3.2.1.5.1.1	6.5.3.2.1.5.1.2	206.85	8.53	7.587	>
6.5.3.2.1.5.1.2		204.81	-13.89	6.037	>
6.5.3.2.1.5.1.2		204.60	-14.17	6.042	>
6.5.3.2.1.5.1.2		204.81	-13.97	6.034	>
6.5.3.2.1.5.1.2	6.5.3.2.1.5.1.3	204.74	-14.01	6.038	>
6.5.3.2.1.5.1.1	6.5.3.2.1.5.1.1.1	137.54	-12.91	5.467	>
6.5.3.2.1.5.1.1.1		35.33	-2.18	0.886	>
6.5.3.2.1.5.1.1.1		210.70	81.85	2.021	>
6.5.3.2.1.5.1.1.1		119.61	-80.76	1.132	>
6.5.3.2.1.5.1.1.1		106.08	-28.75	4.825	>
6.5.3.2.1.5.1.1.1		106.17	-28.75	4.824	>
6.5.3.2.1.5.1.1.1		106.17	-28.76	4.827	>
6.5.3.2.1.5.1.1.1	6.5.3.2.1.5.1.1.2	106.14	-28.75	4.825	>
6.5.3.2.1.5.1.1.2		237.15	-21.02	1.286	>
6.5.3.2.1.5.1.1.2		176.49	42.11	1.554	>
6.5.3.2.1.5.1.1.2		259.43	-62.03	1.063	>
6.5.3.2.1.5.1.1.2		36.92	-36.85	1.178	>
6.5.3.2.1.5.1.1.2		220.53	-27.42	2.349	>
6.5.3.2.1.5.1.1.2		220.72	-27.46	2.365	>
6.5.3.2.1.5.1.1.2		220.59	-27.59	2.351	>
6.5.3.2.1.5.1.1.2	6.5.3.2.1.5.1.1.3	220.61	-27.49	2.355	>
6.5.3.2.1.5.1.1.3		304.03	11.66	1.603	>
6.5.3.2.1.5.1.1.3		297.21	53.54	0.547	>
6.5.3.2.1.5.1.1.3		301.85	-64.43	0.403	>
6.5.3.2.1.5.1.1.3		208.97	27.38	0.817	>
6.5.3.2.1.5.1.1.3		208.81	27.51	0.815	>
6.5.3.2.1.5.1.1.3		208.50	27.30	0.817	>
6.5.3.2.1.5.1.1.3	6.5.3.2.1.5.1.1.4	208.76	27.40	0.816	>
6.5.3.2.1.5.1.1.4		221.64	-16.41	1.727	>
6.5.3.2.1.5.1.1.4		103.67	-39.69	3.363	>
6.5.3.2.1.5.1.1.4		204.13	-69.30	1.554	>
6.5.3.2.1.5.1.1.4		133.65	-27.85	2.728	>
6.5.3.2.1.5.1.1.4		179.01	-33.15	1.834	>
6.5.3.2.1.5.1.1.4		161.15	-48.02	2.896	>
6.5.3.2.1.5.1.1.4		169.38	-42.75	5.026	>
6.5.3.2.1.5.1.1.4		169.28	-42.69	5.041	>
6.5.3.2.1.5.1.1.4		169.06	-42.78	5.045	>
6.5.3.2.1.5.1.1.4	6.5.3.2.1.5.1.1.5	169.24	-42.74	5.037	>
6.5.3.2.1.5.1.1.5		252.83	4.47	1.056	>
6.5.3.2.1.5.1.1.5		76.68	-1.38	1.701	>
6.5.3.2.1.5.1.1.5		141.11	-39.81	1.698	>
6.5.3.2.1.5.1.1.5		102.06	-34.46	4.035	>
6.5.3.2.1.5.1.1.5		164.12	-54.86	1.082	>
6.5.3.2.1.5.1.1.5		221.76	-0.24	2.658	>
6.5.3.2.1.5.1.1.5		221.72	-0.14	2.660	>
6.5.3.2.1.5.1.1.5		221.79	-0.25	2.661	>
6.5.3.2.1.5.1.1.5	6.5.3.2.1.5.1.1.6	221.76	-0.21	2.660	>
6.5.3.2.1.5.1.1.6		116.58	-1.26	2.540	>
6.5.3.2.1.5.1.1.6		82.41	1.41	2.014	>
6.5.3.2.1.5.1.1.6		199.63	-25.94	1.616	>
6.5.3.2.1.5.1.1.6		300.56	-37.74	0.558	>
6.5.3.2.1.5.1.1.6		95.61	37.07	2.856	>
6.5.3.2.1.5.1.1.6		46.75	35.52	2.442	>
6.5.3.2.1.5.1.1.6		345.15	36.14	3.731	>
6.5.3.2.1.5.1.1.6		345.64	36.00	3.753	>
6.5.3.2.1.5.1.1.6		345.65	35.79	3.759	>
6.5.3.2.1.5.1.1.6	6.5.3.2.1.5.1.1.7	345.48	35.98	3.748	>
6.5.3.2.1.5.1.1.7		286.00	14.01	1.826	>
6.5.3.2.1.5.1.1.7		208.16	-4.37	1.591	>
6.5.3.2.1.5.1.1.7		173.01	-17.46	1.328	>
6.5.3.2.1.5.1.1.7		212.76	-49.76	0.985	>
6.5.3.2.1.5.1.1.7		213.00	-13.69	5.298	>
6.5.3.2.1.5.1.1.7		213.13	-13.68	5.288	>
6.5.3.2.1.5.1.1.7		213.19	-13.62	5.295	>
6.5.3.2.1.5.1.1.7	6.5.3.2.1.5.1.1.8	213.11	-13.66	5.294	>
6.5.3.2.1.5.1.1.8		145.67	71.87	1.083	>
6.5.3.2.1.5.1.1.8		145.00	71.37	1.080	>
6.5.3.2.1.5.1.1.8		139.99	70.82	1.079	>
6.5.3.2.1.5.1.1.8		144.23	71.11	1.080	>
6.5.3.2.1.5.1.1.8		8.44	0.58	2.288	>
6.5.3.2.1.5.1.1.8		279.06	8.95	2.176	>
6.5.3.2.1.5.1.1.8		331.77	2.05	2.921	>
6.5.3.2.1.5.1.1.8		316.07	29.01	4.531	>
6.5.3.2.1.5.1.1.8		286.54	32.39	6.074	>
6.5.3.2.1.5.1.1.8		293.72	37.71	9.270	>
6.5.3.2.1.5.1.1.8		293.76	37.73	9.256	>
6.5.3.2.1.5.1.1.8		293.69	37.68	9.243	>
6.5.3.2.1.5.1.1.8	6.5.3.2.1.5.1.1.9	293.73	37.71	9.256	>

PLAN
STATIONS
0.000	0.000	0
-11.050	0.985	1
-12.085	-6.498	2
-9.434	-7.196	3
-5.824	-6.321	4
-0.308	-8.893	5
3.251	-9.394	6
8.104	-10.052	7
14.395	-11.165	8
19.473	-9.688	9
21.729	-14.139	10
21.398	-14.855	11
18.689	-13.836	12
-0.644	-14.838	6.1
-2.373	-17.671	6.2
-2.955	-19.677	6.3
-4.285	-20.416	6.4
-4.659	-24.431	6.5
0.239	-27.866	6.6
4.413	-25.955	6.7
5.571	-24.225	6.8
5.884	-23.381	6.9
10.618	-25.223	6.10
16.044	-24.952	6.11
15.908	-21.901	6.12
13.952	-21.489	6.13
17.241	-19.652	6.14
20.100	-21.349	6.15
19.959	-25.155	6.16
23.507	-26.180	6.17
24.714	-28.620	6.18
29.545	-28.658	6.19
32.235	-28.362	6.20
21.472	-27.654	6.18.1
16.146	-29.778	6.18.2
16.188	-32.547	6.18.3
19.116	-33.060	6.18.4
20.929	-36.903	6.18.5
15.955	-36.726	6.18.6
14.488	-39.871	6.18.7
11.124	-37.652	6.18.8
8.734	-37.251	6.18.9
6.999	-36.737	6.18.10
3.543	-39.357	6.18.11
2.118	-37.556	6.18.12
-0.002	-36.606	6.18.13
-7.667	-22.954	6.5.1
-9.633	-27.384	6.5.2
-9.859	-30.021	6.5.3
-12.347	-34.068	6.5.4
-12.313	-36.332	6.5.5
-14.859	-35.784	6.5.6
-20.568	-34.168	6.5.7
-11.778	-26.558	6.5.3.1
-14.528	-24.300	6.5.3.2
-14.969	-21.229	6.5.3.3
-10.379	-13.251	6.5.3.4
-9.630	-6.844	6.5.3.5
-14.054	-12.960	6.5.3.6
-18.394	-24.808	6.5.3.2.1
-16.957	-32.881	6.5.3.2.2
-21.173	-22.195	6.5.3.2.1.1
-25.470	-21.809	6.5.3.2.1.2
-29.104	-24.556	6.5.3.2.1.3
-31.439	-27.023	6.5.3.2.1.4
-29.899	-34.407	6.5.3.2.1.5
-25.234	-36.655	6.5.3.2.1.6
-17.622	-36.973	6.5.3.2.1.7
-22.558	-40.723	6.5.3.2.1.6.1
-20.805	-43.795	6.5.3.2.1.6.2
-23.003	-43.437	6.5.3.2.1.6.3
-22.042	-46.201	6.5.3.2.1.6.4
-19.935	-48.623	6.5.3.2.1.6.5
-36.208	-33.257	6.5.3.2.1.5.1
-31.483	-41.596	6.5.3.2.1.5.2
-29.439	-45.316	6.5.3.2.1.5.3
-42.576	-32.915	6.5.3.2.1.5.1.1
-45.965	-39.609	6.5.3.2.1.5.1.2
-48.417	-44.930	6.5.3.2.1.5.1.3
-38.979	-36.846	6.5.3.2.1.5.1.1.1
-34.915	-38.022	6.5.3.2.1.5.1.1.2
-36.275	-39.608	6.5.3.2.1.5.1.1.3
-36.624	-40.243	6.5.3.2.1.5.1.1.4
-35.933	-43.878	6.5.3.2.1.5.1.1.5
-37.704	-45.862	6.5.3.2.1.5.1.1.6
-38.465	-42.926	6.5.3.2.1.5.1.1.7
-41.275	-47.235	6.5.3.2.1.5.1.1.8
-47.979	-44.288	6.5.3.2.1.5.1.1.9
SHOTS
0.000	0.000	-11.050	0.985
-11.050	0.985	-12.085	-6.498
-12.085	-6.498	-9.434	-7.196
-9.434	-7.196	-10.229	-8.996
-9.434	-7.196	-8.795	-6.208
-9.434	-7.196	-10.110	-7.074
-9.434	-7.196	-10.565	-8.543
-9.434	-7.196	-9.861	-5.181
-9.434	-7.196	-8.558	-7.471
-9.434	-7.196	-8.546	-7.482
-9.434	-7.196	-8.562	-7.486
-9.434	-7.196	-9.041	-6.182
-9.434	-7.196	-9.274	-7.265
-9.434	-7.196	-9.060	-7.285
-9.434	-7.196	-11.554	-11.151
-9.434	-7.196	-5.824	-6.321
-5.824	-6.321	-7.358	-3.123
-5.824	-6.321	-8.016	-6.229
-5.824	-6.321	-7.652	-7.989
-5.824	-6.321	-7.708	-10.858
-5.824	-6.321	-5.459	-8.552
-5.824	-6.321	-3.699	-5.616
-5.824	-6.321	-3.058	-7.488
-5.824	-6.321	-4.241	-8.705
-5.824	-6.321	-2.197	-9.103
-5.824	-6.321	-0.549	-9.066
-5.824	-6.321	-6.250	-6.850
-5.824	-6.321	-5.818	-6.880
-5.824	-6.321	-0.308	-8.893
-0.308	-8.893	0.607	-5.535
-0.308	-8.893	-1.114	-6.864
-0.308	-8.893	1.712	-6.283
-0.308	-8.893	1.695	-7.345
-0.308	-8.893	-0.495	-8.199
-0.308	-8.893	-0.322	-8.769
-0.308	-8.893	3.251	-9.394
3.251	-9.394	2.772	-10.404
3.251	-9.394	3.856	-7.799
3.251	-9.394	3.628	-9.280
3.251	-9.394	3.857	-8.731
3.251	-9.394	3.000	-10.246
3.251	-9.394	3.501	-8.840
3.251	-9.394	8.104	-10.052
8.104	-10.052	7.035	-13.336
8.104	-10.052	8.259	-13.315
8.104	-10.052	8.420	-12.222
8.104	-10.052	8.267	-10.502
8.104	-10.052	8.136	-9.733
8.104	-10.052	8.097	-10.516
8.104	-10.052	2.953	-10.274
8.104	-10.052	5.335	-10.701
8.104	-10.052	6.391	-11.399
8.104	-10.052	6.806	-12.249
8.104	-10.052	5.478	-7.828
8.104	-10.052	7.500	-9.000
8.104	-10.052	14.395	-11.165
14.395	-11.165	10.642	-9.861
14.395	-11.165	12.063	-9.745
14.395	-11.165	13.007	-9.757
14.395	-11.165	13.683	-9.634
14.395	-11.165	14.099	-9.006
14.395	-11.165	14.277	-11.577
14.395	-11.165	14.047	-10.512
14.395	-11.165	14.199	-10.013
14.395	-11.165	10.342	-11.124
14.395	-11.165	12.523	-11.458
14.395	-11.165	18.569	-9.327
14.395	-11.165	19.043	-10.845
14.395	-11.165	17.049	-9.448
14.395	-11.165	15.918	-9.012
14.395	-11.165	15.448	-8.433
14.395	-11.165	14.233	-9.034
14.395	-11.165	17.064	-11.482
14.395	-11.165	16.926	-10.052
14.395	-11.165	19.473	-9.688
19.473	-9.688	20.908	-10.347
19.473	-9.688	21.690	-10.534
19.473	-9.688	21.040	-11.115
19.473	-9.688	19.064	-10.797
19.473	-9.688	19.274	-10.979
19.473	-9.688	20.068	-10.227
19.473	-9.688	19.955	-10.923
19.473	-9.688	21.729	-14.139
21.729	-14.139	20.416	-11.440
21.729	-14.139	22.325	-10.996
21.729	-14.139	19.476	-15.006
21.729	-14.139	21.398	-14.855
21.398	-14.855	18.689	-13.836
3.251	-9.394	-0.644	-14.838
-0.644	-14.838	-1.134	-14.522
-0.644	-14.838	-0.849	-14.926
-0.644	-14.838	-1.027	-14.692
-0.644	-14.838	-2.373	-17.671
-2.373	-17.671	-1.722	-18.178
-2.373	-17.671	-1.981	-17.907
-2.373	-17.671	-2.186	-18.084
-2.373	-17.671	-2.955	-19.677
-2.955	-19.677	-4.007	-18.596
-2.955	-19.677	-3.232	-19.605
-2.955	-19.677	-3.934	-19.461
-2.955	-19.677	-3.157	-19.088
-2.955	-19.677	-4.285	-20.416
-4.285	-20.416	-3.407	-20.946
-4.285	-20.416	-3.328	-20.957
-4.285	-20.416	-4.049	-20.666
-4.285	-20.416	-4.149	-20.416
-4.285	-20.416	-4.659	-24.431
-4.659	-24.431	-3.784	-22.989
-4.659	-24.431	-3.861	-23.958
-4.659	-24.431	-4.524	-24.414
-4.659	-24.431	-4.393	-24.090
-4.659	-24.431	-5.587	-25.092
-4.659	-24.431	-4.732	-26.841
-4.659	-24.431	-6.815	-25.101
-4.659	-24.431	-2.586	-24.897
-4.659	-24.431	-3.228	-26.101
-4.659	-24.431	-3.451	-27.153
-4.659	-24.431	-1.240	-25.885
-4.659	-24.431	-3.015	-22.222
-4.659	-24.431	-4.053	-22.756
-4.659	-24.431	-4.639	-22.666
-4.659	-24.431	0.239	-27.866
0.239	-27.866	0.308	-27.031
0.239	-27.866	0.303	-27.417
0.239	-27.866	0.395	-27.648
0.239	-27.866	4.413	-25.955
4.413	-25.955	5.102	-26.364
4.413	-25.955	4.546	-26.041
4.413	-25.955	4.105	-25.832
4.413	-25.955	4.443	-25.966
4.413	-25.955	5.571	-24.225
5.571	-24.225	5.033	-22.284
5.571	-24.225	6.960	-22.492
5.571	-24.225	8.318	-22.701
5.571	-24.225	6.826	-24.177
5.571	-24.225	3.660	-22.905
5.571	-24.225	3.244	-23.921
5.571	-24.225	5.884	-23.381
5.884	-23.381	5.493	-24.719
5.884	-23.381	5.427	-24.287
5.884	-23.381	3.819	-24.279
5.884	-23.381	6.093	-23.731
5.884	-23.381	6.165	-22.876
5.884	-23.381	5.997	-23.552
5.884	-23.381	7.650	-24.734
5.884	-23.381	8.646	-24.720
5.884	-23.381	7.799	-23.604
5.884	-23.381	10.618	-25.223
10.618	-25.223	10.743	-24.512
10.618	-25.223	10.754	-25.015
10.618	-25.223	10.981	-24.776
10.618	-25.223	12.435	-24.555
10.618	-25.223	11.931	-25.268
10.618	-25.223	16.044	-24.952
16.044	-24.952	15.666	-24.450
16.044	-24.952	15.999	-24.666
16.044	-24.952	17.040	-25.488
16.044	-24.952	15.905	-24.780
16.044	-24.952	16.844	-22.924
16.044	-24.952	16.411	-22.607
16.044	-24.952	15.526	-23.432
16.044	-24.952	15.908	-21.901
15.908	-21.901	15.157	-22.299
15.908	-21.901	15.591	-22.209
15.908	-21.901	15.708	-21.940
15.908	-21.901	13.952	-21.489
13.952	-21.489	14.767	-21.416
13.952	-21.489	14.431	-21.394
13.952	-21.489	14.337	-21.602
13.952	-21.489	17.241	-19.652
17.241	-19.652	15.685	-20.969
17.241	-19.652	16.602	-20.075
17.241	-19.652	17.351	-20.443
17.241	-19.652	17.222	-20.052
17.241	-19.652	17.316	-20.640
17.241	-19.652	20.100	-21.349
20.100	-21.349	19.329	-21.657
20.100	-21.349	18.970	-21.818
20.100	-21.349	19.739	-21.522
20.100	-21.349	19.875	-21.437
20.100	-21.349	19.294	-23.147
20.100	-21.349	19.541	-24.373
20.100	-21.349	20.207	-22.714
20.100	-21.349	20.241	-23.670
20.100	-21.349	19.959	-25.155
19.959	-25.155	21.223	-24.006
19.959	-25.155	20.432	-25.064
19.959	-25.155	20.542	-25.281
19.959	-25.155	23.073	-25.684
19.959	-25.155	21.599	-25.956
19.959	-25.155	22.476	-25.980
19.959	-25.155	23.507	-26.180
23.507	-26.180	23.072	-26.850
23.507	-26.180	23.408	-26.476
23.507	-26.180	23.447	-26.337
23.507	-26.180	24.575	-27.130
23.507	-26.180	23.111	-28.817
23.507	-26.180	23.894	-28.988
23.507	-26.180	24.714	-28.620
24.714	-28.620	24.745	-27.973
24.714	-28.620	24.678	-28.266
24.714	-28.620	25.167	-27.710
24.714	-28.620	24.738	-29.027
24.714	-28.620	29.545	-28.658
29.545	-28.658	26.154	-27.829
29.545	-28.658	27.637	-27.894
29.545	-28.658	27.094	-28.827
29.545	-28.658	27.647	-29.443
29.545	-28.658	28.945	-30.144
29.545	-28.658	28.730	-29.446
29.545	-28.658	29.667	-28.285
29.545	-28.658	32.235	-28.362
32.235	-28.362	31.908	-29.628
32.235	-28.362	32.788	-29.911
32.235	-28.362	32.827	-28.581
32.235	-28.362	32.084	-28.749
32.235	-28.362	34.310	-31.888
32.235	-28.362	32.896	-29.826
32.235	-28.362	32.892	-29.256
24.714	-28.620	21.472	-27.654
21.472	-27.654	21.466	-28.639
21.472	-27.654	22.494	-27.276
21.472	-27.654	23.220	-27.539
21.472	-27.654	23.565	-28.358
21.472	-27.654	23.010	-28.611
21.472	-27.654	22.126	-28.366
21.472	-27.654	21.975	-27.384
21.472	-27.654	21.582	-27.899
21.472	-27.654	21.220	-27.757
21.472	-27.654	20.188	-29.247
21.472	-27.654	20.769	-29.160
21.472	-27.654	19.418	-29.115
21.472	-27.654	18.242	-29.173
21.472	-27.654	18.588	-28.328
21.472	-27.654	19.522	-27.750
21.472	-27.654	20.099	-27.504
21.472	-27.654	19.129	-28.873
21.472	-27.654	18.456	-29.358
21.472	-27.654	19.692	-28.782
21.472	-27.654	18.050	-30.204
21.472	-27.654	18.031	-29.796
21.472	-27.654	17.891	-29.005
21.472	-27.654	17.142	-28.983
21.472	-27.654	17.706	-30.062
21.472	-27.654	15.786	-30.320
21.472	-27.654	16.146	-29.778
16.146	-29.778	15.978	-29.563
16.146	-29.778	15.208	-30.003
16.146	-29.778	13.618	-30.816
16.146	-29.778	13.213	-31.975
16.146	-29.778	15.527	-30.819
16.146	-29.778	16.988	-30.208
16.146	-29.778	17.791	-30.931
16.146	-29.778	16.876	-31.480
16.146	-29.778	16.625	-31.837
16.146	-29.778	16.188	-32.547
16.188	-32.547	16.967	-32.004
16.188	-32.547	16.946	-31.997
16.188	-32.547	16.336	-31.960
16.188	-32.547	15.738	-33.512
16.188	-32.547	16.840	-33.054
16.188	-32.547	16.994	-32.756
16.188	-32.547	17.647	-32.226
16.188	-32.547	18.960	-32.763
16.188	-32.547	18.006	-32.579
16.188	-32.547	19.116	-33.060
19.116	-33.060	18.750	-33.396
19.116	-33.060	18.376	-33.834
19.116	-33.060	18.903	-33.162
19.116	-33.060	18.855	-33.181
19.116	-33.060	19.576	-34.372
19.116	-33.060	20.338	-34.721
19.116	-33.060	21.046	-36.194
19.116	-33.060	20.929	-36.903
20.929	-36.903	20.590	-37.509
20.929	-36.903	20.927	-37.255
20.929	-36.903	21.136	-37.064
20.929	-36.903	14.962	-36.659
20.929	-36.903	15.955	-36.726
15.955	-36.726	16.275	-37.590
15.955	-36.726	16.004	-37.056
15.955	-36.726	15.938	-36.948
15.955	-36.726	17.033	-36.921
15.955	-36.726	18.089	-36.295
15.955	-36.726	15.019	-37.611
15.955	-36.726	15.336	-38.015
15.955	-36.726	15.428	-38.583
15.955	-36.726	14.488	-39.871
14.488	-39.871	13.822	-38.705
14.488	-39.871	14.111	-39.540
14.488	-39.871	14.408	-39.762
14.488	-39.871	10.794	-39.706
14.488	-39.871	11.729	-38.568
14.488	-39.871	11.136	-37.498
14.488	-39.871	13.536	-38.875
14.488	-39.871	11.124	-37.652
11.124	-37.652	11.075	-38.246
11.124	-37.652	10.557	-36.322
11.124	-37.652	10.847	-37.469
11.124	-37.652	11.229	-37.817
11.124	-37.652	8.734	-37.251
8.734	-37.251	8.186	-37.508
8.734	-37.251	8.637	-37.421
8.734	-37.251	8.696	-37.345
8.734	-37.251	9.003	-37.749
8.734	-37.251	8.630	-38.691
8.734	-37.251	8.613	-38.709
8.734	-37.251	8.624	-38.690
8.734	-37.251	8.214	-36.533
8.734	-37.251	8.251	-36.886
8.734	-37.251	8.499	-37.085
8.734	-37.251	6.999	-36.737
6.999	-36.737	6.875	-37.280
6.999	-36.737	6.731	-37.048
6.999	-36.737	6.905	-36.919
6.999	-36.737	3.530	-39.342
6.999	-36.737	3.606	-39.296
6.999	-36.737	3.543	-39.357
3.543	-39.357	5.372	-37.840
3.543	-39.357	5.254	-38.491
3.543	-39.357	4.174	-38.549
3.543	-39.357	4.153	-39.241
3.543	-39.357	3.739	-38.841
3.543	-39.357	3.602	-39.103
3.543	-39.357	3.969	-38.831
3.543	-39.357	2.118	-37.556
2.118	-37.556	1.495	-38.539
2.118	-37.556	1.921	-37.852
2.118	-37.556	1.973	-37.446
2.118	-37.556	-0.002	-36.606
-0.002	-36.606	-0.288	-37.284
-0.002	-36.606	-1.995	-37.629
-0.002	-36.606	-2.978	-37.298
-0.002	-36.606	-1.084	-36.601
-0.002	-36.606	0.314	-36.156
-0.002	-36.606	-0.793	-37.243
-0.002	-36.606	-1.185	-34.514
-0.002	-36.606	-1.811	-35.944
-0.002	-36.606	-3.544	-34.377
-0.002	-36.606	-3.520	-34.427
-0.002	-36.606	-3.481	-34.432
-4.659	-24.431	-7.667	-22.954
-7.667	-22.954	-4.385	-22.156
-7.667	-22.954	-6.490	-22.413
-7.667	-22.954	-5.423	-23.851
-7.667	-22.954	-7.045	-23.890
-7.667	-22.954	-6.904	-23.361
-7.667	-22.954	-6.955	-23.769
-7.667	-22.954	-10.132	-24.771
-7.667	-22.954	-8.246	-25.126
-7.667	-22.954	-8.913	-25.253
-7.667	-22.954	-9.544	-27.426
-7.667	-22.954	-8.905	-23.503
-7.667	-22.954	-9.633	-27.384
-9.633	-27.384	-11.606	-31.796
-9.633	-27.384	-8.112	-24.583
-9.633	-27.384	-7.687	-25.170
-9.633	-27.384	-8.918	-26.405
-9.633	-27.384	-7.495	-28.192
-9.633	-27.384	-9.692	-27.271
-9.633	-27.384	-11.124	-27.056
-9.633	-27.384	-8.275	-29.928
-9.633	-27.384	-7.704	-31.643
-9.633	-27.384	-10.769	-29.688
-9.633	-27.384	-9.859	-30.021
-9.859	-30.021	-10.701	-29.921
-9.859	-30.021	-8.093	-29.922
-9.859	-30.021	-9.919	-30.328
-9.859	-30.021	-9.885	-29.262
-9.859	-30.021	-11.330	-31.731
-9.859	-30.021	-10.480	-30.970
-9.859	-30.021	-11.947	-33.291
-9.859	-30.021	-10.718	-27.154
-9.859	-30.021	-11.494	-29.004
-9.859	-30.021	-12.347	-34.068
-12.347	-34.068	-11.150	-34.743
-12.347	-34.068	-12.161	-34.045
-12.347	-34.068	-11.795	-34.626
-12.347	-34.068	-12.290	-36.733
-12.347	-34.068	-11.726	-36.288
-12.347	-34.068	-12.313	-36.332
-12.313	-36.332	-13.007	-35.376
-12.313	-36.332	-12.317	-36.653
-12.313	-36.332	-12.652	-36.031
-12.313	-36.332	-12.420	-36.207
-12.313	-36.332	-14.859	-35.784
-14.859	-35.784	-14.579	-35.037
-14.859	-35.784	-15.101	-36.665
-14.859	-35.784	-15.145	-36.248
-14.859	-35.784	-15.046	-36.012
-14.859	-35.784	-20.621	-34.265
-14.859	-35.784	-16.852	-36.006
-14.859	-35.784	-17.786	-35.648
-14.859	-35.784	-18.672	-35.073
-14.859	-35.784	-17.478	-34.999
-14.859	-35.784	-20.568	-34.168
-20.568	-34.168	-20.489	-36.838
-9.859	-30.021	-11.778	-26.558
-11.778	-26.558	-12.577	-26.952
-11.778	-26.558	-11.071	-26.308
-11.778	-26.558	-12.026	-26.353
-11.778	-26.558	-11.905	-27.090
-11.778	-26.558	-14.528	-24.300
-14.528	-24.300	-12.259	-25.217
-14.528	-24.300	-11.462	-25.328
-14.528	-24.300	-12.639	-24.582
-14.528	-24.300	-13.415	-25.258
-14.528	-24.300	-11.709	-25.326
-14.528	-24.300	-11.303	-24.061
-14.528	-24.300	-12.279	-22.937
-14.528	-24.300	-11.777	-21.066
-14.528	-24.300	-14.716	-25.364
-14.528	-24.300	-14.756	-25.364
-14.528	-24.300	-15.487	-25.448
-14.528	-24.300	-18.860	-27.970
-14.528	-24.300	-12.275	-25.098
-14.528	-24.300	-13.495	-25.415
-14.528	-24.300	-18.330	-23.516
-14.528	-24.300	-16.029	-22.706
-14.528	-24.300	-15.091	-21.851
-14.528	-24.300	-14.969	-21.229
-14.969	-21.229	-12.357	-21.887
-14.969	-21.229	-11.688	-20.840
-14.969	-21.229	-9.525	-19.672
-14.969	-21.229	-9.932	-17.373
-14.969	-21.229	-14.794	-22.367
-14.969	-21.229	-16.561	-17.847
-14.969	-21.229	-15.532	-15.986
-14.969	-21.229	-14.551	-13.917
-14.969	-21.229	-14.370	-20.933
-14.969	-21.229	-13.103	-20.004
-14.969	-21.229	-15.053	-21.150
-14.969	-21.229	-13.106	-20.407
-14.969	-21.229	-14.687	-21.154
-14.969	-21.229	-10.379	-13.251
-10.379	-13.251	-11.476	-14.070
-10.379	-13.251	-11.402	-15.352
-10.379	-13.251	-14.679	-11.017
-10.379	-13.251	-10.281	-13.531
-10.379	-13.251	-10.172	-16.611
-10.379	-13.251	-7.026	-13.619
-10.379	-13.251	-7.350	-12.240
-10.379	-13.251	-6.493	-8.522
-10.379	-13.251	-8.189	-11.681
-10.379	-13.251	-9.630	-6.844
-9.630	-6.844	-14.054	-12.960
-14.528	-24.300	-18.394	-24.808
-18.394	-24.808	-16.524	-27.149
-18.394	-24.808	-18.202	-26.791
-18.394	-24.808	-15.685	-25.462
-18.394	-24.808	-16.867	-22.487
-18.394	-24.808	-18.448	-23.211
-18.394	-24.808	-19.140	-22.952
-18.394	-24.808	-19.505	-25.649
-18.394	-24.808	-20.537	-25.397
-18.394	-24.808	-22.391	-25.654
-18.394	-24.808	-22.510	-24.493
-18.394	-24.808	-20.867	-21.806
-18.394	-24.808	-19.418	-24.374
-18.394	-24.808	-17.128	-24.936
-18.394	-24.808	-16.380	-23.389
-18.394	-24.808	-18.534	-24.965
-18.394	-24.808	-16.957	-32.881
-18.394	-24.808	-21.173	-22.195
-21.173	-22.195	-21.780	-27.380
-21.173	-22.195	-21.727	-24.888
-21.173	-22.195	-21.569	-23.304
-21.173	-22.195	-19.841	-25.779
-21.173	-22.195	-19.551	-21.743
-21.173	-22.195	-18.706	-22.571
-21.173	-22.195	-21.599	-23.611
-21.173	-22.195	-20.616	-22.941
-21.173	-22.195	-19.720	-24.218
-21.173	-22.195	-27.423	-26.262
-21.173	-22.195	-24.743	-23.836
-21.173	-22.195	-25.215	-21.351
-21.173	-22.195	-23.068	-20.959
-21.173	-22.195	-20.883	-21.259
-21.173	-22.195	-25.470	-21.809
-25.470	-21.809	-25.496	-24.213
-25.470	-21.809	-25.448	-24.644
-25.470	-21.809	-25.210	-21.470
-25.470	-21.809	-24.960	-21.006
-25.470	-21.809	-25.353	-22.849
-25.470	-21.809	-29.104	-24.556
-29.104	-24.556	-28.402	-22.324
-29.104	-24.556	-26.659	-21.588
-29.104	-24.556	-25.707	-22.039
-29.104	-24.556	-29.974	-22.529
-29.104	-24.556	-26.681	-24.041
-29.104	-24.556	-27.378	-25.181
-29.104	-24.556	-27.205	-26.363
-29.104	-24.556	-28.564	-27.706
-29.104	-24.556	-30.202	-28.776
-29.104	-24.556	-30.965	-24.178
-29.104	-24.556	-28.727	-24.140
-29.104	-24.556	-33.213	-22.764
-29.104	-24.556	-35.134	-24.677
-29.104	-24.556	-34.403	-26.284
-29.104	-24.556	-32.437	-26.326
-29.104	-24.556	-33.493	-24.109
-29.104	-24.556	-31.772	-24.168
-29.104	-24.556	-33.599	-24.907
-29.104	-24.556	-29.923	-28.707
-29.104	-24.556	-31.965	-28.233
-29.104	-24.556	-31.439	-27.023
-31.439	-27.023	-29.826	-28.663
-31.439	-27.023	-31.277	-27.322
-31.439	-27.023	-31.085	-27.428
-31.439	-27.023	-30.572	-29.269
-31.439	-27.023	-31.297	-29.639
-31.439	-27.023	-31.543	-28.244
-31.439	-27.023	-29.899	-34.407
-29.899	-34.407	-29.532	-29.377
-29.899	-34.407	-30.281	-30.299
-29.899	-34.407	-29.194	-29.631
-29.899	-34.407	-30.498	-30.823
-29.899	-34.407	-30.553	-30.360
-29.899	-34.407	-34.810	-35.648
-29.899	-34.407	-31.643	-31.359
-29.899	-34.407	-29.705	-34.487
-29.899	-34.407	-27.603	-34.240
-29.899	-34.407	-28.827	-36.387
-29.899	-34.407	-27.614	-34.279
-29.899	-34.407	-27.758	-34.225
-29.899	-34.407	-28.886	-36.358
-29.899	-34.407	-26.716	-34.015
-29.899	-34.407	-27.440	-34.998
-29.899	-34.407	-25.234	-36.655
-25.234	-36.655	-28.345	-36.314
-25.234	-36.655	-27.320	-34.541
-25.234	-36.655	-26.896	-38.110
-25.234	-36.655	-25.502	-38.963
-25.234	-36.655	-24.565	-40.419
-25.234	-36.655	-21.839	-43.006
-25.234	-36.655	-21.436	-41.858
-25.234	-36.655	-21.537	-40.056
-25.234	-36.655	-20.551	-38.497
-25.234	-36.655	-18.318	-36.192
-25.234	-36.655	-20.245	-34.563
-25.234	-36.655	-22.506	-33.192
-25.234	-36.655	-24.528	-33.331
-25.234	-36.655	-26.097	-33.063
-25.234	-36.655	-24.114	-34.453
-25.234	-36.655	-24.634	-36.693
-25.234	-36.655	-24.740	-38.015
-25.234	-36.655	-23.581	-41.508
-25.234	-36.655	-25.287	-36.436
-25.234	-36.655	-19.687	-33.236
-25.234	-36.655	-17.622	-36.973
-17.622	-36.973	-18.193	-36.085
-17.622	-36.973	-18.407	-37.652
-17.622	-36.973	-16.300	-34.686
-17.622	-36.973	-15.718	-36.296
-17.622	-36.973	-15.667	-37.883
-17.622	-36.973	-17.216	-39.351
-17.622	-36.973	-17.924	-35.434
-17.622	-36.973	-17.405	-37.711
-17.622	-36.973	-17.150	-35.102
-25.234	-36.655	-22.558	-40.723
-22.558	-40.723	-21.800	-40.551
-22.558	-40.723	-23.745	-41.533
-22.558	-40.723	-22.437	-40.623
-22.558	-40.723	-23.538	-40.847
-22.558	-40.723	-20.805	-43.795
-20.805	-43.795	-22.284	-42.720
-20.805	-43.795	-23.293	-41.830
-20.805	-43.795	-21.581	-41.752
-20.805	-43.795	-21.013	-41.930
-20.805	-43.795	-19.963	-41.730
-20.805	-43.795	-19.151	-42.204
-20.805	-43.795	-18.914	-44.091
-20.805	-43.795	-20.830	-43.924
-20.805	-43.795	-21.159	-42.741
-20.805	-43.795	-23.003	-43.437
-23.003	-43.437	-25.004	-44.919
-23.003	-43.437	-24.410	-45.060
-23.003	-43.437	-24.540	-45.972
-23.003	-43.437	-23.811	-47.089
-23.003	-43.437	-22.927	-46.020
-23.003	-43.437	-21.921	-44.554
-23.003	-43.437	-22.928	-43.775
-23.003	-43.437	-23.240	-44.208
-23.003	-43.437	-22.042	-46.201
-22.042	-46.201	-20.838	-45.337
-22.042	-46.201	-19.963	-46.856
-22.042	-46.201	-21.900	-47.295
-22.042	-46.201	-22.746	-47.235
-22.042	-46.201	-19.935	-48.623
-29.899	-34.407	-36.208	-33.257
-36.208	-33.257	-28.440	-29.639
-36.208	-33.257	-30.738	-30.120
-36.208	-33.257	-29.878	-27.851
-36.208	-33.257	-33.134	-27.321
-36.208	-33.257	-35.470	-27.176
-36.208	-33.257	-37.234	-25.296
-36.208	-33.257	-29.649	-36.344
-36.208	-33.257	-33.567	-35.707
-36.208	-33.257	-34.678	-38.018
-36.208	-33.257	-36.564	-35.117
-36.208	-33.257	-37.009	-34.131
-36.208	-33.257	-37.817	-33.249
-36.208	-33.257	-40.977	-31.540
-36.208	-33.257	-40.157	-29.909
-36.208	-33.257	-40.387	-27.820
-36.208	-33.257	-44.026	-22.321
-36.208	-33.257	-41.650	-20.769
-36.208	-33.257	-40.810	-18.496
-36.208	-33.257	-40.038	-16.781
-36.208	-33.257	-33.188	-30.152
-36.208	-33.257	-32.547	-27.613
-36.208	-33.257	-35.484	-33.124
-36.208	-33.257	-33.917	-35.847
-36.208	-33.257	-34.910	-36.201
-36.208	-33.257	-40.292	-29.832
-36.208	-33.257	-40.602	-27.619
-36.208	-33.257	-43.594	-22.329
-36.208	-33.257	-41.768	-20.519
-36.208	-33.257	-31.483	-41.596
-31.483	-41.596	-31.982	-38.893
-31.483	-41.596	-32.637	-38.461
-31.483	-41.596	-33.037	-39.615
-31.483	-41.596	-33.618	-38.033
-31.483	-41.596	-33.606	-45.159
-31.483	-41.596	-32.338	-41.385
-31.483	-41.596	-32.534	-42.046
-31.483	-41.596	-32.508	-43.780
-31.483	-41.596	-31.677	-44.490
-31.483	-41.596	-29.739	-41.723
-31.483	-41.596	-30.259	-43.499
-31.483	-41.596	-32.052	-43.719
-31.483	-41.596	-30.809	-40.975
-31.483	-41.596	-30.738	-42.810
-31.483	-41.596	-31.621	-42.796
-31.483	-41.596	-28.453	-43.114
-31.483	-41.596	-29.437	-45.325
-31.483	-41.596	-29.479	-45.156
-31.483	-41.596	-29.423	-45.322
-31.483	-41.596	-29.669	-45.024
-31.483	-41.596	-29.439	-45.316
-29.439	-45.316	-27.402	-48.990
-36.208	-33.257	-42.576	-32.915
-42.576	-32.915	-38.033	-33.154
-42.576	-32.915	-39.168	-34.631
-42.576	-32.915	-39.095	-36.036
-42.576	-32.915	-39.705	-37.494
-42.576	-32.915	-45.965	-39.609
-45.965	-39.609	-48.417	-44.930
-42.576	-32.915	-38.979	-36.846
-38.979	-36.846	-38.467	-36.124
-38.979	-36.846	-39.125	-37.092
-38.979	-36.846	-38.821	-36.936
-38.979	-36.846	-34.915	-38.022
-34.915	-38.022	-35.924	-38.673
-34.915	-38.022	-34.845	-39.173
-34.915	-38.022	-35.405	-38.114
-34.915	-38.022	-34.349	-37.268
-34.915	-38.022	-36.275	-39.608
-36.275	-39.608	-37.576	-38.729
-36.275	-39.608	-36.564	-39.459
-36.275	-39.608	-36.423	-39.516
-36.275	-39.608	-36.624	-40.243
-36.624	-40.243	-37.725	-41.481
-36.624	-40.243	-34.109	-40.855
-36.624	-40.243	-36.848	-40.745
-36.624	-40.243	-34.879	-41.908
-36.624	-40.243	-36.597	-41.779
-36.624	-40.243	-35.998	-42.077
-36.624	-40.243	-35.933	-43.878
-35.933	-43.878	-36.939	-44.189
-35.933	-43.878	-34.278	-43.486
-35.933	-43.878	-35.114	-44.893
-35.933	-43.878	-32.680	-44.573
-35.933	-43.878	-35.763	-44.477
-35.933	-43.878	-37.704	-45.862
-37.704	-45.862	-35.433	-46.998
-37.704	-45.862	-35.709	-45.596
-37.704	-45.862	-38.193	-47.231
-37.704	-45.862	-38.084	-45.638
-37.704	-45.862	-35.436	-46.085
-37.704	-45.862	-36.257	-44.500
-37.704	-45.862	-38.465	-42.926
-38.465	-42.926	-40.168	-42.438
-38.465	-42.926	-39.214	-44.325
-38.465	-42.926	-38.311	-44.184
-38.465	-42.926	-38.809	-43.461
-38.465	-42.926	-41.275	-47.235
-41.275	-47.235	-41.085	-47.513
-41.275	-47.235	-41.077	-47.518
-41.275	-47.235	-41.047	-47.507
-41.275	-47.235	-41.070	-47.519
-41.275	-47.235	-40.939	-44.972
-41.275	-47.235	-43.397	-46.897
-41.275	-47.235	-42.656	-44.663
-41.275	-47.235	-44.024	-44.382
-41.275	-47.235	-46.191	-45.775
-41.275	-47.235	-47.979	-44.288
POLYLINE BLACK
-13.282	-4.739
-13.103	-5.106
-13.141	-5.052
-12.806	-5.527
-12.692	-5.688
-12.559	-5.833
-12.446	-5.994
-12.272	-6.240
-12.261	-6.289
-12.154	-6.529
POLYLINE BLACK
-12.138	-6.744
-12.552	-7.286
-12.163	-6.760
-12.926	-8.168
-12.948	-8.208
-12.978	-8.243
-13.004	-8.281
POLYLINE BLACK
-13.590	-4.706
-14.068	-4.979
-14.538	-5.268
-15.025	-5.525
-15.158	-5.595
-15.307	-5.629
-15.447	-5.684
-15.492	-5.702
-15.469	-5.773
-15.455	-5.800
-15.175	-6.354
-14.848	-6.886
-14.609	-7.459
-14.476	-7.779
-14.431	-8.129
-14.346	-8.465
-14.269	-8.767
-14.345	-8.975
-14.027	-8.922
-13.963	-8.911
-13.901	-8.892
-13.839	-8.874
-13.690	-8.830
-13.541	-8.786
-13.393	-8.737
-13.362	-8.726
-13.319	-8.693
-13.296	-8.670
-13.002	-8.382
-13.186	-8.540
-12.976	-8.367
POLYLINE BLACK
-15.345	-5.821
-13.914	-6.400
-15.539	-5.787
-14.078	-6.204
-13.296	-6.427
-13.797	-6.386
-13.487	-6.405
POLYLINE BLACK
-13.383	-6.459
-13.382	-6.515
-13.391	-6.572
-13.379	-6.626
-13.256	-7.229
-12.990	-7.794
-12.871	-8.397
POLYLINE BLACK
-13.395	-6.324
-13.524	-5.895
-13.523	-5.959
-13.563	-5.359
-13.609	-4.647
-13.710	-4.815
-13.563	-4.583
POLYLINE BLACK
-12.020	-6.420
-11.028	-5.350
-11.463	-5.621
-10.949	-5.317
POLYLINE BLACK
-10.161	-5.329
-10.243	-5.408
POLYLINE BLACK
-10.864	-5.243
-10.705	-5.263
-10.547	-5.289
-10.388	-5.303
-10.322	-5.308
-10.255	-5.293
-10.189	-5.301
-9.992	-5.325
-9.877	-5.339
-9.870	-5.542
-9.856	-5.947
-9.850	-6.352
-9.844	-6.757
-9.843	-6.773
-9.853	-6.801
-9.860	-6.816
-9.889	-6.871
-9.956	-6.908
-9.990	-6.955
-10.278	-7.352
-10.549	-7.761
-10.838	-8.158
-10.909	-8.254
-10.997	-8.337
-11.067	-8.434
-11.276	-8.723
-11.115	-8.621
-11.274	-8.708
POLYLINE BLACK
-12.117	-6.579
-12.112	-7.377
-12.128	-6.856
-11.915	-8.388
-11.909	-8.427
-11.876	-8.470
-11.847	-8.494
-11.745	-8.581
-11.618	-8.605
-11.492	-8.659
-11.329	-8.729
-11.627	-8.642
-11.261	-8.730
POLYLINE BLACK
-11.918	-8.463
-11.572	-8.134
-11.224	-7.807
-10.879	-7.477
-10.828	-7.427
-10.900	-7.264
-10.902	-7.246
-10.929	-6.862
-10.948	-6.478
-10.957	-6.093
-10.962	-5.884
-10.944	-5.676
-10.942	-5.467
-10.941	-5.431
-10.958	-5.448
-10.976	-5.456
POLYLINE BLACK
-10.875	-7.462
-9.946	-6.739
-10.305	-6.977
-9.846	-6.680
POLYLINE BLACK
-9.978	-5.215
-9.833	-5.991
-9.808	-5.853
-9.846	-6.593
-9.851	-6.683
-9.869	-6.859
-9.919	-6.962
-9.937	-7.001
-9.959	-7.039
-9.984	-7.074
-10.146	-7.294
-10.322	-7.504
-10.481	-7.726
-11.171	-8.686
-11.037	-8.420
-11.245	-8.836
POLYLINE BLACK
-9.882	-5.334
-9.800	-5.349
-9.717	-5.360
-9.637	-5.380
-9.611	-5.387
-9.586	-5.397
-9.564	-5.411
-9.324	-5.564
-9.089	-5.723
-8.852	-5.881
-8.799	-5.916
-8.747	-5.953
-8.694	-5.989
POLYLINE BLACK
-13.884	-12.367
-13.793	-12.330
POLYLINE BLACK
-13.470	-11.071
-12.500	-11.102
-12.856	-11.136
-12.398	-11.083
POLYLINE BLACK
-12.343	-11.014
-12.207	-11.044
-12.070	-11.069
-11.934	-11.103
-11.908	-11.109
-11.903	-11.131
-11.929	-11.143
-12.013	-11.183
-12.100	-11.216
-12.186	-11.252
POLYLINE BLACK
-8.699	-5.941
-8.647	-5.997
-8.612	-6.047
-8.546	-6.083
-8.412	-6.158
-8.193	-6.230
-8.064	-6.102
-8.004	-6.043
-8.010	-5.954
-7.980	-5.880
-7.967	-5.848
-7.671	-5.264
-7.656	-5.043
-7.628	-4.637
-7.654	-4.228
-7.609	-3.824
-7.584	-3.599
-7.503	-3.384
-7.445	-3.165
-7.438	-3.138
-7.407	-3.098
-7.390	-3.080
-7.373	-3.062
-7.354	-3.046
-7.336	-3.029
POLYLINE BLACK
-11.243	-8.697
-11.198	-8.813
-11.156	-8.930
-11.174	-9.057
-11.190	-9.162
-11.218	-9.266
-11.232	-9.371
-11.239	-9.426
-11.237	-9.483
-11.239	-9.538
POLYLINE BLACK
-10.409	-9.424
-10.411	-9.339
-10.407	-9.252
-10.350	-9.185
-10.314	-9.142
-10.263	-9.123
-10.209	-9.112
-9.942	-9.058
-9.675	-9.197
-9.465	-9.349
-9.102	-9.630
-8.739	-9.912
-8.376	-10.194
-8.313	-10.232
-8.247	-10.265
-8.187	-10.308
-8.098	-10.372
-8.019	-10.449
-7.931	-10.514
-7.832	-10.586
-7.662	-10.621
-7.564	-10.643
-7.466	-10.665
-7.353	-10.669
-7.257	-10.631
-7.061	-10.552
-6.932	-10.402
-6.772	-10.268
-6.138	-9.738
-6.685	-10.318
-5.826	-9.195
-5.639	-8.952
-5.699	-8.994
-5.467	-8.796
-5.424	-8.760
-5.273	-8.699
-5.255	-8.691
POLYLINE BLACK
-5.315	-8.720
-4.614	-8.711
-4.520	-8.680
-3.897	-8.764
-3.841	-8.771
-3.788	-8.794
-3.734	-8.809
-2.498	-9.135
-3.012	-8.968
-2.254	-9.231
POLYLINE BLACK
-5.989	-5.584
-6.040	-5.596
POLYLINE BLACK
-3.815	-6.828
-3.626	-6.809
-3.497	-6.781
-3.352	-6.896
-3.295	-6.941
-3.166	-7.097
-3.234	-7.175
-3.239	-7.180
-3.244	-7.185
-3.250	-7.189
-3.318	-7.227
-3.389	-7.256
-3.454	-7.298
-3.597	-7.390
-3.664	-7.528
-3.833	-7.448
-3.854	-7.438
-3.882	-7.417
-3.897	-7.400
-3.972	-7.313
-4.045	-7.225
-4.117	-7.136
-4.121	-7.130
-4.123	-7.122
-4.124	-7.115
-4.131	-7.083
-4.109	-7.058
-4.086	-7.039
-3.810	-6.817
-3.934	-6.801
-3.741	-6.875
POLYLINE BLACK
-3.969	-7.079
-3.827	-7.024
-3.721	-6.995
-3.583	-7.067
-3.535	-7.092
-3.477	-7.134
-3.419	-7.140
-3.355	-7.147
-3.290	-7.142
-3.225	-7.143
POLYLINE BLACK
-3.748	-7.144
-3.745	-7.364
-3.740	-7.236
-3.784	-7.528
POLYLINE BLACK
-6.169	-8.426
-6.209	-8.451
-6.250	-8.475
-6.288	-8.503
-6.321	-8.527
-6.367	-8.573
-6.376	-8.616
-6.388	-8.671
-6.326	-8.724
-6.274	-8.723
-6.225	-8.722
-6.163	-8.662
-6.131	-8.643
-6.099	-8.626
-6.063	-8.612
-6.027	-8.607
-5.891	-8.590
-5.753	-8.705
-5.622	-8.632
-5.492	-8.559
-5.395	-8.380
-5.310	-8.288
-5.258	-8.232
-5.193	-8.191
-5.139	-8.138
-5.124	-8.123
-5.149	-8.103
-5.158	-8.101
-5.197	-8.091
-5.443	-8.019
-5.562	-8.025
-5.644	-8.029
-5.727	-8.061
-5.793	-8.110
-5.874	-8.170
-5.929	-8.258
-6.017	-8.309
-6.100	-8.358
-6.202	-8.348
-6.286	-8.397
-6.291	-8.400
-6.294	-8.406
-6.297	-8.412
-6.315	-8.458
-6.331	-8.505
-6.348	-8.552
POLYLINE BLACK
-6.159	-8.644
-6.109	-8.554
-6.048	-8.467
-5.946	-8.433
-5.873	-8.409
-5.792	-8.413
-5.723	-8.378
-5.661	-8.346
-5.635	-8.318
-5.583	-8.270
-5.569	-8.256
-5.557	-8.241
-5.542	-8.229
-5.450	-8.151
-5.327	-8.131
-5.210	-8.124
POLYLINE BLACK
-5.698	-8.134
-5.817	-8.382
-5.772	-8.269
-5.841	-8.470
POLYLINE BLACK
-7.336	-3.002
-7.293	-3.019
-7.251	-3.041
-7.207	-3.055
-7.175	-3.065
-7.141	-3.068
-7.108	-3.074
-6.871	-3.117
-6.630	-3.140
-6.398	-3.203
-6.048	-3.297
-5.290	-3.802
-5.152	-3.914
-4.903	-4.116
-4.526	-4.502
-4.341	-4.841
-4.252	-5.005
-4.180	-5.180
-4.092	-5.346
-4.076	-5.376
-4.056	-5.403
-4.031	-5.426
-3.536	-5.883
-2.990	-6.099
-2.348	-6.435
-2.091	-6.569
-1.820	-6.676
-1.557	-6.798
-1.473	-6.838
-1.496	-6.844
-1.391	-6.864
-0.836	-6.969
-0.426	-6.541
-0.060	-6.183
0.095	-6.031
0.225	-5.856
0.371	-5.695
0.399	-5.664
0.447	-5.634
0.485	-5.618
0.698	-5.525
0.941	-5.670
1.108	-5.784
1.500	-6.053
1.598	-6.159
1.897	-6.438
POLYLINE BLACK
3.111	-8.746
3.105	-8.812
3.093	-8.878
3.094	-8.944
3.096	-9.106
3.099	-9.199
3.144	-9.334
3.173	-9.420
3.300	-9.367
3.338	-9.321
3.391	-9.256
3.437	-9.185
3.492	-9.121
3.564	-9.039
3.678	-8.992
3.762	-8.932
3.815	-8.895
3.850	-8.851
3.887	-8.799
3.958	-8.699
4.030	-8.599
4.097	-8.497
4.113	-8.473
4.122	-8.427
4.124	-8.400
4.127	-8.342
4.154	-8.164
4.112	-8.082
4.097	-8.053
4.080	-8.026
4.064	-7.998
POLYLINE BLACK
3.159	-8.756
3.101	-8.703
2.978	-8.628
2.995	-8.529
3.013	-8.420
3.224	-8.274
3.266	-8.233
3.339	-8.161
3.355	-8.060
3.425	-7.992
3.531	-7.890
3.647	-7.871
3.772	-7.792
3.861	-7.736
3.981	-7.558
4.117	-7.620
4.230	-7.672
4.242	-7.864
4.269	-7.949
4.286	-8.002
4.322	-8.043
4.284	-8.095
4.254	-8.137
4.222	-8.165
4.206	-8.215
4.179	-8.293
4.157	-8.398
4.132	-8.479
POLYLINE BLACK
3.214	-8.725
3.311	-8.690
3.409	-8.656
3.505	-8.619
3.522	-8.613
3.570	-8.577
3.603	-8.583
3.627	-8.588
3.640	-8.614
3.648	-8.635
3.688	-8.752
3.727	-8.870
3.767	-8.988
POLYLINE BLACK
3.670	-8.567
3.742	-8.300
3.706	-8.378
3.874	-8.079
3.907	-8.019
4.018	-7.880
4.037	-7.784
4.048	-7.728
4.047	-7.671
4.052	-7.614
POLYLINE BLACK
1.918	-6.373
1.946	-6.406
1.971	-6.442
2.002	-6.472
2.023	-6.494
2.050	-6.508
2.072	-6.529
2.273	-6.709
2.463	-6.903
2.672	-7.073
2.817	-7.191
2.977	-7.289
3.134	-7.391
3.173	-7.416
3.216	-7.437
3.260	-7.452
3.544	-7.547
3.686	-7.536
3.934	-7.718
POLYLINE BLACK
4.330	-7.785
4.444	-7.784
4.559	-7.788
4.673	-7.782
4.913	-7.769
4.812	-7.731
4.886	-7.760
POLYLINE BLACK
-1.483	-6.879
-1.529	-6.900
-1.586	-6.917
-1.625	-6.953
-1.708	-7.031
-1.754	-7.199
-1.750	-7.307
-1.726	-8.011
-1.739	-7.592
-1.617	-8.139
-1.576	-8.324
-1.646	-8.608
-1.747	-8.767
-1.827	-8.894
-1.893	-8.960
-2.007	-9.055
-2.050	-9.091
-2.088	-9.140
-2.142	-9.155
-2.163	-9.161
-2.136	-9.111
-2.133	-9.089
POLYLINE BLACK
3.044	-10.495
3.067	-10.453
3.079	-10.416
3.112	-10.385
3.204	-10.298
3.359	-10.319
3.470	-10.335
3.813	-10.384
4.158	-10.425
4.499	-10.485
4.621	-10.506
4.740	-10.541
4.858	-10.576
4.892	-10.587
5.207	-10.680
5.293	-10.755
5.659	-11.080
5.792	-11.219
6.050	-11.635
6.329	-12.085
6.358	-12.299
6.655	-12.609
6.873	-12.838
7.359	-13.049
7.534	-13.139
8.130	-13.448
7.905	-13.227
8.124	-13.465
POLYLINE BLACK
4.956	-7.768
5.126	-7.725
5.108	-7.717
5.293	-7.727
5.332	-7.729
5.371	-7.733
5.408	-7.744
5.527	-7.779
5.646	-7.846
5.758	-7.896
6.161	-8.078
6.343	-8.140
6.701	-8.341
6.729	-8.356
6.754	-8.378
6.777	-8.400
7.042	-8.651
6.944	-8.582
7.213	-8.907
7.226	-8.922
7.242	-8.935
7.259	-8.946
7.728	-9.228
7.283	-8.953
7.636	-9.137
7.785	-9.215
7.871	-9.377
7.954	-9.513
7.990	-9.573
8.022	-9.636
8.051	-9.700
8.088	-9.779
8.079	-9.875
8.124	-9.950
8.172	-10.032
8.294	-10.049
8.370	-10.000
POLYLINE BLACK
8.377	-9.956
8.715	-9.929
9.053	-9.901
9.392	-9.873
9.492	-9.878
9.592	-9.891
9.692	-9.889
9.782	-9.887
9.873	-9.877
9.962	-9.861
10.082	-9.839
10.189	-9.781
10.311	-9.787
10.349	-9.788
10.386	-9.793
10.423	-9.800
10.475	-9.811
10.524	-9.842
10.577	-9.841
11.442	-9.820
12.307	-9.779
13.171	-9.734
13.225	-9.731
13.276	-9.711
13.327	-9.695
13.446	-9.658
13.618	-9.606
13.702	-9.497
13.776	-9.402
13.978	-9.001
14.192	-8.977
14.248	-8.971
14.303	-8.993
14.356	-9.008
POLYLINE BLACK
8.299	-13.336
8.343	-13.344
POLYLINE BLACK
8.188	-13.387
8.222	-13.387
8.380	-13.399
8.440	-13.373
8.558	-13.323
8.674	-13.267
8.788	-13.207
8.815	-13.193
8.838	-13.173
8.860	-13.152
9.084	-12.939
9.309	-12.729
9.524	-12.507
9.871	-12.147
9.909	-12.033
10.199	-11.586
10.214	-11.563
10.232	-11.541
10.245	-11.517
10.282	-11.447
10.260	-11.459
10.291	-11.387
10.317	-11.326
10.377	-11.251
10.446	-11.235
10.669	-11.185
10.836	-11.159
11.060	-11.216
11.183	-11.247
11.297	-11.310
11.422	-11.334
11.691	-11.387
11.965	-11.406
12.236	-11.446
12.331	-11.460
12.425	-11.481
12.519	-11.494
12.585	-11.502
12.655	-11.487
12.718	-11.508
12.765	-11.524
12.796	-11.570
12.835	-11.602
POLYLINE BLACK
12.725	-11.529
12.948	-11.539
13.171	-11.548
13.393	-11.558
13.548	-11.575
13.703	-11.600
13.859	-11.610
14.301	-11.639
13.901	-11.557
14.264	-11.646
POLYLINE BLACK
15.453	-8.489
15.785	-8.614
15.896	-8.631
16.176	-8.817
16.250	-8.866
16.309	-8.935
16.383	-8.986
16.470	-9.045
16.561	-9.102
16.657	-9.145
16.998	-9.298
17.279	-9.453
17.629	-9.501
17.877	-9.534
18.177	-9.336
18.355	-9.266
18.405	-9.246
18.478	-9.267
18.522	-9.285
18.658	-9.341
18.717	-9.411
18.797	-9.527
POLYLINE BLACK
14.211	-11.594
14.372	-11.564
14.610	-11.495
14.801	-11.504
14.831	-11.505
14.861	-11.512
14.890	-11.518
14.983	-11.537
15.074	-11.564
15.167	-11.579
15.336	-11.605
15.510	-11.572
15.674	-11.533
15.827	-11.497
15.987	-11.385
16.122	-11.323
16.263	-11.257
16.530	-11.266
16.676	-11.289
16.778	-11.305
16.880	-11.328
16.978	-11.359
17.150	-11.413
17.390	-11.565
17.599	-11.521
17.975	-11.441
18.170	-11.381
18.505	-11.189
18.645	-11.109
18.769	-11.005
18.904	-10.918
18.957	-10.883
19.014	-10.854
19.069	-10.822
POLYLINE BLACK
18.799	-9.983
18.775	-9.972
POLYLINE BLACK
18.653	-9.659
18.498	-9.802
18.342	-9.943
18.188	-10.088
18.145	-10.129
18.202	-10.204
18.232	-10.230
18.301	-10.289
18.428	-10.288
18.500	-10.294
18.561	-10.299
18.643	-10.293
18.692	-10.250
18.733	-10.214
18.760	-10.150
18.790	-10.115
18.823	-10.075
19.017	-9.903
19.039	-9.804
19.061	-9.707
18.944	-9.616
18.854	-9.623
18.799	-9.627
18.754	-9.673
18.713	-9.702
POLYLINE BLACK
18.236	-10.110
18.338	-10.059
18.588	-10.061
18.709	-9.953
18.726	-9.937
18.741	-9.919
18.759	-9.904
18.802	-9.870
18.835	-9.869
18.888	-9.844
18.975	-9.802
18.968	-9.759
18.989	-9.665
POLYLINE BLACK
18.609	-10.008
18.598	-10.159
18.604	-10.184
18.705	-10.286
POLYLINE BLACK
18.546	-10.676
18.587	-10.584
18.622	-10.490
18.668	-10.400
18.691	-10.356
18.747	-10.256
18.808	-10.229
18.840	-10.214
18.875	-10.217
18.907	-10.227
19.013	-10.260
19.058	-10.368
19.051	-10.472
19.043	-10.577
18.951	-10.638
18.879	-10.703
18.843	-10.736
18.807	-10.758
18.790	-10.806
18.770	-10.870
18.750	-10.934
18.729	-10.998
18.723	-11.003
18.719	-11.013
18.711	-11.014
18.689	-11.015
18.659	-10.933
18.609	-10.919
18.535	-10.898
18.397	-10.954
18.369	-10.908
18.359	-10.893
18.371	-10.865
18.377	-10.853
18.388	-10.833
18.488	-10.630
18.546	-10.608
18.590	-10.592
18.635	-10.582
18.680	-10.569
POLYLINE BLACK
18.643	-10.648
18.675	-10.614
18.712	-10.556
18.768	-10.570
18.791	-10.576
18.788	-10.580
18.810	-10.589
18.851	-10.606
18.893	-10.621
18.934	-10.637
POLYLINE BLACK
18.796	-10.609
18.892	-10.300
18.830	-10.421
18.949	-10.230
POLYLINE BLACK
19.379	-9.852
19.318	-9.983
19.256	-10.112
19.198	-10.243
19.167	-10.313
19.151	-10.460
19.254	-10.482
19.274	-10.486
19.292	-10.489
19.311	-10.484
19.365	-10.467
19.367	-10.396
19.402	-10.359
19.454	-10.302
19.538	-10.282
19.585	-10.221
19.655	-10.128
19.636	-9.992
19.562	-9.909
19.551	-9.896
19.539	-9.885
19.526	-9.874
19.521	-9.870
19.516	-9.864
19.509	-9.864
19.475	-9.860
19.441	-9.863
19.407	-9.863
POLYLINE BLACK
19.444	-9.858
19.440	-9.883
19.276	-10.121
19.379	-10.188
19.385	-10.192
19.392	-10.194
19.399	-10.197
19.440	-10.212
19.482	-10.225
19.524	-10.239
POLYLINE BLACK
19.370	-10.209
19.242	-10.461
19.286	-10.347
19.221	-10.544
POLYLINE BLACK
19.115	-9.985
19.024	-9.999
18.968	-10.006
18.984	-10.110
18.990	-10.147
19.002	-10.181
19.030	-10.207
19.077	-10.251
19.149	-10.231
19.183	-10.182
19.217	-10.133
19.287	-10.047
19.307	-9.973
19.316	-9.936
19.316	-9.909
19.311	-9.871
19.299	-9.792
19.204	-9.804
19.160	-9.758
19.137	-9.734
19.135	-9.674
19.128	-9.668
19.122	-9.663
19.110	-9.669
19.106	-9.675
19.102	-9.682
18.998	-9.824
18.988	-9.900
18.987	-9.910
18.987	-9.920
18.987	-9.930
18.995	-10.009
18.991	-9.922
18.999	-9.980
19.003	-10.014
19.006	-10.048
19.010	-10.083
POLYLINE BLACK
19.025	-9.988
19.055	-10.016
19.078	-10.054
19.115	-10.071
19.133	-10.080
19.096	-10.036
19.089	-10.018
19.086	-10.011
19.086	-10.004
19.086	-9.997
19.090	-9.935
19.203	-9.906
19.233	-9.893
POLYLINE BLACK
18.753	-9.543
18.926	-9.511
19.065	-9.579
19.227	-9.608
19.299	-9.620
19.372	-9.628
19.444	-9.638
POLYLINE BLACK
19.071	-10.829
19.317	-10.631
19.316	-10.654
19.507	-10.418
19.529	-10.391
19.547	-10.361
19.562	-10.330
19.658	-10.129
19.658	-9.969
19.564	-9.768
19.551	-9.741
19.530	-9.718
19.514	-9.693
POLYLINE BLACK
18.921	-10.994
18.968	-10.978
19.039	-10.938
19.096	-10.957
19.146	-10.974
19.196	-10.994
19.244	-11.016
19.299	-11.042
19.397	-11.113
19.478	-11.127
19.589	-11.145
19.637	-11.109
19.744	-11.088
19.832	-11.070
19.909	-11.104
19.995	-11.125
POLYLINE BLACK
19.442	-9.574
19.583	-9.654
19.587	-9.668
19.732	-9.711
19.783	-9.726
19.836	-9.732
19.887	-9.748
20.376	-9.903
19.836	-9.787
20.536	-9.902
20.664	-9.923
20.793	-9.942
20.921	-9.966
20.931	-9.967
20.940	-9.972
20.949	-9.977
20.970	-9.987
20.990	-10.003
21.005	-10.022
21.079	-10.113
21.146	-10.209
21.222	-10.298
21.295	-10.381
21.395	-10.423
21.486	-10.480
POLYLINE BLACK
20.092	-11.330
20.093	-11.356
20.088	-11.409
20.103	-11.441
20.142	-11.528
20.391	-11.527
20.408	-11.529
20.466	-11.534
20.531	-11.534
20.588	-11.516
20.665	-11.491
20.775	-11.410
20.818	-11.375
20.950	-11.269
21.260	-10.909
21.313	-10.857
21.378	-10.793
21.456	-10.742
21.524	-10.681
21.579	-10.631
21.603	-10.552
21.632	-10.489
POLYLINE BLACK
19.607	-10.376
19.641	-10.448
19.678	-10.518
19.709	-10.592
19.742	-10.674
19.767	-10.759
19.799	-10.842
19.816	-10.886
19.852	-10.889
19.875	-10.849
19.911	-10.788
19.941	-10.724
19.979	-10.664
20.004	-10.624
20.053	-10.594
20.084	-10.561
20.133	-10.509
20.162	-10.437
20.176	-10.368
20.183	-10.332
20.186	-10.290
20.158	-10.262
20.097	-10.201
19.937	-10.210
19.863	-10.229
19.816	-10.241
19.771	-10.258
19.726	-10.276
19.710	-10.283
19.689	-10.289
19.680	-10.304
19.675	-10.315
19.688	-10.327
19.692	-10.338
POLYLINE BLACK
19.551	-10.362
19.664	-10.358
19.747	-10.455
19.854	-10.470
19.919	-10.478
20.018	-10.454
20.064	-10.446
20.091	-10.441
20.113	-10.417
20.123	-10.392
20.138	-10.355
20.126	-10.311
20.122	-10.273
POLYLINE BLACK
19.835	-10.548
19.745	-10.855
19.731	-10.732
19.777	-10.917
POLYLINE BLACK
20.571	-10.279
20.497	-10.327
20.405	-10.400
20.425	-10.502
20.439	-10.575
20.545	-10.700
20.564	-10.725
20.599	-10.771
20.656	-10.708
20.691	-10.700
20.754	-10.684
20.837	-10.762
20.862	-10.661
20.886	-10.559
20.904	-10.478
20.880	-10.376
20.867	-10.316
20.837	-10.257
20.784	-10.224
20.718	-10.182
20.605	-10.240
20.617	-10.322
20.629	-10.396
20.714	-10.560
20.715	-10.563
20.726	-10.584
20.741	-10.603
20.756	-10.622
20.792	-10.665
20.803	-10.666
20.851	-10.677
POLYLINE BLACK
20.538	-10.637
20.574	-10.511
20.611	-10.397
20.658	-10.276
POLYLINE BLACK
14.279	-8.909
14.474	-8.747
14.607	-8.559
14.643	-8.307
14.662	-8.178
14.661	-8.047
14.676	-7.918
14.679	-7.891
14.687	-7.866
14.697	-7.841
14.769	-7.665
14.767	-7.688
14.880	-7.538
POLYLINE BLACK
15.424	-8.446
15.378	-8.393
15.331	-8.350
15.304	-8.285
15.184	-7.997
15.337	-7.679
15.404	-7.403
POLYLINE BLACK
15.502	-7.058
16.783	-5.972
16.645	-6.357
16.990	-5.707
POLYLINE BLACK
15.635	-6.728
15.679	-6.759
15.308	-6.985
15.451	-7.083
15.469	-7.095
15.487	-7.104
15.508	-7.108
15.568	-7.118
15.627	-7.076
15.676	-7.051
POLYLINE BLACK
-2.237	-9.197
-2.160	-9.216
-2.084	-9.244
-2.003	-9.235
-1.637	-9.197
-1.275	-9.128
-0.908	-9.105
-0.639	-9.088
-0.369	-9.119
-0.100	-9.117
0.004	-9.116
0.106	-9.097
0.210	-9.097
0.338	-9.096
0.619	-9.166
0.702	-9.175
0.900	-9.197
1.101	-9.191
1.300	-9.214
1.455	-9.232
1.668	-9.305
1.803	-9.381
1.935	-9.456
2.138	-9.573
2.256	-9.706
2.349	-9.809
2.401	-10.011
2.396	-10.146
2.396	-10.173
2.390	-10.200
2.385	-10.226
2.384	-10.233
2.382	-10.239
2.379	-10.245
2.364	-10.275
2.348	-10.303
2.333	-10.333
POLYLINE BLACK
3.051	-10.424
2.936	-10.539
2.832	-10.666
2.707	-10.769
2.563	-10.887
2.359	-10.956
2.234	-11.105
2.096	-11.268
1.969	-11.440
1.842	-11.611
1.826	-11.631
1.816	-11.655
1.805	-11.678
1.792	-11.708
1.771	-11.806
1.767	-11.820
1.742	-11.893
1.691	-11.978
1.650	-12.040
1.641	-12.054
1.630	-12.066
1.618	-12.077
1.576	-12.115
1.530	-12.150
1.489	-12.189
1.468	-12.210
1.449	-12.234
1.432	-12.258
1.409	-12.291
1.387	-12.332
1.386	-12.373
1.386	-12.405
1.397	-12.430
1.384	-12.462
1.343	-12.560
1.116	-12.762
1.081	-12.799
1.012	-12.877
0.946	-13.005
0.926	-13.107
0.920	-13.139
0.929	-13.242
0.889	-13.284
0.878	-13.296
0.862	-13.304
0.848	-13.310
0.803	-13.328
0.663	-13.360
0.607	-13.418
0.562	-13.465
0.538	-13.533
0.506	-13.584
0.483	-13.622
0.452	-13.638
0.434	-13.682
0.422	-13.711
0.413	-13.742
0.404	-13.772
0.394	-13.805
0.392	-13.839
0.361	-13.859
0.312	-13.891
0.259	-13.896
0.206	-13.918
0.154	-13.940
0.098	-13.972
0.063	-14.018
0.015	-14.083
-0.000	-14.202
-0.024	-14.275
-0.038	-14.318
-0.076	-14.357
-0.104	-14.387
-0.162	-14.453
-0.223	-14.516
-0.281	-14.582
-0.307	-14.612
-0.298	-14.654
-0.317	-14.687
-0.326	-14.701
-0.335	-14.709
-0.348	-14.720
-0.421	-14.778
-0.493	-14.837
-0.566	-14.895
-0.583	-14.909
-0.577	-14.905
-0.583	-14.879
POLYLINE BLACK
2.316	-10.337
2.279	-10.371
2.237	-10.400
2.204	-10.438
2.078	-10.582
2.020	-10.661
1.948	-10.823
1.915	-10.897
1.910	-10.959
1.865	-11.019
1.841	-11.050
1.812	-11.075
1.773	-11.085
1.721	-11.097
1.593	-11.096
1.557	-11.168
1.519	-11.245
1.482	-11.323
1.449	-11.402
1.422	-11.469
1.408	-11.560
1.364	-11.625
1.356	-11.637
1.346	-11.648
1.336	-11.658
1.252	-11.741
1.160	-11.816
1.082	-11.905
1.040	-11.952
1.010	-12.009
0.978	-12.064
0.924	-12.154
0.930	-12.179
0.876	-12.239
0.826	-12.295
0.721	-12.305
0.665	-12.325
0.597	-12.350
0.549	-12.404
0.515	-12.467
0.449	-12.588
0.397	-12.717
0.331	-12.839
0.083	-13.294
0.316	-12.684
-0.004	-13.499
-0.009	-13.510
-0.019	-13.665
-0.067	-13.709
-0.208	-13.836
-0.161	-13.766
-0.273	-13.926
-0.320	-13.993
-0.362	-14.063
-0.408	-14.130
-0.412	-14.135
-0.417	-14.139
-0.422	-14.142
-0.478	-14.186
-0.640	-14.193
-0.657	-14.197
-0.684	-14.203
-0.709	-14.213
-0.734	-14.224
-0.839	-14.271
-0.894	-14.363
-0.961	-14.456
-0.974	-14.474
-0.983	-14.496
-0.996	-14.515
-1.012	-14.541
-1.048	-14.536
-1.073	-14.540
-1.098	-14.545
-1.120	-14.559
-1.137	-14.577
-1.226	-14.678
-1.220	-14.953
-1.229	-14.995
-1.239	-15.040
-1.256	-15.082
-1.273	-15.124
-1.279	-15.139
-1.287	-15.153
-1.297	-15.166
-1.344	-15.225
-1.397	-15.278
-1.442	-15.338
-1.492	-15.405
-1.522	-15.510
-1.547	-15.582
-1.556	-15.608
-1.552	-15.615
-1.567	-15.634
-1.586	-15.661
-1.619	-15.668
-1.645	-15.686
-1.659	-15.695
-1.672	-15.705
-1.684	-15.717
-1.742	-15.774
-1.749	-15.808
-1.795	-15.890
POLYLINE BLACK
-1.802	-15.938
-1.926	-16.208
-2.011	-16.331
-2.067	-16.587
-2.085	-16.666
-2.073	-16.744
-2.099	-16.821
-2.139	-16.941
-2.270	-17.004
-2.327	-17.119
-2.355	-17.175
-2.337	-17.237
-2.355	-17.296
-2.372	-17.351
-2.410	-17.398
-2.419	-17.456
-2.430	-17.526
-2.424	-17.548
-2.431	-17.617
-2.435	-17.659
-2.442	-17.701
-2.448	-17.744
POLYLINE BLACK
-2.459	-17.651
-2.486	-17.695
-2.508	-17.742
-2.541	-17.782
-2.583	-17.832
-2.698	-17.954
-2.782	-17.982
-2.832	-17.998
-2.883	-17.988
-2.934	-17.988
-2.995	-17.989
-3.059	-18.048
-3.094	-18.090
-3.128	-18.132
-3.158	-18.178
-3.189	-18.222
-3.240	-18.294
-3.281	-18.365
-3.361	-18.408
-3.373	-18.414
-3.386	-18.421
-3.400	-18.424
-3.500	-18.447
-3.602	-18.462
-3.702	-18.487
-3.771	-18.504
-3.838	-18.526
-3.904	-18.549
-3.923	-18.556
-3.986	-18.589
-3.991	-18.613
-3.996	-18.642
-3.998	-18.671
-4.001	-18.700
POLYLINE BLACK
-3.984	-18.682
-4.025	-19.085
-3.985	-18.565
-3.969	-19.173
-3.967	-19.225
-3.984	-19.277
-3.989	-19.329
-3.993	-19.365
-3.957	-19.387
-3.944	-19.417
-3.942	-19.423
-3.941	-19.429
-3.939	-19.435
-3.937	-19.445
-3.937	-19.456
-3.933	-19.466
-3.927	-19.481
-3.918	-19.495
-3.910	-19.509
POLYLINE BLACK
-0.579	-14.896
-0.604	-14.909
-0.629	-14.920
-0.653	-14.935
-0.677	-14.950
-0.707	-14.985
-0.720	-15.007
-0.746	-15.049
-0.770	-15.093
-0.789	-15.139
-0.802	-15.170
-0.807	-15.203
-0.815	-15.236
-0.838	-15.329
-0.852	-15.440
-0.897	-15.531
-0.905	-15.549
-0.916	-15.567
-0.929	-15.583
-1.008	-15.675
-1.094	-15.761
-1.171	-15.855
-1.226	-15.922
-1.260	-15.999
-1.271	-16.084
-1.275	-16.120
-1.270	-16.157
-1.279	-16.193
-1.306	-16.296
-1.341	-16.396
-1.377	-16.496
-1.402	-16.566
-1.535	-16.713
-1.544	-16.726
-1.576	-16.769
-1.600	-16.852
-1.611	-16.896
-1.636	-16.991
-1.602	-17.144
-1.600	-17.212
-1.599	-17.249
-1.604	-17.285
-1.611	-17.321
-1.621	-17.379
-1.646	-17.433
-1.675	-17.483
-1.723	-17.563
-1.782	-17.623
-1.778	-17.723
-1.775	-17.786
-1.717	-17.890
-1.702	-17.930
-1.660	-18.041
-1.735	-18.177
-1.775	-18.269
-1.816	-18.365
-1.944	-18.469
-2.021	-18.517
-2.093	-18.562
-2.244	-18.610
-2.326	-18.685
-2.399	-18.752
-2.413	-18.855
-2.462	-18.935
-2.994	-19.727
-2.483	-18.927
-2.800	-19.509
-3.055	-19.978
-2.811	-19.469
-2.941	-19.745
POLYLINE BLACK
-2.959	-19.688
-2.957	-19.709
-2.952	-19.729
-2.951	-19.749
-2.948	-19.799
-2.992	-19.853
-3.032	-19.877
-3.043	-19.883
-3.162	-19.934
-3.199	-19.973
-3.215	-19.990
-3.231	-20.010
-3.245	-20.030
-3.266	-20.058
-3.281	-20.093
-3.315	-20.109
-3.337	-20.119
-3.361	-20.129
-3.385	-20.136
-3.423	-20.148
-3.610	-20.168
-3.613	-20.257
-3.615	-20.340
-3.455	-20.546
-3.451	-20.554
-3.389	-20.663
-3.410	-20.660
-3.377	-20.766
-3.367	-20.799
-3.308	-20.879
-3.303	-20.887
-3.272	-20.938
-3.321	-20.984
-3.359	-21.012
-3.391	-21.035
-3.385	-21.028
-3.420	-21.013
POLYLINE BLACK
-3.909	-19.448
-3.914	-19.574
-3.855	-19.685
-3.815	-19.800
-3.802	-19.836
-3.800	-19.880
-3.822	-19.914
-3.868	-19.983
-3.893	-20.009
-3.965	-20.066
-4.004	-20.097
-4.050	-20.119
-4.088	-20.152
-4.129	-20.189
-4.162	-20.235
-4.201	-20.274
-4.220	-20.293
-4.261	-20.310
-4.281	-20.323
-4.299	-20.335
-4.317	-20.353
-4.329	-20.371
-4.357	-20.413
-4.348	-20.462
-4.342	-20.510
-4.339	-20.536
-4.327	-20.570
-4.341	-20.596
-4.493	-20.880
-4.418	-20.704
-4.481	-20.859
POLYLINE BLACK
-2.967	-22.315
-3.003	-22.363
-3.041	-22.408
-3.075	-22.457
-3.086	-22.474
-3.093	-22.495
-3.102	-22.514
-3.132	-22.584
-3.155	-22.668
-3.205	-22.730
-3.227	-22.757
-3.251	-22.782
-3.277	-22.806
-3.317	-22.843
-3.418	-22.903
-3.443	-22.973
-3.468	-23.043
-3.460	-23.080
-3.474	-23.167
-3.480	-23.203
-3.498	-23.246
-3.518	-23.276
-3.541	-23.313
-3.563	-23.352
-3.594	-23.382
-3.718	-23.507
-3.792	-23.529
-3.873	-23.643
-3.927	-23.719
-3.910	-23.797
-3.878	-23.878
-3.864	-23.915
-3.847	-23.948
-3.822	-23.978
-3.774	-24.034
-3.701	-24.037
-3.638	-24.066
-3.615	-24.077
-3.592	-24.090
-3.571	-24.105
-3.459	-24.186
-3.429	-24.237
-3.313	-24.279
-3.260	-24.298
-3.205	-24.312
-3.150	-24.327
-3.083	-24.345
-3.029	-24.344
-2.978	-24.390
-2.925	-24.438
-2.902	-24.511
-2.867	-24.570
-2.841	-24.612
-2.814	-24.654
-2.785	-24.694
-2.756	-24.734
-2.702	-24.744
-2.675	-24.784
-2.649	-24.821
-2.621	-24.890
-2.577	-24.924
-2.548	-24.947
-2.502	-24.961
-2.474	-24.978
-2.454	-24.991
-2.436	-25.006
-2.419	-25.022
-2.415	-25.026
-2.344	-25.111
-2.309	-25.126
-2.258	-25.147
-2.206	-25.164
-2.154	-25.181
-2.126	-25.191
-2.095	-25.191
-2.069	-25.204
-2.003	-25.237
-1.940	-25.277
-1.878	-25.317
-1.696	-25.434
-1.513	-25.551
-1.335	-25.674
-1.284	-25.709
-1.206	-25.814
-1.186	-25.874
-1.180	-25.892
-1.179	-25.910
-1.175	-25.928
POLYLINE BLACK
-4.688	-26.997
-4.608	-26.983
-4.451	-26.906
-4.345	-26.946
-4.265	-26.976
-4.183	-27.030
-4.094	-27.044
-3.997	-27.059
-3.899	-27.071
-3.801	-27.086
-3.761	-27.093
-3.722	-27.106
-3.682	-27.110
-3.572	-27.121
-3.461	-27.130
-3.350	-27.131
-3.042	-27.135
-3.107	-27.029
-3.046	-27.165
POLYLINE BLACK
-2.965	-27.133
-2.929	-27.158
-2.897	-27.189
-2.857	-27.208
-2.560	-27.350
-2.263	-27.432
-1.930	-27.479
-1.779	-27.500
-1.625	-27.482
-1.473	-27.490
-1.449	-27.491
-1.425	-27.498
-1.403	-27.506
-1.332	-27.530
-1.265	-27.566
-1.193	-27.586
-1.051	-27.627
-0.902	-27.643
-0.761	-27.688
-0.572	-27.748
-0.390	-27.826
-0.207	-27.900
-0.143	-27.927
-0.113	-27.962
-0.051	-27.974
0.039	-27.991
0.128	-27.965
0.217	-27.954
POLYLINE BLACK
-3.378	-20.979
-3.413	-21.015
-3.500	-21.090
-3.522	-21.152
-3.567	-21.275
-3.600	-21.402
-3.643	-21.526
-3.648	-21.541
-3.658	-21.555
-3.667	-21.567
-3.706	-21.621
-3.750	-21.645
-3.797	-21.698
-3.832	-21.737
-3.865	-21.791
-3.883	-21.841
-3.898	-21.883
-3.908	-21.931
-3.907	-21.976
-3.904	-22.079
-3.878	-22.162
-3.921	-22.255
-3.951	-22.322
-4.050	-22.480
-4.069	-22.590
-4.074	-22.619
-4.076	-22.649
-4.077	-22.678
-4.079	-22.740
-4.062	-22.773
-3.999	-22.786
-3.976	-22.790
-3.946	-22.791
-3.924	-22.785
-3.746	-22.739
-3.729	-22.726
-3.583	-22.607
-3.542	-22.574
-3.495	-22.518
-3.442	-22.497
-3.368	-22.466
-3.292	-22.440
-3.215	-22.417
-3.192	-22.409
-3.167	-22.409
-3.142	-22.405
-3.121	-22.402
-3.099	-22.400
-3.078	-22.394
-3.048	-22.386
-3.018	-22.375
-2.989	-22.365
POLYLINE BLACK
0.272	-27.983
0.306	-27.961
0.338	-27.932
0.376	-27.916
0.479	-27.870
0.585	-27.828
0.694	-27.797
0.953	-27.723
0.849	-27.806
1.024	-27.720
1.110	-27.678
1.141	-27.641
1.215	-27.572
1.235	-27.554
1.257	-27.527
1.287	-27.527
1.384	-27.528
1.422	-27.526
1.508	-27.550
1.544	-27.559
1.618	-27.603
1.670	-27.586
1.781	-27.549
1.768	-27.352
1.885	-27.330
1.964	-27.315
2.033	-27.296
2.111	-27.305
2.176	-27.313
2.242	-27.366
2.308	-27.338
2.316	-27.334
2.329	-27.324
2.333	-27.318
2.380	-27.247
2.423	-27.174
2.470	-27.103
2.474	-27.097
2.481	-27.091
2.487	-27.086
2.519	-27.060
2.566	-27.047
2.607	-27.051
2.663	-27.055
2.698	-27.081
2.747	-27.102
2.788	-27.119
2.844	-27.085
2.870	-27.057
2.922	-27.002
2.969	-26.944
3.019	-26.889
3.023	-26.884
3.035	-26.879
3.041	-26.877
3.122	-26.850
3.235	-26.971
3.266	-27.026
3.271	-27.035
3.274	-27.044
3.278	-27.054
3.284	-27.069
3.286	-27.099
3.311	-27.086
3.317	-27.083
3.323	-27.078
3.328	-27.073
3.358	-27.041
3.385	-27.006
3.416	-26.974
3.455	-26.933
3.501	-26.960
3.536	-26.891
3.556	-26.851
3.594	-26.717
3.657	-26.672
3.758	-26.599
3.885	-26.693
3.978	-26.650
4.000	-26.639
3.999	-26.614
4.006	-26.594
4.011	-26.579
4.020	-26.563
4.030	-26.552
4.054	-26.525
4.084	-26.505
4.114	-26.487
4.134	-26.476
4.156	-26.469
4.176	-26.457
4.211	-26.436
4.221	-26.417
4.253	-26.391
4.273	-26.375
4.302	-26.361
4.326	-26.355
4.428	-26.329
4.535	-26.353
4.634	-26.379
4.655	-26.385
4.675	-26.395
4.696	-26.400
4.754	-26.415
4.883	-26.400
4.906	-26.398
4.954	-26.394
5.001	-26.386
5.048	-26.381
POLYLINE BLACK
-1.073	-25.943
-1.067	-25.966
-1.063	-25.988
-1.056	-26.010
-1.050	-26.027
-1.035	-26.050
-1.022	-26.062
-0.998	-26.084
-0.930	-26.159
-0.876	-26.182
-0.846	-26.195
-0.796	-26.193
-0.780	-26.231
-0.756	-26.289
-0.733	-26.348
-0.712	-26.407
-0.692	-26.463
-0.684	-26.539
-0.628	-26.574
-0.540	-26.630
-0.423	-26.563
-0.336	-26.615
-0.329	-26.619
-0.321	-26.624
-0.316	-26.630
-0.233	-26.724
-0.154	-26.822
-0.070	-26.915
-0.017	-26.974
0.065	-27.002
0.142	-27.006
0.189	-27.008
0.239	-26.995
0.286	-27.006
0.321	-27.015
0.348	-27.036
0.373	-27.061
0.389	-27.076
0.398	-27.094
0.421	-27.095
0.443	-27.095
0.471	-27.074
0.484	-27.061
0.538	-27.008
0.583	-26.945
0.641	-26.896
0.678	-26.864
0.833	-26.743
0.928	-26.705
0.943	-26.699
0.973	-26.695
0.989	-26.697
1.052	-26.706
1.186	-26.753
1.271	-26.723
1.322	-26.705
1.360	-26.685
1.403	-26.651
1.425	-26.634
1.443	-26.611
1.465	-26.593
1.492	-26.572
1.541	-26.550
1.573	-26.542
1.663	-26.520
1.750	-26.530
1.842	-26.514
1.901	-26.504
1.989	-26.474
2.047	-26.443
2.100	-26.416
2.140	-26.331
2.167	-26.295
2.183	-26.275
2.212	-26.252
2.235	-26.240
2.273	-26.220
2.327	-26.209
2.368	-26.206
2.520	-26.194
2.674	-26.194
2.826	-26.181
2.894	-26.175
2.984	-26.133
3.028	-26.079
3.060	-26.039
3.069	-26.009
3.106	-25.982
3.180	-25.930
3.314	-25.904
3.375	-25.887
3.439	-25.870
3.504	-25.860
3.567	-25.845
3.603	-25.836
3.638	-25.824
3.674	-25.815
3.735	-25.801
3.799	-25.895
3.845	-25.908
3.861	-25.913
3.881	-25.909
3.893	-25.897
3.995	-25.796
3.994	-25.815
3.974	-25.684
POLYLINE BLACK
5.059	-26.430
5.100	-26.139
5.073	-26.174
5.239	-25.963
5.291	-25.896
5.363	-25.832
5.403	-25.753
5.434	-25.694
5.433	-25.627
5.448	-25.562
5.461	-25.503
5.519	-25.447
5.563	-25.411
5.582	-25.395
5.603	-25.380
5.625	-25.369
5.712	-25.326
5.801	-25.290
5.888	-25.248
5.894	-25.245
5.898	-25.241
5.902	-25.237
5.939	-25.197
5.930	-25.112
5.933	-25.070
5.936	-25.013
5.943	-24.957
5.984	-24.913
6.032	-24.862
6.091	-24.831
6.155	-24.800
6.211	-24.773
6.331	-24.749
6.384	-24.688
6.418	-24.650
6.462	-24.541
6.469	-24.529
6.478	-24.513
6.491	-24.499
6.503	-24.484
6.596	-24.366
6.688	-24.196
6.858	-24.180
6.876	-24.178
6.899	-24.188
6.915	-24.193
POLYLINE BLACK
3.969	-25.848
4.049	-25.834
4.123	-25.801
4.184	-25.746
4.215	-25.719
4.263	-25.677
4.274	-25.631
4.284	-25.595
4.286	-25.486
4.287	-25.482
4.292	-25.438
4.314	-25.379
4.347	-25.346
4.378	-25.316
4.528	-25.202
4.574	-25.120
4.598	-25.078
4.615	-25.031
4.641	-24.989
4.690	-24.907
4.771	-24.886
4.804	-24.788
4.825	-24.727
4.823	-24.662
4.838	-24.600
4.846	-24.563
4.863	-24.529
4.873	-24.493
4.888	-24.439
4.858	-24.370
4.821	-24.331
4.784	-24.291
4.730	-24.294
4.679	-24.279
4.607	-24.258
4.307	-24.142
4.150	-24.139
4.100	-24.137
4.050	-24.143
4.001	-24.147
3.917	-24.153
3.883	-24.168
3.810	-24.153
3.705	-24.133
3.611	-24.052
3.524	-24.009
3.505	-23.999
3.483	-23.997
3.462	-23.992
POLYLINE BLACK
4.859	-24.342
4.879	-24.356
4.898	-24.372
4.920	-24.385
4.933	-24.393
4.963	-24.403
4.979	-24.403
5.125	-24.409
5.272	-24.404
5.419	-24.414
5.470	-24.418
5.521	-24.430
5.571	-24.444
6.026	-24.579
5.580	-24.510
6.206	-24.582
6.227	-24.584
6.267	-24.574
6.285	-24.566
6.415	-24.510
6.530	-24.370
6.622	-24.295
6.655	-24.268
6.694	-24.259
6.734	-24.245
POLYLINE BLACK
3.669	-24.041
3.635	-24.008
3.614	-23.980
3.575	-23.958
3.566	-23.954
3.507	-23.931
3.502	-23.928
3.460	-23.906
3.423	-23.872
3.399	-23.832
3.376	-23.794
3.366	-23.752
3.360	-23.709
3.330	-23.459
3.429	-23.338
3.572	-23.119
3.608	-23.064
3.668	-22.994
3.724	-22.952
3.744	-22.937
3.765	-22.924
3.788	-22.913
3.891	-22.865
4.001	-22.832
4.100	-22.776
4.240	-22.695
4.372	-22.600
4.502	-22.504
4.596	-22.435
4.634	-22.365
4.712	-22.283
4.794	-22.197
4.979	-22.156
5.092	-22.152
5.115	-22.152
5.139	-22.152
5.161	-22.157
5.254	-22.182
5.346	-22.212
5.437	-22.244
5.579	-22.295
5.621	-22.345
5.782	-22.361
6.003	-22.381
6.224	-22.377
6.445	-22.390
6.459	-22.391
6.473	-22.396
6.486	-22.402
6.537	-22.426
6.584	-22.457
6.635	-22.482
6.660	-22.494
6.703	-22.498
6.729	-22.498
6.815	-22.498
6.890	-22.442
6.964	-22.409
6.980	-22.402
7.000	-22.398
7.017	-22.399
7.037	-22.400
7.049	-22.405
7.067	-22.412
7.102	-22.428
7.282	-22.523
7.366	-22.528
7.524	-22.539
7.683	-22.532
7.841	-22.545
7.997	-22.559
8.130	-22.613
8.270	-22.680
8.281	-22.685
8.353	-22.724
8.377	-22.754
8.430	-22.820
8.373	-22.962
8.303	-22.994
8.259	-23.014
8.223	-23.009
8.170	-23.014
POLYLINE BLACK
6.019	-23.538
5.998	-23.493
5.983	-23.447
5.952	-23.408
5.925	-23.375
5.866	-23.356
5.830	-23.351
5.775	-23.343
5.691	-23.333
5.628	-23.347
5.586	-23.357
5.552	-23.383
5.515	-23.405
5.498	-23.415
5.483	-23.428
5.466	-23.435
5.443	-23.444
5.335	-23.466
5.290	-23.500
5.204	-23.564
5.188	-23.651
5.169	-23.753
5.157	-23.819
5.169	-23.896
5.207	-23.952
5.256	-24.022
5.293	-24.033
5.370	-24.100
5.383	-24.111
5.394	-24.133
5.400	-24.148
5.420	-24.191
5.439	-24.268
5.493	-24.291
5.595	-24.335
5.665	-24.330
5.796	-24.336
6.028	-24.347
5.736	-24.314
5.947	-24.317
6.006	-24.318
6.066	-24.326
6.125	-24.332
6.174	-24.337
6.216	-24.349
6.264	-24.332
6.350	-24.301
6.424	-24.131
6.458	-24.081
6.498	-24.021
6.559	-23.972
6.561	-23.894
6.565	-23.734
6.417	-23.671
6.304	-23.594
6.209	-23.529
6.230	-23.533
6.107	-23.481
6.100	-23.478
5.988	-23.450
5.950	-23.417
5.913	-23.386
5.904	-23.355
5.875	-23.307
POLYLINE BLUE
6.308	-24.221
6.415	-24.146
6.537	-24.086
6.671	-24.123
6.784	-24.155
6.925	-24.269
6.999	-24.308
7.065	-24.343
7.137	-24.363
7.203	-24.396
7.231	-24.410
7.254	-24.431
7.280	-24.449
7.566	-24.645
7.484	-24.542
7.589	-24.694
POLYLINE BLUE
5.545	-23.328
5.708	-23.247
5.785	-23.218
5.892	-23.080
5.928	-23.034
5.964	-22.937
6.029	-22.901
6.112	-22.855
6.232	-22.871
6.318	-22.893
6.372	-22.907
6.425	-22.925
6.476	-22.946
6.514	-22.962
6.550	-22.982
6.584	-23.004
6.743	-23.106
6.895	-23.219
7.057	-23.318
7.216	-23.416
7.445	-23.422
7.608	-23.456
7.699	-23.475
7.782	-23.560
7.848	-23.613
POLYLINE BLACK
6.901	-24.170
7.153	-24.104
6.902	-24.177
7.395	-23.935
7.469	-23.899
7.568	-23.885
7.625	-23.816
7.653	-23.782
7.677	-23.745
7.703	-23.710
7.730	-23.665
7.752	-23.615
7.785	-23.574
7.833	-23.513
7.894	-23.463
7.946	-23.405
7.957	-23.393
7.965	-23.378
7.972	-23.362
7.988	-23.324
8.001	-23.284
8.014	-23.244
8.030	-23.199
8.035	-23.167
8.059	-23.129
8.073	-23.106
8.094	-23.089
8.116	-23.074
8.135	-23.061
8.158	-23.055
8.175	-23.039
8.193	-23.023
8.203	-23.000
8.217	-22.980
POLYLINE BLUE
7.874	-23.661
7.937	-23.699
8.001	-23.736
8.065	-23.775
8.080	-23.785
8.095	-23.797
8.111	-23.806
8.150	-23.826
8.191	-23.837
8.235	-23.842
8.318	-23.851
8.389	-23.836
8.459	-23.881
8.484	-23.897
8.509	-23.913
8.530	-23.933
8.639	-24.036
8.657	-24.093
8.767	-24.152
8.895	-24.221
9.255	-24.317
9.278	-24.323
9.373	-24.347
9.472	-24.350
9.566	-24.372
9.614	-24.384
9.658	-24.406
9.703	-24.424
9.834	-24.476
9.879	-24.512
10.006	-24.528
10.092	-24.538
10.159	-24.544
10.240	-24.527
10.299	-24.515
10.356	-24.494
10.415	-24.485
10.484	-24.475
10.592	-24.463
10.665	-24.495
10.735	-24.526
10.825	-24.631
10.855	-24.655
10.901	-24.691
10.950	-24.721
11.000	-24.750
11.035	-24.770
11.088	-24.785
11.129	-24.790
11.260	-24.806
11.382	-24.819
11.509	-24.775
11.549	-24.761
11.613	-24.723
11.666	-24.719
11.703	-24.717
11.739	-24.730
11.775	-24.733
11.797	-24.735
11.819	-24.735
11.840	-24.733
11.905	-24.727
11.974	-24.680
12.030	-24.658
12.076	-24.640
12.130	-24.653
12.175	-24.629
12.219	-24.606
12.260	-24.575
12.305	-24.551
12.317	-24.545
12.332	-24.541
12.346	-24.538
12.368	-24.533
12.453	-24.534
12.415	-24.489
12.403	-24.475
12.390	-24.462
12.377	-24.448
POLYLINE BLUE
7.675	-24.685
7.736	-24.725
7.781	-24.747
7.856	-24.745
7.960	-24.741
8.064	-24.735
8.168	-24.723
8.251	-24.713
8.349	-24.673
8.440	-24.680
8.463	-24.682
8.486	-24.686
8.509	-24.692
8.625	-24.723
8.739	-24.767
8.858	-24.791
10.363	-25.086
8.984	-24.789
9.461	-24.873
9.526	-24.885
9.563	-24.962
9.601	-25.003
9.651	-25.055
9.727	-25.098
9.798	-25.113
9.922	-25.140
10.309	-25.164
10.327	-25.167
10.385	-25.173
10.451	-25.208
10.501	-25.234
10.555	-25.263
10.589	-25.295
10.651	-25.305
10.826	-25.331
11.002	-25.343
11.176	-25.368
11.329	-25.390
11.288	-25.409
11.409	-25.402
11.528	-25.395
11.611	-25.308
11.725	-25.286
11.753	-25.280
11.782	-25.277
11.812	-25.276
11.905	-25.273
11.864	-25.290
11.934	-25.270
POLYLINE BLUE
12.002	-25.289
12.068	-25.219
12.124	-25.193
12.219	-25.184
12.234	-25.182
12.250	-25.180
12.264	-25.184
12.416	-25.223
12.566	-25.271
12.718	-25.310
12.741	-25.316
12.765	-25.317
12.789	-25.317
12.860	-25.318
12.937	-25.286
13.003	-25.274
13.076	-25.261
13.148	-25.297
13.221	-25.288
13.293	-25.278
13.366	-25.269
13.438	-25.259
13.481	-25.251
13.524	-25.241
13.567	-25.235
13.611	-25.229
13.698	-25.251
13.726	-25.252
13.802	-25.255
13.879	-25.252
13.955	-25.248
13.971	-25.247
13.987	-25.243
14.003	-25.238
14.079	-25.218
14.098	-25.203
14.166	-25.201
14.196	-25.201
14.228	-25.205
14.257	-25.216
14.323	-25.240
14.330	-25.254
14.389	-25.262
14.476	-25.275
14.565	-25.188
14.649	-25.213
14.741	-25.240
14.832	-25.270
14.922	-25.303
14.970	-25.321
15.013	-25.349
15.061	-25.368
15.103	-25.385
15.167	-25.395
15.214	-25.394
15.281	-25.393
15.335	-25.383
15.398	-25.360
15.459	-25.338
15.516	-25.307
15.578	-25.288
15.661	-25.262
15.775	-25.235
15.870	-25.236
15.889	-25.236
15.908	-25.238
15.926	-25.244
16.037	-25.281
16.145	-25.329
16.257	-25.367
16.334	-25.393
16.415	-25.408
16.492	-25.436
16.497	-25.438
16.717	-25.556
16.820	-25.568
16.899	-25.577
16.952	-25.529
17.020	-25.497
17.053	-25.481
17.088	-25.470
17.123	-25.457
POLYLINE BLUE
0.000	-0.000
0.000	-0.000
POLYLINE BLUE
12.453	-24.491
12.527	-24.485
12.600	-24.473
12.673	-24.474
12.735	-24.474
12.798	-24.480
12.858	-24.494
12.867	-24.496
13.070	-24.582
13.159	-24.580
13.227	-24.578
13.265	-24.568
13.332	-24.544
13.371	-24.531
13.434	-24.483
13.485	-24.503
13.529	-24.519
13.574	-24.576
13.603	-24.600
13.656	-24.644
13.738	-24.663
13.804	-24.665
13.951	-24.671
14.098	-24.679
14.244	-24.667
14.333	-24.660
14.416	-24.625
14.503	-24.606
14.513	-24.604
14.523	-24.605
14.533	-24.606
14.568	-24.609
14.601	-24.619
14.628	-24.641
14.666	-24.670
14.635	-24.655
14.676	-24.686
14.737	-24.732
14.817	-24.757
14.893	-24.763
14.913	-24.764
14.965	-24.763
14.986	-24.753
15.091	-24.703
15.192	-24.643
15.298	-24.592
15.341	-24.571
15.411	-24.576
15.451	-24.576
15.481	-24.575
15.487	-24.580
15.514	-24.571
15.519	-24.569
15.546	-24.560
15.545	-24.547
15.544	-24.536
15.537	-24.526
15.533	-24.516
POLYLINE BLUE
17.116	-25.442
17.142	-25.222
17.107	-25.478
17.172	-25.171
17.178	-25.140
17.190	-25.083
17.176	-25.045
17.161	-25.008
17.121	-24.988
17.102	-24.950
17.065	-24.876
17.059	-24.823
16.996	-24.774
16.946	-24.735
16.885	-24.736
16.842	-24.692
16.792	-24.641
16.813	-24.627
16.778	-24.563
16.732	-24.478
16.624	-24.363
16.616	-24.246
16.614	-24.214
16.630	-24.186
16.645	-24.159
16.682	-24.090
16.725	-24.025
16.756	-23.953
16.844	-23.753
16.838	-23.524
16.852	-23.312
16.855	-23.272
16.841	-23.237
16.841	-23.198
16.842	-23.120
16.897	-23.048
16.877	-22.970
16.845	-22.849
16.694	-22.757
16.598	-22.691
16.533	-22.647
16.432	-22.595
16.406	-22.514
16.399	-22.490
16.383	-22.404
16.357	-22.364
16.324	-22.312
16.214	-22.247
16.185	-22.222
16.168	-22.208
16.152	-22.191
16.139	-22.173
16.087	-22.094
16.034	-22.014
15.982	-21.935
15.976	-21.922
15.951	-21.896
15.965	-21.898
15.988	-21.900
16.003	-21.925
16.022	-21.939
POLYLINE BLUE
15.502	-24.552
15.525	-24.506
15.608	-24.424
15.608	-24.350
15.607	-24.260
15.600	-24.252
15.574	-24.159
15.556	-24.093
15.527	-24.029
15.519	-23.961
15.503	-23.826
15.505	-23.690
15.503	-23.555
15.502	-23.541
15.505	-23.527
15.510	-23.513
15.527	-23.462
15.552	-23.413
15.568	-23.360
15.576	-23.330
15.580	-23.298
15.581	-23.266
15.583	-23.218
15.580	-23.170
15.577	-23.122
15.573	-23.041
15.562	-23.062
15.577	-22.978
15.593	-22.896
15.642	-22.821
15.645	-22.737
15.646	-22.687
15.626	-22.645
15.604	-22.601
15.594	-22.581
15.584	-22.564
15.582	-22.540
15.580	-22.509
15.579	-22.477
15.581	-22.446
15.581	-22.432
15.615	-22.309
15.582	-22.267
15.510	-22.174
15.225	-22.303
15.212	-22.306
15.203	-22.308
15.192	-22.310
15.184	-22.306
15.162	-22.294
15.145	-22.274
15.125	-22.259
POLYLINE BLUE
15.127	-22.357
15.103	-22.319
POLYLINE BLUE
15.164	-22.255
15.100	-22.209
15.059	-22.150
15.028	-22.078
15.005	-22.025
14.996	-21.952
14.951	-21.908
14.905	-21.864
14.874	-21.880
14.818	-21.870
14.447	-21.807
14.857	-21.861
14.548	-21.834
14.462	-21.826
14.408	-21.739
14.323	-21.730
14.259	-21.724
14.196	-21.762
14.133	-21.739
14.119	-21.734
14.105	-21.729
14.093	-21.721
14.028	-21.673
13.914	-21.595
13.932	-21.494
13.936	-21.474
13.942	-21.422
13.959	-21.396
13.982	-21.358
13.987	-21.375
14.030	-21.325
14.072	-21.275
14.107	-21.191
14.176	-21.163
14.200	-21.152
14.225	-21.145
14.251	-21.138
14.285	-21.128
14.301	-21.130
14.330	-21.112
14.397	-21.070
14.522	-20.941
14.541	-20.921
14.613	-20.850
14.636	-20.804
14.708	-20.759
14.790	-20.707
14.896	-20.744
14.984	-20.710
15.013	-20.699
15.032	-20.686
15.055	-20.667
15.082	-20.644
15.106	-20.620
15.133	-20.598
15.136	-20.595
15.141	-20.593
15.145	-20.592
15.177	-20.579
15.207	-20.588
15.241	-20.585
15.256	-20.585
15.270	-20.581
15.285	-20.578
15.325	-20.568
15.366	-20.558
15.407	-20.546
15.449	-20.533
15.492	-20.483
15.511	-20.446
15.521	-20.427
15.518	-20.425
15.524	-20.405
15.530	-20.385
15.555	-20.372
15.573	-20.367
15.686	-20.330
15.857	-20.303
15.957	-20.213
15.983	-20.191
15.995	-20.173
16.011	-20.144
16.020	-20.128
16.027	-20.110
16.036	-20.094
16.050	-20.071
16.080	-20.040
16.102	-20.027
16.194	-19.973
16.243	-19.951
16.346	-19.951
16.392	-19.951
16.439	-19.964
16.483	-19.943
16.581	-19.896
16.558	-19.889
16.683	-19.802
16.702	-19.789
16.783	-19.757
16.800	-19.749
16.820	-19.739
16.838	-19.727
16.858	-19.719
16.948	-19.684
16.970	-19.696
17.078	-19.674
17.127	-19.664
17.171	-19.624
17.224	-19.639
17.230	-19.640
17.259	-19.651
17.258	-19.659
17.256	-19.679
17.250	-19.699
17.246	-19.718
POLYLINE BLUE
15.972	-21.910
15.895	-21.870
15.820	-21.827
15.743	-21.788
15.731	-21.783
15.718	-21.779
15.704	-21.777
15.591	-21.761
15.585	-21.779
15.498	-21.739
15.475	-21.728
15.452	-21.714
15.430	-21.700
15.377	-21.667
15.351	-21.635
15.288	-21.627
15.211	-21.617
15.133	-21.614
15.056	-21.603
14.985	-21.593
14.921	-21.547
14.860	-21.514
14.830	-21.498
14.797	-21.485
14.776	-21.456
14.746	-21.412
14.753	-21.344
14.789	-21.306
14.814	-21.280
14.865	-21.261
14.890	-21.246
14.932	-21.221
14.919	-21.176
14.975	-21.159
14.997	-21.153
15.015	-21.151
15.038	-21.152
15.073	-21.155
15.092	-21.172
15.128	-21.154
15.177	-21.129
15.180	-21.107
15.212	-21.071
15.235	-21.046
15.267	-21.025
15.300	-21.017
15.321	-21.012
15.342	-21.007
15.364	-21.007
15.428	-21.005
15.491	-21.011
15.555	-21.010
15.566	-21.010
15.577	-21.008
15.587	-21.005
15.645	-20.989
15.755	-20.925
15.780	-20.915
15.825	-20.895
15.874	-20.881
15.920	-20.862
15.979	-20.837
16.009	-20.771
16.068	-20.745
16.123	-20.721
16.198	-20.721
16.240	-20.671
16.279	-20.624
16.301	-20.575
16.350	-20.542
16.420	-20.494
16.542	-20.455
16.600	-20.428
16.636	-20.412
16.669	-20.388
16.705	-20.372
16.742	-20.355
16.782	-20.350
16.822	-20.355
16.855	-20.360
16.897	-20.373
16.934	-20.367
16.977	-20.361
17.020	-20.327
17.055	-20.310
17.082	-20.298
17.112	-20.328
17.127	-20.320
17.135	-20.317
17.137	-20.306
17.138	-20.299
17.141	-20.279
17.141	-20.258
17.144	-20.237
17.149	-20.209
17.179	-20.130
17.207	-20.122
17.250	-20.108
17.308	-20.251
17.314	-20.268
17.335	-20.331
17.368	-20.393
17.368	-20.460
17.368	-20.483
17.330	-20.486
17.311	-20.500
POLYLINE BLUE
17.302	-19.644
17.418	-19.678
17.542	-19.631
17.652	-19.684
17.664	-19.690
17.676	-19.696
17.686	-19.704
17.741	-19.746
17.795	-19.788
17.847	-19.832
17.885	-19.864
17.901	-19.917
17.942	-19.945
18.008	-19.989
18.165	-20.037
18.190	-20.048
18.266	-20.080
18.302	-20.165
18.373	-20.204
18.448	-20.246
18.537	-20.213
18.610	-20.265
18.647	-20.291
18.658	-20.307
18.687	-20.344
18.717	-20.382
18.739	-20.422
18.785	-20.443
18.799	-20.449
18.814	-20.454
18.829	-20.459
18.874	-20.474
18.921	-20.482
18.964	-20.502
19.068	-20.547
19.165	-20.606
19.268	-20.654
19.286	-20.662
19.306	-20.666
19.325	-20.670
19.388	-20.685
19.452	-20.697
19.515	-20.713
19.528	-20.716
19.553	-20.735
19.562	-20.743
19.625	-20.803
19.627	-20.841
19.667	-20.922
19.672	-20.933
19.691	-20.953
19.702	-20.959
19.742	-20.982
19.782	-21.003
19.824	-21.022
19.896	-21.054
19.967	-21.060
20.015	-21.125
20.046	-21.167
20.075	-21.211
20.103	-21.256
20.119	-21.282
20.129	-21.317
20.133	-21.346
20.148	-21.440
20.119	-21.459
20.151	-21.434
POLYLINE BLUE
18.984	-21.796
19.014	-21.730
19.076	-21.641
19.060	-21.561
19.054	-21.530
19.033	-21.506
19.032	-21.473
19.030	-21.439
19.033	-21.404
19.034	-21.370
19.035	-21.328
19.041	-21.304
19.015	-21.267
18.984	-21.222
18.919	-21.202
18.877	-21.177
18.835	-21.151
18.822	-21.099
18.784	-21.068
18.751	-21.041
18.717	-21.030
18.675	-21.013
18.638	-20.999
18.589	-20.989
18.556	-20.962
18.526	-20.938
18.398	-20.805
18.316	-20.771
18.060	-20.667
18.357	-20.806
18.038	-20.692
17.933	-20.655
17.834	-20.601
17.728	-20.564
17.607	-20.521
17.565	-20.531
17.450	-20.503
17.406	-20.493
17.382	-20.473
17.343	-20.449
POLYLINE BLUE
19.021	-21.800
19.033	-21.864
19.053	-21.910
19.104	-21.951
19.141	-21.982
19.169	-21.991
19.190	-22.035
19.231	-22.118
19.208	-22.255
19.210	-22.326
19.212	-22.393
19.286	-22.443
19.306	-22.506
19.334	-22.599
19.303	-22.655
19.290	-22.756
19.288	-22.769
19.289	-22.783
19.291	-22.797
19.299	-22.846
19.313	-22.894
19.317	-22.943
19.321	-22.974
19.318	-23.006
19.314	-23.038
19.311	-23.069
19.306	-23.101
19.297	-23.132
19.286	-23.167
19.230	-23.272
19.237	-23.337
19.240	-23.371
19.253	-23.405
19.274	-23.432
19.308	-23.475
19.369	-23.523
19.379	-23.585
19.391	-23.652
19.369	-23.716
19.365	-23.783
19.363	-23.818
19.369	-23.858
19.381	-23.891
19.410	-23.975
19.514	-24.125
19.535	-24.163
19.553	-24.194
19.562	-24.223
19.567	-24.258
19.569	-24.272
19.568	-24.287
19.571	-24.301
19.578	-24.336
19.604	-24.383
19.622	-24.406
19.666	-24.462
19.717	-24.511
19.762	-24.565
19.767	-24.571
19.770	-24.579
19.773	-24.586
19.793	-24.638
19.803	-24.775
19.805	-24.782
19.816	-24.830
19.835	-24.877
19.853	-24.923
19.868	-24.961
19.901	-25.068
19.943	-25.120
19.949	-25.128
19.957	-25.135
19.964	-25.141
19.988	-25.163
20.013	-25.184
20.038	-25.206
POLYLINE BLUE
20.148	-21.365
20.140	-21.431
20.113	-21.512
20.134	-21.582
20.152	-21.644
20.177	-21.684
20.178	-21.745
20.178	-21.770
20.175	-21.796
20.172	-21.821
20.167	-21.864
20.158	-21.876
20.164	-21.916
20.193	-22.124
20.190	-21.999
20.190	-22.130
POLYLINE BLUE
20.241	-21.967
20.235	-21.967
POLYLINE BLUE
20.225	-21.971
20.204	-22.145
20.206	-22.082
20.222	-22.353
20.226	-22.429
20.284	-22.491
20.286	-22.566
20.288	-22.628
20.284	-22.650
20.270	-22.708
20.266	-22.728
20.258	-22.747
20.255	-22.767
20.239	-22.864
20.264	-22.876
20.266	-23.000
20.269	-23.147
20.248	-23.094
20.241	-23.222
20.235	-23.334
20.290	-23.440
20.280	-23.557
20.276	-23.611
20.263	-23.643
20.244	-23.694
20.240	-23.705
20.235	-23.714
20.231	-23.725
20.222	-23.754
20.227	-23.779
20.228	-23.811
POLYLINE BLUE
20.261	-23.708
20.260	-23.735
20.257	-23.762
20.258	-23.790
20.260	-23.848
20.290	-23.922
20.349	-23.943
20.355	-23.945
20.362	-23.948
20.369	-23.948
20.468	-23.948
20.568	-23.943
20.667	-23.942
20.703	-23.942
20.744	-23.982
20.765	-24.001
20.797	-24.029
20.826	-24.060
20.858	-24.088
20.939	-24.160
21.043	-24.077
21.122	-24.049
21.225	-24.023
21.175	-24.039
21.272	-24.002
POLYLINE BLUE
21.255	-24.032
21.272	-24.053
21.291	-24.069
21.299	-24.095
21.317	-24.154
21.273	-24.212
21.259	-24.268
21.249	-24.305
21.250	-24.347
21.264	-24.383
21.288	-24.448
21.320	-24.491
21.373	-24.536
21.397	-24.557
21.450	-24.591
21.470	-24.625
21.490	-24.660
21.557	-24.851
21.641	-24.886
21.680	-24.903
21.677	-24.893
21.727	-24.905
21.757	-24.912
21.796	-24.934
21.819	-24.952
22.042	-25.132
21.838	-24.983
22.039	-25.161
22.067	-25.186
22.106	-25.211
22.143	-25.223
22.191	-25.239
22.227	-25.230
22.277	-25.256
22.650	-25.450
22.151	-25.209
22.520	-25.407
22.552	-25.423
22.586	-25.436
22.620	-25.448
22.810	-25.511
22.925	-25.521
23.079	-25.610
23.129	-25.639
23.178	-25.670
23.225	-25.706
23.291	-25.756
23.321	-25.813
23.375	-25.877
23.402	-25.908
23.433	-25.936
23.460	-25.968
23.484	-25.997
23.487	-26.032
23.501	-26.066
23.520	-26.112
23.569	-26.143
23.604	-26.173
POLYLINE BLUE
19.995	-25.164
20.127	-25.232
20.185	-25.387
20.316	-25.454
20.558	-25.579
20.249	-25.392
20.646	-25.556
20.733	-25.592
20.808	-25.650
20.891	-25.694
20.924	-25.711
20.965	-25.716
21.001	-25.719
21.040	-25.723
21.066	-25.716
21.102	-25.733
21.195	-25.776
21.283	-25.828
21.377	-25.870
21.402	-25.881
21.429	-25.887
21.456	-25.892
21.520	-25.906
21.586	-25.909
21.649	-25.928
22.162	-26.084
21.983	-26.037
22.338	-26.204
22.399	-26.232
22.457	-26.210
22.522	-26.214
22.644	-26.222
22.710	-26.225
22.811	-26.263
22.902	-26.297
23.061	-26.520
23.061	-26.520
23.084	-26.548
23.100	-26.592
23.098	-26.628
23.095	-26.671
23.089	-26.808
23.066	-26.874
23.048	-26.926
23.026	-26.951
23.004	-27.002
22.929	-27.177
23.031	-26.985
22.921	-27.177
POLYLINE BLUE
23.579	-26.149
23.605	-26.183
23.625	-26.222
23.656	-26.251
23.765	-26.354
23.878	-26.455
23.998	-26.546
24.194	-26.694
24.298	-26.694
24.445	-26.871
24.503	-26.940
24.547	-27.020
24.594	-27.097
24.603	-27.112
24.610	-27.129
24.614	-27.147
24.667	-27.381
24.631	-27.304
24.647	-27.599
24.649	-27.627
24.655	-27.654
24.664	-27.680
24.688	-27.747
24.717	-27.812
24.747	-27.875
24.804	-27.964
24.780	-27.920
24.819	-28.006
POLYLINE BLUE
23.881	-28.997
23.996	-28.969
24.104	-28.920
24.219	-28.951
24.309	-28.976
24.345	-29.002
24.430	-29.002
24.459	-29.002
24.488	-28.998
24.517	-28.994
24.559	-28.988
24.655	-28.956
24.717	-28.965
24.791	-28.976
24.839	-29.016
24.914	-29.044
24.959	-29.062
25.025	-29.070
25.072	-29.068
25.243	-29.062
25.587	-28.919
25.632	-28.905
25.646	-28.901
25.660	-28.901
25.674	-28.901
25.714	-28.900
25.795	-28.918
25.820	-28.920
25.883	-28.926
25.947	-28.919
26.009	-28.930
26.169	-28.956
26.205	-29.000
26.333	-28.998
26.425	-28.996
26.499	-28.941
26.586	-28.918
26.637	-28.905
26.689	-28.899
26.741	-28.896
26.787	-28.894
26.945	-28.886
27.025	-28.911
27.108	-28.938
27.177	-29.001
27.252	-29.040
27.291	-29.061
27.334	-29.075
27.376	-29.090
27.428	-29.108
27.443	-29.100
27.482	-29.127
27.494	-29.135
27.505	-29.144
27.516	-29.155
27.568	-29.208
27.616	-29.266
27.670	-29.318
27.702	-29.350
27.751	-29.381
27.794	-29.396
27.856	-29.419
27.933	-29.437
27.999	-29.435
28.209	-29.428
28.279	-29.393
28.444	-29.418
28.469	-29.421
28.506	-29.437
28.526	-29.451
28.627	-29.519
28.728	-29.589
28.825	-29.662
28.870	-29.695
28.915	-29.752
28.932	-29.806
28.937	-29.821
28.940	-29.837
28.943	-29.853
28.952	-29.902
28.955	-29.952
28.967	-30.000
28.975	-30.032
29.038	-30.189
29.049	-30.217
POLYLINE BLUE
24.780	-27.929
25.025	-27.999
25.084	-28.011
25.333	-27.976
25.393	-27.967
25.509	-27.913
25.553	-27.899
25.578	-27.891
25.604	-27.888
25.630	-27.885
25.712	-27.877
25.800	-27.920
25.875	-27.929
25.927	-27.935
25.980	-27.931
26.032	-27.928
26.110	-27.923
26.191	-27.875
26.258	-27.852
26.297	-27.839
26.367	-27.840
26.401	-27.847
26.963	-27.976
26.548	-27.890
27.010	-27.966
27.038	-27.971
27.119	-27.995
27.159	-27.988
27.265	-27.970
27.370	-27.943
27.477	-27.924
27.801	-27.865
27.488	-27.937
27.711	-27.883
POLYLINE BLUE
29.088	-30.185
29.177	-30.213
29.264	-30.228
29.356	-30.210
29.446	-30.192
29.514	-30.101
29.578	-30.052
29.595	-30.039
29.614	-30.030
29.633	-30.021
29.706	-29.985
29.778	-29.948
29.853	-29.917
29.874	-29.908
29.898	-29.901
29.921	-29.899
30.036	-29.892
30.150	-29.897
30.265	-29.892
30.278	-29.892
30.291	-29.888
30.304	-29.885
30.312	-29.882
30.319	-29.879
30.326	-29.876
30.373	-29.857
30.418	-29.835
30.466	-29.819
30.488	-29.811
30.511	-29.808
30.534	-29.805
30.596	-29.797
30.658	-29.792
30.720	-29.786
30.876	-29.762
31.032	-29.734
31.189	-29.713
31.253	-29.704
31.319	-29.709
31.382	-29.697
31.465	-29.681
31.543	-29.648
31.625	-29.628
31.672	-29.616
31.804	-29.640
31.816	-29.641
31.862	-29.643
31.909	-29.636
31.955	-29.637
31.998	-29.639
32.047	-29.659
32.084	-29.677
32.178	-29.722
32.265	-29.785
32.371	-29.801
32.851	-29.876
32.686	-29.763
32.825	-29.861
POLYLINE BLUE
32.136	-28.276
32.005	-28.203
32.017	-28.253
31.799	-28.229
31.768	-28.225
31.672	-28.210
31.626	-28.182
31.575	-28.151
31.560	-28.120
31.494	-28.110
31.228	-28.071
31.216	-28.141
30.818	-28.153
30.628	-28.158
30.438	-28.135
30.249	-28.131
30.229	-28.130
30.209	-28.133
30.191	-28.138
30.095	-28.166
30.002	-28.203
29.906	-28.229
29.729	-28.275
29.863	-28.222
29.737	-28.244
29.685	-28.253
29.636	-28.273
29.584	-28.280
29.532	-28.287
29.425	-28.292
29.363	-28.276
29.239	-28.245
29.119	-28.197
28.994	-28.174
28.623	-28.104
28.811	-28.207
28.531	-28.103
28.457	-28.076
28.388	-28.035
28.313	-28.008
28.114	-27.937
28.198	-27.999
27.982	-27.948
27.907	-27.930
27.836	-27.897
27.762	-27.876
27.723	-27.865
27.677	-27.869
27.638	-27.869
POLYLINE BLUE
32.158	-28.282
32.270	-28.306
32.382	-28.332
32.494	-28.355
32.509	-28.358
32.524	-28.358
32.538	-28.362
32.636	-28.385
32.772	-28.466
32.831	-28.555
32.849	-28.583
32.901	-28.663
32.912	-28.713
32.933	-28.813
32.917	-28.895
32.907	-29.004
32.902	-29.050
32.889	-29.095
32.889	-29.141
32.887	-29.218
32.896	-29.294
32.900	-29.371
POLYLINE BLUE
32.788	-29.871
32.836	-29.938
POLYLINE BLUE
32.893	-29.934
32.948	-29.939
32.991	-29.947
33.028	-29.989
33.048	-30.010
33.065	-30.034
33.077	-30.062
33.097	-30.111
33.079	-30.113
33.095	-30.180
33.121	-30.291
33.164	-30.362
33.166	-30.465
33.167	-30.532
33.129	-30.590
33.135	-30.658
33.153	-30.864
33.151	-30.844
33.181	-30.971
POLYLINE BLUE
23.923	-28.902
23.886	-28.923
23.851	-28.946
23.813	-28.965
23.541	-29.097
23.071	-28.709
22.938	-28.647
22.847	-28.604
22.747	-28.581
22.648	-28.560
22.343	-28.495
21.942	-28.376
21.635	-28.545
21.439	-28.653
21.315	-28.829
21.146	-28.979
21.057	-29.058
20.895	-29.132
20.790	-29.159
20.449	-29.247
20.197	-29.310
19.866	-29.300
19.723	-29.296
19.470	-29.197
19.377	-29.177
19.283	-29.158
19.187	-29.149
19.092	-29.146
19.009	-29.144
18.926	-29.151
18.845	-29.163
18.693	-29.184
18.450	-29.277
18.274	-29.226
18.202	-29.205
18.157	-29.141
18.136	-29.072
18.074	-28.862
18.168	-28.655
18.323	-28.510
18.401	-28.438
18.429	-28.433
18.521	-28.384
18.562	-28.363
18.607	-28.346
18.645	-28.319
18.719	-28.265
18.785	-28.202
18.855	-28.143
18.923	-28.085
18.987	-28.021
19.059	-27.966
19.237	-27.830
19.131	-27.938
19.269	-27.845
19.356	-27.787
19.367	-27.749
19.454	-27.671
19.501	-27.629
19.569	-27.595
19.627	-27.576
19.660	-27.565
19.694	-27.555
19.728	-27.551
19.970	-27.527
20.213	-27.520
20.454	-27.492
20.599	-27.476
20.742	-27.441
20.887	-27.421
20.990	-27.406
21.096	-27.406
21.199	-27.389
21.482	-27.341
21.276	-27.339
21.547	-27.276
21.622	-27.259
21.699	-27.249
21.777	-27.245
21.867	-27.240
21.958	-27.235
22.048	-27.249
22.229	-27.277
22.404	-27.337
22.583	-27.371
22.621	-27.378
22.691	-27.378
22.735	-27.363
22.830	-27.331
22.896	-27.222
22.954	-27.156
POLYLINE BLUE
32.906	-29.350
32.975	-29.549
33.111	-29.661
33.239	-29.818
33.282	-29.869
33.339	-29.980
33.412	-30.030
33.463	-30.065
33.532	-30.075
33.585	-30.102
33.696	-30.159
33.805	-30.221
33.911	-30.286
33.967	-30.320
34.007	-30.378
34.042	-30.429
34.058	-30.452
34.061	-30.487
34.085	-30.499
34.121	-30.518
34.166	-30.508
34.207	-30.513
POLYLINE GREEN
19.351	-27.916
19.319	-27.860
POLYLINE GREEN
19.308	-27.819
18.774	-28.148
19.545	-27.667
18.359	-28.486
18.258	-28.557
18.121	-28.595
18.047	-28.702
17.961	-28.827
17.970	-29.027
18.068	-29.142
18.149	-29.237
18.285	-29.302
18.406	-29.331
18.718	-29.407
19.362	-29.194
19.474	-29.174
19.671	-29.138
19.471	-29.207
19.655	-29.134
POLYLINE GREEN
19.186	-27.797
18.532	-28.255
19.154	-27.842
18.337	-28.301
18.237	-28.357
18.149	-28.436
18.045	-28.486
17.853	-28.579
17.645	-28.634
17.454	-28.729
17.356	-28.778
17.279	-28.862
17.183	-28.915
16.680	-29.198
17.033	-28.938
16.830	-29.092
POLYLINE GREEN
19.609	-29.109
19.572	-29.136
19.531	-29.159
19.498	-29.190
19.435	-29.251
19.387	-29.328
19.320	-29.386
19.073	-29.597
18.836	-29.750
18.551	-29.899
18.439	-29.958
18.204	-30.001
18.112	-30.028
17.996	-30.061
17.960	-30.096
17.855	-30.099
17.777	-30.102
17.378	-30.049
17.277	-30.191
17.163	-30.351
17.306	-30.505
17.423	-30.609
17.505	-30.681
17.672	-30.757
17.733	-30.877
17.760	-30.931
17.751	-30.995
17.730	-31.049
17.655	-31.242
17.489	-31.323
17.298	-31.380
17.262	-31.391
17.225	-31.396
17.188	-31.400
17.126	-31.407
17.000	-31.389
16.928	-31.434
16.920	-31.439
16.912	-31.444
16.906	-31.451
16.818	-31.561
16.735	-31.676
16.646	-31.786
16.594	-31.850
16.526	-31.880
16.455	-31.925
POLYLINE GREEN
16.865	-29.059
16.173	-29.435
16.672	-29.132
16.156	-29.512
16.090	-29.561
15.964	-29.586
15.905	-29.610
15.830	-29.641
15.650	-29.795
15.634	-29.806
15.578	-29.846
15.505	-29.839
15.446	-29.873
15.436	-29.879
15.426	-29.886
15.417	-29.894
15.374	-29.929
15.336	-29.972
15.289	-30.003
15.243	-30.033
15.190	-30.051
15.140	-30.075
POLYLINE GREEN
15.223	-30.040
15.204	-30.043
POLYLINE GREEN
15.285	-30.032
14.829	-30.165
15.482	-29.966
14.611	-30.299
14.565	-30.317
14.515	-30.321
14.467	-30.329
14.298	-30.357
14.300	-30.338
14.163	-30.390
14.074	-30.424
14.021	-30.499
13.948	-30.558
13.895	-30.601
13.845	-30.603
13.780	-30.633
13.757	-30.643
13.735	-30.658
13.714	-30.673
13.670	-30.705
13.645	-30.743
13.621	-30.791
13.512	-31.005
13.397	-31.217
13.293	-31.434
13.279	-31.462
13.271	-31.494
13.266	-31.525
13.236	-31.733
13.288	-31.590
13.277	-31.848
13.273	-31.937
13.249	-32.023
13.239	-32.111
13.236	-32.141
13.266	-32.148
13.288	-32.140
13.324	-32.126
13.359	-32.108
13.395	-32.092
POLYLINE GREEN
13.341	-32.038
13.483	-32.050
13.618	-32.079
13.738	-32.160
13.769	-32.181
13.800	-32.203
13.824	-32.231
13.887	-32.302
13.942	-32.379
13.999	-32.455
14.052	-32.525
14.039	-32.531
14.106	-32.586
14.204	-32.666
14.312	-32.697
14.431	-32.750
14.446	-32.756
14.462	-32.761
14.477	-32.769
14.532	-32.802
14.568	-32.836
14.610	-32.886
14.698	-32.991
14.672	-33.103
14.798	-33.182
14.826	-33.200
14.906	-33.247
14.950	-33.251
15.014	-33.258
15.206	-33.237
15.288	-33.303
15.423	-33.413
15.576	-33.625
15.783	-33.594
15.927	-33.572
16.095	-33.408
16.182	-33.349
16.231	-33.316
16.283	-33.287
16.333	-33.255
16.352	-33.243
16.371	-33.230
16.391	-33.220
16.432	-33.199
16.516	-33.182
16.550	-33.171
16.580	-33.161
16.608	-33.145
16.638	-33.135
16.655	-33.130
16.674	-33.126
16.693	-33.125
16.996	-33.116
17.130	-33.081
17.370	-33.145
17.415	-33.157
17.458	-33.174
17.502	-33.188
POLYLINE GREEN
16.490	-31.828
16.471	-31.849
16.450	-31.870
16.433	-31.892
16.402	-31.932
16.471	-31.980
16.495	-31.994
16.528	-32.014
16.571	-32.030
16.611	-32.026
16.732	-32.012
16.666	-32.011
16.794	-31.975
16.832	-31.964
16.893	-31.966
16.929	-31.971
17.155	-32.008
16.869	-31.993
17.219	-32.075
17.333	-32.101
17.451	-32.100
17.565	-32.122
17.605	-32.130
17.644	-32.147
17.682	-32.163
17.787	-32.206
17.890	-32.254
17.993	-32.300
POLYLINE GREEN
17.538	-33.210
17.649	-33.206
17.784	-33.183
17.882	-33.256
17.986	-33.331
18.098	-33.528
18.139	-33.580
18.184	-33.637
18.383	-33.731
18.408	-33.745
POLYLINE GREEN
19.219	-32.959
19.069	-32.929
19.018	-32.770
18.891	-32.707
18.798	-32.660
18.701	-32.621
18.603	-32.584
18.514	-32.551
18.418	-32.570
18.331	-32.530
18.277	-32.505
18.224	-32.476
18.174	-32.444
18.139	-32.417
18.104	-32.389
18.069	-32.361
18.056	-32.349
18.046	-32.335
18.031	-32.324
17.990	-32.295
17.945	-32.269
17.902	-32.242
POLYLINE GREEN
19.233	-32.944
19.392	-33.038
19.467	-33.189
19.584	-33.323
19.663	-33.413
19.786	-33.448
19.858	-33.544
19.990	-33.719
20.002	-33.842
20.123	-34.066
20.502	-34.774
20.031	-33.680
20.461	-34.757
POLYLINE GREEN
20.458	-34.684
20.566	-34.747
20.532	-35.161
20.667	-35.318
20.718	-35.377
20.789	-35.410
20.835	-35.474
20.847	-35.492
20.858	-35.511
20.867	-35.531
20.904	-35.616
20.933	-35.705
20.973	-35.788
21.224	-36.312
21.081	-35.912
21.218	-36.341
POLYLINE GREEN
18.421	-33.792
18.522	-33.859
18.606	-33.898
18.681	-33.986
18.743	-34.058
18.790	-34.146
18.868	-34.204
19.009	-34.309
18.904	-34.215
19.032	-34.299
19.076	-34.328
19.118	-34.371
19.146	-34.415
19.256	-34.580
19.303	-34.733
19.400	-34.920
19.414	-34.948
19.435	-34.972
19.456	-34.995
19.567	-35.115
19.677	-35.188
19.748	-35.330
19.789	-35.412
19.821	-35.498
19.855	-35.584
19.898	-35.691
19.883	-35.699
19.947	-35.789
20.024	-35.897
20.103	-35.937
20.206	-36.039
20.234	-36.067
20.257	-36.100
20.279	-36.132
20.317	-36.188
20.348	-36.248
20.332	-36.316
20.317	-36.379
20.280	-36.406
20.237	-36.464
POLYLINE GREEN
20.763	-35.757
20.757	-35.831
20.750	-35.905
20.745	-35.979
20.744	-35.987
20.752	-36.000
20.758	-36.005
20.772	-36.016
20.786	-36.026
20.800	-36.036
20.821	-36.050
20.848	-36.061
20.856	-36.088
20.869	-36.125
20.848	-36.166
20.857	-36.204
20.862	-36.225
20.879	-36.234
20.892	-36.250
20.898	-36.256
20.903	-36.264
20.907	-36.271
20.927	-36.304
20.946	-36.338
20.966	-36.372
20.970	-36.378
20.975	-36.388
20.984	-36.385
21.010	-36.377
21.026	-36.306
21.033	-36.294
21.053	-36.255
21.077	-36.238
21.087	-36.200
21.093	-36.179
21.092	-36.158
21.089	-36.135
21.083	-36.080
21.048	-36.041
21.019	-35.993
21.001	-35.961
20.999	-35.948
20.977	-35.924
20.958	-35.904
20.952	-35.906
20.928	-35.886
20.913	-35.874
20.906	-35.855
20.890	-35.845
20.871	-35.831
20.863	-35.834
20.837	-35.822
20.817	-35.814
20.773	-35.776
20.768	-35.772
POLYLINE GREEN
20.251	-36.376
20.083	-36.539
20.079	-36.535
19.794	-36.599
19.749	-36.609
19.610	-36.626
19.539	-36.612
19.475	-36.599
19.413	-36.581
19.350	-36.566
18.345	-36.331
19.562	-36.633
18.507	-36.323
18.321	-36.268
17.852	-36.301
17.789	-36.304
17.694	-36.309
17.602	-36.337
17.507	-36.341
17.408	-36.345
17.309	-36.317
17.211	-36.327
17.055	-36.343
16.904	-36.394
16.749	-36.420
16.596	-36.446
16.575	-36.418
16.450	-36.468
16.388	-36.493
16.331	-36.530
16.268	-36.554
16.105	-36.615
16.132	-36.638
16.100	-36.543
POLYLINE GREEN
15.507	-38.666
15.681	-38.384
15.858	-38.105
16.028	-37.822
16.057	-37.774
16.059	-37.728
16.103	-37.697
16.117	-37.687
16.141	-37.676
16.157	-37.674
16.365	-37.654
16.573	-37.641
16.781	-37.621
16.965	-37.604
17.148	-37.576
17.332	-37.564
17.405	-37.560
17.723	-37.609
17.744	-37.611
17.781	-37.614
17.819	-37.610
17.855	-37.602
17.997	-37.573
18.299	-37.479
18.460	-37.470
18.961	-37.442
19.189	-37.533
19.743	-37.547
19.921	-37.534
20.099	-37.521
20.276	-37.509
20.293	-37.506
20.309	-37.501
20.326	-37.500
20.364	-37.499
20.402	-37.502
20.440	-37.503
POLYLINE GREEN
15.526	-38.704
15.369	-38.992
15.357	-38.984
15.252	-39.286
15.232	-39.343
15.215	-39.402
15.204	-39.461
15.197	-39.497
15.200	-39.534
15.198	-39.571
POLYLINE GREEN
15.192	-39.461
14.995	-39.983
15.202	-39.459
14.914	-40.092
14.905	-40.111
14.899	-40.132
14.898	-40.153
14.881	-40.448
14.904	-40.478
14.930	-40.801
14.934	-40.854
14.927	-40.946
14.951	-41.004
15.043	-41.221
15.130	-41.440
15.236	-41.650
15.278	-41.735
15.345	-41.805
15.396	-41.885
15.410	-41.906
15.420	-41.931
15.432	-41.954
POLYLINE GREEN
14.060	-40.799
14.075	-40.848
14.081	-40.900
14.106	-40.945
14.182	-41.084
14.498	-41.522
14.572	-41.638
14.647	-41.756
14.658	-41.873
14.713	-42.005
14.738	-42.067
14.774	-42.123
14.805	-42.183
POLYLINE GREEN
15.530	-42.124
15.556	-42.149
15.588	-42.169
15.610	-42.198
15.655	-42.261
15.693	-42.328
15.729	-42.396
15.766	-42.468
15.781	-42.557
15.838	-42.619
15.901	-42.689
16.003	-42.712
16.061	-42.787
16.069	-42.797
16.076	-42.809
16.081	-42.821
16.109	-42.878
16.131	-42.938
16.161	-42.995
16.178	-43.029
16.214	-43.069
16.243	-43.092
16.287	-43.126
16.324	-43.142
16.377	-43.159
16.438	-43.179
16.542	-43.188
16.586	-43.250
16.599	-43.269
16.602	-43.282
16.609	-43.305
16.623	-43.354
16.649	-43.494
16.692	-43.556
16.834	-43.765
16.987	-43.967
17.129	-44.177
17.260	-44.374
17.192	-44.368
17.389	-44.557
17.489	-44.653
17.607	-44.727
17.713	-44.816
17.751	-44.849
17.783	-44.890
17.820	-44.924
17.839	-44.941
17.861	-44.954
17.880	-44.972
17.882	-44.974
17.929	-45.033
17.931	-45.034
17.936	-45.037
17.941	-45.031
17.946	-45.029
POLYLINE GREEN
14.958	-42.334
14.987	-42.332
15.015	-42.329
15.044	-42.329
15.087	-42.330
15.120	-42.370
15.147	-42.397
15.187	-42.439
15.198	-42.454
15.253	-42.484
15.321	-42.523
15.428	-42.551
15.476	-42.626
15.510	-42.680
15.529	-42.747
15.574	-42.793
15.623	-42.845
15.674	-42.865
15.718	-42.930
15.743	-42.966
15.764	-43.005
15.785	-43.044
15.817	-43.104
15.804	-43.106
15.851	-43.155
15.912	-43.217
15.958	-43.240
15.999	-43.304
16.004	-43.313
16.008	-43.324
16.013	-43.333
16.027	-43.361
16.037	-43.391
16.054	-43.417
16.075	-43.451
16.100	-43.483
16.126	-43.513
16.163	-43.557
16.208	-43.594
16.242	-43.640
16.299	-43.718
16.346	-43.803
16.398	-43.884
16.407	-43.898
16.414	-43.912
16.424	-43.924
16.469	-43.981
16.554	-44.001
16.585	-44.071
16.733	-44.403
16.556	-44.141
16.969	-44.712
17.492	-45.437
17.023	-44.755
17.237	-45.009
17.254	-45.030
17.267	-45.055
17.283	-45.077
17.293	-45.092
17.302	-45.108
17.313	-45.121
17.327	-45.137
17.343	-45.152
17.360	-45.166
17.435	-45.228
17.514	-45.287
17.589	-45.350
17.718	-45.460
17.613	-45.408
17.743	-45.459
POLYLINE GREEN
18.230	-44.993
18.120	-45.343
18.222	-44.989
18.107	-45.550
18.100	-45.586
18.086	-45.619
18.075	-45.654
POLYLINE GREEN
18.423	-45.020
18.313	-45.588
POLYLINE GREEN
18.073	-45.201
18.265	-45.303
18.464	-45.323
18.676	-45.355
POLYLINE GREEN
18.004	-45.400
18.160	-45.496
18.131	-45.489
18.330	-45.552
18.370	-45.564
18.464	-45.577
18.555	-45.595
POLYLINE GREEN
13.930	-38.703
13.731	-38.705
13.568	-38.596
13.388	-38.526
13.002	-38.378
12.605	-38.257
12.224	-38.095
12.122	-38.051
11.570	-37.682
11.488	-37.629
11.387	-37.565
11.344	-37.555
11.269	-37.477
11.099	-37.300
11.052	-36.977
10.975	-36.764
10.929	-36.637
10.817	-36.507
10.735	-36.412
10.675	-36.343
10.644	-36.340
10.561	-36.323
POLYLINE GREEN
14.174	-40.396
14.124	-40.367
14.073	-40.337
14.023	-40.308
13.886	-40.205
13.757	-40.091
13.611	-40.001
13.400	-39.871
13.168	-39.778
12.957	-39.648
12.765	-39.529
12.500	-39.232
12.354	-39.098
12.253	-39.006
12.143	-38.925
12.039	-38.835
11.751	-38.587
11.838	-38.614
11.430	-38.384
11.145	-38.223
10.938	-38.278
10.589	-38.165
10.326	-38.080
10.088	-37.928
9.826	-37.843
9.658	-37.789
9.479	-37.778
9.305	-37.750
9.203	-37.734
9.092	-37.763
9.025	-37.846
8.913	-37.984
8.875	-38.156
8.802	-38.316
8.746	-38.438
8.735	-38.404
8.659	-38.515
8.646	-38.535
8.640	-38.558
8.630	-38.579
POLYLINE GREEN
13.337	-40.649
13.152	-40.757
13.252	-40.693
13.039	-40.846
POLYLINE GREEN
12.853	-41.064
12.729	-41.177
POLYLINE GREEN
12.597	-41.371
12.544	-41.395
POLYLINE GREEN
12.289	-41.641
12.194	-41.697
POLYLINE GREEN
12.041	-41.951
12.002	-41.993
POLYLINE GREEN
13.793	-41.099
13.675	-41.230
POLYLINE GREEN
13.285	-41.602
13.231	-41.632
POLYLINE GREEN
13.175	-41.759
13.082	-41.857
POLYLINE GREEN
12.734	-42.278
12.600	-42.378
POLYLINE GREEN
10.674	-36.284
10.612	-36.338
10.553	-36.395
10.490	-36.446
10.387	-36.528
10.240	-36.515
10.132	-36.588
10.119	-36.596
10.107	-36.606
10.097	-36.617
9.999	-36.716
9.906	-36.819
9.808	-36.917
9.799	-36.926
9.751	-36.960
9.733	-36.963
9.430	-37.012
9.357	-36.983
9.133	-37.076
9.104	-37.088
9.076	-37.105
9.049	-37.122
8.990	-37.160
8.912	-37.250
8.830	-37.211
8.732	-37.164
8.649	-37.056
8.592	-36.972
8.559	-36.923
8.544	-36.864
8.507	-36.819
8.414	-36.701
8.305	-36.596
8.204	-36.485
POLYLINE GREEN
8.728	-38.546
8.638	-38.565
8.532	-38.585
8.447	-38.536
8.320	-38.463
8.327	-38.290
8.321	-38.166
8.313	-38.015
8.338	-37.939
8.302	-37.810
8.206	-37.470
7.887	-37.476
7.552	-37.355
7.526	-37.346
7.499	-37.341
7.471	-37.340
7.325	-37.333
7.179	-37.337
7.033	-37.331
7.002	-37.330
6.973	-37.322
6.942	-37.319
6.852	-37.313
6.810	-37.369
6.742	-37.426
POLYLINE GREEN
8.227	-36.612
8.195	-36.590
8.126	-36.534
8.075	-36.522
7.836	-36.462
7.638	-36.559
7.390	-36.601
7.124	-36.646
7.350	-36.589
7.176	-36.603
7.136	-36.606
7.096	-36.613
7.058	-36.622
6.933	-36.653
6.842	-36.727
6.740	-36.801
POLYLINE GREEN
6.786	-37.418
6.585	-37.551
6.390	-37.692
6.184	-37.816
6.078	-37.880
5.910	-37.907
5.827	-38.018
5.753	-38.119
5.716	-38.211
5.624	-38.287
5.504	-38.385
5.496	-38.340
5.326	-38.457
5.150	-38.578
4.992	-38.724
4.815	-38.843
4.753	-38.885
4.680	-38.909
4.611	-38.938
4.506	-38.983
4.473	-38.977
4.396	-39.030
4.296	-39.098
4.289	-39.236
4.208	-39.320
4.132	-39.398
4.029	-39.436
3.927	-39.462
3.823	-39.488
3.689	-39.501
3.586	-39.462
3.558	-39.452
3.536	-39.429
3.511	-39.412
POLYLINE GREEN
6.822	-36.852
6.821	-36.851
POLYLINE GREEN
6.735	-36.825
6.679	-36.837
6.622	-36.845
6.567	-36.861
6.537	-36.869
6.507	-36.881
6.480	-36.896
6.370	-36.957
6.261	-37.020
6.154	-37.088
6.009	-37.179
5.942	-37.235
5.831	-37.366
5.602	-37.639
5.733	-37.562
5.424	-37.790
4.889	-38.187
5.380	-37.790
4.835	-38.124
4.713	-38.199
4.608	-38.296
4.489	-38.374
4.284	-38.510
4.347	-38.427
4.228	-38.537
4.093	-38.661
3.959	-38.807
3.805	-38.909
3.761	-38.938
3.714	-38.972
3.662	-38.974
3.633	-38.975
3.618	-38.935
3.596	-38.915
POLYLINE GREEN
3.527	-39.377
3.441	-39.268
3.367	-39.173
3.228	-39.142
3.153	-39.125
3.057	-39.128
2.992	-39.075
2.983	-39.068
2.974	-39.061
2.968	-39.052
2.913	-38.977
2.864	-38.898
2.808	-38.824
2.783	-38.792
2.710	-38.737
2.675	-38.721
2.496	-38.639
2.367	-38.589
2.177	-38.558
2.104	-38.547
2.030	-38.541
1.955	-38.538
1.837	-38.533
1.669	-38.564
1.549	-38.504
1.489	-38.473
1.458	-38.423
1.414	-38.371
POLYLINE GREEN
3.642	-38.971
3.611	-38.955
3.581	-38.938
3.549	-38.924
3.519	-38.911
3.486	-38.903
3.456	-38.890
3.408	-38.868
3.357	-38.823
3.323	-38.788
3.257	-38.720
3.141	-38.519
3.118	-38.486
3.082	-38.435
2.946	-38.339
2.931	-38.326
2.847	-38.251
2.806	-38.123
2.741	-38.043
2.679	-37.967
2.599	-37.907
2.530	-37.837
2.500	-37.807
2.488	-37.763
2.479	-37.723
2.476	-37.705
2.475	-37.686
2.471	-37.668
2.462	-37.626
2.420	-37.584
2.389	-37.562
2.227	-37.442
2.183	-37.466
1.973	-37.402
1.934	-37.391
1.897	-37.372
1.860	-37.357
POLYLINE GREEN
1.947	-37.347
1.917	-37.326
1.885	-37.309
1.858	-37.285
1.739	-37.181
1.741	-37.137
1.601	-37.060
1.500	-37.010
1.399	-36.959
1.298	-36.909
1.249	-36.889
1.198	-36.875
1.152	-36.851
1.047	-36.794
0.920	-36.709
0.837	-36.618
0.789	-36.566
0.755	-36.501
0.705	-36.452
0.614	-36.361
0.516	-36.277
0.414	-36.200
0.355	-36.155
0.285	-36.127
0.222	-36.088
0.210	-36.081
0.199	-36.072
0.190	-36.061
0.096	-35.948
0.016	-35.822
-0.088	-35.717
-0.205	-35.598
-0.344	-35.502
-0.469	-35.391
-0.481	-35.382
-0.491	-35.370
-0.498	-35.357
-0.563	-35.234
-0.617	-35.104
-0.686	-34.983
-0.713	-34.934
-0.748	-34.889
-0.785	-34.847
-0.863	-34.759
-0.947	-34.676
-1.031	-34.594
-1.040	-34.584
-1.052	-34.578
-1.063	-34.571
-1.072	-34.565
-1.083	-34.562
-1.092	-34.556
-1.094	-34.555
-1.088	-34.557
-1.086	-34.558
-1.037	-34.575
-0.988	-34.592
-0.940	-34.609
POLYLINE GREEN
1.493	-38.369
1.463	-38.361
1.433	-38.357
1.403	-38.347
1.380	-38.339
1.357	-38.329
1.336	-38.316
1.062	-38.132
0.787	-37.950
0.521	-37.756
0.463	-37.715
0.421	-37.656
0.366	-37.610
0.304	-37.557
0.272	-37.547
0.204	-37.515
POLYLINE GREEN
0.232	-37.651
0.167	-37.577
0.102	-37.503
0.038	-37.429
0.023	-37.418
0.009	-37.405
-0.007	-37.397
-0.215	-37.290
-0.242	-37.322
-0.515	-37.297
-0.534	-37.295
-0.553	-37.289
-0.572	-37.287
-0.587	-37.286
-0.602	-37.286
-0.617	-37.288
-0.781	-37.311
-0.949	-37.319
-1.109	-37.363
-1.725	-37.533
-1.526	-37.583
-1.943	-37.634
-1.992	-37.640
-2.092	-37.640
-2.148	-37.624
-2.329	-37.570
-2.274	-37.567
-2.463	-37.490
-2.523	-37.465
-2.615	-37.464
-2.672	-37.453
-2.722	-37.443
-2.814	-37.398
-2.851	-37.383
-2.871	-37.376
-2.891	-37.372
-2.910	-37.364
-2.955	-37.347
-2.956	-37.313
-2.966	-37.270
POLYLINE GREEN
-2.896	-37.307
-2.960	-37.261
-2.998	-37.216
-3.027	-37.142
-3.041	-37.105
-3.055	-37.068
-3.061	-37.030
-3.075	-36.932
-3.107	-36.716
-3.058	-36.598
-3.037	-36.547
-2.944	-36.388
-2.932	-36.290
-2.928	-36.250
-2.922	-36.175
-2.933	-36.128
-2.954	-36.036
-3.066	-35.847
-3.074	-35.825
-3.096	-35.772
-3.111	-35.716
-3.122	-35.659
-3.155	-35.490
-3.175	-35.319
-3.207	-35.149
-3.210	-35.129
-3.218	-35.109
-3.228	-35.090
-3.308	-34.929
-3.391	-34.768
-3.476	-34.609
-3.485	-34.593
-3.511	-34.567
-3.528	-34.557
-3.547	-34.546
-3.569	-34.537
-3.589	-34.526
POLYLINE GREEN
-0.982	-34.565
-1.023	-34.557
-1.065	-34.551
-1.105	-34.539
-1.135	-34.531
-1.163	-34.516
-1.192	-34.504
-1.207	-34.497
-1.221	-34.487
-1.237	-34.483
-1.288	-34.468
-1.339	-34.456
-1.391	-34.447
-1.418	-34.442
-1.447	-34.438
-1.475	-34.441
-1.719	-34.463
-1.961	-34.503
-2.205	-34.521
-2.273	-34.526
-2.342	-34.511
-2.410	-34.511
-2.602	-34.514
-2.579	-34.544
-2.725	-34.513
-3.787	-34.270
-2.671	-34.515
-3.310	-34.395
-3.342	-34.389
-3.379	-34.369
-3.405	-34.351
-3.426	-34.335
-3.443	-34.315
-3.464	-34.300
-3.467	-34.298
-3.471	-34.301
-3.474	-34.302
-3.495	-34.311
-3.516	-34.321
-3.537	-34.331
POLYLINE GREEN
-3.524	-34.196
-3.893	-33.868
-3.624	-34.082
-3.938	-33.876
-3.952	-33.866
-3.979	-33.836
-3.990	-33.823
POLYLINE GREEN
-3.656	-34.398
-3.751	-34.239
-3.869	-34.093
-4.030	-33.997
-4.080	-33.968
-4.112	-33.964
-4.168	-33.949
POLYLINE GREEN
-4.153	-33.241
-4.073	-33.608
POLYLINE GREEN
-4.034	-33.220
-3.950	-33.516
-3.982	-33.384
-3.933	-33.615
POLYLINE GREEN
-4.138	-33.451
-3.882	-33.303
-3.989	-33.333
-3.839	-33.300
POLYLINE GREEN
-4.106	-33.496
-3.846	-33.411
-3.942	-33.451
-3.811	-33.394
POLYLINE BLACK
-4.472	-20.875
-4.525	-21.041
-4.547	-21.061
-4.554	-21.205
-4.558	-21.281
-4.550	-21.359
-4.559	-21.435
-4.579	-21.600
-4.618	-21.763
-4.641	-21.928
-4.656	-22.037
-4.586	-22.134
-4.646	-22.238
-4.690	-22.314
-4.747	-22.353
-4.834	-22.361
-4.968	-22.372
-5.102	-22.378
-5.236	-22.394
-5.407	-22.413
-5.534	-22.463
-5.700	-22.439
-5.824	-22.422
-5.944	-22.382
-6.068	-22.365
-6.529	-22.302
-6.041	-22.396
-6.344	-22.374
-6.428	-22.368
-6.511	-22.352
-6.595	-22.340
POLYLINE BLACK
-4.665	-26.978
-4.768	-26.969
-4.874	-26.958
-4.940	-26.866
-5.019	-26.754
-5.100	-26.642
-5.166	-26.521
-5.283	-26.306
-5.363	-26.151
-5.402	-25.930
-5.462	-25.600
-5.376	-25.844
-5.538	-25.439
-5.562	-25.381
-5.599	-25.327
-5.653	-25.293
-5.747	-25.231
-5.872	-25.194
-5.985	-25.197
-6.202	-25.202
-6.593	-25.315
-6.777	-25.093
-6.856	-25.000
-6.881	-24.874
-6.900	-24.757
-6.911	-24.692
-6.909	-24.625
-6.927	-24.562
-7.067	-24.071
-7.011	-24.177
-7.202	-23.917
POLYLINE BLACK
-6.650	-22.387
-6.808	-22.433
-6.969	-22.467
-7.124	-22.523
-7.317	-22.592
-7.473	-22.740
-7.640	-22.848
-7.707	-22.891
-7.898	-22.933
-7.938	-22.951
-8.234	-23.081
-8.191	-23.108
-8.460	-23.236
-8.643	-23.323
-8.774	-23.339
-8.917	-23.458
-8.975	-23.506
-9.027	-23.562
-9.080	-23.615
-9.207	-23.740
-9.333	-23.867
-9.459	-23.994
-9.663	-24.201
-9.871	-24.405
-10.071	-24.616
-10.099	-24.646
-10.158	-24.744
-10.157	-24.789
-10.155	-24.852
-10.132	-24.911
-10.120	-24.973
POLYLINE BLACK
-7.087	-23.946
-7.126	-23.957
-7.166	-23.964
-7.205	-23.977
-7.300	-24.009
-7.380	-24.100
-7.424	-24.188
-7.493	-24.328
-7.542	-24.722
-7.543	-24.727
-7.561	-24.804
-7.639	-24.939
-7.665	-25.002
-7.697	-25.077
-7.683	-25.159
-7.717	-25.233
-7.756	-25.318
-7.805	-25.398
-7.839	-25.485
-7.938	-25.739
-7.940	-26.060
-7.953	-26.311
-7.959	-26.427
-7.890	-26.645
-7.878	-26.729
-7.798	-27.280
-7.941	-26.975
-7.674	-27.683
-7.630	-27.799
-7.551	-27.898
-7.496	-28.009
-7.477	-28.047
-7.435	-28.133
-7.444	-28.192
-7.449	-28.221
-7.459	-28.248
-7.476	-28.273
-7.591	-28.446
-7.722	-28.610
-7.828	-28.789
-7.925	-28.952
-8.082	-29.524
-8.107	-29.599
-8.127	-29.663
-8.201	-29.704
-8.232	-29.766
-8.251	-29.806
-8.265	-29.860
-8.257	-29.906
-8.227	-30.080
-8.226	-30.197
-8.152	-30.336
-7.918	-30.777
-8.153	-30.235
-7.890	-31.004
-7.883	-31.027
-7.869	-31.046
-7.858	-31.067
-7.827	-31.131
-7.789	-31.192
-7.766	-31.259
-7.737	-31.345
-7.721	-31.434
-7.703	-31.522
-7.696	-31.558
-7.698	-31.665
-7.690	-31.630
-7.679	-31.575
-7.691	-31.518
-7.691	-31.462
POLYLINE BLACK
-10.101	-24.951
-10.041	-25.281
-10.035	-25.221
-10.054	-25.603
-10.056	-25.648
-10.066	-25.693
-10.077	-25.737
-10.092	-25.796
-10.113	-25.853
-10.134	-25.911
-10.167	-25.999
-10.298	-26.021
-10.340	-26.103
-10.412	-26.243
-10.472	-26.390
-10.542	-26.531
-10.549	-26.545
-10.561	-26.556
-10.571	-26.567
-10.616	-26.613
-10.801	-26.693
-10.804	-26.695
-10.899	-26.748
-10.905	-26.841
-10.974	-26.912
-11.004	-26.943
-11.018	-26.943
-11.051	-26.972
-11.081	-26.997
-11.102	-27.036
-11.110	-27.073
-11.162	-27.289
-11.032	-27.419
-10.981	-27.660
-10.933	-27.888
-10.977	-28.071
-10.978	-28.301
-10.979	-28.505
-10.943	-28.321
-10.924	-28.557
-10.907	-28.755
-10.913	-28.954
-10.902	-29.152
-10.898	-29.221
-10.802	-29.401
-10.797	-29.414
-10.782	-29.456
-10.774	-29.501
-10.769	-29.545
-10.745	-29.754
-10.740	-29.819
-10.774	-30.008
-10.782	-30.047
-10.801	-30.083
-10.806	-30.122
-10.809	-30.147
-10.788	-30.075
-10.779	-30.051
POLYLINE BLACK
-7.955	-25.929
-7.971	-25.929
POLYLINE BLACK
-7.989	-25.918
-7.975	-25.757
-7.941	-25.558
-8.067	-25.427
-8.089	-25.404
-8.124	-25.378
-8.155	-25.367
-8.252	-25.332
-8.414	-25.302
-8.518	-25.233
-8.625	-25.163
-8.643	-24.970
-8.697	-24.866
-8.757	-24.748
-9.012	-24.565
-9.043	-24.537
-9.105	-24.481
-9.154	-24.406
-9.237	-24.378
-9.296	-24.358
-9.373	-24.359
-9.433	-24.377
-9.634	-24.439
-9.698	-24.462
-9.866	-24.566
-9.890	-24.581
-9.913	-24.598
-9.932	-24.619
-9.976	-24.667
-10.017	-24.718
-10.054	-24.771
-10.085	-24.815
-10.111	-24.867
-10.103	-24.920
POLYLINE BLACK
-9.739	-26.007
-9.796	-26.092
-9.853	-26.177
-9.911	-26.261
-9.917	-26.269
-9.923	-26.275
-9.928	-26.283
-9.959	-26.329
-9.926	-26.399
-9.906	-26.439
-9.892	-26.466
-9.867	-26.503
-9.832	-26.502
-9.810	-26.501
-9.789	-26.487
-9.775	-26.472
-9.730	-26.426
-9.691	-26.375
-9.643	-26.333
-9.558	-26.259
-9.465	-26.196
-9.379	-26.124
-9.339	-26.090
-9.299	-26.043
-9.307	-25.987
-9.308	-25.978
-9.311	-25.968
-9.315	-25.960
-9.330	-25.920
-9.352	-25.882
-9.364	-25.842
-9.378	-25.793
-9.385	-25.743
-9.394	-25.693
-9.394	-25.689
-9.391	-25.628
-9.413	-25.616
-9.427	-25.608
-9.449	-25.621
-9.459	-25.628
-9.490	-25.652
-9.519	-25.678
-9.548	-25.703
-9.580	-25.731
-9.601	-25.755
-9.644	-25.765
-9.678	-25.773
-9.693	-25.767
-9.718	-25.782
-9.770	-25.811
-9.777	-25.892
-9.779	-25.943
-9.780	-25.968
-9.785	-26.030
-9.753	-26.050
-9.717	-26.071
-9.658	-26.032
-9.613	-26.034
-9.567	-26.037
-9.533	-26.067
-9.489	-26.073
-9.414	-26.084
-9.337	-25.992
-9.308	-25.932
POLYLINE BLACK
-9.854	-26.541
-9.841	-26.472
-9.831	-26.403
-9.786	-26.347
-9.727	-26.273
-9.717	-26.280
-9.681	-26.204
-9.674	-26.188
-9.668	-26.171
-9.664	-26.153
-9.660	-26.136
-9.659	-26.118
-9.656	-26.101
-9.655	-26.095
-9.655	-26.089
-9.653	-26.084
-9.633	-26.049
-9.611	-26.016
-9.590	-25.982
POLYLINE BLACK
-8.353	-28.227
-8.384	-28.211
-8.415	-28.193
-8.448	-28.178
-8.507	-28.151
-8.541	-28.268
-8.548	-28.295
-8.565	-28.357
-8.550	-28.552
-8.665	-28.566
-8.686	-28.569
-8.708	-28.568
-8.729	-28.572
-8.760	-28.577
-8.765	-28.614
-8.757	-28.638
-8.741	-28.692
-8.724	-28.720
-8.689	-28.769
-8.658	-28.811
-8.587	-28.885
-8.563	-28.947
-8.563	-28.949
-8.536	-29.166
-8.449	-29.153
-8.324	-29.134
-8.215	-29.113
-8.207	-28.971
-8.204	-28.919
-8.231	-28.865
-8.209	-28.814
-8.189	-28.769
-8.177	-28.770
-8.145	-28.720
-8.112	-28.670
-8.106	-28.604
-8.109	-28.547
-8.117	-28.427
-8.175	-28.304
-8.201	-28.194
-8.207	-28.148
-8.213	-28.103
-8.219	-28.057
-8.224	-28.054
-8.229	-28.046
-8.235	-28.047
-8.270	-28.057
-8.298	-28.135
-8.310	-28.164
-8.314	-28.173
-8.312	-28.190
-8.321	-28.191
-8.334	-28.194
-8.344	-28.179
-8.356	-28.173
POLYLINE BLACK
-8.614	-28.533
-8.609	-28.540
-8.574	-28.615
-8.540	-28.629
-8.490	-28.650
-8.454	-28.572
-8.406	-28.560
-8.359	-28.548
-8.322	-28.582
-8.282	-28.601
-8.230	-28.624
-8.183	-28.602
-8.154	-28.555
-8.141	-28.533
-8.129	-28.502
-8.133	-28.476
-8.136	-28.453
-8.142	-28.431
-8.147	-28.409
POLYLINE BLACK
-8.403	-28.695
-8.401	-28.756
-8.396	-28.816
-8.397	-28.876
-8.398	-28.935
-8.411	-28.966
-8.431	-29.020
-8.441	-29.046
-8.455	-29.070
-8.449	-29.099
-8.440	-29.138
-8.414	-29.168
-8.392	-29.199
POLYLINE BLACK
-8.395	-28.682
-8.381	-28.562
-8.394	-28.616
-8.359	-28.518
POLYLINE BLACK
-10.286	-27.982
-10.214	-28.108
-10.447	-28.252
-10.378	-28.373
-10.374	-28.381
-10.369	-28.387
-10.364	-28.394
-10.339	-28.431
-10.311	-28.466
-10.289	-28.504
-10.257	-28.558
-10.232	-28.615
-10.200	-28.669
-10.195	-28.679
-10.179	-28.687
-10.168	-28.688
-10.116	-28.693
-10.057	-28.608
-10.034	-28.569
-9.999	-28.511
-9.842	-28.345
-9.891	-28.227
-9.919	-28.162
-9.954	-28.099
-9.979	-28.033
-9.991	-28.000
-10.001	-27.966
-10.004	-27.931
-10.014	-27.829
-9.984	-27.668
-10.045	-27.562
-10.062	-27.532
-10.094	-27.529
-10.116	-27.557
-10.161	-27.614
-10.205	-27.672
-10.246	-27.732
-10.280	-27.782
-10.308	-27.830
-10.286	-27.888
-10.284	-27.895
-10.284	-27.903
-10.278	-27.906
-10.247	-27.919
-10.214	-27.924
-10.182	-27.933
POLYLINE BLACK
-9.976	-28.454
-9.997	-28.428
-10.016	-28.402
-10.038	-28.377
-10.083	-28.328
-10.158	-28.336
-10.198	-28.283
-10.254	-28.208
-10.250	-28.067
-10.258	-27.986
POLYLINE BLACK
-10.133	-28.384
-10.156	-28.514
-10.168	-28.536
-10.160	-28.661
-10.157	-28.709
-10.141	-28.756
-10.128	-28.801
POLYLINE BLACK
-7.742	-31.652
-7.721	-31.553
POLYLINE BLACK
-7.614	-31.460
-7.630	-31.454
POLYLINE BLACK
-7.757	-31.714
-7.855	-31.810
-8.123	-31.639
-8.247	-31.760
-8.309	-31.821
-8.378	-31.917
-8.464	-31.965
-8.542	-32.007
-8.633	-31.987
-8.714	-32.021
-8.781	-32.049
-8.837	-32.088
-8.892	-32.136
-8.950	-32.186
-8.958	-32.218
-9.016	-32.246
-9.077	-32.276
-9.150	-32.271
-9.215	-32.263
-9.279	-32.255
-9.330	-32.222
-9.384	-32.268
-9.394	-32.277
-9.405	-32.285
-9.413	-32.297
-9.530	-32.468
-9.553	-32.641
-9.608	-32.840
-9.627	-32.912
-9.719	-32.924
-9.772	-32.952
-9.803	-32.969
-9.835	-32.986
-9.861	-33.010
-9.977	-33.117
-10.072	-33.301
-10.255	-33.285
-10.329	-33.278
-10.382	-33.249
-10.458	-33.233
-10.696	-33.182
-10.673	-33.276
-10.662	-33.507
-10.657	-33.615
-10.640	-33.721
-10.631	-33.828
-10.630	-33.840
-10.635	-33.859
-10.641	-33.869
-10.674	-33.925
-10.839	-33.897
-10.847	-33.897
-10.954	-33.901
-10.985	-34.033
-11.009	-34.112
-11.026	-34.166
-11.035	-34.223
-11.046	-34.278
-11.069	-34.408
-11.092	-34.539
-11.111	-34.669
-11.111	-34.673
-11.107	-34.677
-11.103	-34.677
-11.097	-34.676
-11.092	-34.670
-11.087	-34.667
-11.041	-34.611
-10.996	-34.555
-10.951	-34.499
POLYLINE BLACK
-10.802	-30.121
-10.844	-30.252
-10.890	-30.381
-10.927	-30.513
-10.936	-30.546
-10.939	-30.581
-10.941	-30.615
-10.947	-30.720
-10.944	-30.825
-10.953	-30.929
-10.955	-30.955
-10.973	-31.054
-10.995	-31.091
-11.011	-31.118
-11.029	-31.143
-11.049	-31.166
-11.102	-31.226
-11.185	-31.282
-11.208	-31.366
-11.226	-31.434
-11.201	-31.484
-11.195	-31.554
-11.185	-31.669
-11.212	-31.803
-11.261	-31.907
-11.319	-32.033
-11.496	-31.992
-11.539	-32.119
-11.564	-32.191
-11.559	-32.278
-11.577	-32.347
-11.618	-32.498
-11.674	-32.598
-11.761	-32.725
-11.778	-32.750
-11.798	-32.772
-11.820	-32.792
-11.944	-32.902
-12.202	-33.071
-12.289	-33.245
-12.312	-33.291
-12.324	-33.340
-12.318	-33.390
-12.312	-33.445
-12.296	-33.450
-12.295	-33.516
-12.293	-33.590
-12.295	-33.665
-12.302	-33.739
-12.341	-34.134
-12.337	-33.958
-12.435	-34.336
-12.455	-34.414
-12.427	-34.438
-12.437	-34.503
-12.446	-34.559
-12.457	-34.615
-12.466	-34.671
POLYLINE BLACK
-12.467	-34.672
-12.508	-34.757
-12.556	-34.838
-12.588	-34.926
-12.637	-35.059
-12.612	-35.134
-12.693	-35.228
-12.736	-35.278
-12.822	-35.240
-12.872	-35.233
-12.963	-35.219
-13.024	-35.310
-13.055	-35.383
-13.079	-35.439
-13.006	-35.503
-12.986	-35.537
POLYLINE BLACK
-11.068	-34.559
-11.206	-34.686
-11.194	-34.896
-11.310	-35.033
-11.352	-35.081
-11.390	-35.113
-11.443	-35.146
-11.526	-35.197
-11.522	-35.177
-11.592	-35.248
-11.705	-35.362
-11.804	-35.624
-11.843	-35.707
-11.854	-35.731
-11.860	-35.758
-11.864	-35.785
-11.874	-35.853
-11.875	-35.922
-11.885	-35.989
-11.906	-36.129
-12.043	-36.216
-12.128	-36.311
-12.150	-36.336
-12.168	-36.364
-12.184	-36.392
-12.199	-36.420
-12.216	-36.450
-12.223	-36.481
-12.254	-36.604
-12.294	-36.925
-12.251	-36.602
POLYLINE BLACK
-10.888	-32.473
-10.800	-32.402
-10.710	-32.333
-10.623	-32.260
-10.540	-32.192
-10.461	-32.118
-10.379	-32.049
-10.371	-32.043
-10.353	-32.039
-10.343	-32.038
-10.307	-32.037
-10.276	-32.067
-10.254	-32.093
-10.193	-32.165
-10.163	-32.280
-10.192	-32.372
-10.235	-32.509
-10.283	-32.643
-10.331	-32.778
-10.333	-32.784
-10.337	-32.789
-10.341	-32.794
-10.378	-32.841
-10.445	-32.828
-10.495	-32.840
-10.565	-32.857
-10.637	-32.889
-10.697	-32.927
-10.755	-32.965
-10.820	-33.057
-10.856	-33.096
-10.863	-33.104
-10.880	-33.113
-10.892	-33.113
-10.928	-33.112
-10.946	-33.027
-10.948	-33.019
-10.964	-32.961
-10.973	-32.903
-10.953	-32.845
-10.879	-32.630
-10.988	-32.978
-10.901	-32.729
-10.892	-32.704
-10.886	-32.677
-10.881	-32.651
-10.875	-32.624
-10.883	-32.527
-10.833	-32.509
-10.819	-32.504
-10.812	-32.507
-10.797	-32.509
-10.758	-32.515
-10.675	-32.536
-10.620	-32.526
-10.521	-32.507
-10.338	-32.332
-10.325	-32.322
-10.216	-32.242
-10.369	-32.382
-10.200	-32.215
POLYLINE BLACK
-10.620	-32.551
-10.675	-32.674
-10.663	-32.669
-10.723	-32.750
-10.737	-32.768
-10.754	-32.785
-10.767	-32.804
-10.804	-32.859
-10.847	-32.984
-10.853	-33.026
-10.856	-33.047
-10.839	-33.067
-10.831	-33.087
POLYLINE BLACK
-9.748	-30.442
-10.298	-31.152
-9.900	-30.691
-10.221	-31.004
-10.237	-31.020
-10.251	-31.053
-10.250	-31.076
-10.249	-31.181
-10.247	-31.287
-10.241	-31.392
-10.239	-31.415
-10.234	-31.438
-10.226	-31.460
-10.208	-31.511
-10.187	-31.561
-10.164	-31.609
-10.158	-31.622
-10.145	-31.629
-10.132	-31.622
-10.117	-31.614
-10.100	-31.587
-10.094	-31.574
-10.058	-31.497
-10.029	-31.416
-9.990	-31.340
-9.978	-31.316
-9.959	-31.295
-9.942	-31.274
-9.903	-31.221
-9.861	-31.171
-9.823	-31.118
-9.770	-31.044
-9.726	-30.963
-9.670	-30.892
-9.613	-30.818
-9.543	-30.755
-9.482	-30.683
-9.411	-30.599
-9.402	-30.508
-9.369	-30.404
-9.367	-30.399
-9.331	-30.344
-9.342	-30.318
-9.352	-30.296
-9.388	-30.293
-9.408	-30.293
-9.515	-30.292
-9.555	-30.331
-9.650	-30.380
-9.670	-30.390
-9.693	-30.395
-9.712	-30.406
-9.730	-30.417
-9.747	-30.430
-9.763	-30.443
-9.781	-30.457
-9.795	-30.477
-9.816	-30.486
-9.822	-30.488
-9.824	-30.475
-9.827	-30.470
-9.822	-30.439
-9.817	-30.408
-9.812	-30.377
POLYLINE BLACK
-9.514	-30.390
-9.622	-30.502
-9.726	-30.619
-9.838	-30.728
-9.929	-30.815
-10.036	-30.856
-10.083	-30.974
-10.130	-31.094
-10.121	-31.222
-10.114	-31.348
-10.114	-31.364
-10.110	-31.379
-10.110	-31.395
-10.110	-31.470
-10.119	-31.428
-10.132	-31.511
-10.134	-31.529
-10.132	-31.547
-10.132	-31.565
POLYLINE BLACK
-10.120	-30.977
-10.025	-30.917
-9.899	-30.950
-9.801	-30.899
-9.782	-30.890
-9.763	-30.879
-9.747	-30.865
-9.649	-30.786
-9.554	-30.704
-9.457	-30.623
POLYLINE BLACK
-11.631	-33.410
-11.705	-33.449
-11.779	-33.486
-11.851	-33.526
-11.859	-33.530
-11.864	-33.537
-11.870	-33.543
-11.937	-33.621
-11.892	-33.837
-11.888	-33.880
-11.885	-33.913
-11.873	-33.945
-11.867	-33.978
-11.845	-34.106
-11.825	-34.236
-11.801	-34.364
-11.799	-34.374
-11.789	-34.386
-11.778	-34.390
-11.728	-34.406
-11.617	-34.285
-11.606	-34.274
-11.579	-34.246
-11.546	-34.207
-11.532	-34.166
-11.492	-34.046
-11.542	-33.886
-11.553	-33.776
-11.554	-33.756
-11.554	-33.735
-11.549	-33.715
-11.522	-33.608
-11.493	-33.500
-11.456	-33.396
-11.428	-33.318
-11.386	-33.247
-11.355	-33.171
-11.352	-33.163
-11.351	-33.153
-11.353	-33.145
-11.364	-33.100
-11.469	-33.167
-11.480	-33.177
-11.513	-33.206
-11.542	-33.239
-11.570	-33.271
-11.691	-33.406
-11.527	-33.249
-11.697	-33.404
POLYLINE BLACK
-11.839	-33.599
-11.768	-33.666
-11.761	-33.661
-11.719	-33.730
-11.692	-33.773
-11.698	-33.781
-11.665	-33.809
-11.624	-33.846
-11.571	-33.855
-11.519	-33.869
POLYLINE BLACK
-11.584	-33.877
-11.764	-34.154
-11.696	-34.062
-11.716	-34.439
-11.720	-34.503
-11.742	-34.556
-11.762	-34.616
POLYLINE BLACK
-12.207	-36.475
-12.219	-36.502
-12.229	-36.529
-12.243	-36.555
-12.284	-36.633
-12.435	-36.642
-12.491	-36.650
-12.543	-36.656
-12.595	-36.658
-12.646	-36.657
-12.828	-36.652
-12.982	-36.530
-13.163	-36.519
-13.266	-36.513
-13.357	-36.580
-13.455	-36.549
-13.498	-36.536
-13.547	-36.497
-13.577	-36.474
-13.622	-36.438
-13.657	-36.383
-13.720	-36.387
-13.765	-36.389
-13.805	-36.423
-13.845	-36.438
-13.870	-36.447
-13.896	-36.454
-13.922	-36.458
-14.102	-36.487
-14.284	-36.502
-14.463	-36.536
-15.198	-36.676
-14.811	-36.700
-15.256	-36.643
POLYLINE BLACK
-13.105	-35.488
-13.131	-35.537
-13.146	-35.579
-13.186	-35.616
-13.299	-35.722
-13.516	-35.837
-13.670	-35.752
-13.764	-35.700
-13.782	-35.590
-13.863	-35.543
-13.913	-35.513
-13.975	-35.525
-14.029	-35.518
-14.097	-35.509
-14.166	-35.478
-14.223	-35.442
-14.315	-35.386
-14.371	-35.345
-14.437	-35.271
-14.479	-35.224
-14.528	-35.147
-14.589	-35.109
-14.643	-35.076
-14.677	-35.072
-14.742	-35.052
POLYLINE BLACK
-14.889	-36.636
-14.848	-36.570
-14.806	-36.504
-14.764	-36.438
-14.738	-36.379
-14.717	-36.317
-14.685	-36.261
-14.650	-36.201
-14.601	-36.149
-14.563	-36.090
-14.522	-36.026
-14.491	-35.905
-14.498	-35.833
-14.505	-35.767
-14.546	-35.714
-14.570	-35.655
-14.592	-35.599
-14.598	-35.538
-14.584	-35.480
-14.567	-35.409
-14.478	-35.303
-14.451	-35.258
-14.425	-35.213
-14.404	-35.165
-14.381	-35.119
POLYLINE BLACK
-14.714	-35.035
-15.051	-35.004
-15.387	-34.947
-15.726	-34.942
-16.011	-34.938
-16.293	-34.996
-16.577	-35.006
-16.708	-35.010
-16.838	-34.987
-16.969	-34.986
-17.203	-34.985
-17.072	-35.025
-17.262	-34.993
-17.353	-34.977
-17.416	-34.924
-17.485	-34.866
-17.521	-34.835
-17.524	-34.818
-17.560	-34.801
-17.629	-34.768
-17.766	-34.792
-17.811	-34.789
-17.861	-34.785
-17.912	-34.779
-17.959	-34.765
-18.062	-34.734
-18.158	-34.688
-18.259	-34.654
-18.305	-34.638
-18.355	-34.635
-18.400	-34.617
-18.563	-34.550
-18.719	-34.466
-18.882	-34.398
-18.909	-34.387
-18.939	-34.382
-18.969	-34.380
-19.124	-34.369
-19.281	-34.371
-19.436	-34.359
-19.478	-34.356
-19.519	-34.343
-19.560	-34.332
-19.695	-34.298
-19.828	-34.258
-19.963	-34.226
-20.002	-34.216
-20.043	-34.217
-20.083	-34.208
-20.102	-34.204
-20.121	-34.196
-20.139	-34.188
-20.151	-34.182
-20.171	-34.180
-20.173	-34.167
-20.176	-34.142
-20.160	-34.119
-20.153	-34.095
POLYLINE BLACK
-15.355	-36.761
-15.522	-36.610
-15.515	-36.604
-15.803	-36.468
-15.966	-36.391
-16.141	-36.340
-16.307	-36.269
-16.335	-36.257
-16.441	-36.185
-16.480	-36.170
-16.555	-36.143
-16.632	-36.119
-16.710	-36.099
-16.807	-36.075
-16.846	-36.091
-16.943	-36.071
-16.987	-36.061
-17.031	-36.048
-17.073	-36.032
-17.230	-35.972
-17.396	-35.807
-17.508	-35.730
-17.582	-35.679
-17.659	-35.648
-17.743	-35.625
-17.815	-35.606
-17.880	-35.605
-17.944	-35.569
-18.040	-35.514
-18.133	-35.453
-18.230	-35.399
-18.275	-35.374
-18.326	-35.360
-18.371	-35.334
-18.873	-35.037
-18.573	-35.160
-19.117	-34.915
-19.144	-34.903
-19.175	-34.898
-19.204	-34.891
-19.316	-34.866
-19.430	-34.851
-19.540	-34.818
-19.662	-34.782
-19.780	-34.733
-19.897	-34.684
-20.078	-34.607
-20.256	-34.523
-20.435	-34.440
-20.461	-34.428
-20.473	-34.388
-20.474	-34.363
-20.476	-34.315
-20.462	-34.234
-20.457	-34.196
POLYLINE BLACK
-20.294	-34.101
-20.422	-34.004
-20.559	-33.892
-20.721	-33.859
-20.801	-33.843
-20.884	-33.838
-20.965	-33.823
-20.983	-33.819
-21.000	-33.812
-21.016	-33.803
-21.063	-33.775
-21.109	-33.746
-21.153	-33.712
-21.186	-33.686
-21.215	-33.655
-21.246	-33.626
-21.254	-33.618
-21.261	-33.609
-21.270	-33.603
-21.317	-33.575
-21.367	-33.550
-21.416	-33.524
POLYLINE BLACK
-20.463	-34.248
-20.513	-34.236
-20.564	-34.223
-20.615	-34.211
-20.675	-34.187
-20.733	-34.156
-20.796	-34.139
-20.835	-34.129
-21.021	-34.120
-21.103	-34.073
-21.192	-34.022
-21.242	-33.935
-21.311	-33.865
-21.365	-33.810
-21.447	-33.808
-21.518	-33.798
POLYLINE BLACK
-21.845	-33.066
-21.792	-34.115
POLYLINE BLACK
-21.951	-33.096
-21.863	-34.111
POLYLINE BLACK
-22.114	-33.582
-21.588	-33.397
-21.780	-33.443
-21.550	-33.391
POLYLINE BLACK
-22.015	-33.809
-21.812	-33.630
-21.688	-33.582
-21.448	-33.507
POLYLINE BLACK
-10.669	-27.163
-10.765	-27.174
-10.835	-27.168
-10.921	-27.126
-11.057	-27.059
-10.970	-27.078
-11.066	-27.064
POLYLINE BLACK
-10.783	-29.862
-11.123	-29.536
-10.796	-29.863
-11.394	-29.097
-11.440	-29.039
-11.472	-29.031
-11.535	-29.007
POLYLINE BLACK
-10.738	-29.901
-10.695	-29.919
-10.651	-29.936
-10.609	-29.957
-10.464	-30.029
-10.423	-30.293
-10.391	-30.425
POLYLINE BLACK
-11.176	-27.025
-11.188	-27.005
POLYLINE BLACK
-11.140	-27.026
-11.298	-26.967
-11.484	-26.895
-11.575	-26.739
-11.768	-26.408
-11.651	-26.534
-11.776	-26.408
POLYLINE BLACK
-11.499	-28.985
-11.599	-28.897
-11.700	-28.809
-11.694	-28.667
-11.691	-28.594
-11.635	-28.547
-11.620	-28.478
-11.599	-28.382
-11.622	-28.274
-11.651	-28.181
-11.673	-28.110
-11.708	-28.108
-11.760	-28.073
-11.851	-28.012
-11.857	-27.804
-11.861	-27.743
-11.869	-27.622
-11.806	-27.384
-11.904	-27.257
-11.984	-27.155
-12.344	-27.065
-12.384	-27.048
-12.471	-27.014
-12.524	-26.960
-12.596	-26.901
POLYLINE BLACK
-12.596	-25.964
-12.595	-25.964
POLYLINE BLACK
-12.605	-25.982
-12.492	-26.153
-12.695	-26.335
-12.600	-26.479
-12.588	-26.498
-12.573	-26.511
-12.554	-26.523
-12.444	-26.596
-12.329	-26.663
-12.221	-26.739
-12.189	-26.762
-12.159	-26.790
-12.135	-26.821
-12.026	-26.960
-11.928	-27.107
-11.822	-27.247
-11.814	-27.258
-11.798	-27.259
-11.787	-27.252
-11.774	-27.244
-11.758	-27.217
-11.754	-27.204
-11.717	-27.089
-11.683	-26.973
-11.651	-26.856
-11.626	-26.765
-11.641	-26.695
-11.702	-26.624
-11.842	-26.463
-11.984	-26.304
-12.124	-26.144
-12.157	-26.107
-12.163	-26.092
-12.203	-26.066
-12.293	-26.010
-12.375	-26.015
-12.475	-26.002
-12.529	-25.994
-12.583	-25.984
-12.637	-25.975
POLYLINE BLACK
-12.603	-26.493
-12.207	-26.570
-12.588	-26.485
-12.066	-26.654
-12.059	-26.656
-12.051	-26.652
-12.047	-26.647
-12.035	-26.630
-12.047	-26.594
-12.051	-26.581
-12.089	-26.424
-12.129	-26.268
-12.168	-26.111
POLYLINE BLACK
-12.022	-26.674
-11.790	-27.359
POLYLINE BLACK
-11.778	-26.453
-11.825	-26.383
-11.872	-26.313
-11.919	-26.242
-11.977	-26.170
-12.040	-26.102
-12.093	-26.027
-12.166	-25.921
-12.249	-25.645
-12.268	-25.574
-12.293	-25.475
-12.303	-25.235
-12.308	-25.140
POLYLINE BLACK
-12.621	-26.987
-12.703	-26.835
-12.792	-26.685
-12.868	-26.530
-12.903	-26.459
-12.962	-26.249
-13.044	-26.149
-13.073	-26.114
-13.202	-26.003
-13.208	-25.997
-13.244	-25.958
-13.277	-25.916
-13.307	-25.872
-13.381	-25.762
-13.464	-25.507
-13.491	-25.437
POLYLINE GREEN
-14.611	-24.099
-14.676	-24.192
-14.754	-24.289
-14.682	-24.397
-14.665	-24.422
-14.640	-24.443
-14.612	-24.454
-14.500	-24.501
-14.296	-24.432
-14.254	-24.310
-14.193	-24.131
-14.250	-23.984
-14.458	-24.045
-14.493	-24.055
-14.532	-24.062
-14.560	-24.085
-14.617	-24.132
-14.659	-24.196
-14.709	-24.251
POLYLINE BLACK
-12.252	-25.279
-12.108	-25.209
-11.964	-25.375
-11.821	-25.335
-11.770	-25.320
-11.727	-25.292
-11.673	-25.288
-11.652	-25.287
-11.632	-25.287
-11.612	-25.289
-11.563	-25.294
-11.498	-25.320
-11.471	-25.260
-11.413	-25.130
-11.526	-24.908
-11.511	-24.768
-11.495	-24.623
-11.446	-24.581
-11.373	-24.454
-11.341	-24.396
-11.370	-24.341
-11.357	-24.281
-11.343	-24.213
-11.297	-24.159
-11.288	-24.089
-11.263	-23.890
-11.454	-23.820
-11.534	-23.670
-11.595	-23.556
-11.578	-23.414
-11.644	-23.304
-11.730	-23.160
-12.071	-23.109
-12.134	-23.085
-12.186	-23.065
-12.256	-23.027
-12.275	-22.968
-12.280	-22.953
-12.285	-22.919
-12.282	-22.904
-12.220	-22.666
-12.156	-22.429
-12.090	-22.192
-12.078	-22.150
-12.048	-22.104
-12.020	-22.072
-11.980	-22.026
-11.934	-21.986
-11.894	-21.941
-11.805	-21.840
-11.904	-21.703
-11.939	-21.607
-11.947	-21.586
-11.951	-21.564
-11.955	-21.542
-11.972	-21.439
-11.862	-21.286
-11.828	-21.214
-11.791	-21.134
-11.838	-21.124
-11.746	-21.148
POLYLINE BLACK
-13.645	-25.419
-13.825	-25.335
-14.011	-25.259
-14.211	-25.310
-14.246	-25.322
-14.280	-25.335
-14.315	-25.347
-14.343	-25.358
-14.370	-25.373
-14.400	-25.381
-14.447	-25.393
-14.496	-25.401
-14.544	-25.407
-14.603	-25.414
-14.673	-25.413
-14.729	-25.388
-14.766	-25.371
-14.791	-25.340
-14.832	-25.328
-14.890	-25.310
-14.945	-25.308
-15.006	-25.312
-15.129	-25.321
-15.220	-25.372
-15.343	-25.410
-15.389	-25.425
-15.537	-25.432
-15.549	-25.433
POLYLINE BLACK
-15.500	-23.679
-15.259	-23.856
-15.017	-24.033
-14.776	-24.210
-14.752	-24.228
-14.657	-24.331
-14.595	-24.315
-14.538	-24.300
-14.490	-24.184
-14.480	-24.165
-14.368	-23.945
-14.448	-24.083
-14.395	-23.940
-14.349	-23.817
-14.142	-23.791
-14.167	-23.622
-14.180	-23.537
-14.281	-23.429
-14.320	-23.386
-14.424	-23.271
-14.557	-23.176
-14.715	-23.160
-14.737	-23.158
-14.759	-23.160
-14.780	-23.160
-14.857	-23.162
-14.934	-23.170
-15.011	-23.166
-15.098	-23.161
-15.262	-23.094
-15.341	-23.185
-15.391	-23.243
-15.406	-23.350
-15.417	-23.413
-15.477	-23.753
-15.408	-23.528
-15.483	-23.749
POLYLINE BLACK
-15.336	-23.789
-15.424	-23.659
POLYLINE BLACK
-15.458	-23.637
-15.412	-23.638
-15.367	-23.637
-15.322	-23.641
-15.171	-23.656
-15.002	-23.809
-14.899	-23.873
-14.882	-23.883
-14.842	-23.891
-14.822	-23.892
-14.730	-23.896
-14.652	-23.841
-14.561	-23.836
-14.509	-23.834
-14.478	-23.862
-14.432	-23.864
-14.348	-23.868
-14.265	-23.735
-14.237	-23.698
-14.225	-23.681
-14.222	-23.659
-14.214	-23.639
POLYLINE BLACK
-14.301	-23.698
-14.455	-23.671
-14.624	-23.650
-14.703	-23.498
-14.732	-23.441
-14.731	-23.374
-14.768	-23.321
-14.813	-23.256
-14.923	-23.218
-14.980	-23.188
POLYLINE BLACK
-14.341	-23.198
-14.360	-23.043
-14.345	-22.916
-14.256	-22.787
-14.228	-22.745
-14.185	-22.703
-14.136	-22.685
-14.054	-22.655
-13.985	-22.687
-13.905	-22.669
-13.807	-22.647
-13.745	-22.557
-13.651	-22.547
-13.582	-22.540
-13.508	-22.590
-13.469	-22.643
-13.385	-22.758
-13.311	-22.853
-13.354	-23.000
-13.369	-23.050
-13.405	-23.064
-13.442	-23.095
-13.469	-23.117
-13.498	-23.153
-13.513	-23.183
-13.539	-23.238
-13.560	-23.295
-13.583	-23.351
-13.607	-23.410
-13.618	-23.459
-13.682	-23.487
-13.743	-23.515
-13.805	-23.523
-13.872	-23.519
-13.889	-23.517
-13.907	-23.513
-13.924	-23.514
-13.999	-23.516
-14.019	-23.533
-14.099	-23.550
-14.207	-23.573
-14.249	-23.348
-14.251	-23.315
-14.255	-23.276
-14.224	-23.241
-14.210	-23.205
POLYLINE BLACK
-14.223	-23.243
-14.168	-23.246
-14.100	-23.258
-14.063	-23.206
-14.044	-23.178
-14.034	-23.138
-14.000	-23.124
-13.954	-23.105
-13.905	-23.156
-13.843	-23.137
-13.801	-23.124
-13.758	-23.085
-13.736	-23.049
-13.599	-22.825
-13.547	-22.799
-13.556	-22.592
POLYLINE BLACK
-13.784	-23.165
-13.703	-23.493
-13.713	-23.362
-13.708	-23.553
POLYLINE BLACK
-14.583	-21.860
-14.487	-21.924
-14.843	-22.249
-14.678	-22.358
-14.600	-22.411
-14.520	-22.461
-14.439	-22.509
-14.430	-22.514
-14.420	-22.516
-14.410	-22.517
-14.337	-22.528
-14.268	-22.442
-14.196	-22.484
-14.140	-22.519
-14.084	-22.554
-14.028	-22.589
-14.023	-22.587
-14.016	-22.586
-14.012	-22.581
-14.007	-22.574
-14.005	-22.564
-14.005	-22.554
-14.004	-22.501
-14.012	-22.446
-14.007	-22.393
-13.992	-22.201
-13.967	-22.241
-13.979	-22.104
-13.988	-22.007
-14.076	-21.945
-14.147	-21.893
-14.183	-21.866
-14.218	-21.846
-14.262	-21.836
-14.343	-21.817
-14.420	-21.874
-14.503	-21.848
POLYLINE BLACK
-14.459	-21.892
-14.459	-21.934
-14.460	-21.975
-14.458	-22.017
-14.453	-22.119
-14.322	-22.167
-14.252	-22.200
-14.247	-22.202
-14.058	-22.247
-14.012	-22.310
-13.985	-22.347
-14.005	-22.406
-14.004	-22.446
-14.003	-22.493
-13.997	-22.541
-13.994	-22.588
POLYLINE BLACK
-14.389	-22.221
-14.403	-22.256
-14.415	-22.291
-14.431	-22.325
-14.471	-22.411
-14.606	-22.386
-14.674	-22.385
POLYLINE BLACK
-13.131	-23.232
-13.088	-23.284
-13.033	-23.355
-12.960	-23.309
-12.926	-23.286
-12.893	-23.259
-12.877	-23.220
-12.864	-23.188
-12.870	-23.155
-12.864	-23.123
-12.855	-23.080
-12.831	-23.042
-12.800	-23.011
-12.713	-22.925
-12.580	-22.934
-12.506	-22.861
-12.455	-22.810
-12.451	-22.695
-12.437	-22.645
-12.415	-22.563
-12.371	-22.478
-12.400	-22.390
-12.462	-22.206
-12.922	-22.207
-12.994	-22.193
-13.012	-22.190
-13.167	-22.126
-13.230	-22.139
-13.314	-22.156
-13.398	-22.341
-13.427	-22.382
-13.451	-22.415
-13.482	-22.443
-13.507	-22.475
-13.515	-22.486
-13.520	-22.499
-13.525	-22.511
-13.529	-22.520
-13.531	-22.530
-13.533	-22.539
-13.535	-22.548
-13.545	-22.568
-13.535	-22.567
-13.516	-22.565
-13.504	-22.545
-13.488	-22.533
POLYLINE BLACK
-13.147	-23.299
-13.310	-23.085
POLYLINE BLACK
-13.309	-22.790
-13.209	-22.789
-13.111	-22.795
-13.021	-22.748
-12.993	-22.733
-12.967	-22.715
-12.939	-22.702
-12.903	-22.686
-12.865	-22.676
-12.829	-22.661
-12.747	-22.627
-12.684	-22.452
-12.697	-22.393
-12.700	-22.378
-12.710	-22.368
-12.723	-22.362
-12.830	-22.311
-12.570	-22.514
-12.864	-22.252
POLYLINE BLACK
-12.927	-22.801
-12.966	-22.861
-12.999	-22.909
-12.982	-22.979
-12.971	-23.021
-12.963	-23.024
-12.965	-23.068
-12.966	-23.094
-12.971	-23.119
-12.975	-23.144
-12.988	-23.222
-13.002	-23.299
-13.015	-23.377
POLYLINE BLACK
-16.265	-22.995
-16.356	-23.204
-16.339	-23.368
-16.356	-23.593
-16.362	-23.687
-16.402	-23.830
-16.362	-23.931
-16.338	-23.992
-16.273	-23.980
-16.228	-24.015
-16.179	-24.052
-16.178	-24.139
-16.136	-24.153
-16.094	-24.167
-16.017	-24.106
-15.999	-24.098
-15.948	-24.075
-15.914	-24.081
-15.857	-24.066
-15.773	-24.045
-15.694	-23.980
-15.637	-23.917
-15.570	-23.842
-15.508	-23.741
-15.496	-23.639
-15.482	-23.526
-15.498	-23.396
-15.459	-23.282
-15.427	-23.190
-15.320	-23.142
-15.254	-23.080
-15.225	-23.053
-15.186	-23.014
-15.194	-22.969
-15.201	-22.926
-15.249	-22.880
-15.264	-22.848
-15.294	-22.783
-15.317	-22.714
-15.342	-22.646
-15.348	-22.631
-15.350	-22.615
-15.356	-22.600
-15.378	-22.538
-15.459	-22.525
-15.515	-22.525
-15.600	-22.525
-15.658	-22.568
-15.702	-22.639
-15.747	-22.712
-15.777	-22.768
-15.798	-22.847
-15.811	-22.893
-15.794	-22.968
-15.833	-22.998
-15.845	-23.006
-15.862	-23.011
-15.875	-23.011
-15.960	-23.012
-16.046	-23.011
-16.131	-23.011
POLYLINE BLACK
-16.082	-24.229
-16.057	-24.126
-16.053	-24.057
-16.007	-23.973
-15.962	-23.889
-15.866	-23.842
-15.829	-23.754
-15.801	-23.685
-15.827	-23.581
-15.823	-23.521
-15.815	-23.385
-15.796	-23.404
-15.777	-23.293
-15.771	-23.258
-15.775	-23.228
-15.782	-23.194
-15.784	-23.181
-15.790	-23.169
-15.791	-23.156
-15.798	-23.097
-15.801	-23.038
-15.805	-22.979
POLYLINE BLACK
-15.730	-23.712
-15.727	-23.673
-15.727	-23.634
-15.720	-23.596
-15.715	-23.570
-15.706	-23.544
-15.696	-23.520
-15.687	-23.500
-15.607	-23.277
-15.539	-23.197
-15.492	-23.144
-15.423	-23.124
-15.392	-23.057
-15.349	-22.964
-15.322	-22.737
-15.317	-22.712
POLYLINE BLACK
-13.006	-23.693
-13.013	-23.693
-13.093	-23.687
-13.122	-23.707
-13.181	-23.749
-13.109	-23.951
-13.107	-23.961
-13.096	-24.028
-13.124	-24.087
-13.111	-24.149
-13.097	-24.210
-13.047	-24.254
-13.003	-24.293
-12.949	-24.340
-12.889	-24.393
-12.815	-24.405
-12.721	-24.420
-12.646	-24.334
-12.571	-24.293
-12.511	-24.260
-12.445	-24.260
-12.377	-24.268
-12.234	-24.285
-12.345	-24.281
-12.234	-24.304
-12.168	-24.319
-11.993	-24.299
-11.997	-24.198
-12.000	-24.122
-12.054	-24.025
-12.069	-23.971
-12.119	-23.792
-12.061	-23.547
-12.213	-23.410
-12.257	-23.371
-12.302	-23.329
-12.358	-23.309
-12.400	-23.294
-12.450	-23.301
-12.489	-23.322
-12.604	-23.383
-12.619	-23.399
-12.723	-23.500
-12.777	-23.553
-12.770	-23.567
-12.825	-23.600
-12.849	-23.614
-12.919	-23.625
-12.912	-23.668
-12.907	-23.697
-12.880	-23.724
-12.858	-23.741
-12.741	-23.832
-12.558	-23.684
-12.464	-23.768
-12.352	-23.869
-12.453	-24.187
-12.455	-24.262
-12.457	-24.307
-12.437	-24.350
-12.428	-24.394
POLYLINE BLACK
-12.427	-23.807
-12.438	-23.707
-12.455	-23.656
-12.438	-23.565
-12.430	-23.518
-12.412	-23.472
-12.405	-23.423
-12.398	-23.364
-12.400	-23.304
-12.397	-23.244
POLYLINE BLACK
-12.948	-25.146
-12.797	-25.168
-12.987	-25.542
-12.815	-25.568
-12.772	-25.574
-12.732	-25.569
-12.690	-25.585
-12.671	-25.592
-12.655	-25.604
-12.641	-25.617
-12.623	-25.633
-12.604	-25.666
-12.575	-25.647
-12.530	-25.618
-12.505	-25.496
-12.499	-25.474
-12.444	-25.272
-12.595	-25.227
-12.650	-25.050
-12.724	-24.813
-12.715	-24.624
-12.910	-24.483
-12.941	-24.461
-13.035	-24.403
-13.071	-24.449
-13.080	-24.460
-13.085	-24.483
-13.084	-24.496
-13.078	-24.576
-13.071	-24.656
-13.058	-24.735
-13.049	-24.787
-12.996	-24.908
-12.982	-24.951
-12.963	-25.010
-12.966	-25.060
-12.923	-25.103
-12.887	-25.140
-12.837	-25.154
-12.802	-25.194
-12.774	-25.227
-12.760	-25.268
-12.725	-25.297
-12.688	-25.327
-12.688	-25.316
-12.640	-25.339
-12.634	-25.342
-12.628	-25.346
-12.623	-25.351
-12.604	-25.370
-12.587	-25.391
-12.569	-25.410
POLYLINE BLACK
-12.822	-24.531
-12.860	-24.704
-12.954	-24.919
-12.906	-25.108
-12.890	-25.167
-12.865	-25.223
-12.845	-25.281
POLYLINE BLACK
-15.219	-21.463
-15.205	-21.456
POLYLINE BLACK
-15.115	-21.274
-15.150	-20.951
-15.130	-20.976
-15.225	-20.682
-15.240	-20.634
-15.272	-20.565
-15.323	-20.540
-15.339	-20.532
-15.357	-20.536
-15.375	-20.533
-15.400	-20.529
-15.433	-20.514
-15.452	-20.500
-15.488	-20.473
-15.523	-20.444
-15.555	-20.413
-15.638	-20.331
-15.870	-20.125
-15.950	-19.967
-15.982	-19.904
-16.007	-19.838
-16.031	-19.771
-16.075	-19.644
-16.063	-19.596
-16.133	-19.503
-16.278	-19.308
-16.267	-19.336
-16.433	-18.964
-16.503	-18.807
-16.521	-18.588
-16.560	-18.428
-16.570	-18.386
-16.590	-18.347
-16.605	-18.307
-16.673	-18.128
-16.700	-18.093
-16.725	-17.921
-16.736	-17.852
-16.731	-17.773
-16.689	-17.714
-16.671	-17.689
-16.655	-17.676
-16.630	-17.658
-16.451	-17.533
-16.192	-17.400
-16.066	-17.197
-16.015	-17.115
-15.981	-16.929
-15.969	-16.883
-15.948	-16.799
-15.942	-16.713
-15.895	-16.638
-15.838	-16.547
-15.769	-16.465
-15.711	-16.376
-15.657	-16.292
-15.677	-16.180
-15.608	-16.104
-15.576	-16.068
-15.555	-16.066
-15.512	-16.030
-15.453	-15.981
-15.439	-15.915
-15.396	-15.855
-15.331	-15.762
-15.230	-15.685
-15.189	-15.575
-15.130	-15.416
-15.086	-15.252
-15.027	-15.093
-15.005	-15.037
-14.965	-14.989
-14.946	-14.932
-14.897	-14.782
-14.869	-14.625
-14.823	-14.474
-14.783	-14.342
-14.579	-14.106
-14.547	-14.058
-14.525	-14.024
-14.494	-13.989
-14.492	-13.948
-14.491	-13.891
-14.523	-13.838
-14.539	-13.784
POLYLINE BLACK
-11.819	-21.233
-11.760	-21.083
-11.689	-20.937
-11.561	-20.834
-11.532	-20.811
-11.500	-20.793
-11.469	-20.773
-11.424	-20.744
-11.373	-20.723
-11.332	-20.688
-10.821	-20.262
-11.192	-20.554
-10.905	-20.264
-10.872	-20.231
-10.809	-20.188
-10.764	-20.172
-10.627	-20.127
-10.490	-20.082
-10.352	-20.037
-10.290	-20.024
-10.226	-20.018
-10.164	-20.000
-10.070	-19.972
-9.981	-19.930
-9.888	-19.900
-9.664	-19.828
-9.595	-19.866
-9.503	-19.658
-9.406	-19.439
-9.601	-19.176
-9.674	-18.999
-9.689	-18.961
-9.697	-18.920
-9.705	-18.879
-9.743	-18.689
-9.773	-18.496
-9.813	-18.306
-9.823	-18.259
-9.857	-18.208
-9.895	-18.178
-9.939	-18.142
-9.983	-18.132
-9.999	-18.070
-10.011	-18.027
-10.007	-18.011
-10.005	-17.964
-9.993	-17.766
-9.975	-17.569
-9.970	-17.371
-9.966	-17.195
-10.055	-17.012
-10.113	-16.860
-10.136	-16.802
-10.166	-16.746
-10.191	-16.688
-10.194	-16.680
-10.196	-16.671
-10.197	-16.662
-10.208	-16.586
-10.153	-16.528
-10.129	-16.461
-10.114	-16.416
-10.100	-16.370
-10.093	-16.323
-10.072	-16.189
-10.062	-16.054
-10.043	-15.920
-10.042	-15.909
-10.036	-15.899
-10.031	-15.890
-9.992	-15.814
-9.909	-15.819
-9.837	-15.797
-9.758	-15.773
-9.666	-15.709
-9.646	-15.623
-9.617	-15.502
-9.765	-15.240
-9.768	-15.232
-9.812	-15.098
-9.770	-14.898
-9.717	-14.775
-9.637	-14.584
-9.428	-14.691
-9.283	-14.715
-9.238	-14.722
-9.174	-14.712
-9.133	-14.700
-9.083	-14.685
-9.032	-14.660
-8.991	-14.628
-8.887	-14.546
-8.642	-14.307
-8.454	-14.211
-8.343	-14.154
-8.214	-14.198
-8.100	-14.157
-7.934	-14.097
-7.621	-13.879
-7.560	-13.847
-7.444	-13.788
-7.316	-13.754
-7.196	-13.701
-7.023	-13.624
-6.916	-13.407
-6.967	-13.223
-6.972	-13.203
-7.042	-12.973
-7.090	-12.914
-7.135	-12.858
-7.254	-12.764
-7.299	-12.675
-7.361	-12.551
-7.347	-12.408
-7.372	-12.275
-7.395	-12.146
-7.491	-12.095
-7.590	-12.017
POLYLINE BLACK
-14.494	-13.863
-14.515	-13.756
-14.573	-13.577
-14.554	-13.444
-14.531	-13.291
-14.499	-13.139
-14.475	-12.986
-14.469	-12.945
-14.473	-12.903
-14.464	-12.864
-14.399	-12.590
-14.321	-12.320
-14.253	-12.047
-14.250	-12.035
-14.251	-12.022
-14.252	-12.009
-14.260	-11.909
-14.348	-11.825
-14.388	-11.743
-14.438	-11.640
-14.472	-11.530
-14.519	-11.426
-14.558	-11.339
-14.642	-11.235
-14.620	-11.129
-14.609	-11.076
-14.567	-11.028
-14.539	-10.986
POLYLINE BLACK
-14.068	-17.735
-14.243	-17.882
-14.421	-18.025
-14.593	-18.175
-14.679	-18.251
-14.725	-18.359
-14.708	-18.473
-14.705	-18.492
-14.699	-18.510
-14.694	-18.528
-14.600	-18.837
-14.511	-19.148
-14.408	-19.455
-14.385	-19.525
-14.336	-19.626
-14.269	-19.675
-14.261	-19.681
-14.232	-19.696
-14.220	-19.696
-14.100	-19.692
-13.979	-19.690
-13.859	-19.675
-13.761	-19.664
-13.666	-19.636
-13.569	-19.618
-13.529	-19.610
-13.497	-19.612
-13.462	-19.588
-13.368	-19.527
-13.325	-19.333
-13.321	-19.231
-13.318	-19.163
-13.341	-19.063
-13.342	-19.002
-13.344	-18.929
-13.329	-18.816
-13.300	-18.748
-13.262	-18.661
-13.220	-18.574
-13.168	-18.495
-13.087	-18.372
-12.987	-18.264
-12.901	-18.145
-12.887	-18.125
-12.877	-18.103
-12.868	-18.081
-12.848	-18.030
-12.843	-17.988
-12.841	-17.933
-12.829	-17.694
-12.817	-17.454
-12.810	-17.214
-12.807	-17.115
-12.900	-17.034
-12.995	-17.030
-13.178	-17.023
-13.361	-17.018
-13.544	-17.017
-13.574	-17.017
-13.621	-17.022
-13.652	-17.038
-13.678	-17.052
-13.704	-17.079
-13.713	-17.107
-13.755	-17.229
-13.794	-17.353
-13.832	-17.477
-13.853	-17.547
-13.851	-17.572
-13.902	-17.633
-13.945	-17.684
-13.993	-17.732
-14.037	-17.783
-14.041	-17.789
-14.043	-17.795
-14.045	-17.801
-14.085	-17.907
-13.914	-18.061
-13.860	-18.139
-13.828	-18.188
-13.825	-18.251
-13.778	-18.289
-13.745	-18.315
-13.717	-18.317
-13.677	-18.340
-13.641	-18.360
-13.604	-18.397
-13.581	-18.429
-13.489	-18.559
-13.478	-18.699
-13.414	-18.854
-13.398	-18.894
-13.371	-18.929
-13.347	-18.966
-13.333	-18.989
-13.305	-19.006
-13.301	-19.033
-13.299	-19.046
-13.329	-19.030
-13.340	-19.023
-13.381	-18.999
-13.418	-18.969
-13.457	-18.941
POLYLINE BLACK
-13.655	-18.383
-13.639	-18.289
-13.627	-18.198
-13.564	-18.125
-13.515	-18.068
-13.494	-18.066
-13.441	-18.007
-13.402	-17.964
-13.381	-17.925
-13.359	-17.872
-13.278	-17.672
-13.204	-17.469
-13.119	-17.270
-13.108	-17.246
-13.093	-17.223
-13.074	-17.204
-13.023	-17.159
-12.972	-17.115
-12.922	-17.070
-12.904	-17.056
-12.884	-17.045
-12.868	-17.030
-12.827	-16.990
-12.790	-16.947
-12.752	-16.906
POLYLINE BLACK
-13.631	-14.038
-13.687	-14.089
-13.743	-14.139
-13.798	-14.190
-13.880	-14.281
-13.954	-14.380
-14.043	-14.463
-14.170	-14.582
-14.416	-14.624
-14.309	-14.811
-14.194	-15.005
-14.079	-15.198
-13.964	-15.391
-13.926	-15.465
-13.892	-15.539
-13.851	-15.611
-13.837	-15.636
-13.817	-15.657
-13.800	-15.680
-13.785	-15.701
-13.766	-15.719
-13.754	-15.741
-13.681	-15.874
-13.633	-16.033
-13.578	-16.169
-13.545	-16.252
-13.494	-16.203
-13.444	-16.180
-13.429	-16.173
-13.413	-16.168
-13.397	-16.163
-13.381	-16.159
-13.364	-16.158
-13.347	-16.155
-13.324	-16.152
-13.300	-16.151
-13.278	-16.145
-13.210	-16.128
-13.148	-16.094
-13.111	-16.033
-13.073	-15.969
-13.058	-15.905
-13.000	-15.853
-12.778	-15.651
-12.106	-15.119
-12.010	-14.902
-11.977	-14.826
-12.045	-14.742
-12.056	-14.672
-12.073	-14.563
-12.087	-14.453
-12.089	-14.342
-12.090	-14.245
-12.077	-14.148
-12.066	-14.051
-12.060	-14.001
-12.021	-13.909
-12.046	-13.847
-12.057	-13.821
-12.079	-13.804
-12.105	-13.795
-12.204	-13.761
-12.304	-13.731
-12.402	-13.695
-12.431	-13.683
-12.475	-13.656
-12.500	-13.632
-12.528	-13.605
-12.535	-13.586
-12.566	-13.568
-12.662	-13.513
-12.796	-13.548
-12.892	-13.576
-13.039	-13.619
-13.138	-13.712
-13.261	-13.810
-13.344	-13.877
-13.432	-13.995
-13.546	-14.028
-13.594	-14.043
-13.647	-14.034
-13.695	-14.033
POLYLINE BLACK
-12.933	-15.741
-12.964	-15.725
-12.995	-15.710
-13.025	-15.692
-13.066	-15.667
-13.097	-15.604
-13.110	-15.563
-13.170	-15.364
-13.155	-15.413
-13.168	-15.275
-13.172	-15.237
-13.185	-15.205
-13.217	-15.181
-13.248	-15.158
-13.313	-15.133
-13.309	-15.082
-13.308	-15.075
-13.307	-15.068
-13.304	-15.062
-13.232	-14.897
-13.161	-14.731
-13.083	-14.569
-13.072	-14.545
-13.055	-14.524
-13.038	-14.504
-12.886	-14.327
-13.070	-14.562
-12.923	-14.397
-12.871	-14.338
-12.833	-14.265
-12.808	-14.191
-12.710	-13.895
-12.761	-13.858
-12.562	-13.648
-12.556	-13.641
-12.544	-13.646
-12.535	-13.645
POLYLINE BLACK
-13.268	-15.133
-13.430	-15.058
-13.687	-15.173
-13.864	-15.077
-13.873	-15.072
-13.880	-15.067
-13.887	-15.061
-13.960	-14.999
-14.029	-14.932
-14.104	-14.873
-14.224	-14.780
-14.271	-14.777
-14.419	-14.722
POLYLINE BLACK
-13.973	-20.546
-13.953	-20.450
-13.949	-20.367
-13.904	-20.285
-13.818	-20.127
-13.434	-19.868
-13.404	-19.842
-13.366	-19.807
-13.271	-19.633
-13.165	-19.631
-13.045	-19.628
-12.953	-19.748
-12.834	-19.754
-12.792	-19.756
-12.737	-19.746
-12.702	-19.730
-12.519	-19.646
-12.343	-19.550
-12.161	-19.464
-12.076	-19.424
-11.989	-19.467
-11.906	-19.482
-11.875	-19.488
-11.843	-19.487
-11.811	-19.491
-11.775	-19.496
-11.740	-19.541
-11.727	-19.571
-11.688	-19.656
-11.657	-19.745
-11.618	-19.830
-11.594	-19.883
-11.549	-19.916
-11.502	-19.945
-11.465	-19.967
-11.436	-19.979
-11.430	-20.027
-11.425	-20.068
-11.431	-20.111
-11.444	-20.151
-11.497	-20.311
-11.551	-20.471
-11.611	-20.629
-11.632	-20.683
-11.677	-20.738
-11.726	-20.769
-11.797	-20.813
-11.882	-20.819
-11.949	-20.874
-12.090	-20.989
-12.225	-21.113
-12.365	-21.231
-12.369	-21.235
-12.376	-21.237
-12.383	-21.238
-12.449	-21.254
-12.507	-21.154
-12.542	-21.123
-12.570	-21.099
-12.600	-21.076
-12.632	-21.059
-12.709	-21.021
-12.787	-20.981
-12.870	-20.958
-13.043	-20.912
-13.221	-20.884
-13.397	-20.854
-13.519	-20.833
-13.633	-20.890
-13.746	-20.922
-13.829	-20.945
-13.912	-20.851
-13.948	-20.791
-13.960	-20.770
-13.969	-20.747
-13.981	-20.727
-13.997	-20.700
-14.015	-20.674
-14.031	-20.647
POLYLINE BLACK
-12.777	-19.720
-12.842	-19.822
-12.903	-19.926
-12.972	-20.025
-12.993	-20.056
-13.039	-20.092
-13.072	-20.110
-13.115	-20.134
-13.201	-20.141
-13.217	-20.197
-13.231	-20.243
-13.193	-20.290
-13.181	-20.331
-13.159	-20.401
-13.183	-20.466
-13.219	-20.527
-13.284	-20.634
-13.291	-20.602
-13.391	-20.720
-13.463	-20.804
-13.494	-20.908
-13.537	-21.009
POLYLINE BLACK
-13.081	-20.499
-12.814	-20.559
-12.733	-20.595
-12.500	-20.477
-12.474	-20.463
-12.447	-20.449
-12.426	-20.429
-12.388	-20.394
-12.271	-20.234
-12.189	-20.205
-12.122	-20.182
-12.051	-20.181
-11.982	-20.192
-11.939	-20.199
-11.931	-20.210
-11.893	-20.205
-11.735	-20.183
-11.381	-19.901
-11.371	-19.894
POLYLINE BLACK
-11.008	-15.411
-11.066	-15.500
-11.092	-15.559
-11.176	-15.622
-11.539	-15.896
-11.268	-15.681
-11.483	-15.812
-11.595	-15.880
-11.673	-16.067
-11.703	-16.187
-11.715	-16.238
-11.716	-16.302
-11.707	-16.353
-11.695	-16.419
-11.644	-16.504
-11.695	-16.567
-11.735	-16.617
-11.839	-16.656
-11.875	-16.680
-11.949	-16.731
-12.016	-16.791
-12.088	-16.844
-12.280	-16.987
-12.181	-16.886
-12.378	-17.100
-12.428	-17.155
-12.417	-17.225
-12.429	-17.292
-12.434	-17.321
-12.442	-17.350
-12.452	-17.377
-12.495	-17.497
-12.547	-17.552
-12.486	-17.672
-12.394	-17.854
-12.217	-17.826
-12.037	-17.821
-12.019	-17.821
-12.000	-17.822
-11.984	-17.814
-11.792	-17.718
-11.607	-17.609
-11.417	-17.512
-11.349	-17.477
-11.243	-17.479
-11.181	-17.474
-11.154	-17.471
-11.138	-17.471
-11.116	-17.455
-11.067	-17.420
-11.050	-17.360
-11.021	-17.312
-10.999	-17.278
-10.958	-17.239
-10.926	-17.218
-10.895	-17.197
-10.861	-17.180
-10.827	-17.163
-10.762	-17.129
-10.664	-17.101
-10.628	-17.027
-10.600	-16.970
-10.636	-16.887
-10.659	-16.836
-10.705	-16.735
-10.790	-16.619
-10.771	-16.497
-10.743	-16.324
-10.691	-15.906
-10.549	-15.714
-10.507	-15.657
-10.457	-15.605
-10.414	-15.549
-10.408	-15.541
-10.406	-15.524
-10.407	-15.515
-10.411	-15.467
-10.470	-15.427
-10.504	-15.406
-10.577	-15.362
-10.762	-15.208
-10.890	-15.258
-10.956	-15.283
-11.002	-15.333
-11.035	-15.394
-11.061	-15.441
-11.057	-15.450
-11.097	-15.489
-11.148	-15.540
-11.210	-15.570
-11.271	-15.608
POLYLINE BLACK
-11.688	-16.555
-11.446	-16.552
-11.273	-16.571
-11.111	-16.376
-11.082	-16.342
-11.055	-16.304
-11.034	-16.265
-10.963	-16.138
-10.964	-16.078
-10.884	-15.988
-10.836	-15.934
-10.721	-15.865
-10.684	-15.835
-10.650	-15.808
-10.621	-15.776
-10.588	-15.748
-10.567	-15.731
-10.537	-15.723
-10.523	-15.701
-10.509	-15.679
-10.514	-15.649
-10.509	-15.623
POLYLINE BLACK
-11.369	-16.563
-11.346	-16.663
-11.319	-16.722
-11.324	-16.816
-11.327	-16.881
-11.364	-16.936
-11.362	-17.002
-11.359	-17.125
-11.316	-17.213
-11.269	-17.337
-11.250	-17.387
-11.219	-17.433
-11.173	-17.461
-11.135	-17.484
-11.082	-17.494
-11.042	-17.506
POLYLINE BLACK
-11.194	-11.367
-11.289	-11.375
-11.385	-11.377
-11.479	-11.391
-11.599	-11.407
-11.735	-11.457
-11.812	-11.556
-11.867	-11.626
-11.882	-11.719
-11.958	-11.771
-11.978	-11.785
-11.999	-11.801
-12.023	-11.809
-12.218	-11.875
-12.414	-11.938
-12.613	-11.991
-12.711	-12.016
-12.991	-11.991
-13.042	-11.991
-13.127	-11.991
-13.212	-12.039
-13.283	-12.075
-13.311	-12.089
-13.360	-12.113
-13.384	-12.144
-13.419	-12.187
-13.398	-12.238
-13.368	-12.278
-13.327	-12.332
-13.278	-12.381
-13.242	-12.440
-13.139	-12.611
-13.056	-12.932
-12.832	-13.032
-12.806	-13.044
-12.570	-13.108
-12.535	-13.189
-12.534	-13.192
-12.473	-13.477
-12.369	-13.533
-12.260	-13.592
-12.068	-13.616
-11.986	-13.633
-11.971	-13.636
-11.937	-13.624
-11.927	-13.620
-11.829	-13.574
-11.745	-13.469
-11.679	-13.403
-11.648	-13.372
-11.626	-13.332
-11.592	-13.304
-11.511	-13.239
-11.425	-13.180
-11.337	-13.126
-11.286	-13.095
-11.157	-13.024
-11.073	-13.006
-11.016	-12.994
-10.871	-13.000
-10.807	-12.937
-10.777	-12.909
-10.750	-12.867
-10.736	-12.830
-10.607	-12.488
-10.652	-12.402
-10.691	-11.994
-10.694	-11.966
-10.704	-11.938
-10.703	-11.909
-10.698	-11.749
-10.680	-11.590
-10.674	-11.430
-10.673	-11.413
-10.677	-11.395
-10.682	-11.379
-10.692	-11.336
-10.718	-11.298
-10.751	-11.269
-10.840	-11.189
-10.977	-11.232
-11.070	-11.283
-11.082	-11.290
-11.093	-11.298
-11.104	-11.307
-11.146	-11.344
-11.180	-11.391
-11.228	-11.420
-11.276	-11.449
-11.333	-11.459
-11.386	-11.479
POLYLINE BLACK
-12.006	-11.833
-12.030	-11.971
-12.050	-12.110
-12.077	-12.248
-12.095	-12.344
-12.133	-12.344
-12.180	-12.424
-12.314	-12.654
-12.263	-12.610
-12.365	-12.868
-12.375	-12.893
-12.393	-12.915
-12.405	-12.939
-12.595	-13.322
-12.644	-13.471
-12.565	-13.246
POLYLINE BLACK
-12.179	-12.555
-12.186	-12.548
POLYLINE BLACK
-12.184	-12.505
-12.031	-12.485
-12.021	-12.473
-11.850	-12.503
-11.763	-12.518
-11.678	-12.547
-11.591	-12.564
-11.475	-12.587
-11.384	-12.503
-11.274	-12.494
-11.236	-12.491
-11.191	-12.497
-11.155	-12.510
-10.984	-12.574
-10.975	-12.628
-10.828	-12.768
-10.696	-12.893
-10.789	-12.747
-10.688	-12.958
POLYLINE BLACK
-8.747	-11.705
-8.828	-11.652
-8.904	-11.598
-9.001	-11.593
-9.027	-11.591
-9.065	-11.590
-9.092	-11.602
-9.156	-11.630
-9.213	-11.705
-9.243	-11.762
-9.346	-11.953
-9.406	-12.074
-9.450	-12.270
-9.456	-12.295
-9.468	-12.460
-9.470	-12.475
-9.481	-12.542
-9.511	-12.579
-9.568	-12.615
-9.605	-12.638
-9.657	-12.650
-9.688	-12.682
-9.746	-12.742
-9.796	-12.817
-9.828	-12.893
-9.945	-13.167
-9.948	-13.348
-9.991	-13.672
-9.998	-13.726
-9.994	-13.781
-10.004	-13.835
-10.017	-13.902
-10.038	-13.968
-10.060	-14.033
-10.092	-14.132
-10.132	-14.229
-10.165	-14.327
-10.170	-14.342
-10.173	-14.359
-10.173	-14.375
-10.176	-14.441
-10.084	-14.384
-10.060	-14.380
-9.912	-14.359
-9.831	-14.346
-9.698	-14.363
-9.642	-14.370
-9.585	-14.402
-9.533	-14.416
-9.424	-14.445
-9.345	-14.441
-9.281	-14.341
-9.256	-14.303
-9.097	-13.975
-8.969	-13.901
-8.833	-13.821
-8.663	-13.802
-8.519	-13.753
-8.395	-13.711
-8.310	-13.600
-8.236	-13.501
-8.171	-13.416
-8.116	-13.324
-8.050	-13.240
-8.026	-13.210
-7.946	-13.153
-7.921	-13.098
-7.837	-12.921
-7.982	-12.534
-8.014	-12.439
-8.073	-12.267
-8.154	-12.103
-8.228	-11.937
-8.235	-11.921
-8.246	-11.908
-8.257	-11.895
-8.346	-11.790
-8.504	-11.767
-8.630	-11.749
-8.668	-11.744
-8.707	-11.746
-8.744	-11.740
-8.847	-11.725
-8.947	-11.631
-9.022	-11.577
POLYLINE BLACK
-9.589	-12.615
-9.454	-12.596
-9.276	-12.526
-9.128	-12.574
-9.074	-12.592
-8.989	-12.655
-8.956	-12.671
-8.895	-12.701
-8.819	-12.729
-8.748	-12.719
-8.718	-12.714
-8.701	-12.707
-8.674	-12.693
-8.653	-12.682
-8.609	-12.645
-8.582	-12.670
-8.570	-12.680
-8.564	-12.702
-8.564	-12.717
-8.556	-12.850
-8.556	-12.984
-8.545	-13.118
-8.538	-13.200
-8.519	-13.281
-8.511	-13.364
-8.501	-13.467
-8.573	-13.581
-8.657	-13.636
-8.681	-13.651
-8.709	-13.660
-8.736	-13.673
POLYLINE BLACK
-8.550	-12.645
-8.515	-12.443
-8.518	-12.328
-8.456	-12.170
-8.441	-12.132
-8.422	-12.095
-8.409	-12.057
-8.381	-11.979
-8.367	-11.894
-8.331	-11.819
-8.306	-11.768
-8.262	-11.728
-8.228	-11.682
POLYLINE BLACK
-7.441	-12.020
-7.520	-11.964
-7.601	-11.911
-7.677	-11.853
-7.762	-11.787
-7.844	-11.642
-7.762	-11.541
-7.695	-11.457
-7.578	-11.402
-7.559	-11.285
-7.544	-11.191
-7.594	-11.103
-7.616	-11.014
-7.636	-10.932
-7.596	-10.799
-7.551	-10.732
-7.517	-10.683
-7.478	-10.637
-7.441	-10.589
POLYLINE RED
-13.999	-12.696
-14.031	-12.720
-14.065	-12.742
-14.096	-12.769
-14.124	-12.793
-14.159	-12.834
-14.169	-12.871
-14.186	-12.937
-14.117	-13.037
-14.050	-13.047
-13.959	-13.060
-13.785	-12.911
-13.845	-12.810
-13.892	-12.730
-13.958	-12.707
-14.019	-12.787
-14.049	-12.828
-14.075	-12.875
-14.079	-12.926
-14.084	-12.989
-14.053	-13.017
-14.020	-13.077
POLYLINE RED
-15.742	-12.740
-14.880	-12.835
-15.194	-12.845
-14.803	-12.824
POLYLINE RED
-15.106	-12.601
-14.979	-12.607
-14.852	-12.612
-14.725	-12.621
-14.582	-12.631
-14.614	-12.730
-14.677	-12.818
-14.694	-12.841
-14.711	-12.866
-14.733	-12.884
-14.788	-12.929
-14.849	-12.965
-14.907	-13.006
POLYLINE BLACK
-14.518	-10.968
-14.585	-10.695
-14.711	-10.428
-14.651	-10.148
-14.631	-10.055
-14.576	-9.936
-14.620	-9.837
-14.701	-9.653
-14.914	-9.551
-14.988	-9.364
-15.020	-9.286
-15.041	-9.205
-15.065	-9.124
-15.076	-9.090
-15.080	-9.055
-15.092	-9.021
-15.095	-9.014
-15.102	-9.008
-15.109	-9.006
-15.141	-8.995
-15.203	-9.091
-15.205	-9.094
POLYLINE BLACK
-13.289	-8.693
-13.146	-8.668
-12.976	-8.617
-12.837	-8.694
-12.723	-8.757
-12.696	-8.811
-12.575	-8.903
-12.508	-8.954
-12.425	-8.991
-12.346	-9.016
-12.203	-9.060
-12.050	-8.996
-11.906	-9.037
-11.704	-9.095
-11.538	-9.323
-11.397	-9.450
-11.367	-9.476
-11.331	-9.494
-11.298	-9.516
-11.235	-9.558
-11.301	-9.489
-11.207	-9.666
POLYLINE BLACK
-13.381	-8.678
-13.467	-8.708
-13.556	-8.733
-13.640	-8.769
-13.713	-8.800
-13.779	-8.846
-13.852	-8.876
-13.953	-8.918
-14.098	-8.946
-14.208	-8.932
-14.355	-8.913
-14.470	-8.791
-14.616	-8.758
-14.797	-8.717
-14.843	-8.815
-14.995	-8.917
-15.017	-8.932
-15.043	-8.940
-15.067	-8.952
-15.085	-8.960
-15.108	-8.961
-15.122	-8.976
-15.159	-9.016
-15.183	-9.066
-15.214	-9.111
POLYLINE BLACK
-10.381	-9.196
-10.519	-9.221
-10.657	-9.243
-10.794	-9.271
-10.808	-9.274
-10.821	-9.281
-10.834	-9.288
-10.909	-9.329
-10.913	-9.413
-10.911	-9.488
-10.898	-9.891
-10.889	-10.294
-10.871	-10.696
-10.869	-10.731
-10.847	-10.801
-10.829	-10.833
-10.814	-10.859
-10.800	-10.887
-10.778	-10.907
-10.547	-11.123
-10.310	-11.332
-10.073	-11.540
-10.054	-11.557
-10.019	-11.570
-9.993	-11.567
-9.935	-11.559
-9.917	-11.479
-9.888	-11.441
-9.856	-11.397
-9.808	-11.351
-9.760	-11.325
-9.667	-11.273
-9.569	-11.230
-9.475	-11.181
-9.468	-11.177
-9.463	-11.171
-9.458	-11.166
-9.402	-11.099
-9.542	-10.985
-9.567	-10.952
-9.603	-10.904
-9.629	-10.839
-9.631	-10.778
-9.636	-10.656
-9.597	-10.571
-9.547	-10.462
-9.505	-10.371
-9.458	-10.296
-9.462	-10.195
-9.467	-10.032
-9.625	-9.792
-9.665	-9.706
-9.672	-9.691
-9.676	-9.675
-9.684	-9.661
-9.789	-9.487
-9.992	-9.317
-10.113	-9.200
-10.168	-9.147
-10.331	-9.072
-10.404	-9.117
-10.463	-9.154
-10.426	-9.267
-10.425	-9.314
-10.425	-9.375
-10.436	-9.411
-10.456	-9.469
-10.464	-9.491
-10.475	-9.511
-10.481	-9.533
-10.522	-9.674
-10.451	-9.839
-10.389	-9.959
-10.343	-10.047
-10.285	-10.129
-10.231	-10.213
-10.204	-10.256
-10.193	-10.255
-10.178	-10.295
-10.153	-10.363
-10.196	-10.412
-10.200	-10.482
-10.210	-10.639
-10.212	-10.796
-10.212	-10.953
-10.212	-10.996
-10.199	-11.055
-10.181	-11.096
-10.160	-11.144
-10.157	-11.124
-10.136	-11.177
-10.125	-11.204
-10.094	-11.300
-10.105	-11.332
-10.124	-11.386
-10.164	-11.430
-10.193	-11.479
POLYLINE BLACK
-10.180	-10.243
-10.275	-10.318
-10.497	-10.371
-10.588	-10.497
-10.640	-10.570
-10.632	-10.593
-10.681	-10.686
-10.728	-10.775
-10.794	-10.821
-10.869	-10.893
POLYLINE RED
-9.464	-6.941
-9.516	-7.020
-9.572	-7.098
-9.621	-7.179
-9.643	-7.214
-9.658	-7.267
-9.663	-7.309
-9.671	-7.372
-9.640	-7.520
-9.546	-7.490
-9.482	-7.470
-9.399	-7.373
-9.369	-7.340
-9.314	-7.280
-9.279	-7.203
-9.321	-7.126
-9.333	-7.104
-9.349	-7.084
-9.372	-7.074
-9.410	-7.055
-9.463	-7.066
-9.500	-7.068
POLYLINE BLACK
-18.827	-24.617
-18.675	-24.647
-18.523	-24.675
-18.372	-24.708
-18.342	-24.714
-18.335	-24.761
-18.341	-24.785
-18.382	-24.946
-18.401	-25.138
-18.518	-25.270
-18.585	-25.347
-18.709	-25.341
-18.797	-25.365
-18.832	-25.374
-18.864	-25.390
-18.898	-25.404
-18.921	-25.414
-18.939	-25.430
-18.965	-25.430
-19.043	-25.429
-19.009	-25.247
-19.007	-25.232
-19.002	-25.199
-18.997	-25.165
-18.984	-25.135
-18.936	-25.023
-18.873	-24.918
-18.824	-24.808
-18.811	-24.780
-18.807	-24.750
-18.798	-24.722
-18.776	-24.681
-18.754	-24.640
-18.732	-24.600
POLYLINE BLACK
-18.629	-24.683
-18.651	-24.801
-18.668	-24.921
-18.694	-25.039
-18.699	-25.058
-18.734	-25.112
-18.729	-25.147
-18.720	-25.222
-18.585	-25.223
-18.532	-25.237
-18.501	-25.246
-18.469	-25.258
-18.438	-25.268
POLYLINE BLACK
-18.592	-25.158
-18.658	-25.178
-18.751	-25.191
-18.800	-25.252
-18.953	-25.442
-18.854	-25.375
-18.961	-25.439
POLYLINE BLACK
-15.387	-25.484
-15.473	-25.454
-15.567	-25.425
-15.637	-25.501
-15.700	-25.569
-15.717	-25.698
-15.745	-25.769
-15.768	-25.827
-15.804	-25.898
-15.850	-25.946
-15.934	-26.033
-16.057	-26.042
-16.165	-26.089
-16.207	-26.107
-16.247	-26.131
-16.283	-26.159
-16.369	-26.226
-16.449	-26.299
-16.528	-26.373
-16.574	-26.415
-16.637	-26.487
-16.598	-26.554
-16.571	-26.600
-16.525	-26.642
-16.525	-26.701
-16.528	-27.211
-16.562	-26.911
-16.522	-27.202
POLYLINE BLACK
-15.211	-21.340
-15.188	-21.444
-15.151	-21.580
-15.231	-21.671
-15.281	-21.728
-15.352	-21.757
-15.399	-21.818
-15.470	-21.911
-15.490	-22.035
-15.589	-22.109
-15.672	-22.172
-15.787	-22.146
-15.871	-22.221
-15.994	-22.329
-16.099	-22.529
-16.175	-22.634
-16.218	-22.693
-16.309	-22.727
-16.375	-22.745
-16.476	-22.774
-16.620	-22.759
-16.705	-22.695
-16.744	-22.666
-16.808	-22.555
-16.866	-22.560
-16.872	-22.560
-16.875	-22.567
-16.878	-22.572
-16.895	-22.603
-16.910	-22.635
-16.926	-22.666
POLYLINE BLACK
-18.845	-27.979
-18.791	-28.052
-18.740	-28.126
-18.684	-28.196
-18.660	-28.226
-18.624	-28.256
-18.589	-28.276
-18.581	-28.281
-18.571	-28.284
-18.562	-28.287
-18.546	-28.294
-18.529	-28.299
-18.513	-28.307
-18.450	-28.339
-18.405	-28.413
-18.405	-28.484
-18.405	-28.625
-18.445	-28.788
-18.378	-28.923
-18.287	-29.106
-18.082	-29.224
-18.039	-29.432
-18.007	-29.585
-18.041	-29.733
-18.035	-29.892
-18.032	-29.949
-18.018	-30.005
-18.005	-30.060
-17.993	-30.110
-17.970	-30.165
-17.940	-30.208
-17.897	-30.271
-17.774	-30.400
-17.791	-30.501
-17.793	-30.509
-17.974	-31.135
-17.905	-31.354
-17.888	-31.408
-17.870	-31.463
-17.841	-31.513
-17.797	-31.589
-17.585	-31.847
-17.529	-32.022
-17.472	-32.199
-17.553	-32.389
-17.507	-32.568
-17.468	-32.715
-17.333	-32.800
-17.232	-32.899
-17.155	-32.975
-17.162	-33.043
-17.125	-33.134
-17.114	-33.162
-17.092	-33.187
-17.064	-33.199
-16.933	-33.251
-16.802	-33.305
-16.669	-33.353
-16.652	-33.359
-16.634	-33.360
-16.616	-33.360
-16.483	-33.361
-16.372	-33.327
-16.271	-33.237
-16.262	-33.229
-16.052	-32.989
-15.938	-32.944
-15.551	-32.793
-15.821	-32.935
-15.271	-32.796
-15.096	-32.752
-14.927	-32.687
-14.756	-32.628
-14.702	-32.608
-14.575	-32.571
-14.513	-32.515
-14.445	-32.455
-14.380	-32.304
-14.360	-32.260
-14.332	-32.198
-14.286	-32.097
-14.305	-32.018
-14.316	-31.973
-14.345	-31.934
-14.378	-31.903
-14.570	-31.729
-14.863	-31.961
-15.077	-31.883
-15.117	-31.869
-15.160	-31.839
-15.183	-31.803
-15.294	-31.630
-15.396	-31.451
-15.507	-31.278
-15.520	-31.258
-15.563	-31.210
-15.590	-31.193
-15.756	-31.091
-16.125	-31.100
-16.250	-31.084
-16.305	-31.077
-16.395	-31.020
-16.430	-30.996
-16.724	-30.791
-16.719	-30.428
-16.830	-30.099
-16.856	-30.023
-16.986	-29.870
-17.010	-29.835
-17.018	-29.824
-17.024	-29.811
-17.025	-29.798
-17.040	-29.681
-17.057	-29.565
-17.060	-29.447
-17.063	-29.321
-17.045	-29.195
-17.044	-29.069
-17.044	-29.040
-17.048	-29.010
-17.057	-28.982
-17.178	-28.622
-17.100	-28.898
-17.198	-28.667
-17.257	-28.526
-17.199	-28.307
-17.175	-28.190
-17.162	-28.123
-17.109	-27.969
-17.061	-27.901
-16.956	-27.754
-16.753	-27.551
-16.675	-27.354
-16.641	-27.270
-16.526	-27.023
-16.581	-26.890
-16.615	-26.806
-16.723	-26.756
-16.784	-26.712
POLYLINE GREEN
-18.530	-24.556
-18.560	-24.616
-18.592	-24.674
-18.620	-24.735
-18.683	-24.876
-18.498	-25.025
-18.371	-24.950
-18.271	-24.892
-18.274	-24.693
-18.340	-24.612
-18.347	-24.604
-18.380	-24.568
-18.398	-24.569
-18.435	-24.571
-18.470	-24.582
-18.507	-24.589
POLYLINE BLACK
-18.858	-28.049
-18.933	-27.820
-19.001	-27.589
-19.082	-27.362
-19.103	-27.304
-19.157	-27.212
-19.206	-27.163
-19.331	-27.034
-19.539	-26.902
-19.553	-26.694
-19.568	-26.469
-19.566	-26.242
-19.579	-26.017
-19.587	-25.875
-19.769	-25.734
-19.874	-25.671
-19.997	-25.598
-20.231	-25.655
-20.320	-25.661
-20.369	-25.664
-20.375	-25.672
-20.424	-25.660
-20.550	-25.628
-20.519	-25.614
-20.667	-25.574
-20.763	-25.549
-20.877	-25.526
-20.976	-25.554
-21.056	-25.577
-21.131	-25.663
-21.177	-25.715
-21.406	-25.977
-21.372	-26.166
-21.466	-26.491
-21.487	-26.565
-21.521	-26.634
-21.554	-26.703
-21.615	-26.823
-21.674	-26.944
-21.737	-27.063
-21.748	-27.083
-21.770	-27.085
-21.786	-27.070
-21.810	-27.046
-21.831	-26.985
-21.837	-26.965
-21.888	-26.799
-21.923	-26.628
-21.981	-26.465
-22.021	-26.352
-22.094	-26.253
-22.168	-26.161
-22.186	-26.139
-22.209	-26.120
-22.226	-26.097
-22.293	-26.004
-22.317	-25.881
-22.359	-25.781
-22.380	-25.729
-22.421	-25.692
-22.435	-25.637
-22.509	-25.345
-22.358	-25.031
-22.423	-24.737
-22.463	-24.559
-22.663	-24.491
-22.816	-24.451
-22.956	-24.415
-23.111	-24.400
-23.251	-24.449
-23.443	-24.516
-23.622	-24.623
-23.821	-24.668
-24.045	-24.718
-24.281	-24.700
-24.508	-24.732
-24.612	-24.747
-24.711	-24.781
-24.811	-24.809
-24.858	-24.822
-24.898	-24.854
-24.949	-24.845
-24.995	-24.836
-25.027	-24.799
-25.053	-24.763
-25.108	-24.689
-25.150	-24.612
-25.233	-24.566
-25.278	-24.542
-25.328	-24.531
-25.378	-24.535
-25.436	-24.540
-25.527	-24.580
-25.553	-24.498
-25.565	-24.462
-25.575	-24.425
-25.585	-24.389
POLYLINE BLACK
-16.980	-22.498
-16.992	-22.497
-17.190	-22.446
-17.274	-22.465
-17.473	-22.512
-17.652	-22.686
-17.784	-22.825
-17.961	-23.013
-17.999	-23.176
-18.234	-23.233
-18.262	-23.240
-18.293	-23.243
-18.320	-23.237
-18.361	-23.230
-18.393	-23.216
-18.428	-23.194
-18.497	-23.150
-18.618	-23.096
-18.657	-23.006
-18.663	-22.992
-18.666	-22.978
-18.671	-22.965
-18.679	-22.940
-18.684	-22.914
-18.694	-22.890
-18.712	-22.845
-18.742	-22.791
-18.777	-22.755
-18.840	-22.690
-18.905	-22.662
-18.993	-22.624
-19.094	-22.580
-19.175	-22.576
-19.244	-22.491
-19.269	-22.461
-19.290	-22.428
-19.312	-22.395
-19.458	-22.171
-19.599	-21.943
-19.747	-21.720
-19.765	-21.692
-19.823	-21.656
-19.845	-21.644
-19.977	-21.574
-20.124	-21.592
-20.268	-21.592
-20.301	-21.592
-20.309	-21.600
-20.337	-21.592
-20.431	-21.564
-20.509	-21.461
-20.576	-21.409
-20.685	-21.325
-20.838	-21.273
-20.976	-21.285
-21.145	-21.300
-21.278	-21.440
-21.463	-21.436
-21.486	-21.436
-21.509	-21.436
-21.531	-21.429
-21.889	-21.314
-22.246	-21.198
-22.600	-21.073
-22.742	-21.022
-22.728	-20.990
-22.857	-20.919
-22.969	-20.857
-23.093	-20.821
-23.222	-20.826
-23.255	-20.828
-23.289	-20.829
-23.321	-20.840
-23.588	-20.932
-23.845	-21.053
-24.115	-21.134
-24.357	-21.206
-24.601	-21.171
-24.847	-21.187
-24.913	-21.192
-25.002	-21.246
-25.067	-21.200
-25.170	-21.127
-25.217	-20.823
-25.231	-20.772
POLYLINE BLACK
-17.609	-23.776
-17.729	-23.803
-17.848	-23.833
-17.968	-23.857
-18.000	-23.863
-18.034	-23.861
-18.067	-23.868
-18.073	-23.869
-18.077	-23.875
-18.080	-23.880
-18.115	-23.951
-17.845	-24.177
-17.829	-24.191
-17.718	-24.284
-17.619	-24.261
-17.480	-24.275
-17.442	-24.279
-17.340	-24.319
-17.293	-24.279
-17.265	-24.256
-17.265	-24.212
-17.243	-24.184
-17.202	-24.130
-17.157	-24.096
-17.095	-24.060
-17.069	-24.045
-16.900	-23.990
-16.855	-23.920
-16.833	-23.886
-16.847	-23.858
-16.852	-23.821
-16.856	-23.791
-16.848	-23.759
-16.834	-23.732
-16.799	-23.665
-16.724	-23.622
-16.714	-23.544
-16.709	-23.509
-16.728	-23.468
-16.751	-23.444
-16.808	-23.388
-16.873	-23.334
-16.951	-23.310
-17.000	-23.296
-17.059	-23.307
-17.106	-23.316
-17.232	-23.343
-17.310	-23.366
-17.417	-23.425
-17.487	-23.463
-17.526	-23.527
-17.567	-23.593
-17.601	-23.647
-17.634	-23.702
-17.667	-23.756
POLYLINE BLACK
-17.706	-23.795
-17.627	-23.841
-17.549	-23.891
-17.468	-23.933
-17.382	-23.978
-17.222	-24.014
-17.163	-23.908
-17.134	-23.857
-17.136	-23.810
-17.086	-23.771
-17.005	-23.706
-16.871	-23.709
-16.817	-23.610
-16.813	-23.603
-16.808	-23.596
-16.807	-23.587
-16.807	-23.546
-16.812	-23.504
-16.815	-23.462
POLYLINE BLACK
-17.462	-23.945
-17.525	-24.062
-17.646	-24.115
-17.740	-24.200
-17.771	-24.228
-17.795	-24.262
-17.823	-24.293
POLYLINE BLACK
-21.179	-23.893
-21.385	-23.905
-21.592	-23.915
-21.798	-23.929
-21.840	-23.932
-21.847	-23.973
-21.831	-24.004
-21.823	-24.019
-21.815	-24.033
-21.805	-24.046
-21.726	-24.142
-21.638	-24.231
-21.563	-24.330
-21.541	-24.360
-21.352	-24.622
-21.483	-24.673
-21.555	-24.701
-21.585	-24.724
-21.610	-24.804
-21.667	-24.987
-21.548	-25.143
-21.419	-25.263
-21.373	-25.306
-21.303	-25.357
-21.242	-25.384
-21.073	-25.457
-20.878	-25.341
-20.775	-25.209
-20.730	-25.151
-20.690	-25.090
-20.645	-25.032
-20.640	-25.025
-20.633	-25.020
-20.626	-25.016
-20.515	-24.953
-20.436	-24.953
-20.289	-24.908
-20.278	-24.904
-20.258	-24.892
-20.252	-24.880
-20.241	-24.859
-20.267	-24.844
-20.280	-24.835
-20.352	-24.784
-20.396	-24.749
-20.338	-24.663
-20.251	-24.536
-20.065	-24.489
-20.006	-24.349
-19.984	-24.298
-20.045	-24.268
-20.082	-24.253
-20.240	-24.186
-20.470	-24.063
-20.669	-24.034
-20.725	-24.026
-20.782	-24.029
-20.838	-24.020
-20.902	-24.011
-21.101	-23.931
-21.125	-23.923
-21.136	-23.919
-21.155	-23.916
-21.166	-23.926
-21.186	-23.944
-21.172	-23.992
-21.167	-24.009
-21.148	-24.079
-21.123	-24.148
-21.106	-24.218
-21.095	-24.262
-21.104	-24.285
-21.086	-24.318
-21.047	-24.386
-20.921	-24.378
-20.912	-24.435
-20.909	-24.452
-20.918	-24.463
-20.926	-24.477
-20.975	-24.562
-21.028	-24.644
-21.073	-24.731
-21.091	-24.765
-21.102	-24.802
-21.114	-24.838
-21.141	-24.916
-21.088	-24.926
-21.025	-24.933
-20.989	-24.937
-20.952	-24.938
-20.916	-24.945
-20.836	-24.959
-20.786	-25.007
-20.705	-25.035
-20.687	-25.041
-20.668	-25.034
-20.649	-25.034
POLYLINE BLACK
-21.088	-24.878
-21.158	-24.922
-21.227	-24.968
-21.311	-24.948
-21.374	-24.933
-21.394	-24.915
-21.449	-24.917
-21.485	-24.918
-21.510	-24.938
-21.544	-24.943
-21.609	-24.955
-21.675	-24.963
-21.741	-24.973
POLYLINE BLACK
-23.332	-22.657
-23.283	-22.666
-23.235	-22.678
-23.186	-22.685
-23.028	-22.705
-22.931	-22.520
-22.771	-22.557
-22.700	-22.573
-22.637	-22.593
-22.575	-22.629
-22.555	-22.641
-22.537	-22.655
-22.520	-22.670
-22.487	-22.697
-22.473	-22.725
-22.432	-22.732
-22.364	-22.744
-22.193	-22.640
-22.145	-22.722
-22.131	-22.747
-22.137	-22.783
-22.144	-22.808
-22.191	-22.963
-22.327	-23.039
-22.396	-23.177
-22.436	-23.257
-22.401	-23.358
-22.445	-23.436
-22.472	-23.484
-22.526	-23.497
-22.569	-23.526
-22.627	-23.565
-22.650	-23.635
-22.708	-23.672
-22.852	-23.764
-23.130	-23.753
-23.280	-23.668
-23.393	-23.603
-23.330	-23.478
-23.439	-23.411
-23.478	-23.388
-23.518	-23.365
-23.559	-23.347
-23.614	-23.322
-23.691	-23.318
-23.731	-23.265
-23.792	-23.186
-23.814	-23.035
-23.741	-22.956
-23.701	-22.913
-23.581	-22.854
-23.572	-22.849
-23.507	-22.815
-23.438	-22.789
-23.373	-22.754
-23.352	-22.742
-23.318	-22.733
-23.316	-22.709
-23.314	-22.676
-23.348	-22.650
-23.364	-22.621
POLYLINE BLACK
-23.333	-22.604
-23.299	-22.707
-23.268	-22.811
-23.233	-22.914
-23.204	-22.999
-23.069	-23.008
-23.014	-23.058
-22.977	-23.092
-23.003	-23.111
-23.013	-23.147
-23.022	-23.176
-23.001	-23.203
-22.975	-23.215
-22.913	-23.245
-22.848	-23.271
-22.786	-23.302
-22.726	-23.331
-22.721	-23.383
-22.730	-23.443
-22.734	-23.472
-22.741	-23.500
-22.743	-23.529
-22.744	-23.551
-22.743	-23.573
-22.740	-23.595
-22.737	-23.612
-22.726	-23.659
-22.725	-23.642
-22.721	-23.606
-22.730	-23.570
-22.733	-23.534
POLYLINE BLACK
-23.022	-23.145
-22.938	-23.094
-22.857	-23.039
-22.771	-22.992
-22.679	-22.940
-22.653	-22.964
-22.563	-22.957
-22.497	-22.952
-22.424	-22.935
-22.369	-22.897
-22.309	-22.856
-22.303	-22.797
-22.273	-22.734
-22.243	-22.669
-22.248	-22.700
-22.214	-22.646
-22.205	-22.631
-22.198	-22.615
-22.191	-22.600
POLYLINE BLACK
-23.042	-23.116
-23.288	-23.160
-23.243	-23.167
-23.517	-23.143
-23.583	-23.138
-23.668	-23.090
-23.722	-23.070
-23.842	-23.027
-23.784	-23.082
-23.851	-22.992
POLYLINE BLACK
-22.117	-21.516
-22.144	-21.552
-22.287	-21.408
-22.348	-21.468
-22.397	-21.515
-22.348	-21.654
-22.327	-21.700
-22.315	-21.724
-22.300	-21.746
-22.286	-21.769
-22.231	-21.857
-22.119	-21.980
-22.130	-22.101
-22.138	-22.183
-22.203	-22.258
-22.175	-22.343
-22.136	-22.461
-21.972	-22.435
-21.922	-22.541
-21.909	-22.568
-21.883	-22.754
-21.847	-22.759
-21.831	-22.761
-21.818	-22.722
-21.817	-22.719
-21.795	-22.661
-21.780	-22.600
-21.756	-22.543
-21.724	-22.467
-21.692	-22.451
-21.680	-22.383
-21.662	-22.284
-21.696	-22.185
-21.670	-22.086
-21.651	-22.015
-21.623	-21.946
-21.603	-21.875
-21.577	-21.780
-21.644	-21.602
-21.730	-21.549
-21.828	-21.489
-21.913	-21.499
-22.023	-21.484
-22.049	-21.481
-22.123	-21.445
-22.099	-21.510
-22.067	-21.598
-22.040	-21.644
-21.984	-21.725
-21.950	-21.774
-21.906	-21.786
-21.878	-21.825
-21.843	-21.874
-21.862	-21.940
-21.859	-21.994
-21.857	-22.056
-21.823	-22.108
-21.824	-22.170
-21.826	-22.238
-21.862	-22.381
-21.867	-22.418
-21.881	-22.519
-21.848	-22.617
-21.835	-22.717
POLYLINE BLACK
-19.522	-23.308
-19.562	-23.335
-19.619	-23.162
-19.680	-23.203
-19.707	-23.222
-19.712	-23.278
-19.713	-23.303
-19.722	-23.443
-19.738	-23.584
-19.735	-23.724
-19.733	-23.816
-19.707	-24.029
-19.617	-24.106
-19.603	-24.118
-19.590	-24.122
-19.573	-24.128
-19.434	-24.171
-19.295	-24.212
-19.156	-24.256
-19.141	-24.261
-19.127	-24.269
-19.112	-24.273
-19.079	-24.283
-19.054	-24.238
-19.048	-24.214
-19.038	-24.176
-19.032	-24.137
-19.025	-24.099
-19.014	-24.045
-19.007	-23.920
-18.940	-23.890
-18.902	-23.873
-18.847	-23.872
-18.807	-23.877
-18.740	-23.886
-18.674	-23.901
-18.607	-23.910
-18.597	-23.911
-18.580	-23.903
-18.572	-23.897
-18.512	-23.851
-18.510	-23.696
-18.565	-23.644
-18.627	-23.586
-18.709	-23.504
-18.798	-23.487
-18.885	-23.471
-18.974	-23.468
-19.060	-23.452
-19.124	-23.440
-19.164	-23.407
-19.226	-23.392
-19.267	-23.383
-19.310	-23.380
-19.352	-23.373
-19.414	-23.356
-19.476	-23.339
-19.538	-23.321
POLYLINE BLACK
-19.516	-23.409
-19.505	-23.489
-19.495	-23.554
-19.429	-23.604
-19.371	-23.647
-19.321	-23.669
-19.278	-23.727
-19.176	-23.871
-19.052	-24.094
-19.145	-24.275
-19.155	-24.292
-19.168	-24.308
-19.179	-24.324
POLYLINE BLACK
-19.297	-23.800
-19.184	-23.697
-19.064	-23.608
-18.905	-23.608
-18.830	-23.608
-18.778	-23.645
-18.707	-23.666
-18.618	-23.692
-18.484	-23.689
-18.406	-23.692
POLYLINE BLACK
-25.563	-24.677
-25.745	-24.704
-25.983	-24.696
-26.126	-24.843
-26.187	-24.905
-26.249	-25.057
-26.268	-25.100
-26.304	-25.180
-26.315	-25.274
-26.396	-25.326
-26.466	-25.372
-26.921	-25.588
-27.028	-25.775
-27.065	-25.840
-27.064	-25.860
-27.081	-25.936
-27.121	-26.106
-27.163	-26.406
-27.297	-26.549
-27.476	-26.741
-27.675	-26.915
-27.850	-27.111
-27.958	-27.232
-28.093	-27.487
-28.261	-27.610
-28.461	-27.757
-28.745	-27.735
-28.936	-27.904
-29.218	-28.153
-29.477	-28.428
-29.752	-28.685
-29.773	-28.704
-29.796	-28.728
-29.825	-28.731
-29.903	-28.740
-29.982	-28.723
-30.060	-28.719
POLYLINE BLACK
-30.194	-25.700
-30.079	-25.368
-29.963	-25.036
-29.849	-24.704
-29.814	-24.601
-29.828	-24.606
-29.766	-24.509
-29.656	-24.337
-29.448	-24.242
-29.291	-24.127
-29.205	-24.063
-29.218	-24.039
-29.179	-23.957
-29.158	-23.910
-29.119	-23.865
-29.081	-23.833
-28.875	-23.655
-28.667	-23.479
-28.456	-23.308
-28.403	-23.264
-28.328	-23.286
-28.299	-23.344
-28.236	-23.469
-28.180	-23.597
-28.114	-23.720
-28.075	-23.794
-27.989	-23.831
-27.989	-23.922
-27.989	-23.948
-27.987	-23.975
-27.995	-24.000
-28.080	-24.280
-28.181	-24.555
-28.265	-24.835
-28.277	-24.874
-28.282	-24.916
-28.282	-24.957
-28.281	-25.025
-28.274	-25.094
-28.265	-25.162
-28.235	-25.375
-28.214	-25.341
-28.217	-25.491
-28.219	-25.581
-28.371	-25.695
-28.413	-25.726
-28.526	-25.808
-28.773	-26.019
-28.972	-26.048
-29.161	-26.076
-29.352	-26.005
-29.541	-26.045
-29.564	-26.050
-29.587	-26.056
-29.607	-26.067
-29.737	-26.133
-29.861	-26.210
-29.992	-26.276
-30.022	-26.291
-30.062	-26.297
-30.095	-26.294
-30.126	-26.292
-30.157	-26.273
-30.172	-26.246
-30.214	-26.170
-30.219	-26.082
-30.196	-25.999
-30.166	-25.901
-30.136	-25.804
-30.107	-25.706
-30.103	-25.701
-30.101	-25.696
-30.097	-25.691
-29.986	-25.568
-29.463	-25.552
-29.458	-25.551
-29.368	-25.538
-29.327	-25.428
-29.255	-25.385
-29.147	-25.320
-28.938	-25.335
-28.889	-25.189
-28.864	-25.113
-28.896	-25.031
-28.902	-24.956
-28.907	-24.892
-28.882	-24.813
-28.845	-24.761
-28.812	-24.714
-28.582	-24.485
-28.573	-24.338
-28.563	-24.179
-28.567	-24.019
-28.555	-23.860
-28.547	-23.752
-28.439	-23.522
-28.421	-23.471
-28.411	-23.440
-28.404	-23.407
-28.401	-23.375
-28.401	-23.365
-28.403	-23.352
-28.411	-23.346
-28.429	-23.332
-28.466	-23.358
-28.475	-23.364
-28.504	-23.381
-28.532	-23.399
-28.560	-23.417
POLYLINE BLACK
-28.904	-25.302
-28.872	-25.334
-28.842	-25.367
-28.808	-25.397
-28.732	-25.462
-28.608	-25.480
-28.512	-25.468
-28.444	-25.460
-28.435	-25.429
-28.383	-25.412
-28.326	-25.394
-28.269	-25.377
-28.213	-25.359
POLYLINE BLACK
-35.374	-24.773
-35.268	-24.735
-35.158	-24.708
-35.056	-24.659
-34.686	-24.483
-34.403	-24.260
-34.161	-23.930
-34.114	-23.866
-34.073	-23.798
-34.043	-23.726
-33.962	-23.531
-33.903	-23.328
-33.828	-23.131
-33.816	-23.098
-33.786	-23.052
-33.759	-23.026
-33.741	-23.008
-33.714	-22.988
-33.688	-22.978
-33.085	-22.757
-33.499	-22.885
-33.185	-22.826
-33.177	-22.824
-33.170	-22.819
-33.163	-22.816
-33.108	-22.788
-33.053	-22.760
-32.998	-22.733
POLYLINE BLACK
-31.943	-28.218
-31.982	-28.172
-32.024	-28.128
-32.060	-28.079
-32.148	-27.960
-32.160	-27.743
-32.160	-27.615
-32.159	-27.527
-32.142	-27.440
-32.130	-27.353
-32.117	-27.260
-32.098	-27.247
-32.108	-27.167
-32.115	-27.107
-32.142	-27.049
-32.183	-27.005
-32.236	-26.948
-32.286	-26.928
-32.301	-26.854
-32.329	-26.716
-32.259	-26.584
-32.270	-26.446
-32.278	-26.346
-32.343	-26.305
-32.432	-26.268
-32.467	-26.253
-32.502	-26.241
-32.539	-26.234
-32.627	-26.219
-32.915	-26.163
-33.054	-26.191
-33.260	-26.232
-33.461	-26.295
-33.667	-26.338
-33.789	-26.364
-33.758	-26.331
-33.854	-26.348
-33.955	-26.366
-34.041	-26.428
-34.143	-26.433
-34.280	-26.441
-34.434	-26.387
-34.556	-26.364
-34.575	-26.361
-34.607	-26.367
-34.626	-26.352
-34.652	-26.333
-34.652	-26.280
-34.644	-26.255
-34.587	-26.078
-34.527	-25.836
-34.380	-25.697
-34.228	-25.553
-34.067	-25.419
-33.913	-25.277
-33.838	-25.208
-33.949	-25.125
-33.999	-25.098
-34.043	-25.074
-34.087	-25.051
-34.134	-25.036
-34.191	-25.019
-34.429	-24.953
-34.542	-24.962
-34.664	-24.971
-34.785	-24.995
-34.907	-25.003
-34.947	-25.006
-34.987	-25.000
-35.026	-24.994
-35.278	-24.958
-35.251	-24.955
-35.496	-24.875
POLYLINE BLACK
-32.949	-22.709
-32.744	-22.705
-32.540	-22.698
-32.336	-22.697
-32.262	-22.697
-32.234	-22.718
-32.167	-22.696
-31.771	-22.570
-31.880	-22.563
-31.512	-22.520
-31.258	-22.490
-30.933	-22.705
-30.766	-22.780
-30.681	-22.818
-30.629	-22.869
-30.537	-22.864
-30.379	-22.853
-30.236	-22.685
-30.119	-22.601
-30.094	-22.583
-30.067	-22.563
-30.036	-22.555
-29.834	-22.504
-29.631	-22.451
-29.425	-22.423
-29.113	-22.381
-28.981	-22.418
-28.698	-22.422
-28.610	-22.423
-28.516	-22.339
-28.449	-22.308
-28.413	-22.291
-28.375	-22.278
-28.336	-22.272
-28.047	-22.223
-27.698	-22.220
-27.419	-22.090
-26.987	-21.889
-27.102	-21.891
-26.801	-21.697
-26.712	-21.640
-26.524	-21.604
-26.456	-21.578
-26.369	-21.545
-26.250	-21.481
-26.178	-21.415
-25.990	-21.242
-25.811	-21.058
-25.623	-20.885
-25.595	-20.860
-25.549	-20.836
-25.512	-20.825
-25.403	-20.791
-25.181	-20.897
-25.147	-20.904
-25.085	-20.916
-25.021	-20.912
-24.958	-20.916
POLYLINE BLACK
-33.334	-24.032
-33.330	-24.281
-33.316	-24.340
-33.141	-24.528
-33.099	-24.572
-33.052	-24.612
-33.004	-24.650
-32.943	-24.698
-32.876	-24.739
-32.813	-24.785
-32.775	-24.814
-32.765	-24.836
-32.726	-24.850
-32.655	-24.876
-32.596	-24.795
-32.544	-24.830
-32.526	-24.842
-32.518	-24.858
-32.509	-24.876
-32.504	-24.887
-32.431	-25.094
-32.362	-25.160
-32.262	-25.256
-32.093	-25.187
-31.989	-25.156
-31.836	-25.111
-31.958	-25.132
-31.847	-25.094
-31.800	-25.078
-31.772	-25.077
-31.722	-25.077
-31.676	-25.077
-31.641	-25.085
-31.610	-25.046
-31.596	-25.029
-31.583	-25.000
-31.579	-24.981
-31.565	-24.899
-31.559	-24.709
-31.513	-24.596
-31.458	-24.461
-31.219	-24.374
-31.233	-24.276
-31.240	-24.227
-31.315	-24.197
-31.349	-24.182
-31.449	-24.140
-31.557	-24.113
-31.651	-24.059
-31.807	-23.971
-31.943	-23.851
-32.096	-23.757
-32.299	-23.633
-32.711	-23.592
-32.929	-23.707
-32.963	-23.724
-33.190	-23.847
-33.205	-23.931
-33.215	-23.991
-33.172	-24.055
-33.140	-24.100
-32.969	-24.337
-32.854	-24.006
-32.656	-24.037
-32.581	-24.048
-32.269	-24.050
-32.175	-24.178
-32.168	-24.187
-32.162	-24.198
-32.156	-24.209
-32.138	-24.246
-32.126	-24.288
-32.103	-24.322
-31.704	-24.913
-31.613	-24.662
-31.765	-24.961
POLYLINE BLACK
-32.302	-24.067
-32.206	-24.087
-32.108	-24.101
-32.014	-24.127
-31.963	-24.141
-31.915	-24.164
-31.867	-24.186
-31.751	-24.237
-31.640	-24.297
-31.523	-24.347
-31.491	-24.361
-31.443	-24.365
-31.407	-24.362
-31.384	-24.360
-31.364	-24.352
-31.344	-24.342
-31.255	-24.296
-31.167	-24.249
-31.078	-24.202
POLYLINE BLUE
-29.534	-33.898
-29.494	-33.839
POLYLINE BLUE
-29.460	-33.931
-29.389	-33.964
-29.256	-34.076
-29.155	-34.028
-29.105	-34.005
-29.086	-33.966
-29.026	-33.960
-28.976	-33.954
-28.931	-33.976
-28.882	-33.978
-28.826	-33.981
-28.770	-33.962
-28.721	-33.934
-28.626	-33.877
-28.471	-33.735
-28.328	-33.738
-27.928	-33.746
-27.406	-33.924
-27.097	-33.986
-26.992	-34.007
-26.733	-33.980
-26.651	-33.974
POLYLINE GREEN
-29.929	-34.143
-30.022	-34.179
-30.133	-34.212
-30.161	-34.320
-30.172	-34.363
-30.162	-34.415
-30.145	-34.454
-30.114	-34.529
-30.077	-34.604
-30.010	-34.654
-29.919	-34.722
-29.768	-34.674
-29.700	-34.595
-29.667	-34.556
-29.646	-34.508
-29.639	-34.458
-29.624	-34.347
-29.706	-34.289
-29.799	-34.245
-29.853	-34.220
-29.920	-34.194
-29.982	-34.199
-30.034	-34.204
-30.074	-34.241
-30.116	-34.269
POLYLINE BLUE
-26.735	-34.096
-26.769	-34.131
-26.953	-34.188
-26.963	-34.284
-26.974	-34.386
-26.782	-34.476
-26.715	-34.513
POLYLINE BLUE
-28.735	-36.582
-28.892	-36.568
-29.030	-36.537
-29.180	-36.561
-29.237	-36.570
-29.287	-36.601
-29.327	-36.641
-29.370	-36.685
-29.378	-36.713
-29.425	-36.739
-29.508	-36.785
-29.682	-36.750
-29.735	-36.751
-29.832	-36.754
-29.901	-36.813
-29.984	-36.819
-30.143	-36.831
-30.317	-36.722
-30.458	-36.692
-30.568	-36.668
-30.682	-36.663
-30.795	-36.656
-30.973	-36.645
-31.151	-36.639
-31.328	-36.639
-31.365	-36.639
-31.402	-36.647
-31.438	-36.656
-31.551	-36.685
-31.662	-36.724
-31.775	-36.753
-31.818	-36.763
-31.872	-36.760
-31.915	-36.753
-31.935	-36.750
-31.954	-36.742
-31.973	-36.741
-32.008	-36.739
-32.043	-36.743
-32.078	-36.744
POLYLINE BLUE
-24.813	-36.443
-24.258	-36.276
-23.703	-36.106
-23.147	-35.941
-23.035	-35.908
-22.848	-36.120
-22.807	-36.174
-22.691	-36.325
-22.601	-36.496
-22.476	-36.640
-22.385	-36.744
-22.266	-36.819
-22.164	-36.912
-22.027	-37.037
-22.167	-37.190
-22.222	-37.314
-22.239	-37.353
-22.251	-37.395
-22.261	-37.437
-22.323	-37.716
-22.375	-37.997
-22.437	-38.275
-22.448	-38.324
-22.465	-38.380
-22.518	-38.396
-22.552	-38.407
-22.591	-38.410
-22.625	-38.403
-22.813	-38.366
-22.997	-38.315
-23.185	-38.282
-23.290	-38.263
-23.399	-38.263
-23.506	-38.249
-23.626	-38.233
-23.738	-38.057
-23.782	-37.975
-23.832	-37.885
-23.872	-37.643
-24.024	-37.604
-24.181	-37.563
-24.338	-37.521
-24.498	-37.496
-24.699	-37.465
-24.898	-37.574
-25.001	-37.339
-25.116	-37.077
-25.099	-37.085
-25.146	-36.763
-25.149	-36.739
-25.137	-36.708
-25.124	-36.688
-25.092	-36.642
-25.024	-36.622
-24.980	-36.601
POLYLINE BLUE
-23.881	-37.600
-23.949	-37.483
-24.014	-37.364
-24.084	-37.247
-24.117	-37.193
-24.150	-37.179
-24.154	-37.119
-24.160	-37.006
-24.076	-36.875
-23.976	-36.825
-23.917	-36.796
-23.854	-36.785
-23.801	-36.743
-23.661	-36.634
-23.622	-36.437
-23.484	-36.322
-23.380	-36.235
-23.266	-36.210
-23.135	-36.153
-23.128	-36.150
-23.120	-36.148
-23.115	-36.142
-23.075	-36.101
-23.039	-36.058
-23.000	-36.016
POLYLINE BLUE
-24.113	-37.075
-24.272	-37.021
-24.432	-36.966
-24.592	-36.911
-24.721	-36.844
-24.840	-36.755
-24.978	-36.710
-25.046	-36.688
-25.122	-36.713
-25.193	-36.715
POLYLINE BLUE
-26.610	-33.929
-26.539	-33.893
-26.455	-33.866
-26.409	-33.796
-26.390	-33.768
-26.384	-33.746
-26.377	-33.712
-26.342	-33.554
-26.331	-33.359
-26.226	-33.222
-26.187	-33.170
-26.103	-33.141
-26.047	-33.125
-25.665	-33.017
-25.528	-33.179
-25.085	-33.211
-24.860	-33.227
-24.634	-33.190
-24.408	-33.184
-24.118	-33.177
-23.828	-33.171
-23.537	-33.173
-23.327	-33.174
-23.045	-33.406
-22.930	-33.468
-22.894	-33.487
-22.800	-33.514
-22.754	-33.512
-22.442	-33.499
-22.173	-33.294
-21.861	-33.291
-21.753	-33.289
-21.646	-33.303
-21.539	-33.311
-21.361	-33.324
-21.263	-33.356
-21.091	-33.314
-20.871	-33.260
-20.657	-33.182
-20.437	-33.125
-20.242	-33.076
-19.959	-33.197
-19.808	-33.253
-19.769	-33.267
-19.666	-33.320
-19.621	-33.360
-19.524	-33.448
-19.476	-33.678
-19.456	-33.773
-19.399	-34.037
-19.442	-34.430
-19.439	-34.652
-19.438	-34.766
-19.370	-34.940
-19.331	-35.027
-19.294	-35.109
-19.250	-35.190
-19.200	-35.265
-19.176	-35.301
-18.977	-35.606
-18.853	-35.700
-18.746	-35.781
-18.645	-35.794
-18.514	-35.852
-18.487	-35.863
-18.463	-35.879
-18.440	-35.898
-18.230	-36.071
-18.246	-36.069
-18.076	-36.268
POLYLINE BLUE
-18.091	-37.739
-18.010	-37.864
-17.932	-37.990
-17.849	-38.113
-17.711	-38.319
-17.715	-38.265
-17.631	-38.474
-17.542	-38.698
-17.463	-38.927
-17.373	-39.151
-17.362	-39.179
-17.346	-39.206
-17.329	-39.231
-17.275	-39.312
-17.190	-39.349
-17.103	-39.387
-17.005	-39.430
-16.925	-39.406
-16.843	-39.338
-16.786	-39.290
-16.728	-39.242
-16.679	-39.185
-16.539	-39.024
-16.427	-38.838
-16.278	-38.685
-16.032	-38.429
-15.658	-38.281
-15.597	-37.903
-15.563	-37.699
-15.562	-37.565
-15.596	-37.369
-15.607	-37.302
-15.653	-37.200
-15.662	-37.130
-15.674	-37.033
-15.680	-36.935
-15.682	-36.837
-15.685	-36.732
-15.650	-36.643
-15.671	-36.537
-15.697	-36.402
-15.727	-36.358
-15.794	-36.229
-15.823	-36.173
-15.860	-36.121
-15.884	-36.063
-15.979	-35.825
-16.066	-35.585
-16.149	-35.343
-16.184	-35.241
-16.154	-35.137
-16.161	-35.034
-16.165	-34.990
-16.172	-34.946
-16.182	-34.903
-16.257	-34.577
-16.559	-34.610
-16.843	-34.587
-16.903	-34.582
-16.982	-34.594
-17.039	-34.615
-17.236	-34.688
-17.312	-34.801
-17.374	-35.001
-17.385	-35.035
-17.388	-35.071
-17.395	-35.106
-17.406	-35.167
-17.409	-35.229
-17.425	-35.289
-17.450	-35.378
-17.483	-35.464
-17.517	-35.550
-17.530	-35.581
-17.543	-35.614
-17.566	-35.638
-17.865	-35.953
-17.946	-36.048
-18.253	-36.222
POLYLINE BLUE
-18.048	-36.088
-18.055	-36.090
POLYLINE BLUE
-18.207	-36.096
-18.105	-36.324
-17.992	-36.516
-17.941	-36.752
-17.915	-36.875
-17.966	-36.986
-17.988	-37.104
-18.016	-37.258
-17.993	-37.264
-18.043	-37.382
-18.096	-37.507
-18.263	-37.621
-18.367	-37.687
-18.397	-37.705
-18.431	-37.715
-18.463	-37.729
POLYLINE BLUE
-18.194	-37.683
-18.299	-37.717
-18.402	-37.759
-18.510	-37.786
-18.598	-37.808
-18.690	-37.809
-18.779	-37.827
-18.877	-37.848
-19.174	-38.002
-19.181	-38.005
-19.376	-38.086
-19.551	-38.059
-19.769	-38.097
-19.858	-38.113
-19.943	-38.144
-20.028	-38.174
-20.106	-38.201
-20.192	-38.258
-20.253	-38.311
-20.401	-38.442
-20.547	-38.575
-20.689	-38.712
-20.707	-38.729
-20.723	-38.750
-20.735	-38.772
-20.783	-38.867
-20.813	-38.970
-20.867	-39.061
-21.002	-39.288
-21.258	-39.490
-21.423	-39.673
-21.463	-39.717
-21.494	-39.770
-21.523	-39.822
-21.610	-39.974
-21.629	-40.113
-21.639	-40.285
-21.670	-40.827
-21.654	-40.765
-21.531	-41.506
-21.523	-41.556
-21.502	-41.603
-21.484	-41.651
-21.442	-41.765
-21.314	-41.759
-21.215	-41.766
POLYLINE BLUE
-21.296	-41.822
-21.096	-41.930
-20.887	-42.056
-20.650	-42.019
-20.443	-41.986
-20.316	-41.793
-20.124	-41.727
-20.049	-41.701
-19.923	-41.710
-19.862	-41.716
-19.514	-41.748
-19.404	-41.905
-19.198	-42.192
-19.171	-42.229
-19.142	-42.267
-19.134	-42.311
-19.121	-42.381
-19.136	-42.453
-19.137	-42.524
POLYLINE BLUE
-17.356	-36.769
-17.397	-36.795
POLYLINE BLUE
-22.279	-41.971
-22.339	-41.807
-22.280	-41.857
-22.478	-41.854
POLYLINE BLUE
-19.128	-42.430
-19.120	-42.706
-19.142	-42.765
-19.077	-42.991
-19.042	-43.111
-18.995	-43.228
-18.961	-43.349
-18.939	-43.425
-18.928	-43.505
-18.909	-43.582
-18.889	-43.659
-18.862	-43.734
-18.845	-43.812
-18.820	-43.935
-18.846	-44.125
-18.878	-44.224
-18.900	-44.291
-18.952	-44.345
-18.989	-44.406
POLYLINE BLUE
-28.596	-36.591
-28.555	-36.498
-28.510	-36.398
-28.394	-36.403
-28.327	-36.406
-28.254	-36.414
-28.191	-36.441
-28.144	-36.462
-27.806	-36.574
-27.739	-36.705
-27.736	-36.712
-27.524	-37.360
-27.300	-37.509
-27.211	-37.569
-27.094	-37.590
-27.027	-37.678
-26.927	-37.809
-27.039	-38.056
-26.921	-38.187
-26.828	-38.291
-26.725	-38.384
-26.628	-38.484
-26.371	-38.751
-26.119	-39.023
-25.860	-39.287
-25.840	-39.307
-25.815	-39.322
-25.791	-39.336
-25.665	-39.409
-25.580	-39.373
-25.439	-39.376
-25.284	-39.378
-25.170	-39.453
-25.064	-39.564
-25.015	-39.614
-24.971	-39.669
-24.929	-39.725
-24.738	-39.982
-24.983	-39.681
-24.854	-39.857
-24.785	-39.950
-24.677	-39.997
-24.594	-40.077
-24.399	-40.267
-24.339	-40.440
-24.199	-40.666
-24.163	-40.724
-24.103	-40.745
-24.060	-40.793
-24.032	-40.825
-24.003	-40.856
-23.980	-40.891
-23.901	-41.011
-23.832	-41.136
-23.754	-41.256
-23.741	-41.276
-23.724	-41.294
-23.706	-41.310
-23.614	-41.398
-23.448	-41.453
-23.348	-41.512
-23.198	-41.601
-23.139	-41.785
-22.997	-41.884
-22.984	-41.893
-22.969	-41.899
-22.955	-41.906
-22.886	-41.942
-22.811	-41.968
-22.746	-42.012
-22.634	-42.087
-22.536	-42.181
-22.428	-42.261
-22.370	-42.304
-22.321	-42.306
-22.294	-42.372
-22.268	-42.433
-22.276	-42.520
-22.273	-42.575
POLYLINE BLUE
-22.382	-42.734
-22.411	-42.789
-22.437	-42.846
-22.470	-42.898
-22.614	-43.125
-22.968	-43.255
-23.212	-43.283
-23.267	-43.289
-23.322	-43.292
-23.377	-43.297
POLYLINE BLUE
-18.929	-44.396
-19.016	-44.452
-19.100	-44.513
-19.191	-44.563
-19.400	-44.679
-19.677	-44.660
-19.899	-44.643
-20.076	-44.630
-20.250	-44.586
-20.427	-44.577
-20.733	-44.563
-21.039	-44.582
-21.345	-44.575
-21.429	-44.573
-21.726	-44.499
-21.851	-44.584
-21.887	-44.609
-21.915	-44.643
-21.947	-44.672
POLYLINE BLUE
-23.214	-43.266
-23.338	-43.370
-23.455	-43.480
-23.584	-43.577
-23.727	-43.685
-23.890	-43.722
-24.047	-43.807
-24.172	-43.875
-24.297	-43.966
-24.391	-44.075
-24.502	-44.204
-24.557	-44.367
-24.680	-44.486
-24.733	-44.537
-24.819	-44.585
-24.873	-44.631
-24.936	-44.684
-24.989	-44.755
-25.016	-44.834
-25.074	-45.007
-24.939	-45.242
-24.852	-45.383
-24.834	-45.412
-24.812	-45.439
-24.795	-45.469
-24.757	-45.540
-24.763	-45.615
-24.739	-45.690
-24.710	-45.778
-24.676	-45.844
-24.621	-45.919
-24.554	-46.010
-24.457	-46.049
-24.371	-46.119
-24.329	-46.153
-24.290	-46.190
-24.254	-46.230
-24.126	-46.374
-24.084	-46.584
-23.997	-46.748
-23.862	-47.001
-23.854	-46.977
-23.650	-47.150
POLYLINE BLUE
-21.852	-44.565
-21.879	-44.628
-21.923	-44.698
-21.927	-44.771
-21.936	-44.962
-21.730	-45.142
-21.563	-45.193
-21.334	-45.265
-21.103	-45.332
-20.872	-45.398
-20.858	-45.402
-20.842	-45.406
-20.827	-45.403
-20.760	-45.392
-20.694	-45.373
-20.628	-45.358
POLYLINE BLUE
-20.736	-45.436
-20.430	-45.678
-20.725	-45.428
-20.238	-46.033
-20.129	-46.168
-20.003	-46.242
-19.959	-46.411
-19.911	-46.599
-19.903	-46.755
-19.920	-46.956
-19.997	-47.853
-20.075	-47.510
-19.966	-48.183
-19.961	-48.213
-19.949	-48.242
-19.936	-48.270
-19.865	-48.425
-19.839	-48.411
-19.683	-48.554
POLYLINE BLUE
-23.694	-47.128
-23.292	-47.364
-23.319	-47.383
-22.829	-47.379
-22.709	-47.378
-22.512	-47.312
-22.392	-47.337
-22.252	-47.366
-22.115	-47.412
-21.975	-47.436
-21.689	-47.485
-21.564	-47.429
-21.331	-47.587
-21.020	-47.798
-20.735	-48.185
-20.506	-48.413
-20.374	-48.545
-20.226	-48.594
-20.068	-48.690
-20.005	-48.728
-19.946	-48.774
-19.885	-48.815
POLYLINE BLUE
-19.667	-48.929
-19.564	-48.954
-19.460	-48.978
-19.357	-49.002
-19.267	-49.016
-19.176	-49.026
-19.087	-49.045
-18.996	-49.065
-18.924	-49.115
-18.844	-49.160
POLYLINE BLUE
-19.484	-48.703
-19.204	-48.887
-19.195	-48.854
-18.819	-48.922
POLYLINE BLUE
-18.479	-49.296
-18.514	-50.310
-18.526	-49.949
-18.509	-50.380
POLYLINE BLUE
-18.267	-49.243
-18.285	-50.278
-18.331	-49.855
-18.224	-50.519
POLYLINE BLUE
-18.882	-49.819
-17.811	-49.643
POLYLINE BLUE
-18.789	-49.962
-18.092	-49.975
-18.304	-50.020
-17.817	-49.895
POLYLINE BROWN
-28.550	-29.540
-28.947	-29.215
-28.942	-29.150
-29.350	-29.036
-29.421	-29.017
-29.506	-29.030
-29.573	-29.057
-29.616	-29.074
-29.654	-29.101
-29.687	-29.132
-29.800	-29.238
-29.919	-29.428
-30.103	-29.398
-30.141	-29.392
-30.176	-29.371
-30.200	-29.340
-30.223	-29.310
-30.238	-29.268
-30.246	-29.232
-30.322	-28.904
-30.061	-28.524
-29.957	-28.264
-29.936	-28.212
-29.916	-28.125
-29.933	-28.065
-29.962	-27.954
-30.097	-27.863
-30.182	-27.813
-30.327	-27.727
-30.476	-27.650
-30.627	-27.575
-30.659	-27.559
-30.694	-27.548
-30.729	-27.542
-31.188	-27.467
-31.738	-27.574
-32.150	-27.585
-32.251	-27.587
-32.354	-27.582
-32.451	-27.556
-32.677	-27.495
-32.891	-27.398
-33.114	-27.326
-33.143	-27.317
-33.174	-27.310
-33.204	-27.312
-34.190	-27.391
-34.421	-27.563
-35.238	-27.270
-35.298	-27.248
-35.623	-27.106
-35.730	-27.001
-35.782	-26.950
-35.823	-26.890
-35.870	-26.835
-36.115	-26.542
-36.351	-26.241
-36.606	-25.956
-36.692	-25.861
-36.794	-25.780
-36.891	-25.697
-36.958	-25.639
-37.075	-25.508
-37.191	-25.521
-37.218	-25.524
-37.307	-25.552
-37.314	-25.554
POLYLINE BROWN
-28.451	-29.622
-28.466	-29.876
-28.502	-30.099
-28.396	-30.325
POLYLINE BROWN
-37.282	-25.433
-37.333	-25.491
POLYLINE BROWN
-37.189	-25.780
-37.190	-25.753
POLYLINE BROWN
-37.138	-25.495
-37.268	-25.427
-37.371	-25.392
-37.473	-25.296
-37.589	-25.186
-37.681	-25.031
-37.720	-24.876
-37.814	-24.499
-37.899	-24.120
-37.981	-23.741
-38.007	-23.623
-38.013	-23.501
-38.043	-23.384
-38.239	-22.610
-38.051	-23.468
-38.202	-22.993
-38.229	-22.910
-38.251	-22.825
-38.261	-22.738
-38.302	-22.401
-38.310	-22.060
-38.354	-21.723
-38.367	-21.627
-38.393	-21.531
-38.431	-21.441
-38.685	-20.824
-38.968	-20.220
-39.227	-19.606
-39.273	-19.497
-39.276	-19.372
-39.251	-19.259
-39.226	-19.139
-39.176	-19.037
-39.214	-18.913
-39.367	-18.417
-39.438	-18.461
-39.782	-17.860
-40.031	-17.425
-39.736	-17.805
-40.024	-17.463
POLYLINE BROWN
-41.029	-18.863
-41.101	-19.183
-41.174	-19.503
-41.246	-19.823
-41.247	-19.847
-41.251	-19.871
-41.249	-19.896
-41.244	-19.942
-41.199	-20.110
-41.217	-20.203
-41.242	-20.324
-41.354	-20.396
-41.394	-20.525
-41.445	-20.691
-41.479	-20.863
-41.530	-21.029
-41.540	-21.061
-41.555	-21.091
-41.575	-21.118
-41.587	-21.133
-41.607	-21.138
-41.623	-21.149
POLYLINE BROWN
-34.666	-38.057
-34.597	-37.810
-34.595	-37.575
-34.657	-37.325
-34.698	-37.162
-34.766	-37.006
-34.803	-36.842
-34.844	-36.659
-34.861	-36.471
-34.890	-36.285
POLYLINE BROWN
-33.987	-35.773
-33.626	-35.708
-33.812	-35.755
-33.432	-35.626
POLYLINE BROWN
-33.553	-35.721
-33.479	-35.684
-33.409	-35.642
-33.332	-35.612
-33.146	-35.541
-32.921	-35.510
-32.730	-35.579
-32.703	-35.588
-32.679	-35.603
-32.653	-35.615
-32.539	-35.670
-32.493	-35.704
-32.367	-35.729
-32.175	-35.767
-31.976	-35.738
-31.782	-35.751
-31.732	-35.754
-31.680	-35.763
-31.635	-35.784
-31.416	-35.886
-31.205	-36.005
-30.992	-36.119
-30.870	-36.185
-30.755	-36.263
-30.630	-36.323
-30.574	-36.350
-30.404	-36.410
-30.316	-36.413
-30.102	-36.420
-29.869	-36.360
-29.758	-36.164
-29.632	-35.942
-29.776	-35.668
-29.805	-35.448
-29.815	-35.373
-29.812	-35.296
-29.807	-35.220
-29.804	-35.170
-29.795	-35.120
-29.783	-35.072
-29.718	-34.797
-29.620	-34.530
-29.578	-34.251
-29.532	-33.945
-29.547	-33.632
-29.521	-33.322
-29.516	-33.267
-29.502	-33.212
-29.483	-33.159
-29.358	-32.802
-29.110	-32.571
-28.903	-32.231
-28.833	-32.116
-28.782	-31.991
-28.730	-31.867
-28.712	-31.826
-28.695	-31.782
-28.693	-31.736
-28.681	-31.390
-28.713	-31.043
-28.689	-30.698
-28.670	-30.432
-28.598	-30.172
-28.565	-29.908
-28.558	-29.850
-28.552	-29.790
-28.569	-29.735
-28.598	-29.642
-28.655	-29.562
-28.698	-29.476
POLYLINE BROWN
-31.736	-41.113
-31.650	-41.078
-31.583	-41.050
-31.556	-40.959
-31.547	-40.926
-31.538	-40.888
-31.543	-40.853
-31.550	-40.793
-31.595	-40.733
-31.645	-40.701
-31.782	-40.615
-31.921	-40.534
-32.062	-40.455
-32.075	-40.447
-32.091	-40.444
-32.106	-40.442
-32.187	-40.427
-32.446	-40.451
-32.448	-40.577
-32.450	-40.665
-32.369	-40.748
-32.315	-40.802
-32.224	-40.893
-32.131	-40.982
-32.035	-41.067
-31.955	-41.138
-31.831	-41.160
-31.731	-41.129
-31.702	-41.119
-31.675	-41.106
-31.646	-41.094
POLYLINE BROWN
-34.809	-36.382
-34.550	-36.774
-34.301	-37.172
-34.033	-37.557
-33.905	-37.741
-33.763	-37.916
-33.620	-38.088
-33.570	-38.148
-33.489	-38.181
-33.444	-38.246
-33.405	-38.302
-33.411	-38.310
-33.386	-38.379
-33.226	-38.826
-33.071	-39.274
-32.903	-39.718
-32.886	-39.762
-32.859	-39.802
-32.832	-39.841
-32.760	-39.946
-32.673	-40.041
-32.607	-40.150
-32.550	-40.243
-32.509	-40.345
-32.464	-40.445
-32.433	-40.515
-32.439	-40.505
-32.451	-40.567
POLYLINE BROWN
-33.793	-35.943
-33.760	-35.886
POLYLINE BROWN
-33.788	-35.775
-33.817	-35.929
-33.891	-36.246
-33.806	-36.416
-33.205	-37.608
-33.216	-37.639
-32.556	-38.493
-32.497	-38.568
-32.403	-38.624
-32.312	-38.649
-32.261	-38.664
-32.207	-38.670
-32.156	-38.685
-32.034	-38.721
-31.948	-38.833
-31.890	-38.939
-31.859	-38.994
-31.842	-39.042
-31.833	-39.103
-31.785	-39.406
-31.765	-39.715
-31.694	-40.013
-31.634	-40.267
-31.523	-40.506
-31.441	-40.754
-31.418	-40.824
-31.414	-40.901
-31.380	-40.966
-31.203	-41.314
-31.090	-41.526
-30.864	-41.784
-30.789	-41.870
-30.728	-41.973
-30.633	-42.036
-30.583	-42.068
-30.514	-42.045
-30.455	-42.050
POLYLINE BROWN
-30.648	-41.995
-30.562	-42.009
POLYLINE BROWN
-31.026	-43.512
-31.027	-43.508
POLYLINE BROWN
-31.078	-43.494
-31.092	-43.498
POLYLINE BROWN
-31.268	-43.504
-31.268	-43.504
POLYLINE BROWN
-31.332	-43.721
-31.289	-43.724
-31.247	-43.722
-31.205	-43.729
-30.726	-43.819
-30.407	-44.336
-30.137	-44.662
-30.071	-44.741
-30.018	-44.830
-29.953	-44.910
-29.874	-45.007
-29.779	-45.089
-29.708	-45.191
-29.544	-45.427
-29.467	-45.680
-29.265	-45.869
-29.235	-45.897
-29.195	-45.927
-29.154	-45.941
-29.025	-45.984
-28.776	-45.946
-28.727	-45.795
-28.691	-45.684
-28.712	-45.555
-28.733	-45.445
-28.737	-45.420
-28.743	-45.395
-28.756	-45.373
-28.849	-45.209
-28.948	-45.048
-29.048	-44.888
-29.078	-44.841
-29.124	-44.803
-29.145	-44.751
-29.279	-44.414
-29.382	-44.067
-29.510	-43.728
-29.525	-43.689
-29.549	-43.653
-29.573	-43.620
-29.617	-43.559
-29.671	-43.507
-29.715	-43.447
-29.827	-43.296
-29.900	-42.760
-29.901	-42.756
-29.940	-42.625
-30.004	-42.502
-30.055	-42.375
POLYLINE BROWN
-32.190	-41.107
-32.251	-41.330
-32.318	-41.551
-32.375	-41.775
-32.384	-41.811
-32.381	-41.850
-32.389	-41.886
-32.400	-41.941
-32.438	-42.000
-32.468	-42.042
-32.606	-42.235
-32.668	-42.274
-32.751	-42.472
-32.837	-42.679
-32.799	-42.891
-32.885	-43.089
-32.918	-43.163
-32.958	-43.234
-32.994	-43.307
-33.069	-43.564
-33.117	-43.832
-33.220	-44.079
-33.427	-44.572
-33.621	-44.847
-33.884	-45.249
POLYLINE BROWN
-33.460	-45.336
-33.207	-44.884
-33.231	-44.854
-32.944	-44.535
-32.674	-44.233
-32.972	-44.699
-32.605	-44.094
-32.554	-44.011
-32.496	-43.824
-32.388	-43.755
-32.255	-43.670
-32.076	-43.734
-31.972	-43.836
-31.898	-43.908
-31.860	-43.980
-31.812	-44.075
-31.786	-44.126
-31.742	-44.293
-31.733	-44.321
-31.721	-44.354
-31.703	-44.404
-31.661	-44.411
-31.577	-44.426
-31.490	-44.314
-31.457	-44.255
-31.412	-44.175
-31.315	-43.901
-31.312	-43.882
-31.307	-43.859
-31.334	-43.839
-31.345	-43.818
POLYLINE BROWN
-31.662	-41.262
-31.710	-41.268
-31.758	-41.271
-31.806	-41.280
-31.935	-41.306
-32.062	-41.488
-32.119	-41.559
-32.171	-41.625
-32.298	-41.797
-32.260	-41.903
-32.209	-42.043
-32.061	-42.136
-32.002	-42.277
-31.990	-42.306
-31.980	-42.336
-31.973	-42.367
-31.953	-42.470
-31.971	-42.593
-31.906	-42.683
-31.814	-42.810
-31.683	-42.786
-31.592	-42.901
-31.477	-43.046
-31.295	-43.449
-31.273	-43.490
-31.248	-43.534
-31.204	-43.574
-31.158	-43.597
-31.032	-43.658
-30.881	-43.555
-30.748	-43.563
-30.612	-43.570
-30.486	-43.652
-30.348	-43.645
-30.242	-43.640
-30.162	-43.551
-30.121	-43.459
-30.023	-43.237
-29.960	-43.093
-30.033	-42.861
-30.135	-42.540
-30.616	-42.284
-30.828	-42.109
-30.969	-41.993
-31.100	-41.866
-31.231	-41.739
-31.303	-41.668
-31.311	-41.603
-31.346	-41.516
-31.358	-41.485
-31.387	-41.447
-31.410	-41.426
-31.516	-41.325
-31.557	-41.355
-31.725	-41.350
POLYLINE BROWN
-33.546	-45.533
-33.605	-45.582
-33.668	-45.627
-33.725	-45.680
-33.768	-45.720
-33.805	-45.779
-33.829	-45.833
-33.920	-46.036
-34.007	-46.241
-34.096	-46.445
POLYLINE BROWN
-33.948	-45.460
-34.214	-45.998
-34.065	-45.767
-34.371	-46.168
POLYLINE BLUE
-32.133	-27.693
-31.803	-28.491
-32.157	-27.677
-31.763	-28.463
-31.676	-28.637
-31.606	-28.819
-31.517	-28.992
-31.467	-29.088
-31.399	-29.172
-31.348	-29.266
-31.293	-29.368
-31.261	-29.532
-31.249	-29.637
-31.216	-29.936
-31.337	-30.127
-31.411	-30.408
-31.432	-30.521
-31.453	-30.633
-31.474	-30.745
-31.477	-30.777
-31.474	-30.810
-31.482	-30.841
-31.495	-30.892
-31.519	-30.940
-31.537	-30.989
POLYLINE BLUE
-29.600	-33.814
-29.641	-33.490
-29.691	-33.166
-29.723	-32.841
-29.733	-32.738
-29.711	-32.597
-29.680	-32.498
-29.642	-32.375
-29.615	-32.380
-29.561	-32.256
-29.544	-32.217
-29.533	-32.176
-29.523	-32.136
-29.492	-32.014
-29.523	-31.881
-29.563	-31.766
-29.695	-31.381
-29.777	-31.053
-29.992	-30.730
-30.051	-30.641
-30.124	-30.562
-30.185	-30.474
-30.201	-30.452
-30.211	-30.426
-30.222	-30.401
-30.261	-30.317
-30.289	-30.228
-30.337	-30.149
-30.349	-30.130
-30.598	-29.873
-30.595	-29.733
-30.589	-29.492
-30.584	-29.211
-30.475	-28.988
-30.431	-28.899
-30.326	-28.802
-30.279	-28.737
-30.247	-28.691
-30.224	-28.640
-30.196	-28.591
POLYLINE BROWN
-34.475	-28.789
-34.543	-29.144
-34.615	-29.499
-34.680	-29.855
-34.696	-29.938
-34.605	-30.021
-34.529	-30.031
-34.372	-30.054
-34.214	-30.068
-34.056	-30.084
-34.044	-30.085
-34.032	-30.085
-34.021	-30.083
-33.928	-30.073
-33.798	-29.944
-33.759	-29.906
-33.638	-29.788
-33.473	-29.628
-33.414	-29.453
-33.382	-29.357
-33.430	-29.255
-33.404	-29.155
-33.390	-29.099
-33.370	-29.045
-33.347	-28.992
-33.301	-28.887
-33.204	-28.784
-33.242	-28.659
-33.320	-28.408
-33.517	-28.388
-33.732	-28.297
-33.848	-28.248
-33.967	-28.053
-34.107	-28.128
-34.236	-28.198
-34.360	-28.332
-34.370	-28.484
-34.374	-28.546
-34.369	-28.609
-34.374	-28.671
-34.376	-28.700
-34.383	-28.728
-34.391	-28.756
-34.411	-28.826
-34.463	-28.890
-34.418	-28.962
-34.322	-29.115
-34.175	-29.102
-34.117	-29.280
-34.073	-29.416
-34.087	-29.451
-34.022	-29.555
-33.975	-29.631
-33.837	-29.802
-33.725	-29.745
-33.692	-29.728
-33.670	-29.698
-33.652	-29.667
-33.554	-29.500
-33.459	-29.332
-33.363	-29.165
POLYLINE BROWN
-33.728	-29.775
-33.752	-29.688
-33.784	-29.603
-33.799	-29.514
-33.822	-29.380
-33.820	-29.243
-33.844	-29.109
-33.877	-28.922
-34.004	-28.706
-34.071	-28.548
-34.111	-28.453
-34.072	-28.261
-34.067	-28.191
POLYLINE BROWN
-37.081	-28.043
-37.119	-28.077
-37.191	-28.123
-37.223	-28.177
-37.326	-28.350
-37.144	-28.751
-37.125	-28.817
-37.110	-28.872
-37.063	-28.928
-37.017	-28.960
-36.863	-29.069
-36.663	-29.044
-36.496	-29.121
-36.426	-29.153
-36.370	-29.225
-36.309	-29.265
-36.234	-29.313
-36.155	-29.356
-36.075	-29.397
-36.019	-29.426
-35.914	-29.460
-35.860	-29.406
-35.814	-29.361
-35.792	-29.297
-35.789	-29.234
-35.788	-29.216
-35.791	-29.198
-35.789	-29.180
-35.784	-29.131
-35.763	-29.077
-35.739	-29.035
-35.734	-29.026
-35.522	-28.797
-35.573	-28.681
-35.584	-28.654
-35.597	-28.646
-35.618	-28.622
-35.700	-28.535
-35.786	-28.453
-35.862	-28.360
-35.946	-28.257
-36.005	-28.120
-36.112	-28.031
-36.270	-27.899
-36.563	-27.892
-36.749	-27.960
-36.836	-27.992
-36.916	-28.042
-37.000	-28.082
POLYLINE BROWN
-35.625	-28.780
-35.922	-28.607
-35.895	-28.597
-36.230	-28.505
-36.375	-28.465
-36.791	-28.496
-36.823	-28.497
-36.840	-28.498
-36.855	-28.513
-36.858	-28.529
-36.862	-28.551
-36.851	-28.580
-36.842	-28.598
-36.790	-28.711
-36.739	-28.824
-36.683	-28.934
-36.640	-29.018
-36.411	-29.175
-36.390	-29.193
POLYLINE BROWN
-36.819	-28.642
-37.138	-28.258
-36.978	-28.386
-37.248	-28.205
POLYLINE BROWN
-36.314	-30.191
-36.394	-30.243
-36.486	-30.294
-36.466	-30.402
-36.451	-30.487
-36.406	-30.561
-36.426	-30.649
-36.436	-30.695
-36.464	-30.732
-36.469	-30.780
-36.475	-30.832
-36.469	-30.874
-36.454	-30.926
-36.401	-31.117
-36.383	-31.369
-36.173	-31.452
-36.029	-31.509
-35.885	-31.487
-35.749	-31.557
-35.690	-31.588
-35.636	-31.626
-35.580	-31.662
-35.514	-31.704
-35.445	-31.767
-35.360	-31.774
-35.299	-31.779
-35.268	-31.729
-35.211	-31.718
-35.133	-31.703
-35.075	-31.761
-35.001	-31.767
-34.880	-31.777
-34.852	-31.611
-34.861	-31.523
-34.869	-31.443
-34.907	-31.382
-34.953	-31.317
-35.619	-30.389
-35.015	-31.174
-35.655	-30.487
-35.762	-30.372
-35.770	-30.279
-35.868	-30.152
-35.934	-30.066
-36.012	-29.990
-36.086	-29.911
-36.175	-29.816
-36.268	-29.966
-36.284	-30.043
-36.288	-30.059
-36.289	-30.075
-36.289	-30.091
-36.290	-30.166
-36.288	-30.240
-36.288	-30.315
POLYLINE BROWN
-35.140	-31.063
-35.165	-31.042
POLYLINE BROWN
-35.173	-31.030
-35.365	-30.967
-35.350	-30.957
-35.514	-30.943
-35.568	-30.938
-35.623	-30.943
-35.677	-30.935
-35.773	-30.919
-35.866	-30.891
-35.962	-30.873
-35.970	-30.871
-36.014	-30.863
-36.023	-30.883
-36.029	-30.898
-36.017	-30.925
-36.011	-30.934
-35.962	-31.007
-35.906	-31.075
-35.858	-31.148
-35.815	-31.216
-35.823	-31.255
-35.791	-31.334
-35.736	-31.471
-35.632	-31.585
-35.526	-31.683
POLYLINE BROWN
-36.048	-30.922
-36.104	-30.814
-36.166	-30.708
-36.217	-30.598
-36.417	-30.160
-36.226	-30.544
-36.270	-30.430
-36.300	-30.354
-36.330	-30.279
-36.361	-30.203
POLYLINE BROWN
-32.171	-32.446
-32.458	-32.765
-32.447	-32.799
-32.687	-32.980
-32.708	-32.996
-32.732	-33.007
-32.752	-33.022
-32.810	-33.067
-32.820	-33.155
-32.793	-33.219
-32.727	-33.384
-32.640	-33.528
-32.503	-33.643
-32.478	-33.664
-32.449	-33.682
-32.420	-33.698
-32.345	-33.740
-32.260	-33.748
-32.206	-33.825
-32.041	-34.061
-32.099	-34.051
-31.938	-34.392
-31.918	-34.433
-31.889	-34.469
-31.860	-34.505
-31.832	-34.542
-31.773	-34.619
-31.711	-34.610
-31.611	-34.594
-31.555	-34.377
-31.541	-34.303
-31.520	-34.198
-31.533	-34.123
-31.494	-34.033
-31.431	-33.887
-31.224	-33.744
-31.238	-33.562
-31.242	-33.519
-31.243	-33.475
-31.256	-33.434
-31.412	-32.949
-31.581	-32.468
-31.746	-31.986
-31.772	-31.908
-31.927	-31.865
-31.972	-31.944
-31.982	-31.962
-31.986	-31.984
-31.987	-32.004
-31.991	-32.098
-31.989	-32.192
-31.995	-32.285
-32.002	-32.380
-32.094	-32.444
-32.065	-32.543
-32.017	-32.702
-31.874	-32.816
-31.864	-32.989
-31.861	-33.029
-31.870	-33.089
-31.884	-33.125
-32.284	-34.100
-32.089	-33.556
-32.215	-33.913
POLYLINE BROWN
-31.878	-33.097
-31.813	-33.128
-31.746	-33.155
-31.682	-33.189
-31.530	-33.271
-31.402	-33.507
-31.329	-33.619
-31.316	-33.639
-31.306	-33.679
-31.304	-33.704
-31.300	-33.750
-31.314	-33.796
-31.329	-33.840
-31.366	-33.947
-31.391	-33.957
-31.474	-34.038
POLYLINE BROWN
-39.039	-30.457
-39.081	-30.580
-39.160	-30.720
-39.140	-30.859
-39.121	-30.994
-39.005	-31.096
-38.920	-31.189
-38.672	-31.458
-38.638	-31.126
-38.476	-30.951
-38.320	-30.782
-38.147	-30.628
-37.973	-30.477
-37.920	-30.431
-37.857	-30.397
-37.797	-30.361
-37.764	-30.341
-37.727	-30.328
-37.694	-30.308
-37.629	-30.271
-37.657	-30.188
-37.692	-30.142
-37.784	-30.023
-37.875	-29.903
-37.972	-29.789
-38.010	-29.745
-38.097	-29.696
-38.145	-29.676
-38.320	-29.603
-38.489	-29.573
-38.639	-29.468
-38.666	-29.449
-38.711	-29.384
-38.758	-29.402
-38.792	-29.416
-38.817	-29.462
-38.829	-29.491
-38.880	-29.614
-38.896	-29.735
-38.882	-29.868
-38.868	-30.009
-38.822	-30.137
-38.860	-30.274
-38.881	-30.348
-38.906	-30.421
-38.925	-30.496
-38.929	-30.511
-38.919	-30.527
-38.904	-30.532
-38.832	-30.555
-38.659	-30.448
-38.605	-30.404
-38.554	-30.360
-38.510	-30.308
-38.458	-30.265
-38.389	-30.207
-38.286	-30.172
-38.196	-30.178
-38.126	-30.183
-38.122	-30.204
-38.037	-30.225
-37.947	-30.247
-37.866	-30.236
-37.773	-30.247
-37.678	-30.259
-37.692	-30.284
-37.620	-30.254
POLYLINE BROWN
-38.403	-30.291
-38.451	-30.169
-38.494	-30.044
-38.548	-29.925
-38.612	-29.784
-38.606	-29.849
-38.663	-29.751
-38.693	-29.700
-38.696	-29.647
-38.708	-29.591
-38.722	-29.525
-38.738	-29.458
-38.753	-29.392
POLYLINE BROWN
-38.921	-26.846
-38.971	-26.788
-39.059	-26.693
-39.083	-26.812
-39.113	-26.962
-39.232	-27.287
-39.163	-27.496
-39.150	-27.535
-39.131	-27.573
-39.114	-27.611
-38.989	-27.908
-38.919	-28.002
-38.870	-28.268
-38.864	-28.302
-38.866	-28.337
-38.862	-28.371
-38.844	-28.552
-38.844	-28.629
-38.794	-28.788
-38.784	-28.821
-38.758	-28.883
-38.714	-28.888
-38.697	-28.890
-38.690	-28.884
-38.674	-28.878
-38.528	-28.794
-38.382	-28.709
-38.235	-28.626
-38.181	-28.595
-38.134	-28.577
-38.110	-28.515
-38.079	-28.436
-38.095	-28.347
-38.041	-28.276
-38.006	-28.230
-37.955	-28.216
-37.911	-28.179
-37.874	-28.150
-37.841	-28.118
-37.809	-28.084
-37.722	-27.990
-37.725	-27.962
-37.635	-27.900
-37.470	-27.789
-37.263	-27.831
-37.137	-27.651
-37.102	-27.602
-37.052	-27.534
-37.088	-27.472
-37.114	-27.427
-37.172	-27.395
-37.217	-27.375
-37.458	-27.268
-37.534	-27.299
-37.816	-27.228
-38.147	-27.145
-37.861	-27.158
-38.273	-27.005
-38.504	-26.919
-38.745	-26.866
-38.980	-26.797
POLYLINE BROWN
-37.999	-27.170
-38.044	-27.300
-38.089	-27.383
-38.098	-27.508
-38.104	-27.593
-38.088	-27.566
-38.086	-27.657
-38.084	-27.801
-38.169	-27.982
-38.326	-28.004
-38.472	-28.025
-38.614	-27.976
-38.751	-27.931
-38.772	-27.925
-38.790	-27.908
-38.812	-27.908
-38.870	-27.906
-38.927	-27.920
-38.985	-27.926
POLYLINE BROWN
-38.276	-28.052
-38.276	-28.053
POLYLINE BROWN
-38.263	-28.053
-38.329	-28.218
-38.332	-28.266
-38.432	-28.394
-38.549	-28.543
-38.600	-28.560
-38.665	-28.689
-38.668	-28.696
-38.668	-28.703
-38.670	-28.711
-38.683	-28.789
-38.695	-28.867
-38.708	-28.945
POLYLINE BROWN
-41.568	-23.459
-41.590	-23.578
-41.615	-23.642
-41.606	-23.752
-41.601	-23.820
-41.574	-23.877
-41.580	-23.947
-41.598	-24.145
-41.595	-23.970
-41.618	-24.146
-41.635	-24.270
-41.583	-24.383
-41.524	-24.490
-41.491	-24.553
-41.450	-24.612
-41.407	-24.668
-41.376	-24.708
-41.339	-24.742
-41.304	-24.777
-41.248	-24.835
-41.219	-24.849
-41.212	-24.936
-41.206	-25.027
-41.229	-25.136
-41.250	-25.217
-41.299	-25.407
-41.386	-25.531
-41.343	-25.715
-41.336	-25.745
-41.316	-25.857
-41.264	-25.880
-41.214	-25.903
-41.158	-25.832
-41.136	-25.802
-41.086	-25.733
-41.029	-25.668
-40.995	-25.591
-40.902	-25.383
-40.821	-25.148
-40.794	-24.917
-40.775	-24.748
-40.802	-24.721
-40.752	-24.578
-40.685	-24.387
-40.435	-24.118
-40.370	-24.026
-40.338	-23.980
-40.319	-23.844
-40.317	-23.815
-40.306	-23.664
-40.306	-23.556
-40.340	-23.417
-40.372	-23.285
-40.467	-23.207
-40.571	-23.126
-40.599	-23.104
-40.694	-23.057
-40.718	-23.032
-40.869	-22.869
-41.017	-22.702
-41.171	-22.541
-41.209	-22.501
-41.247	-22.551
-41.255	-22.585
-41.279	-22.699
-41.304	-22.814
-41.322	-22.929
-41.332	-22.992
-41.328	-23.057
-41.340	-23.120
-41.395	-23.387
-41.419	-23.238
-41.503	-23.552
-41.510	-23.579
-41.492	-23.607
-41.487	-23.634
POLYLINE BROWN
-41.185	-24.959
-41.154	-24.873
-41.119	-24.788
-41.092	-24.701
-41.054	-24.575
-41.061	-24.488
-41.000	-24.384
-40.938	-24.279
-40.837	-24.189
-40.836	-24.060
-40.835	-23.976
-40.855	-23.888
-40.897	-23.815
-40.931	-23.757
-40.936	-23.784
-40.989	-23.717
-41.069	-23.616
-41.115	-23.508
-41.160	-23.386
-41.174	-23.347
-41.184	-23.305
-41.190	-23.263
-41.214	-23.112
-41.229	-22.960
-41.249	-22.808
-41.253	-22.788
-41.256	-22.768
-41.260	-22.748
-41.261	-22.748
-41.262	-22.749
-41.262	-22.749
POLYLINE BROWN
-40.820	-24.065
-40.757	-23.948
-40.699	-23.827
-40.631	-23.712
-40.585	-23.634
-40.551	-23.626
-40.527	-23.556
-40.499	-23.475
-40.487	-23.293
-40.478	-23.254
-40.470	-23.216
-40.452	-23.181
-40.438	-23.144
POLYLINE BROWN
-39.228	-23.337
-39.255	-23.437
-39.277	-23.538
-39.308	-23.636
-39.322	-23.682
-39.351	-23.733
-39.383	-23.770
-39.443	-23.839
-39.500	-23.828
-39.519	-23.934
-39.538	-24.036
-39.512	-24.139
-39.512	-24.241
-39.511	-24.273
-39.517	-24.305
-39.523	-24.337
-39.537	-24.403
-39.571	-24.443
-39.556	-24.514
-39.508	-24.754
-39.424	-24.882
-39.292	-25.134
-39.257	-25.202
-39.204	-25.269
-39.146	-25.319
-39.082	-25.374
-39.030	-25.374
-38.953	-25.399
-38.874	-25.424
-38.808	-25.510
-38.765	-25.571
-38.707	-25.656
-38.650	-25.741
-38.593	-25.826
-38.590	-25.828
-38.587	-25.831
-38.583	-25.831
-38.574	-25.829
-38.571	-25.805
-38.571	-25.802
-38.570	-25.731
-38.593	-25.397
-38.543	-25.260
-38.504	-25.154
-38.451	-25.053
-38.404	-24.951
-38.379	-24.897
-38.364	-24.896
-38.358	-24.834
-38.346	-24.727
-38.367	-24.606
-38.333	-24.501
-38.293	-24.378
-38.162	-24.336
-38.154	-24.195
-38.144	-24.026
-38.222	-23.901
-38.312	-23.763
-38.349	-23.705
-38.395	-23.652
-38.428	-23.591
-38.468	-23.517
-38.502	-23.439
-38.530	-23.360
-38.577	-23.229
-38.607	-23.093
-38.655	-22.962
-38.675	-22.907
-38.704	-22.855
-38.734	-22.804
-38.765	-22.749
-38.805	-22.785
-38.829	-22.819
-38.865	-22.870
-38.895	-22.927
-38.936	-22.974
-38.999	-23.047
-39.203	-23.197
-39.249	-23.338
-39.263	-23.381
-39.228	-23.446
-39.205	-23.476
-39.132	-23.572
-39.050	-23.660
-38.980	-23.757
-38.915	-23.847
-38.938	-23.863
-38.877	-23.918
-38.821	-23.969
-38.774	-23.971
-38.700	-24.015
-38.622	-24.061
-38.538	-24.132
-38.514	-24.224
-38.492	-24.313
-38.520	-24.437
-38.589	-24.501
-38.653	-24.562
-38.799	-24.640
-38.832	-24.751
-38.901	-24.976
-38.879	-25.221
-38.869	-25.453
POLYLINE BROWN
-38.527	-24.227
-38.468	-23.797
-38.535	-24.346
-38.500	-23.764
-38.493	-23.651
-38.476	-23.539
-38.464	-23.427
POLYLINE BROWN
-40.307	-26.194
-40.417	-26.191
-40.505	-26.195
-40.600	-26.248
-40.642	-26.272
-40.681	-26.302
-40.724	-26.325
-40.764	-26.346
-40.854	-26.358
-40.881	-26.395
-40.920	-26.448
-40.925	-26.523
-40.926	-26.585
-40.931	-26.762
-40.935	-26.939
-40.929	-27.116
-40.927	-27.172
-40.859	-27.395
-40.852	-27.425
-40.842	-27.469
-40.847	-27.517
-40.832	-27.560
-40.745	-27.806
-40.543	-28.309
-40.201	-28.310
-40.089	-28.310
-39.984	-28.243
-39.893	-28.185
-39.777	-28.111
-39.805	-27.938
-39.828	-27.829
-39.852	-27.713
-39.919	-27.655
-39.868	-27.536
-39.853	-27.502
-39.836	-27.468
-39.816	-27.437
-39.711	-27.277
-39.604	-27.117
-39.491	-26.962
-39.459	-26.919
-39.412	-26.894
-39.389	-26.847
-39.355	-26.775
-39.397	-26.695
-39.408	-26.625
-39.426	-26.509
-39.382	-26.398
-39.402	-26.283
-39.427	-26.144
-39.504	-26.076
-39.576	-25.956
-39.623	-25.875
-39.623	-25.815
-39.656	-25.725
-39.667	-25.694
-39.700	-25.687
-39.727	-25.700
-39.739	-25.705
-39.750	-25.713
-39.759	-25.722
-39.859	-25.814
-39.950	-25.914
-40.053	-26.003
-40.127	-26.066
-40.210	-26.116
-40.287	-26.175
-40.298	-26.184
-40.312	-26.205
-40.317	-26.218
-40.357	-26.326
-40.180	-26.542
-40.172	-26.557
-40.132	-26.637
-40.182	-26.721
-40.167	-26.804
-40.151	-26.889
-40.088	-26.960
-40.054	-27.037
-40.026	-27.101
-40.004	-27.173
-39.999	-27.244
-39.993	-27.340
-40.047	-27.416
-40.125	-27.469
-40.215	-27.531
-40.331	-27.565
-40.350	-27.687
-40.353	-27.706
-40.354	-27.724
-40.354	-27.743
-40.350	-27.848
-40.323	-27.952
-40.335	-28.056
-40.341	-28.101
-40.383	-28.134
-40.407	-28.173
POLYLINE BROWN
-39.896	-27.263
-39.815	-27.066
-39.733	-26.870
-39.651	-26.673
-39.647	-26.649
-39.640	-26.625
-39.638	-26.601
-39.627	-26.462
-39.663	-26.498
-39.669	-26.310
-39.710	-25.073
-39.625	-26.372
-39.674	-25.672
POLYLINE BROWN
-40.507	-19.993
-40.657	-20.215
-40.597	-20.154
-40.791	-20.334
-40.857	-20.395
-40.930	-20.438
-40.963	-20.524
-41.001	-20.625
-40.973	-20.902
-40.973	-20.916
-40.973	-20.958
-40.980	-21.000
-40.979	-21.042
-40.968	-21.358
-40.505	-21.700
-40.386	-21.837
-40.350	-21.878
-40.327	-21.929
-40.294	-21.973
-40.194	-22.105
-39.944	-22.183
-39.827	-22.229
-39.782	-22.248
-39.710	-22.255
-39.660	-22.251
-39.562	-22.243
-39.408	-22.182
-39.385	-22.071
-39.375	-22.021
-39.378	-21.970
-39.396	-21.922
-39.417	-21.867
-39.449	-21.823
-39.448	-21.762
-39.436	-21.009
-39.350	-21.054
-39.486	-20.523
-39.504	-20.453
-39.546	-20.367
-39.591	-20.308
-39.673	-20.198
-39.836	-20.102
-39.918	-20.026
-39.975	-19.973
-40.029	-19.915
-40.072	-19.850
-40.236	-20.134
-40.202	-19.375
-40.293	-19.532
-40.302	-19.548
-40.307	-19.565
-40.312	-19.581
-40.332	-19.637
-40.346	-19.695
-40.370	-19.748
-40.405	-19.827
-40.455	-19.899
-40.491	-19.977
-40.536	-20.072
-40.544	-20.243
-40.500	-20.338
-40.462	-20.423
-40.416	-20.504
-40.369	-20.585
-40.317	-20.674
-40.099	-20.778
-40.041	-20.818
-39.985	-20.857
-39.928	-20.912
-39.905	-20.979
-39.888	-21.031
-39.895	-21.086
-39.871	-21.137
-39.829	-21.229
-39.747	-21.299
-39.713	-21.394
-39.659	-21.549
-39.847	-21.716
-39.864	-21.860
-39.880	-21.990
-39.778	-22.149
-39.752	-22.248
-39.734	-22.314
-39.733	-22.384
-39.724	-22.453
POLYLINE BROWN
-39.930	-20.871
-39.928	-20.636
-39.993	-20.605
-40.086	-20.345
-40.133	-20.214
-40.113	-20.223
-40.123	-20.109
-40.130	-20.040
-40.139	-19.971
-40.147	-19.902
POLYLINE BROWN
-36.799	-31.793
-36.931	-31.729
-37.083	-31.623
-37.242	-31.631
-37.424	-31.640
-37.448	-31.669
-37.646	-31.694
-37.699	-31.701
-37.783	-31.679
-37.834	-31.713
-37.899	-31.758
-37.884	-31.850
-37.924	-31.911
-37.967	-31.976
-38.064	-31.939
-38.072	-32.021
-38.075	-32.050
-38.067	-32.083
-38.059	-32.110
-38.041	-32.167
-37.988	-32.423
-37.908	-32.530
-37.880	-32.568
-37.845	-32.600
-37.818	-32.638
-37.752	-32.734
-37.726	-32.854
-37.675	-32.955
-37.645	-33.013
-37.607	-33.067
-37.569	-33.120
-37.531	-33.172
-37.475	-33.219
-37.413	-33.240
-37.349	-33.261
-37.282	-33.252
-37.219	-33.281
-37.142	-33.316
-37.079	-33.385
-37.033	-33.456
-36.978	-33.540
-36.961	-33.615
-36.888	-33.691
-36.724	-33.863
-36.763	-33.783
-36.651	-33.960
-36.628	-33.997
-36.612	-34.040
-36.587	-34.077
-36.580	-34.086
-36.570	-34.097
-36.558	-34.095
-36.548	-34.094
-36.541	-34.081
-36.538	-34.071
-36.530	-34.050
-36.526	-34.027
-36.524	-34.004
-36.515	-33.866
-36.509	-33.816
-36.531	-33.703
-36.536	-33.674
-36.546	-33.647
-36.550	-33.619
-36.590	-33.309
-36.248	-32.951
-36.126	-32.759
-36.105	-32.726
-36.081	-32.650
-36.106	-32.611
-36.252	-32.388
-36.399	-32.165
-36.551	-31.946
-36.597	-31.880
-36.697	-31.838
-36.776	-31.847
-36.888	-31.860
-36.965	-32.039
-36.935	-32.137
-36.905	-32.232
-36.793	-32.277
-36.777	-32.381
-36.739	-32.626
-36.709	-32.872
-36.678	-33.118
-36.671	-33.174
-36.741	-33.202
-36.782	-33.213
-36.863	-33.237
-36.942	-33.268
-37.025	-33.281
-37.090	-33.291
-37.157	-33.282
-37.223	-33.283
POLYLINE BROWN
-36.914	-32.373
-37.200	-32.212
-37.270	-32.287
-37.657	-32.225
-37.888	-32.188
-37.915	-32.163
-38.085	-32.076
POLYLINE BROWN
-31.830	-29.557
-31.879	-29.483
-31.988	-29.324
-32.104	-29.386
-32.258	-29.468
-32.310	-29.666
-32.491	-29.749
-32.646	-29.819
-32.885	-29.730
-32.998	-29.878
-33.034	-29.925
-33.060	-29.984
-33.073	-30.041
-33.076	-30.057
-33.231	-30.538
-33.178	-30.733
-33.167	-30.775
-33.130	-30.815
-33.114	-30.850
-33.085	-30.915
-33.065	-30.989
-33.061	-31.061
-33.054	-31.177
-33.082	-31.212
-33.095	-31.343
-33.098	-31.380
-33.095	-31.417
-33.093	-31.454
-33.091	-31.481
-33.082	-31.507
-33.085	-31.534
-33.110	-31.723
-33.150	-31.911
-33.177	-32.100
-33.180	-32.120
-33.177	-32.141
-33.175	-32.162
-33.169	-32.213
-33.138	-32.241
-33.088	-32.236
-33.019	-32.229
-32.951	-32.221
-32.882	-32.216
-32.840	-32.212
-32.800	-32.226
-32.765	-32.196
-32.706	-32.146
-32.722	-32.019
-32.712	-31.962
-32.695	-31.876
-32.662	-31.793
-32.619	-31.717
-32.576	-31.641
-32.498	-31.592
-32.416	-31.570
-32.337	-31.548
-32.243	-31.544
-32.191	-31.470
-32.185	-31.461
-32.179	-31.451
-32.175	-31.440
-32.146	-31.358
-32.121	-31.275
-32.093	-31.193
-32.062	-31.102
-32.048	-31.096
-32.040	-30.999
-32.032	-30.910
-32.052	-30.840
-32.005	-30.763
-31.935	-30.649
-31.729	-30.553
-31.652	-30.498
-31.556	-30.431
-31.486	-30.206
-31.499	-30.089
-31.504	-30.039
-31.526	-29.995
-31.558	-29.956
-31.627	-29.873
-31.699	-29.791
-31.769	-29.707
-31.792	-29.679
-31.828	-29.611
-31.877	-29.605
-31.901	-29.601
-31.922	-29.620
-31.932	-29.640
-31.962	-29.703
-31.991	-29.766
-32.019	-29.830
-32.049	-29.899
-32.066	-29.979
-32.142	-30.013
-32.201	-30.040
-32.360	-30.038
-32.392	-30.046
-32.468	-30.063
-32.541	-30.092
-32.615	-30.118
-32.647	-30.129
-32.676	-30.160
-32.691	-30.188
-32.802	-30.400
-32.655	-30.682
-32.621	-30.889
-32.585	-31.107
-32.497	-31.500
-32.619	-31.745
-32.637	-31.781
-32.672	-31.806
-32.698	-31.836
POLYLINE BROWN
-32.757	-30.500
-32.778	-30.554
-32.792	-30.610
-32.819	-30.661
-32.860	-30.722
-32.901	-30.782
-32.942	-30.843
-32.955	-30.859
-32.969	-30.874
-32.980	-30.891
-33.039	-30.994
-33.095	-31.099
-33.152	-31.203
POLYLINE BROWN
-35.933	-26.634
-36.033	-26.673
-36.138	-26.723
-36.250	-26.697
-36.409	-26.661
-36.566	-26.611
-36.725	-26.573
-36.797	-26.555
-36.797	-26.639
-36.782	-26.682
-36.749	-26.776
-36.704	-26.867
-36.679	-26.964
-36.656	-27.054
-36.652	-27.148
-36.639	-27.240
-36.633	-27.287
-36.639	-27.292
-36.621	-27.334
-36.557	-27.472
-36.120	-27.886
-36.097	-27.909
-36.060	-27.946
-35.980	-27.994
-35.923	-27.994
-35.787	-27.993
-35.652	-27.982
-35.516	-27.982
-35.472	-27.982
-35.412	-28.001
-35.372	-28.020
-35.304	-28.051
-35.254	-28.096
-35.176	-28.075
-35.114	-28.059
-35.056	-28.007
-35.026	-27.952
-34.986	-27.879
-35.009	-27.821
-34.914	-27.799
-34.894	-27.794
-34.873	-27.790
-34.853	-27.789
-34.717	-27.786
-34.581	-27.794
-34.445	-27.789
-34.411	-27.787
-34.297	-27.781
-34.261	-27.738
-34.241	-27.714
-34.254	-27.681
-34.270	-27.660
-34.367	-27.533
-34.506	-27.510
-34.653	-27.469
POLYLINE BROWN
-36.565	-27.374
-36.216	-27.519
-36.204	-27.493
-36.002	-27.628
-35.867	-27.717
-35.774	-27.790
-35.604	-27.753
-35.561	-27.743
-35.524	-27.705
-35.521	-27.660
-35.515	-27.553
-35.477	-27.354
-35.534	-27.229
-35.564	-27.163
-35.623	-27.133
-35.672	-27.080
-35.697	-27.052
-35.720	-27.022
-35.739	-26.990
-35.955	-26.645
-35.772	-26.871
-36.022	-26.595
POLYLINE BROWN
-35.609	-27.767
-35.444	-27.731
-35.259	-27.664
-35.080	-27.668
-35.059	-27.669
-35.037	-27.674
-35.016	-27.677
-34.954	-27.684
-34.893	-27.699
-34.831	-27.699
-34.735	-27.699
-34.609	-27.656
-34.508	-27.676
-34.452	-27.687
-34.414	-27.723
-34.363	-27.745
-34.285	-27.779
-34.213	-27.771
-34.130	-27.763
POLYLINE BROWN
-42.566	-22.539
-42.652	-22.534
-42.739	-22.524
-42.826	-22.522
-42.842	-22.522
-42.858	-22.527
-42.874	-22.532
-42.982	-22.565
-42.925	-22.725
-42.925	-22.792
-42.926	-22.838
-42.931	-22.884
-42.940	-22.930
-42.984	-23.157
-43.013	-23.141
-43.010	-23.326
-43.007	-23.471
-42.938	-23.593
-42.857	-23.710
-42.745	-23.872
-42.618	-24.023
-42.507	-24.185
-42.462	-24.251
-42.419	-24.358
-42.403	-24.438
-42.379	-24.564
-42.401	-24.694
-42.363	-24.817
-42.332	-24.918
-42.255	-24.980
-42.151	-24.937
-42.121	-24.924
-42.078	-24.896
-42.058	-24.872
-41.969	-24.767
-41.892	-24.651
-41.799	-24.548
-41.732	-24.474
-41.585	-24.399
-41.550	-24.282
-41.506	-24.139
-41.594	-23.883
-41.607	-23.794
-41.622	-23.689
-41.555	-23.555
-41.513	-23.473
-41.494	-23.436
-41.469	-23.402
-41.445	-23.369
-41.403	-23.314
-41.346	-23.284
-41.365	-23.213
-41.387	-23.128
-41.495	-23.032
-41.542	-22.992
-41.710	-22.847
-41.782	-22.805
-41.970	-22.720
-42.031	-22.692
-42.096	-22.673
-42.157	-22.643
-42.270	-22.588
-42.210	-22.602
-42.289	-22.551
-42.354	-22.510
-42.483	-22.531
-42.532	-22.590
-42.566	-22.631
-42.518	-22.672
-42.490	-22.697
-42.370	-22.804
-42.179	-22.918
-42.143	-23.098
-42.139	-23.118
-42.139	-23.138
-42.137	-23.159
-42.131	-23.226
-42.129	-23.294
-42.120	-23.362
-42.113	-23.416
-42.097	-23.473
-42.057	-23.514
-42.024	-23.547
-41.985	-23.555
-41.944	-23.576
-41.878	-23.608
-41.883	-23.713
-41.900	-23.770
-41.986	-24.057
-42.086	-24.340
-42.169	-24.628
-42.258	-24.938
-42.068	-24.546
-42.197	-25.021
-42.202	-25.040
-42.235	-25.016
-42.254	-25.013
POLYLINE BROWN
-41.838	-23.667
-41.784	-23.623
-41.731	-23.577
-41.675	-23.535
-41.598	-23.478
-41.566	-23.481
-41.511	-23.411
-41.334	-23.187
-41.408	-23.218
-41.212	-23.091
POLYLINE BROWN
-37.705	-28.614
-37.778	-28.628
-37.851	-28.640
-37.923	-28.658
-37.968	-28.669
-38.017	-28.704
-38.012	-28.755
-38.008	-28.795
-37.998	-28.803
-38.005	-28.837
-38.026	-28.934
-38.156	-28.958
-38.231	-28.911
-38.301	-28.867
-38.369	-28.820
-38.438	-28.775
POLYLINE BROWN
-38.619	-29.197
-38.623	-29.155
-38.627	-29.112
-38.631	-29.070
-38.633	-29.066
-38.635	-29.060
-38.639	-29.060
-38.644	-29.061
-38.649	-29.066
-38.651	-29.071
-38.662	-29.088
-38.671	-29.106
-38.678	-29.125
-38.699	-29.182
-38.718	-29.240
-38.734	-29.299
-38.748	-29.348
-38.756	-29.433
-38.694	-29.454
-38.616	-29.481
-38.540	-29.520
-38.458	-29.534
-38.410	-29.543
-38.361	-29.526
-38.313	-29.522
POLYLINE BROWN
-37.644	-30.015
-37.538	-29.928
-37.429	-29.844
-37.327	-29.752
-37.137	-29.582
-37.180	-29.332
-37.138	-29.090
-37.130	-29.049
-37.109	-29.005
-37.084	-28.970
-37.070	-28.950
-37.041	-28.931
-37.043	-28.902
-37.047	-28.847
-37.140	-28.834
-37.179	-28.839
-37.270	-28.853
-37.350	-28.939
-37.418	-28.982
-37.491	-29.028
-37.585	-29.023
-37.646	-29.086
-37.700	-29.141
-37.712	-29.221
-37.745	-29.287
-37.784	-29.366
-37.834	-29.424
-37.898	-29.485
-37.937	-29.523
-37.992	-29.555
-38.047	-29.564
-38.107	-29.573
-38.163	-29.554
-38.220	-29.581
-38.253	-29.596
-38.273	-29.623
-38.302	-29.642
-38.359	-29.677
-38.415	-29.711
-38.472	-29.745
POLYLINE BROWN
-38.063	-29.099
-38.033	-29.506
POLYLINE BROWN
-37.660	-28.667
-37.369	-28.583
-37.291	-28.620
-36.961	-28.653
POLYLINE BROWN
-37.231	-28.493
-37.296	-28.411
-37.426	-28.211
-37.544	-28.125
-37.602	-28.083
-37.663	-28.047
-37.723	-28.009
POLYLINE RED
-46.052	-39.438
-46.098	-39.531
-46.150	-39.606
-46.168	-39.706
-46.195	-39.853
-46.156	-40.006
-45.986	-40.013
-45.935	-40.016
-45.885	-40.011
-45.837	-39.995
-45.662	-39.937
-45.453	-39.661
-45.474	-39.476
-45.479	-39.428
-45.511	-39.388
-45.552	-39.363
-45.714	-39.264
-46.008	-39.340
-46.143	-39.455
-46.203	-39.506
-46.221	-39.585
-46.250	-39.655
POLYLINE RED
-48.653	-44.631
-48.599	-44.787
-48.550	-44.944
-48.492	-45.099
-48.482	-45.126
-48.452	-45.169
-48.427	-45.191
-48.278	-45.323
-48.107	-45.004
-48.071	-44.909
-48.038	-44.824
-48.037	-44.729
-48.075	-44.645
-48.092	-44.605
-48.120	-44.569
-48.159	-44.547
-48.303	-44.468
-48.585	-44.628
-48.679	-44.664
POLYLINE RED
-39.218	-34.483
-39.256	-34.289
-39.294	-34.094
-39.332	-33.899
-39.351	-33.850
-39.361	-33.797
-39.389	-33.752
-39.733	-33.215
-40.082	-32.800
-40.503	-32.306
-40.666	-32.115
-40.742	-32.092
-40.843	-31.912
-40.953	-31.715
-40.923	-31.499
-40.893	-31.287
POLYLINE RED
-39.243	-34.422
-39.241	-34.487
-39.250	-34.552
-39.236	-34.615
-39.196	-34.806
-39.129	-34.990
-39.084	-35.179
-39.076	-35.215
-39.076	-35.253
-39.077	-35.289
-39.080	-35.426
-39.097	-35.562
-39.097	-35.699
-39.097	-35.800
-39.085	-35.901
-39.079	-36.002
POLYLINE RED
-39.725	-37.499
-39.938	-37.873
-40.090	-38.042
-40.169	-38.431
-40.266	-38.902
-40.212	-39.242
-40.198	-39.752
POLYLINE RED
-39.053	-36.024
-39.001	-36.056
-38.950	-36.092
-38.897	-36.122
-38.794	-36.180
-38.622	-36.175
-38.523	-36.163
-38.453	-36.154
-38.388	-36.126
-38.320	-36.107
POLYLINE RED
-39.644	-37.513
-39.323	-37.414
-39.429	-37.425
-39.099	-37.152
-39.076	-37.133
-39.047	-37.120
-39.022	-37.104
POLYLINE RED
-40.307	-35.541
-40.293	-35.521
POLYLINE RED
-40.216	-35.471
-40.159	-35.859
-40.103	-36.247
-40.044	-36.634
-40.031	-36.722
-39.820	-36.648
-39.809	-36.647
-39.728	-36.636
-39.655	-36.676
-39.575	-36.671
-39.470	-36.665
-39.450	-36.592
-39.422	-36.494
-39.389	-36.381
-39.366	-36.265
-39.333	-36.152
-39.322	-36.115
-39.284	-36.053
-39.270	-36.012
-39.245	-35.939
-39.244	-35.853
-39.278	-35.782
-39.332	-35.665
-39.429	-35.604
-39.529	-35.513
-39.570	-35.475
-39.617	-35.443
-39.658	-35.404
-39.721	-35.346
-39.710	-35.330
-39.775	-35.295
-39.846	-35.257
-40.013	-35.192
-40.065	-35.200
-40.107	-35.206
-40.138	-35.246
-40.157	-35.281
-40.205	-35.366
-40.231	-35.474
-40.192	-35.568
-40.148	-35.676
-40.013	-35.733
-39.937	-35.798
-39.881	-35.846
-39.829	-35.940
-39.813	-36.012
-39.780	-36.161
-39.813	-36.243
-39.794	-36.421
-39.781	-36.543
-39.751	-36.662
-39.729	-36.783
-39.724	-36.812
-39.739	-36.724
-39.744	-36.694
POLYLINE RED
-39.738	-36.037
-39.126	-35.794
-39.837	-36.068
-39.433	-35.931
-39.332	-35.897
-39.442	-35.920
-39.348	-35.878
-39.297	-35.855
-39.242	-35.838
-39.189	-35.818
POLYLINE RED
-37.085	-36.601
-37.161	-36.679
-37.233	-36.760
-37.312	-36.834
-37.351	-36.871
-37.400	-36.897
-37.441	-36.931
-37.486	-36.970
-37.512	-37.044
-37.524	-37.100
-37.550	-37.215
-37.496	-37.332
-37.478	-37.442
-37.448	-37.728
-37.467	-37.592
-37.423	-37.851
POLYLINE RED
-39.010	-37.107
-38.739	-37.203
-38.466	-37.294
-38.197	-37.394
-38.165	-37.406
-38.108	-37.445
-38.083	-37.472
-38.051	-37.508
-38.024	-37.550
-37.991	-37.585
-37.943	-37.636
-37.884	-37.670
-37.821	-37.699
-37.797	-37.709
-37.772	-37.716
-37.747	-37.723
-37.600	-37.763
-37.452	-37.802
-37.304	-37.837
-37.242	-37.852
-37.239	-37.837
-37.191	-37.864
-36.983	-37.979
-36.860	-38.228
-36.624	-38.294
-36.495	-38.329
-36.398	-38.277
-36.272	-38.255
-36.153	-38.236
-36.050	-38.265
-35.939	-38.308
-35.867	-38.335
-35.794	-38.387
-35.824	-38.473
-35.897	-38.687
-35.835	-38.654
-35.915	-38.693
POLYLINE BROWN
-41.600	-21.004
-42.037	-21.278
-42.464	-21.571
-42.912	-21.828
-43.151	-21.965
-43.411	-22.059
-43.657	-22.183
-43.708	-22.208
-43.770	-22.260
-43.806	-22.307
-43.922	-22.460
-43.963	-22.648
-43.952	-22.836
-43.950	-22.871
-43.932	-22.945
-43.912	-22.975
-43.853	-23.060
-43.788	-23.140
-43.724	-23.220
-43.687	-23.267
-43.639	-23.306
-43.608	-23.357
-43.481	-23.570
-43.377	-23.796
-43.253	-24.011
-43.231	-24.050
-43.195	-24.080
-43.169	-24.118
-42.938	-24.455
-42.712	-24.796
-42.482	-25.135
-42.399	-25.257
-42.297	-25.367
-42.232	-25.499
-42.037	-25.897
-41.889	-26.317
-41.704	-26.719
-41.620	-26.901
-41.451	-27.023
-41.348	-27.191
-41.091	-27.613
-40.872	-28.056
-40.621	-28.481
-40.545	-28.610
-40.443	-28.722
-40.369	-28.853
-40.258	-29.051
-40.118	-29.356
-40.104	-29.599
-40.094	-29.761
-40.205	-30.124
-40.306	-30.295
-40.442	-30.526
-40.598	-30.744
-40.736	-30.974
-40.766	-31.023
-40.807	-31.117
-40.814	-31.184
-40.832	-31.348
-40.748	-31.566
-40.646	-31.690
-40.336	-32.070
-39.576	-32.350
-39.218	-32.498
-39.107	-32.544
-38.987	-32.569
-38.869	-32.595
-38.679	-32.636
-38.640	-32.600
-38.482	-32.678
-38.362	-32.737
-38.243	-32.800
-38.131	-32.873
-37.825	-33.071
-37.211	-33.863
-37.207	-33.868
-37.098	-33.984
-36.920	-34.089
-36.837	-34.241
-36.621	-34.641
-36.515	-35.292
-36.408	-35.628
-36.289	-36.000
-35.651	-36.843
-35.613	-36.913
-35.471	-37.175
-35.403	-37.471
-35.284	-37.744
-35.216	-37.900
-35.114	-38.054
-34.968	-38.149
-34.936	-38.170
-34.904	-38.202
-34.865	-38.203
-34.823	-38.205
-34.787	-38.173
-34.749	-38.159
POLYLINE RED
-38.369	-36.148
-38.295	-36.152
-38.229	-36.154
-38.178	-36.211
-38.134	-36.260
-38.129	-36.293
-38.078	-36.346
-37.991	-36.435
-37.878	-36.555
-37.748	-36.592
-37.644	-36.621
-37.551	-36.540
-37.446	-36.567
-37.206	-36.630
-37.107	-36.649
-36.895	-36.775
-36.752	-36.861
-36.596	-37.011
-36.469	-37.113
-36.409	-37.161
-36.333	-37.140
-36.264	-37.144
-36.221	-37.147
-36.144	-37.161
-36.103	-37.185
-35.923	-37.289
-35.892	-37.320
-35.745	-37.461
-35.699	-37.505
-35.654	-37.568
-35.593	-37.597
-35.458	-37.660
-35.267	-37.693
-35.136	-37.733
-35.059	-37.757
-34.838	-37.793
-34.777	-37.908
-34.715	-38.028
-34.747	-38.370
-34.744	-38.411
-34.741	-38.452
-34.724	-38.491
-34.711	-38.530
-34.691	-38.583
-34.612	-38.738
-34.601	-38.833
-34.585	-38.981
-34.688	-39.108
-34.767	-39.220
-34.787	-39.248
-34.826	-39.281
-34.863	-39.279
-34.892	-39.278
-34.937	-39.247
-34.955	-39.238
POLYLINE RED
-38.068	-36.571
-38.119	-36.582
-38.171	-36.589
-38.222	-36.602
-38.323	-36.626
-38.314	-36.766
-38.305	-36.840
-38.299	-36.888
-38.285	-36.963
-38.251	-37.006
-38.203	-37.066
-38.130	-37.098
-38.060	-37.122
-38.010	-37.139
-37.919	-37.171
-37.857	-37.155
-37.814	-37.143
-37.830	-37.075
-37.835	-37.049
-37.848	-36.988
-37.904	-36.903
-37.825	-36.868
-37.812	-36.862
-37.800	-36.857
-37.786	-36.854
-37.741	-36.843
-37.587	-36.843
-37.578	-36.757
-37.575	-36.732
-37.585	-36.705
-37.598	-36.684
-37.676	-36.561
-37.938	-36.578
-38.055	-36.588
-38.073	-36.589
-38.123	-36.598
-38.123	-36.626
-38.124	-36.645
-38.105	-36.662
-38.094	-36.672
-38.022	-36.745
-37.946	-36.814
-37.876	-36.890
-37.800	-36.971
-37.797	-37.075
-37.787	-37.179
POLYLINE RED
-35.875	-38.602
-35.901	-38.629
-35.926	-38.658
-35.955	-38.682
-36.055	-38.762
-36.268	-38.819
-36.349	-38.841
-36.425	-38.863
-36.503	-38.876
-36.581	-38.884
-36.627	-38.890
-36.829	-38.907
-36.909	-38.876
-37.055	-38.819
-37.194	-38.745
-37.339	-38.687
-37.365	-38.677
-37.447	-38.654
-37.486	-38.668
-37.544	-38.687
-37.568	-38.772
-37.576	-38.822
-37.594	-38.927
-37.603	-39.007
-37.587	-39.110
-37.575	-39.193
-37.538	-39.287
-37.477	-39.348
-37.378	-39.450
-37.270	-39.543
-37.168	-39.643
-37.158	-39.653
-37.145	-39.687
-37.142	-39.698
-37.133	-39.737
-37.129	-39.798
-37.139	-39.834
-37.448	-41.004
-37.178	-39.985
-37.309	-40.353
-37.348	-40.462
-37.265	-40.572
-37.269	-40.680
-37.273	-40.785
-37.373	-40.825
-37.441	-40.887
-37.464	-40.906
-37.483	-40.930
-37.500	-40.954
-37.565	-41.045
-37.597	-41.163
-37.623	-41.267
-37.664	-41.430
-37.686	-41.630
-37.609	-41.788
-37.535	-41.941
-37.345	-41.961
-37.205	-42.013
-37.183	-42.021
-37.162	-42.033
-37.142	-42.046
-37.012	-42.128
-36.885	-42.217
-36.754	-42.299
-36.726	-42.316
-36.552	-42.397
-36.488	-42.465
-36.393	-42.566
-36.420	-42.726
-36.441	-42.847
-36.460	-42.962
-36.495	-43.074
-36.515	-43.188
-36.531	-43.278
-36.500	-43.334
-36.502	-43.429
-36.504	-43.547
-36.514	-43.664
-36.552	-43.777
-36.571	-43.835
-36.607	-43.886
-36.654	-43.924
-36.701	-43.963
-36.731	-43.969
-36.764	-44.022
-36.820	-44.114
-36.870	-44.210
-36.923	-44.304
POLYLINE RED
-34.845	-39.238
-35.111	-39.214
-35.281	-39.211
-35.508	-39.358
-35.577	-39.403
-35.637	-39.462
-35.707	-39.504
-35.772	-39.543
-35.842	-39.572
-35.910	-39.603
-36.003	-39.645
-36.020	-39.634
-36.088	-39.686
-36.222	-39.788
-36.237	-39.943
-36.291	-40.092
-36.319	-40.168
-36.394	-40.273
-36.385	-40.369
-36.383	-40.402
-36.369	-40.424
-36.348	-40.448
-36.287	-40.519
-36.222	-40.586
-36.165	-40.660
-36.091	-40.754
-36.047	-40.877
-36.036	-40.996
-36.020	-41.177
-36.110	-41.316
-36.166	-41.488
-36.177	-41.523
-36.183	-41.613
-36.174	-41.649
-36.105	-41.938
-36.023	-42.224
-35.949	-42.512
-35.930	-42.587
-35.925	-42.648
-35.876	-42.710
-35.837	-42.760
-35.755	-42.801
-35.710	-42.820
-35.606	-42.865
-35.502	-42.914
-35.391	-42.937
-35.244	-42.968
-34.542	-42.963
-34.299	-43.188
-34.257	-43.227
-34.224	-43.290
-34.216	-43.347
-34.213	-43.368
-34.188	-43.548
-34.200	-43.623
-34.205	-43.656
-34.230	-43.714
-34.249	-43.735
-34.388	-43.888
-34.538	-44.030
-34.678	-44.182
-34.730	-44.239
-34.762	-44.336
-34.786	-44.403
-34.805	-44.457
-34.797	-44.475
-34.827	-44.518
-34.914	-44.643
-35.053	-44.747
-35.168	-44.829
-35.245	-44.884
-35.451	-45.012
-35.580	-45.044
-35.643	-45.059
-35.709	-45.064
-35.773	-45.074
POLYLINE RED
-36.926	-44.387
-37.109	-44.506
-37.101	-44.555
-37.221	-44.784
-37.296	-44.926
-37.380	-45.063
-37.443	-45.211
-37.472	-45.309
-37.500	-45.407
-37.529	-45.506
-37.533	-45.508
-37.536	-45.513
-37.540	-45.512
-37.546	-45.509
-37.548	-45.501
-37.552	-45.496
-37.629	-45.193
-37.684	-44.884
-37.785	-44.588
-37.845	-44.409
-37.953	-44.250
-38.033	-44.079
-38.041	-44.062
-38.043	-44.042
-38.048	-44.023
-38.104	-43.802
-38.152	-43.578
-38.215	-43.358
-38.253	-43.224
-38.282	-43.217
-38.343	-43.109
-38.389	-43.027
-38.306	-42.953
-38.355	-42.883
-38.367	-42.864
-38.384	-42.853
-38.403	-42.841
-38.559	-42.742
-38.717	-42.646
-38.874	-42.549
POLYLINE RED
-36.347	-44.953
-36.445	-44.849
-36.541	-44.742
-36.642	-44.641
-36.714	-44.568
-36.827	-44.565
-36.921	-44.576
-37.048	-44.591
-37.033	-44.585
-37.082	-44.670
POLYLINE RED
-35.600	-45.103
-35.647	-45.113
-35.694	-45.124
-35.741	-45.132
-35.896	-45.157
-36.123	-44.955
-36.199	-44.914
-36.252	-44.885
-36.309	-44.866
-36.365	-44.844
-36.470	-44.804
-36.527	-44.986
-36.516	-45.061
-36.509	-45.109
-36.483	-45.165
-36.447	-45.198
-36.256	-45.374
-36.159	-45.454
-35.943	-45.586
-35.812	-45.665
-35.890	-45.590
-35.752	-45.656
-35.520	-45.768
-35.300	-45.968
-35.225	-46.222
-35.187	-46.352
-35.215	-46.476
-35.234	-46.613
-35.246	-46.706
-35.271	-46.821
-35.331	-46.900
-35.366	-46.945
-35.432	-46.981
-35.485	-46.994
-35.626	-47.027
-35.774	-47.071
-35.921	-47.054
-35.989	-47.046
-36.252	-46.987
-36.359	-47.014
-37.029	-47.181
-37.130	-47.302
-37.681	-47.330
-37.734	-47.332
-37.787	-47.321
-37.838	-47.312
-38.055	-47.275
-38.233	-47.080
-38.280	-46.869
-38.314	-46.718
-38.345	-46.565
-38.360	-46.411
-38.385	-46.159
-38.339	-45.751
-38.310	-45.523
-38.284	-45.317
-38.286	-45.494
-38.261	-45.355
-38.255	-45.319
-38.249	-45.283
-38.250	-45.247
-38.261	-44.940
-38.280	-44.634
-38.297	-44.328
-38.298	-44.320
-38.301	-44.313
-38.304	-44.305
-38.326	-44.249
-38.387	-44.231
-38.441	-44.222
-38.609	-44.194
-38.794	-44.253
-38.948	-44.273
-38.960	-44.274
-38.982	-44.267
-38.992	-44.262
-39.050	-44.233
-39.072	-44.141
-39.092	-44.091
POLYLINE RED
-38.874	-42.624
-39.166	-42.506
-39.170	-42.480
-39.401	-42.439
-39.608	-42.402
-39.814	-42.366
-40.021	-42.333
-40.033	-42.331
-40.058	-42.338
-40.069	-42.343
-40.103	-42.360
-40.121	-42.403
-40.121	-42.439
-40.120	-42.680
-40.082	-42.701
-39.927	-42.875
POLYLINE RED
-37.824	-46.166
-37.891	-46.275
-37.918	-46.346
-37.913	-46.476
-37.911	-46.541
-37.916	-46.734
-37.835	-46.796
-37.769	-46.847
-37.662	-46.758
-37.586	-46.750
-37.513	-46.742
-37.479	-46.770
-37.418	-46.801
-37.360	-46.832
-37.279	-46.799
-37.232	-46.765
-37.185	-46.732
-37.140	-46.696
-37.098	-46.657
-37.067	-46.629
-37.006	-46.568
-37.004	-46.516
-37.003	-46.480
-37.042	-46.461
-37.074	-46.456
-37.189	-46.439
-37.305	-46.428
-37.420	-46.410
-37.470	-46.402
-37.522	-46.376
-37.556	-46.339
-37.597	-46.295
-37.637	-46.202
-37.701	-46.186
-37.708	-46.184
-37.712	-46.196
-37.716	-46.201
-37.731	-46.217
-37.745	-46.234
-37.759	-46.251
POLYLINE RED
-37.264	-46.439
-37.384	-46.453
-37.476	-46.487
-37.555	-46.580
-37.574	-46.603
-37.595	-46.638
-37.605	-46.667
-37.612	-46.690
-37.628	-46.743
-37.592	-46.756
-37.559	-46.769
-37.461	-46.735
-37.460	-46.735
POLYLINE RED
-35.367	-43.357
-35.431	-43.348
-35.494	-43.337
-35.558	-43.331
-35.621	-43.324
-35.616	-43.392
-35.597	-43.430
-35.551	-43.519
-35.498	-43.604
-35.456	-43.695
-35.400	-43.818
-35.405	-43.978
-35.310	-44.082
-35.253	-44.145
-35.196	-44.208
-35.136	-44.270
-35.130	-44.276
-35.111	-44.283
-35.103	-44.285
-35.032	-44.302
-34.956	-44.231
-34.915	-44.187
-34.845	-44.111
-34.758	-44.012
-34.759	-43.900
-34.759	-43.873
-34.768	-43.843
-34.784	-43.821
-34.863	-43.710
-34.933	-43.592
-35.024	-43.491
-35.104	-43.403
-35.199	-43.330
-35.292	-43.255
-35.334	-43.222
-35.380	-43.196
-35.426	-43.169
-35.436	-43.163
-35.489	-43.136
-35.501	-43.162
-35.503	-43.165
-35.504	-43.169
-35.504	-43.174
-35.505	-43.201
-35.504	-43.229
-35.504	-43.256
POLYLINE RED
-35.379	-43.775
-35.295	-43.814
-35.216	-43.884
-35.189	-43.768
-35.182	-43.737
-35.182	-43.698
-35.149	-43.681
-35.112	-43.663
-35.074	-43.692
-35.037	-43.689
-34.952	-43.681
-34.930	-43.583
-34.908	-43.519
POLYLINE RED
-35.179	-43.740
-35.156	-43.970
-35.168	-44.026
-35.086	-44.234
-35.064	-44.291
-35.029	-44.344
-35.001	-44.399
POLYLINE RED
-38.052	-41.414
-30.916	-31.779
POLYLINE RED
-38.766	-44.455
-39.226	-44.847
-39.609	-45.173
-39.747	-45.769
-39.795	-45.975
-39.744	-46.187
-39.850	-46.377
-39.952	-46.559
-40.010	-46.555
-40.156	-46.757
-40.215	-46.840
-40.265	-46.929
-40.310	-47.021
-40.373	-47.149
-40.416	-47.287
-40.479	-47.416
-40.566	-47.596
-40.711	-47.692
-40.898	-47.754
-40.957	-47.773
-41.018	-47.792
-41.080	-47.790
-41.137	-47.789
-41.190	-47.761
-41.245	-47.747
POLYLINE RED
-40.132	-42.889
-40.156	-43.134
-39.758	-43.317
-39.783	-43.583
-39.797	-43.722
-39.899	-43.834
-39.974	-43.941
-40.155	-44.202
-40.183	-44.207
-40.296	-44.506
-40.356	-44.666
-40.393	-44.981
-40.563	-45.109
-40.618	-45.150
-40.706	-45.166
-40.762	-45.185
POLYLINE RED
-40.708	-44.976
-41.215	-44.945
-41.337	-44.981
-41.729	-44.865
-41.882	-44.819
-42.026	-44.744
-42.183	-44.715
-43.307	-44.500
-43.583	-44.396
-44.437	-44.446
-44.811	-44.468
-45.637	-44.608
-46.117	-44.474
-46.183	-44.455
-46.225	-44.390
-46.279	-44.349
POLYLINE BLUE
-17.513	-15.322
-16.308	-15.220
-16.771	-15.204
-16.126	-15.246
POLYLINE BLUE
-16.172	-14.985
-16.035	-14.975
-15.898	-14.956
-15.760	-14.954
-15.694	-14.953
-15.627	-14.964
-15.561	-14.974
-15.428	-14.996
-15.283	-15.058
-15.448	-15.183
-16.119	-15.694
-15.842	-15.414
-16.135	-15.726
POLYLINE BLUE
-17.736	-15.040
-17.774	-14.997
-17.809	-14.951
-17.851	-14.911
-17.873	-14.890
-17.898	-14.870
-17.927	-14.860
-18.179	-14.764
-18.428	-14.654
-18.691	-14.594
-19.510	-14.406
-20.400	-14.383
-21.229	-14.469
-21.735	-14.521
-22.235	-14.633
-22.731	-14.746
-22.956	-14.797
-23.267	-14.902
-23.487	-15.035
-23.712	-15.170
-23.842	-15.461
-23.778	-15.715
-23.753	-15.813
-23.709	-15.897
-23.618	-15.946
-23.356	-16.087
-22.524	-16.057
-22.505	-16.059
-20.180	-16.290
-22.175	-16.363
-18.498	-16.025
-18.276	-16.005
-18.001	-15.899
-17.802	-15.792
-17.663	-15.717
-17.499	-15.600
-17.520	-15.422
-17.533	-15.315
-17.700	-15.144
-17.713	-15.126
POLYLINE BLUE
24.814	-20.885
23.881	-22.237
23.636	-22.796
22.702	-23.750
22.639	-23.815
22.559	-23.863
22.488	-23.920
POLYLINE BLUE
22.553	-23.410
22.524	-23.541
22.496	-23.671
22.467	-23.802
22.470	-23.821
22.470	-23.841
22.476	-23.860
22.527	-24.004
22.772	-23.948
22.865	-23.921
23.073	-23.858
23.277	-23.782
23.483	-23.713
POLYLINE BLUE
21.897	-18.927
19.117	-18.158
18.700	-17.820
16.038	-17.787
15.222	-17.777
13.866	-17.915
13.028	-18.239
11.328	-18.897
9.969	-19.998
8.677	-21.294
POLYLINE BLUE
9.069	-19.874
8.815	-20.476
8.561	-21.079
8.308	-21.682
8.312	-21.701
8.310	-21.724
8.322	-21.739
8.350	-21.775
8.429	-21.771
8.461	-21.760
9.399	-21.427
9.132	-21.579
9.672	-21.189
POLYLINE BLUE
26.861	-21.201
31.303	-27.350
POLYLINE BLUE
30.433	-26.594
30.682	-26.866
30.925	-27.143
31.179	-27.410
31.219	-27.452
31.267	-27.486
31.315	-27.520
31.350	-27.545
31.370	-27.506
31.358	-27.476
31.295	-27.302
31.206	-27.137
31.155	-26.959
31.077	-26.687
31.033	-26.405
30.971	-26.129
POLYLINE BLUE
21.549	-18.858
23.146	-18.309
22.814	-18.385
26.105	-18.504
27.067	-18.539
28.009	-18.801
28.955	-18.984
29.191	-19.030
29.520	-19.165
29.736	-19.305
30.025	-19.492
30.240	-19.812
30.026	-20.135
29.988	-20.193
29.869	-20.326
29.807	-20.346
29.257	-20.524
27.049	-21.354
25.988	-21.277
24.649	-21.179
23.319	-20.978
21.989	-20.793
21.755	-20.760
21.222	-20.625
21.081	-20.352
21.062	-20.316
21.038	-20.243
21.042	-20.201
21.074	-19.824
21.067	-19.529
21.322	-19.254
21.341	-19.234
21.364	-19.216
21.387	-19.200
21.503	-19.119
21.622	-19.042
21.740	-18.964
POLYLINE BLUE
22.144	-18.717
21.783	-18.472
21.444	-18.191
21.061	-17.983
18.636	-16.669
13.865	-16.749
12.372	-16.656
9.565	-16.480
6.746	-16.616
3.936	-16.508
3.542	-16.493
3.156	-16.383
2.773	-16.286
2.609	-16.244
2.002	-16.050
1.763	-15.875
1.559	-15.725
1.369	-15.555
1.172	-15.395
POLYLINE BLUE
1.371	-15.646
1.524	-16.197
1.870	-16.629
2.200	-17.082
POLYLINE BLUE
1.136	-15.456
3.005	-15.513
POLYLINE BLUE
26.226	-21.654
26.275	-21.715
26.348	-21.764
26.372	-21.838
27.100	-24.150
27.109	-24.907
27.020	-27.798
26.986	-28.912
26.819	-30.020
26.640	-31.120
26.539	-31.739
26.273	-32.637
25.826	-33.162
25.754	-33.247
25.679	-33.332
25.587	-33.394
25.319	-33.572
25.043	-33.740
24.751	-33.877
24.262	-34.106
23.743	-34.266
23.251	-34.488
23.068	-34.570
22.907	-34.695
22.729	-34.788
22.555	-34.878
22.559	-34.779
22.573	-34.896
POLYLINE BLUE
22.367	-34.446
22.221	-34.551
22.068	-34.648
21.929	-34.761
21.867	-34.812
21.814	-34.873
21.766	-34.937
21.683	-35.049
21.437	-35.393
21.564	-35.558
21.708	-35.745
22.228	-35.686
22.358	-35.671
22.741	-35.625
23.119	-35.550
23.499	-35.490
POLYLINE RED
-41.242	-47.678
-41.371	-47.649
-41.503	-47.632
-41.629	-47.592
-41.792	-47.540
-41.951	-47.472
-42.108	-47.402
-42.237	-47.344
-42.398	-47.222
-42.554	-47.197
-42.769	-47.163
-42.989	-47.160
-43.202	-47.117
-43.977	-46.960
-44.351	-46.876
-45.009	-46.511
-45.148	-46.434
-45.258	-46.312
-45.394	-46.231
-45.503	-46.166
-45.625	-46.125
-45.742	-46.075
-45.845	-46.030
-45.951	-45.991
-46.055	-45.947
-46.136	-45.912
-46.212	-45.865
-46.296	-45.837
-46.450	-45.786
-46.611	-45.756
-46.767	-45.710
-46.845	-45.687
-46.924	-45.583
-46.991	-45.544
-47.072	-45.496
-47.157	-45.456
-47.242	-45.418
-47.482	-45.311
-47.746	-45.406
-47.978	-45.480
-48.009	-45.490
-48.038	-45.504
-48.064	-45.523
-48.183	-45.606
-48.267	-45.720
-48.351	-45.836
POLYLINE RED
-48.658	-45.305
-48.649	-45.597
-48.637	-45.436
-48.718	-45.784
POLYLINE RED
-48.378	-45.948
-48.582	-46.395
-48.469	-46.104
-48.633	-46.848
POLYLINE RED
-48.685	-45.985
-48.801	-46.546
-48.782	-46.263
-48.893	-46.550
POLYLINE GREEN
16.117	-36.625
16.080	-36.613
16.043	-36.597
16.005	-36.587
15.932	-36.568
15.751	-36.570
15.715	-36.573
15.638	-36.578
15.552	-36.611
15.472	-36.600
15.417	-36.592
15.363	-36.576
15.307	-36.569
15.286	-36.566
15.264	-36.567
15.242	-36.569
15.158	-36.574
15.045	-36.572
14.988	-36.650
14.954	-36.698
14.952	-36.768
14.953	-36.821
14.958	-37.005
14.965	-37.190
14.979	-37.374
14.983	-37.417
15.001	-37.458
15.007	-37.501
15.016	-37.565
14.993	-37.723
14.991	-37.756
14.988	-37.815
15.004	-37.891
14.976	-37.950
14.951	-38.003
14.885	-38.020
14.842	-38.053
14.808	-38.078
14.778	-38.106
14.748	-38.136
14.679	-38.205
14.622	-38.286
14.546	-38.348
14.232	-38.600
14.198	-38.607
13.934	-38.726
POLYLINE GREEN
21.221	-36.348
21.198	-36.663
21.194	-36.832
21.121	-37.087
21.109	-37.126
21.073	-37.143
21.049	-37.173
21.023	-37.206
21.001	-37.242
20.975	-37.275
20.944	-37.313
20.879	-37.343
20.841	-37.359
20.573	-37.469
20.642	-37.458
20.507	-37.473
POLYLINE GREEN
21.606	-13.973
21.556	-14.024
21.436	-14.099
21.456	-14.195
21.465	-14.239
21.498	-14.278
21.531	-14.307
21.629	-14.396
21.758	-14.394
21.879	-14.360
21.947	-14.342
22.019	-14.297
22.036	-14.224
22.066	-14.094
21.959	-13.898
21.821	-13.874
21.746	-13.861
21.675	-13.909
21.626	-13.960
21.570	-14.018
21.516	-14.076
21.461	-14.134
POLYLINE GREEN
21.418	-14.567
21.362	-14.595
21.305	-14.621
21.250	-14.651
21.062	-14.755
21.189	-15.177
21.442	-15.136
21.488	-15.129
21.527	-15.104
21.561	-15.074
21.661	-14.982
21.673	-14.864
21.573	-14.763
21.523	-14.715
21.452	-14.699
21.389	-14.677
POLYLINE GREEN
18.759	-13.547
18.683	-13.668
18.604	-13.787
18.532	-13.910
18.506	-13.954
18.497	-14.029
18.556	-14.051
18.615	-14.073
18.699	-14.053
18.754	-14.038
18.900	-14.000
18.941	-13.862
18.891	-13.728
18.876	-13.689
18.834	-13.639
18.788	-13.635
18.714	-13.628
18.639	-13.629
18.565	-13.626

ELEVATION
STATIONS
0.000	0.000	0
-11.050	0.499	1
-12.085	-0.815	2
-9.434	-1.707	3
-5.824	-2.935	4
-0.308	-4.536	5
3.251	-5.648	6
8.104	-5.542	7
14.395	-5.582	8
19.473	-4.081	9
21.729	-1.679	10
21.398	-0.737	11
18.689	2.339	12
-0.644	-9.065	6.1
-2.373	-10.438	6.2
-2.955	-11.152	6.3
-4.285	-10.754	6.4
-4.659	-9.833	6.5
0.239	-12.261	6.6
4.413	-13.803	6.7
5.571	-14.029	6.8
5.884	-16.362	6.9
10.618	-17.883	6.10
16.044	-19.915	6.11
15.908	-19.781	6.12
13.952	-19.113	6.13
17.241	-19.152	6.14
20.100	-20.781	6.15
19.959	-21.911	6.16
23.507	-22.000	6.17
24.714	-21.481	6.18
29.545	-22.240	6.19
32.235	-22.520	6.20
21.472	-20.561	6.18.1
16.146	-17.057	6.18.2
16.188	-16.603	6.18.3
19.116	-15.924	6.18.4
20.929	-14.928	6.18.5
15.955	-13.766	6.18.6
14.488	-11.586	6.18.7
11.124	-11.198	6.18.8
8.734	-10.926	6.18.9
6.999	-9.772	6.18.10
3.543	-7.680	6.18.11
2.118	-7.669	6.18.12
-0.002	-6.327	6.18.13
-7.667	-10.308	6.5.1
-9.633	-11.977	6.5.2
-9.859	-12.573	6.5.3
-12.347	-16.194	6.5.4
-12.313	-17.390	6.5.5
-14.859	-17.269	6.5.6
-20.568	-13.885	6.5.7
-11.778	-11.451	6.5.3.1
-14.528	-8.100	6.5.3.2
-14.969	-4.851	6.5.3.3
-10.379	-0.047	6.5.3.4
-9.630	1.702	6.5.3.5
-14.054	0.181	6.5.3.6
-18.394	-7.717	6.5.3.2.1
-16.957	-4.709	6.5.3.2.2
-21.173	-4.855	6.5.3.2.1.1
-25.470	-3.264	6.5.3.2.1.2
-29.104	-1.297	6.5.3.2.1.3
-31.439	-0.916	6.5.3.2.1.4
-29.899	6.480	6.5.3.2.1.5
-25.234	4.733	6.5.3.2.1.6
-17.622	3.860	6.5.3.2.1.7
-22.558	5.661	6.5.3.2.1.6.1
-20.805	8.093	6.5.3.2.1.6.2
-23.003	8.577	6.5.3.2.1.6.3
-22.042	9.602	6.5.3.2.1.6.4
-19.935	11.509	6.5.3.2.1.6.5
-36.208	6.151	6.5.3.2.1.5.1
-31.483	7.134	6.5.3.2.1.5.2
-29.439	-1.738	6.5.3.2.1.5.3
-42.576	9.333	6.5.3.2.1.5.1.1
-45.965	10.458	6.5.3.2.1.5.1.2
-48.417	8.997	6.5.3.2.1.5.1.3
-38.979	8.112	6.5.3.2.1.5.1.1.1
-34.915	5.791	6.5.3.2.1.5.1.1.2
-36.275	4.704	6.5.3.2.1.5.1.1.3
-36.624	5.079	6.5.3.2.1.5.1.1.4
-35.933	1.661	6.5.3.2.1.5.1.1.5
-37.704	1.651	6.5.3.2.1.5.1.1.6
-38.465	3.852	6.5.3.2.1.5.1.1.7
-41.275	2.602	6.5.3.2.1.5.1.1.8
-47.979	8.264	6.5.3.2.1.5.1.1.9
SHOTS
0.000	0.000	-11.050	0.499
-11.050	0.499	-12.085	-0.815
-12.085	-0.815	-9.434	-1.707
-9.434	-1.707	-10.229	-2.665
-9.434	-1.707	-8.795	-2.857
-9.434	-1.707	-10.110	-2.030
-9.434	-1.707	-10.565	-2.174
-9.434	-1.707	-9.861	-2.211
-9.434	-1.707	-8.558	-4.034
-9.434	-1.707	-8.546	-4.075
-9.434	-1.707	-8.562	-4.042
-9.434	-1.707	-9.041	-1.648
-9.434	-1.707	-9.274	-0.381
-9.434	-1.707	-9.060	-2.341
-9.434	-1.707	-11.554	-0.661
-9.434	-1.707	-5.824	-2.935
-5.824	-2.935	-7.358	-0.321
-5.824	-2.935	-8.016	-1.774
-5.824	-2.935	-7.652	-2.248
-5.824	-2.935	-7.708	-3.544
-5.824	-2.935	-5.459	-2.995
-5.824	-2.935	-3.699	-2.617
-5.824	-2.935	-3.058	-3.282
-5.824	-2.935	-4.241	-3.245
-5.824	-2.935	-2.197	-4.029
-5.824	-2.935	-0.549	-4.324
-5.824	-2.935	-6.250	0.721
-5.824	-2.935	-5.818	-3.403
-5.824	-2.935	-0.308	-4.536
-0.308	-4.536	0.607	-4.311
-0.308	-4.536	-1.114	-3.971
-0.308	-4.536	1.712	-4.635
-0.308	-4.536	1.695	-4.697
-0.308	-4.536	-0.495	-3.226
-0.308	-4.536	-0.322	-5.195
-0.308	-4.536	3.251	-5.648
3.251	-5.648	2.772	-5.621
3.251	-5.648	3.856	-5.285
3.251	-5.648	3.628	-3.294
3.251	-5.648	3.857	-4.063
3.251	-5.648	3.000	-3.953
3.251	-5.648	3.501	-6.048
3.251	-5.648	8.104	-5.542
8.104	-5.542	7.035	-4.846
8.104	-5.542	8.259	-2.321
8.104	-5.542	8.420	-1.685
8.104	-5.542	8.267	-3.919
8.104	-5.542	8.136	-6.315
8.104	-5.542	8.097	-6.940
8.104	-5.542	2.953	-4.970
8.104	-5.542	5.335	-5.027
8.104	-5.542	6.391	-5.202
8.104	-5.542	6.806	-4.985
8.104	-5.542	5.478	-5.312
8.104	-5.542	7.500	-5.472
8.104	-5.542	14.395	-5.582
14.395	-5.582	10.642	-5.474
14.395	-5.582	12.063	-5.247
14.395	-5.582	13.007	-5.215
14.395	-5.582	13.683	-5.200
14.395	-5.582	14.099	-5.244
14.395	-5.582	14.277	-3.695
14.395	-5.582	14.047	-3.538
14.395	-5.582	14.199	-4.029
14.395	-5.582	10.342	-5.165
14.395	-5.582	12.523	-5.250
14.395	-5.582	18.569	-4.490
14.395	-5.582	19.043	-4.183
14.395	-5.582	17.049	-5.052
14.395	-5.582	15.918	-5.181
14.395	-5.582	15.448	-4.993
14.395	-5.582	14.233	-5.182
14.395	-5.582	17.064	-2.959
14.395	-5.582	16.926	-3.386
14.395	-5.582	19.473	-4.081
19.473	-4.081	20.908	-3.625
19.473	-4.081	21.690	-3.616
19.473	-4.081	21.040	-3.567
19.473	-4.081	19.064	-3.947
19.473	-4.081	19.274	-3.663
19.473	-4.081	20.068	-3.088
19.473	-4.081	19.955	-2.677
19.473	-4.081	21.729	-1.679
21.729	-1.679	20.416	-1.285
21.729	-1.679	22.325	-1.742
21.729	-1.679	19.476	-0.916
21.729	-1.679	21.398	-0.737
21.398	-0.737	18.689	2.339
3.251	-5.648	-0.644	-9.065
-0.644	-9.065	-1.134	-9.236
-0.644	-9.065	-0.849	-8.099
-0.644	-9.065	-1.027	-10.024
-0.644	-9.065	-2.373	-10.438
-2.373	-10.438	-1.722	-10.624
-2.373	-10.438	-1.981	-9.896
-2.373	-10.438	-2.186	-10.926
-2.373	-10.438	-2.955	-11.152
-2.955	-11.152	-4.007	-11.065
-2.955	-11.152	-3.232	-10.717
-2.955	-11.152	-3.934	-11.116
-2.955	-11.152	-3.157	-10.878
-2.955	-11.152	-4.285	-10.754
-4.285	-10.754	-3.407	-10.677
-4.285	-10.754	-3.328	-9.898
-4.285	-10.754	-4.049	-10.058
-4.285	-10.754	-4.149	-11.246
-4.285	-10.754	-4.659	-9.833
-4.659	-9.833	-3.784	-9.675
-4.659	-9.833	-3.861	-9.933
-4.659	-9.833	-4.524	-7.798
-4.659	-9.833	-4.393	-12.300
-4.659	-9.833	-5.587	-7.847
-4.659	-9.833	-4.732	-8.862
-4.659	-9.833	-6.815	-8.481
-4.659	-9.833	-2.586	-10.679
-4.659	-9.833	-3.228	-10.418
-4.659	-9.833	-3.451	-9.705
-4.659	-9.833	-1.240	-11.164
-4.659	-9.833	-3.015	-10.058
-4.659	-9.833	-4.053	-10.019
-4.659	-9.833	-4.639	-9.826
-4.659	-9.833	0.239	-12.261
0.239	-12.261	0.308	-12.171
0.239	-12.261	0.303	-11.563
0.239	-12.261	0.395	-14.163
0.239	-12.261	4.413	-13.803
4.413	-13.803	5.102	-13.926
4.413	-13.803	4.546	-14.779
4.413	-13.803	4.105	-13.762
4.413	-13.803	4.443	-12.488
4.413	-13.803	5.571	-14.029
5.571	-14.029	5.033	-13.736
5.571	-14.029	6.960	-13.792
5.571	-14.029	8.318	-14.004
5.571	-14.029	6.826	-13.868
5.571	-14.029	3.660	-14.614
5.571	-14.029	3.244	-14.590
5.571	-14.029	5.884	-16.362
5.884	-16.362	5.493	-15.507
5.884	-16.362	5.427	-14.789
5.884	-16.362	3.819	-14.623
5.884	-16.362	6.093	-13.285
5.884	-16.362	6.165	-16.980
5.884	-16.362	5.997	-16.893
5.884	-16.362	7.650	-16.770
5.884	-16.362	8.646	-16.629
5.884	-16.362	7.799	-17.043
5.884	-16.362	10.618	-17.883
10.618	-17.883	10.743	-17.701
10.618	-17.883	10.754	-17.011
10.618	-17.883	10.981	-18.777
10.618	-17.883	12.435	-18.382
10.618	-17.883	11.931	-18.544
10.618	-17.883	16.044	-19.915
16.044	-19.915	15.666	-19.772
16.044	-19.915	15.999	-18.720
16.044	-19.915	17.040	-18.761
16.044	-19.915	15.905	-20.582
16.044	-19.915	16.844	-19.314
16.044	-19.915	16.411	-19.484
16.044	-19.915	15.526	-19.428
16.044	-19.915	15.908	-19.781
15.908	-19.781	15.157	-19.730
15.908	-19.781	15.591	-19.098
15.908	-19.781	15.708	-20.504
15.908	-19.781	13.952	-19.113
13.952	-19.113	14.767	-19.123
13.952	-19.113	14.431	-18.602
13.952	-19.113	14.337	-20.289
13.952	-19.113	17.241	-19.152
17.241	-19.152	15.685	-19.009
17.241	-19.152	16.602	-19.123
17.241	-19.152	17.351	-19.101
17.241	-19.152	17.222	-18.780
17.241	-19.152	17.316	-20.296
17.241	-19.152	20.100	-20.781
20.100	-20.781	19.329	-20.696
20.100	-20.781	18.970	-21.407
20.100	-20.781	19.739	-21.660
20.100	-20.781	19.875	-20.279
20.100	-20.781	19.294	-21.085
20.100	-20.781	19.541	-21.287
20.100	-20.781	20.207	-21.106
20.100	-20.781	20.241	-20.963
20.100	-20.781	19.959	-21.911
19.959	-21.911	21.223	-21.898
19.959	-21.911	20.432	-20.851
19.959	-21.911	20.542	-23.117
19.959	-21.911	23.073	-21.771
19.959	-21.911	21.599	-21.717
19.959	-21.911	22.476	-20.789
19.959	-21.911	23.507	-22.000
23.507	-22.000	23.072	-21.923
23.507	-22.000	23.408	-21.562
23.507	-22.000	23.447	-23.353
23.507	-22.000	24.575	-22.070
23.507	-22.000	23.111	-21.914
23.507	-22.000	23.894	-21.917
23.507	-22.000	24.714	-21.481
24.714	-21.481	24.745	-21.470
24.714	-21.481	24.678	-20.835
24.714	-21.481	25.167	-23.239
24.714	-21.481	24.738	-22.046
24.714	-21.481	29.545	-22.240
29.545	-22.240	26.154	-21.800
29.545	-22.240	27.637	-21.975
29.545	-22.240	27.094	-21.860
29.545	-22.240	27.647	-21.769
29.545	-22.240	28.945	-22.073
29.545	-22.240	28.730	-20.978
29.545	-22.240	29.667	-22.918
29.545	-22.240	32.235	-22.520
32.235	-22.520	31.908	-22.446
32.235	-22.520	32.788	-22.408
32.235	-22.520	32.827	-22.458
32.235	-22.520	32.084	-21.771
32.235	-22.520	34.310	-22.262
32.235	-22.520	32.896	-22.437
32.235	-22.520	32.892	-22.534
24.714	-21.481	21.472	-20.561
21.472	-20.561	21.466	-20.597
21.472	-20.561	22.494	-20.250
21.472	-20.561	23.220	-20.583
21.472	-20.561	23.565	-20.629
21.472	-20.561	23.010	-20.391
21.472	-20.561	22.126	-20.237
21.472	-20.561	21.975	-20.721
21.472	-20.561	21.582	-19.577
21.472	-20.561	21.220	-22.814
21.472	-20.561	20.188	-20.504
21.472	-20.561	20.769	-20.523
21.472	-20.561	19.418	-20.352
21.472	-20.561	18.242	-19.930
21.472	-20.561	18.588	-19.967
21.472	-20.561	19.522	-20.268
21.472	-20.561	20.099	-20.454
21.472	-20.561	19.129	-22.299
21.472	-20.561	18.456	-17.156
21.472	-20.561	19.692	-17.566
21.472	-20.561	18.050	-17.284
21.472	-20.561	18.031	-18.836
21.472	-20.561	17.891	-18.852
21.472	-20.561	17.142	-18.004
21.472	-20.561	17.706	-18.153
21.472	-20.561	15.786	-16.746
21.472	-20.561	16.146	-17.057
16.146	-17.057	15.978	-17.000
16.146	-17.057	15.208	-16.670
16.146	-17.057	13.618	-15.897
16.146	-17.057	13.213	-15.700
16.146	-17.057	15.527	-16.818
16.146	-17.057	16.988	-17.396
16.146	-17.057	17.791	-17.509
16.146	-17.057	16.876	-17.174
16.146	-17.057	16.625	-17.042
16.146	-17.057	16.188	-16.603
16.188	-16.603	16.967	-16.343
16.188	-16.603	16.946	-15.475
16.188	-16.603	16.336	-17.653
16.188	-16.603	15.738	-16.505
16.188	-16.603	16.840	-16.727
16.188	-16.603	16.994	-16.687
16.188	-16.603	17.647	-16.298
16.188	-16.603	18.960	-16.098
16.188	-16.603	18.006	-16.179
16.188	-16.603	19.116	-15.924
19.116	-15.924	18.750	-15.897
19.116	-15.924	18.376	-16.940
19.116	-15.924	18.903	-15.657
19.116	-15.924	18.855	-17.159
19.116	-15.924	19.576	-15.776
19.116	-15.924	20.338	-15.857
19.116	-15.924	21.046	-15.415
19.116	-15.924	20.929	-14.928
20.929	-14.928	20.590	-14.904
20.929	-14.928	20.927	-14.342
20.929	-14.928	21.136	-16.288
20.929	-14.928	14.962	-13.852
20.929	-14.928	15.955	-13.766
15.955	-13.766	16.275	-13.659
15.955	-13.766	16.004	-13.049
15.955	-13.766	15.938	-14.600
15.955	-13.766	17.033	-13.936
15.955	-13.766	18.089	-14.111
15.955	-13.766	15.019	-13.424
15.955	-13.766	15.336	-13.276
15.955	-13.766	15.428	-12.893
15.955	-13.766	14.488	-11.586
14.488	-11.586	13.822	-11.855
14.488	-11.586	14.111	-10.647
14.488	-11.586	14.408	-12.506
14.488	-11.586	10.794	-10.234
14.488	-11.586	11.729	-10.630
14.488	-11.586	11.136	-11.467
14.488	-11.586	13.536	-11.664
14.488	-11.586	11.124	-11.198
11.124	-11.198	11.075	-11.298
11.124	-11.198	10.557	-10.684
11.124	-11.198	10.847	-10.136
11.124	-11.198	11.229	-11.983
11.124	-11.198	8.734	-10.926
8.734	-10.926	8.186	-10.732
8.734	-10.926	8.637	-10.382
8.734	-10.926	8.696	-11.608
8.734	-10.926	9.003	-10.765
8.734	-10.926	8.630	-10.314
8.734	-10.926	8.613	-10.312
8.734	-10.926	8.624	-10.320
8.734	-10.926	8.214	-10.898
8.734	-10.926	8.251	-10.074
8.734	-10.926	8.499	-11.578
8.734	-10.926	6.999	-9.772
6.999	-9.772	6.875	-9.646
6.999	-9.772	6.731	-8.979
6.999	-9.772	6.905	-10.734
6.999	-9.772	3.530	-7.683
6.999	-9.772	3.606	-7.735
6.999	-9.772	3.543	-7.680
3.543	-7.680	5.372	-8.482
3.543	-7.680	5.254	-8.363
3.543	-7.680	4.174	-7.889
3.543	-7.680	4.153	-7.829
3.543	-7.680	3.739	-7.791
3.543	-7.680	3.602	-7.261
3.543	-7.680	3.969	-8.912
3.543	-7.680	2.118	-7.669
2.118	-7.669	1.495	-7.530
2.118	-7.669	1.921	-6.782
2.118	-7.669	1.973	-8.259
2.118	-7.669	-0.002	-6.327
-0.002	-6.327	-0.288	-6.176
-0.002	-6.327	-1.995	-5.691
-0.002	-6.327	-2.978	-4.738
-0.002	-6.327	-1.084	-5.716
-0.002	-6.327	0.314	-6.311
-0.002	-6.327	-0.793	-6.674
-0.002	-6.327	-1.185	-6.026
-0.002	-6.327	-1.811	-5.848
-0.002	-6.327	-3.544	-4.623
-0.002	-6.327	-3.520	-4.652
-0.002	-6.327	-3.481	-4.655
-4.659	-9.833	-7.667	-10.308
-7.667	-10.308	-4.385	-9.060
-7.667	-10.308	-6.490	-9.813
-7.667	-10.308	-5.423	-9.880
-7.667	-10.308	-7.045	-10.073
-7.667	-10.308	-6.904	-9.270
-7.667	-10.308	-6.955	-11.707
-7.667	-10.308	-10.132	-10.660
-7.667	-10.308	-8.246	-10.577
-7.667	-10.308	-8.913	-9.693
-7.667	-10.308	-9.544	-9.584
-7.667	-10.308	-8.905	-10.475
-7.667	-10.308	-9.633	-11.977
-9.633	-11.977	-11.606	-13.639
-9.633	-11.977	-8.112	-12.938
-9.633	-11.977	-7.687	-11.206
-9.633	-11.977	-8.918	-8.546
-9.633	-11.977	-7.495	-12.128
-9.633	-11.977	-9.692	-13.520
-9.633	-11.977	-11.124	-13.399
-9.633	-11.977	-8.275	-12.350
-9.633	-11.977	-7.704	-13.688
-9.633	-11.977	-10.769	-12.959
-9.633	-11.977	-9.859	-12.573
-9.859	-12.573	-10.701	-12.622
-9.859	-12.573	-8.093	-12.305
-9.859	-12.573	-9.919	-15.099
-9.859	-12.573	-9.885	-10.888
-9.859	-12.573	-11.330	-13.192
-9.859	-12.573	-10.480	-13.027
-9.859	-12.573	-11.947	-14.191
-9.859	-12.573	-10.718	-12.431
-9.859	-12.573	-11.494	-12.154
-9.859	-12.573	-12.347	-16.194
-12.347	-16.194	-11.150	-15.838
-12.347	-16.194	-12.161	-15.472
-12.347	-16.194	-11.795	-17.447
-12.347	-16.194	-12.290	-16.842
-12.347	-16.194	-11.726	-16.828
-12.347	-16.194	-12.313	-17.390
-12.313	-17.390	-13.007	-16.753
-12.313	-17.390	-12.317	-16.796
-12.313	-17.390	-12.652	-16.640
-12.313	-17.390	-12.420	-17.743
-12.313	-17.390	-14.859	-17.269
-14.859	-17.269	-14.579	-16.884
-14.859	-17.269	-15.101	-17.209
-14.859	-17.269	-15.145	-16.284
-14.859	-17.269	-15.046	-17.555
-14.859	-17.269	-20.621	-13.926
-14.859	-17.269	-16.852	-16.210
-14.859	-17.269	-17.786	-15.504
-14.859	-17.269	-18.672	-14.729
-14.859	-17.269	-17.478	-15.784
-14.859	-17.269	-20.568	-13.885
-20.568	-13.885	-20.489	-14.437
-9.859	-12.573	-11.778	-11.451
-11.778	-11.451	-12.577	-11.465
-11.778	-11.451	-11.071	-11.498
-11.778	-11.451	-12.026	-9.178
-11.778	-11.451	-11.905	-12.556
-11.778	-11.451	-14.528	-8.100
-14.528	-8.100	-12.259	-8.275
-14.528	-8.100	-11.462	-9.839
-14.528	-8.100	-12.639	-9.070
-14.528	-8.100	-13.415	-8.642
-14.528	-8.100	-11.709	-11.264
-14.528	-8.100	-11.303	-7.123
-14.528	-8.100	-12.279	-6.722
-14.528	-8.100	-11.777	-6.221
-14.528	-8.100	-14.716	-7.923
-14.528	-8.100	-14.756	-7.915
-14.528	-8.100	-15.487	-7.744
-14.528	-8.100	-18.860	-6.886
-14.528	-8.100	-12.275	-8.687
-14.528	-8.100	-13.495	-8.507
-14.528	-8.100	-18.330	-5.979
-14.528	-8.100	-16.029	-6.502
-14.528	-8.100	-15.091	-5.956
-14.528	-8.100	-14.969	-4.851
-14.969	-4.851	-12.357	-4.960
-14.969	-4.851	-11.688	-4.915
-14.969	-4.851	-9.525	-4.895
-14.969	-4.851	-9.932	-4.274
-14.969	-4.851	-14.794	-4.870
-14.969	-4.851	-16.561	-3.576
-14.969	-4.851	-15.532	-3.037
-14.969	-4.851	-14.551	-2.252
-14.969	-4.851	-14.370	-3.027
-14.969	-4.851	-13.103	-3.321
-14.969	-4.851	-15.053	-5.795
-14.969	-4.851	-13.106	-6.196
-14.969	-4.851	-14.687	-4.944
-14.969	-4.851	-10.379	-0.047
-10.379	-0.047	-11.476	0.022
-10.379	-0.047	-11.402	0.182
-10.379	-0.047	-14.679	5.108
-10.379	-0.047	-10.281	-2.937
-10.379	-0.047	-10.172	-3.760
-10.379	-0.047	-7.026	-2.685
-10.379	-0.047	-7.350	-1.815
-10.379	-0.047	-6.493	-0.772
-10.379	-0.047	-8.189	-2.416
-10.379	-0.047	-9.630	1.702
-9.630	1.702	-14.054	0.181
-14.528	-8.100	-18.394	-7.717
-18.394	-7.717	-16.524	-7.606
-18.394	-7.717	-18.202	-7.295
-18.394	-7.717	-15.685	-7.297
-18.394	-7.717	-16.867	-6.210
-18.394	-7.717	-18.448	-6.482
-18.394	-7.717	-19.140	-5.820
-18.394	-7.717	-19.505	-7.104
-18.394	-7.717	-20.537	-6.221
-18.394	-7.717	-22.391	-4.732
-18.394	-7.717	-22.510	-5.341
-18.394	-7.717	-20.867	-4.908
-18.394	-7.717	-19.418	-2.252
-18.394	-7.717	-17.128	-1.570
-18.394	-7.717	-16.380	-3.129
-18.394	-7.717	-18.534	-8.617
-18.394	-7.717	-16.957	-4.709
-18.394	-7.717	-21.173	-4.855
-21.173	-4.855	-21.780	-4.429
-21.173	-4.855	-21.727	-6.444
-21.173	-4.855	-21.569	-6.927
-21.173	-4.855	-19.841	-5.181
-21.173	-4.855	-19.551	-4.705
-21.173	-4.855	-18.706	-5.023
-21.173	-4.855	-21.599	-3.419
-21.173	-4.855	-20.616	-2.481
-21.173	-4.855	-19.720	-2.450
-21.173	-4.855	-27.423	-5.091
-21.173	-4.855	-24.743	-4.087
-21.173	-4.855	-25.215	-4.133
-21.173	-4.855	-23.068	-4.330
-21.173	-4.855	-20.883	-4.530
-21.173	-4.855	-25.470	-3.264
-25.470	-3.264	-25.496	-3.312
-25.470	-3.264	-25.448	-5.446
-25.470	-3.264	-25.210	-5.303
-25.470	-3.264	-24.960	-3.309
-25.470	-3.264	-25.353	-2.481
-25.470	-3.264	-29.104	-1.297
-29.104	-1.297	-28.402	-1.695
-29.104	-1.297	-26.659	-2.376
-29.104	-1.297	-25.707	-2.943
-29.104	-1.297	-29.974	-0.625
-29.104	-1.297	-26.681	-1.775
-29.104	-1.297	-27.378	-1.633
-29.104	-1.297	-27.205	-3.038
-29.104	-1.297	-28.564	-1.827
-29.104	-1.297	-30.202	-1.602
-29.104	-1.297	-30.965	1.241
-29.104	-1.297	-28.727	-3.620
-29.104	-1.297	-33.213	1.121
-29.104	-1.297	-35.134	2.506
-29.104	-1.297	-34.403	1.991
-29.104	-1.297	-32.437	-0.216
-29.104	-1.297	-33.493	0.287
-29.104	-1.297	-31.772	-1.111
-29.104	-1.297	-33.599	2.550
-29.104	-1.297	-29.923	-0.761
-29.104	-1.297	-31.965	-0.400
-29.104	-1.297	-31.439	-0.916
-31.439	-0.916	-29.826	-0.734
-31.439	-0.916	-31.277	-1.575
-31.439	-0.916	-31.085	-0.288
-31.439	-0.916	-30.572	1.006
-31.439	-0.916	-31.297	1.676
-31.439	-0.916	-31.543	0.301
-31.439	-0.916	-29.899	6.480
-29.899	6.480	-29.532	1.469
-29.899	6.480	-30.281	2.270
-29.899	6.480	-29.194	1.604
-29.899	6.480	-30.498	3.003
-29.899	6.480	-30.553	5.422
-29.899	6.480	-34.810	5.382
-29.899	6.480	-31.643	4.450
-29.899	6.480	-29.705	4.357
-29.899	6.480	-27.603	4.860
-29.899	6.480	-28.827	4.989
-29.899	6.480	-27.614	4.827
-29.899	6.480	-27.758	4.800
-29.899	6.480	-28.886	4.964
-29.899	6.480	-26.716	6.520
-29.899	6.480	-27.440	5.697
-29.899	6.480	-25.234	4.733
-25.234	4.733	-28.345	4.971
-25.234	4.733	-27.320	4.950
-25.234	4.733	-26.896	5.411
-25.234	4.733	-25.502	5.425
-25.234	4.733	-24.565	5.708
-25.234	4.733	-21.839	6.305
-25.234	4.733	-21.436	5.766
-25.234	4.733	-21.537	5.154
-25.234	4.733	-20.551	5.023
-25.234	4.733	-18.318	4.425
-25.234	4.733	-20.245	4.636
-25.234	4.733	-22.506	4.477
-25.234	4.733	-24.528	4.735
-25.234	4.733	-26.097	4.748
-25.234	4.733	-24.114	6.224
-25.234	4.733	-24.634	6.012
-25.234	4.733	-24.740	5.747
-25.234	4.733	-23.581	6.733
-25.234	4.733	-25.287	3.797
-25.234	4.733	-19.687	1.198
-25.234	4.733	-17.622	3.860
-17.622	3.860	-18.193	3.911
-17.622	3.860	-18.407	4.150
-17.622	3.860	-16.300	4.770
-17.622	3.860	-15.718	5.052
-17.622	3.860	-15.667	5.469
-17.622	3.860	-17.216	5.358
-17.622	3.860	-17.924	7.905
-17.622	3.860	-17.405	5.934
-17.622	3.860	-17.150	6.013
-25.234	4.733	-22.558	5.661
-22.558	5.661	-21.800	5.650
-22.558	5.661	-23.745	5.734
-22.558	5.661	-22.437	4.574
-22.558	5.661	-23.538	6.650
-22.558	5.661	-20.805	8.093
-20.805	8.093	-22.284	7.080
-20.805	8.093	-23.293	5.882
-20.805	8.093	-21.581	6.660
-20.805	8.093	-21.013	6.942
-20.805	8.093	-19.963	7.259
-20.805	8.093	-19.151	7.454
-20.805	8.093	-18.914	7.690
-20.805	8.093	-20.830	7.290
-20.805	8.093	-21.159	6.131
-20.805	8.093	-23.003	8.577
-23.003	8.577	-25.004	10.356
-23.003	8.577	-24.410	9.889
-23.003	8.577	-24.540	10.339
-23.003	8.577	-23.811	10.717
-23.003	8.577	-22.927	10.002
-23.003	8.577	-21.921	8.456
-23.003	8.577	-22.928	8.021
-23.003	8.577	-23.240	9.059
-23.003	8.577	-22.042	9.602
-22.042	9.602	-20.838	9.615
-22.042	9.602	-19.963	10.721
-22.042	9.602	-21.900	10.523
-22.042	9.602	-22.746	10.629
-22.042	9.602	-19.935	11.509
-29.899	6.480	-36.208	6.151
-36.208	6.151	-28.440	6.055
-36.208	6.151	-30.738	6.003
-36.208	6.151	-29.878	6.116
-36.208	6.151	-33.134	6.396
-36.208	6.151	-35.470	7.307
-36.208	6.151	-37.234	8.460
-36.208	6.151	-29.649	5.764
-36.208	6.151	-33.567	6.629
-36.208	6.151	-34.678	7.431
-36.208	6.151	-36.564	6.611
-36.208	6.151	-37.009	6.298
-36.208	6.151	-37.817	6.993
-36.208	6.151	-40.977	8.630
-36.208	6.151	-40.157	8.750
-36.208	6.151	-40.387	9.299
-36.208	6.151	-44.026	11.220
-36.208	6.151	-41.650	10.814
-36.208	6.151	-40.810	12.078
-36.208	6.151	-40.038	12.544
-36.208	6.151	-33.188	3.199
-36.208	6.151	-32.547	4.176
-36.208	6.151	-35.484	4.368
-36.208	6.151	-33.917	6.755
-36.208	6.151	-34.910	6.507
-36.208	6.151	-40.292	8.525
-36.208	6.151	-40.602	9.064
-36.208	6.151	-43.594	10.842
-36.208	6.151	-41.768	11.067
-36.208	6.151	-31.483	7.134
-31.483	7.134	-31.982	7.146
-31.483	7.134	-32.637	6.620
-31.483	7.134	-33.037	7.229
-31.483	7.134	-33.618	7.221
-31.483	7.134	-33.606	11.980
-31.483	7.134	-32.338	10.077
-31.483	7.134	-32.534	7.160
-31.483	7.134	-32.508	7.318
-31.483	7.134	-31.677	7.492
-31.483	7.134	-29.739	5.656
-31.483	7.134	-30.259	4.016
-31.483	7.134	-32.052	4.996
-31.483	7.134	-30.809	2.542
-31.483	7.134	-30.738	2.088
-31.483	7.134	-31.621	3.240
-31.483	7.134	-28.453	0.716
-31.483	7.134	-29.437	-1.780
-31.483	7.134	-29.479	-1.459
-31.483	7.134	-29.423	-1.760
-31.483	7.134	-29.669	-1.051
-31.483	7.134	-29.439	-1.738
-29.439	-1.738	-27.402	-10.598
-36.208	6.151	-42.576	9.333
-42.576	9.333	-38.033	7.310
-42.576	9.333	-39.168	8.028
-42.576	9.333	-39.095	7.583
-42.576	9.333	-39.705	7.826
-42.576	9.333	-45.965	10.458
-45.965	10.458	-48.417	8.997
-42.576	9.333	-38.979	8.112
-38.979	8.112	-38.467	8.078
-38.979	8.112	-39.125	10.112
-38.979	8.112	-38.821	6.994
-38.979	8.112	-34.915	5.791
-34.915	5.791	-35.924	5.329
-34.915	5.791	-34.845	6.832
-34.915	5.791	-35.405	4.852
-34.915	5.791	-34.349	5.084
-34.915	5.791	-36.275	4.704
-36.275	4.704	-37.576	5.027
-36.275	4.704	-36.564	5.143
-36.275	4.704	-36.423	4.340
-36.275	4.704	-36.624	5.079
-36.624	5.079	-37.725	4.591
-36.624	5.079	-34.109	2.931
-36.624	5.079	-36.848	3.625
-36.624	5.079	-34.879	3.805
-36.624	5.079	-36.597	4.076
-36.624	5.079	-35.998	2.926
-36.624	5.079	-35.933	1.661
-35.933	1.661	-36.939	1.743
-35.933	1.661	-34.278	1.620
-35.933	1.661	-35.114	0.573
-35.933	1.661	-32.680	-0.622
-35.933	1.661	-35.763	0.776
-35.933	1.661	-37.704	1.651
-37.704	1.651	-35.433	1.595
-37.704	1.651	-35.709	1.700
-37.704	1.651	-38.193	0.944
-37.704	1.651	-38.084	1.309
-37.704	1.651	-35.436	3.372
-37.704	1.651	-36.257	3.070
-37.704	1.651	-38.465	3.852
-38.465	3.852	-40.168	4.294
-38.465	3.852	-39.214	3.731
-38.465	3.852	-38.311	3.454
-38.465	3.852	-38.809	3.101
-38.465	3.852	-41.275	2.602
-41.275	2.602	-41.085	3.631
-41.275	2.602	-41.077	3.626
-41.275	2.602	-41.047	3.621
-41.275	2.602	-41.070	3.624
-41.275	2.602	-40.939	2.625
-41.275	2.602	-43.397	2.941
-41.275	2.602	-42.656	2.707
-41.275	2.602	-44.024	4.800
-41.275	2.602	-46.191	5.856
-41.275	2.602	-47.979	8.264
POLYLINE BLACK
-12.057	-0.969
-11.723	-1.618
-11.976	-1.125
-11.303	-2.460
POLYLINE BLACK
-12.265	-0.906
-12.515	-0.993
-12.515	-1.007
-12.807	-1.039
-12.931	-1.053
-13.056	-1.046
-13.179	-1.061
-13.283	-1.073
-13.355	-1.105
-13.446	-1.140
POLYLINE BLACK
-13.366	-1.174
-13.436	-2.983
POLYLINE BLACK
-13.267	-2.925
-13.263	-2.924
POLYLINE BLACK
-12.182	-2.788
-12.070	-2.770
-11.958	-2.752
-11.846	-2.734
-11.736	-2.707
-11.627	-2.672
-11.515	-2.653
-11.347	-2.624
-11.315	-2.633
-11.181	-2.648
POLYLINE BLACK
-12.100	-2.785
-13.207	-2.916
-12.812	-2.907
-13.278	-2.913
POLYLINE BLACK
-13.262	-1.158
-13.132	-1.447
-13.008	-1.739
-12.871	-2.025
-12.840	-2.089
-12.799	-2.147
-12.761	-2.206
-12.719	-2.268
-12.529	-2.253
-12.500	-2.257
-12.367	-2.278
-12.232	-2.294
-12.103	-2.333
-11.047	-2.659
-11.417	-2.862
-11.082	-2.669
POLYLINE BLACK
-12.723	-2.286
-12.762	-2.305
-12.802	-2.321
-12.840	-2.343
-12.863	-2.356
-12.883	-2.373
-12.904	-2.391
-13.032	-2.503
-13.163	-2.612
-13.284	-2.731
-13.323	-2.769
-13.350	-2.819
-13.382	-2.862
POLYLINE BLACK
-10.978	-0.606
-11.013	-0.606
-11.049	-0.603
-11.084	-0.606
-11.208	-0.617
-11.431	-0.762
-11.467	-0.782
-11.523	-0.812
-11.583	-0.862
-11.572	-0.933
-11.320	-2.664
-11.614	-2.137
-11.242	-2.755
POLYLINE BLACK
-10.845	-0.530
-10.400	-0.537
-10.711	-0.539
-9.916	-0.469
POLYLINE BLACK
-9.888	-0.383
-9.840	-0.981
-9.916	-0.195
-9.611	-1.527
-9.599	-1.582
-9.616	-1.640
-9.618	-1.697
POLYLINE BLACK
-9.643	-1.718
-10.784	-2.481
-8.306	-0.813
-10.723	-2.530
-10.809	-2.591
-10.909	-2.628
-11.004	-2.672
-11.029	-2.684
-11.055	-2.693
-11.082	-2.698
-11.123	-2.706
-11.166	-2.706
-11.208	-2.711
POLYLINE BLACK
-9.897	-0.520
-10.197	-0.633
-10.151	-0.603
-10.482	-0.801
-10.553	-0.844
-10.691	-0.927
-10.738	-1.016
-10.783	-1.102
-10.775	-1.195
-10.807	-1.291
-11.403	-3.089
-11.244	-2.301
-11.374	-2.974

