<?xml version="1.0" encoding="UTF-8"?>
<kml xmlns="http://www.opengis.net/kml/2.2">
<Document><name>495-master</name>
<Style id="fix"><IconStyle><Icon><href>https://maps.google.com/mapfiles/kml/paddle/red-blank.png</href></Icon><color>ff0000ff</color><hotSpot x="32" y="1" xunits="pixels" yunits="pixels"/></IconStyle></Style>
<Style id="exp"><IconStyle><Icon><href>https://maps.google.com/mapfiles/kml/paddle/blu-blank.png</href></Icon><color>ffff0000</color><hotSpot x="32" y="1" xunits="pixels" yunits="pixels"/></IconStyle></Style>
<Style id="ent"><IconStyle><Icon><href>https://maps.google.com/mapfiles/kml/paddle/grn-blank.png</href></Icon><color>ff00ff00</color><hotSpot x="32" y="1" xunits="pixels" yunits="pixels"/></IconStyle></Style>
<Style id="surf"><LineStyle><color>ff00ff00</color></LineStyle></Style>
<Style id="splay"><LineStyle><color>40ff00ff</color></LineStyle></Style>
<Placemark><MultiGeometry><LineString><altitudeMode>absolute</altitudeMode><coordinates>
13.04326120,47.53132832,1712.73
13.04331066,47.53131324,1715.44
</coordinates></LineString>
<LineString><altitudeMode>absolute</altitudeMode><coordinates>
13.04564471,47.53041155,1755.94
13.04568667,47.53043008,1757.76
</coordinates></LineString>
<LineString><altitudeMode>absolute</altitudeMode><coordinates>
13.04931060,47.52676638,1739.77
13.04929829,47.52677580,1738.34
</coordinates></LineString>
<LineString><altitudeMode>absolute</altitudeMode><coordinates>
13.04945289,47.53377242,1827.56
13.04939465,47.53379870,1831.32
13.04938788,47.53380227,1831.59
13.04942297,47.53383058,1830.26
13.04945289,47.53377242,1827.56
</coordinates></LineString>
<LineString><altitudeMode>absolute</altitudeMode><coordinates>
13.04945289,47.53377242,1827.56
13.04954483,47.53374753,1827.38
13.04949256,47.53371326,1829.36
13.04955318,47.53361207,1832.32
13.04952765,47.53362333,1832.64
13.04949905,47.53358838,1834.50
13.04947912,47.53353468,1838.04
13.04946598,47.53351646,1837.74
13.04949111,47.53350150,1837.26
13.04949009,47.53348259,1836.62
13.04960811,47.53345301,1832.38
13.04961147,47.53346638,1832.63
</coordinates></LineString>
<LineString><altitudeMode>absolute</altitudeMode><coordinates>
13.04961147,47.53346638,1832.63
13.04962635,47.53347357,1830.11
13.04970041,47.53345773,1824.01
13.04970074,47.53342372,1823.58
13.04972675,47.53343190,1821.77
13.04976068,47.53346631,1820.34
13.04979549,47.53345206,1819.53
13.04978905,47.53344286,1811.96
13.04985142,47.53344158,1806.18
13.04987475,47.53341786,1807.24
13.04993448,47.53348394,1798.60
</coordinates></LineString>
<LineString><altitudeMode>absolute</altitudeMode><coordinates>
13.04993448,47.53348394,1798.60
13.05001159,47.53346131,1795.92
13.05005679,47.53348575,1788.07
13.05009953,47.53347262,1784.77
13.05012863,47.53346897,1781.22
13.05014455,47.53343028,1781.84
13.05019689,47.53343756,1781.42
13.05023394,47.53340247,1781.26
13.05014891,47.53336278,1780.71
13.05011187,47.53336917,1780.66
</coordinates></LineString>
<LineString><altitudeMode>absolute</altitudeMode><coordinates>
13.05018173,47.53326975,1777.83
13.05014116,47.53332449,1780.58
13.05012546,47.53334321,1781.90
13.05011187,47.53336917,1780.66
</coordinates></LineString>
<LineString><altitudeMode>absolute</altitudeMode><coordinates>
13.05012773,47.53316373,1777.91
13.05014150,47.53317935,1778.26
13.05013430,47.53318724,1780.73
13.05010981,47.53316325,1782.31
13.05009871,47.53312572,1785.00
13.05011272,47.53312397,1785.58
13.05011085,47.53313519,1786.54
13.05012946,47.53314910,1789.46
</coordinates></LineString>
<LineString><altitudeMode>absolute</altitudeMode><coordinates>
13.05012946,47.53314910,1789.46
13.05020875,47.53317870,1786.09
13.05019525,47.53325262,1780.40
13.05018173,47.53326975,1777.83
</coordinates></LineString>
<LineString><altitudeMode>absolute</altitudeMode><coordinates>
13.05012773,47.53316373,1777.91
13.05017366,47.53323641,1780.57
13.05018173,47.53326975,1777.83
</coordinates></LineString>
<LineString><altitudeMode>absolute</altitudeMode><coordinates>
13.04919908,47.53253056,1758.65
13.04922824,47.53255391,1757.59
13.04919027,47.53257108,1757.50
13.04926779,47.53263395,1758.27
13.04931126,47.53262623,1759.15
13.04933541,47.53273093,1758.33
13.04936225,47.53273805,1759.92
13.04934951,47.53279857,1759.80
13.04931424,47.53278582,1758.84
13.04939624,47.53280323,1760.20
13.04942408,47.53277248,1759.49
13.04945233,47.53278106,1759.27
13.04949816,47.53272758,1759.83
13.04959375,47.53275125,1759.59
13.04962382,47.53277147,1760.19
13.04970158,47.53280996,1760.31
13.04973286,47.53284441,1760.96
13.04974795,47.53285313,1761.50
13.04974824,47.53287023,1762.71
13.04969715,47.53291165,1763.00
13.04970461,47.53294678,1764.10
13.04965857,47.53296301,1763.72
13.04966668,47.53298789,1763.98
</coordinates></LineString>
<LineString><altitudeMode>absolute</altitudeMode><coordinates>
13.04966668,47.53298789,1763.98
13.04969508,47.53301393,1763.91
13.04969705,47.53303619,1764.96
13.04971608,47.53304236,1766.35
13.04971651,47.53304156,1771.35
13.04977152,47.53308101,1772.09
13.04974989,47.53309441,1770.87
13.04976375,47.53310769,1766.61
13.04982349,47.53313066,1770.51
13.04981922,47.53313464,1774.01
13.04985455,47.53319580,1771.92
13.04990855,47.53318358,1774.20
13.04993539,47.53310854,1773.30
13.05009264,47.53312093,1776.72
13.05008748,47.53314190,1777.77
13.05012773,47.53316373,1777.91
</coordinates></LineString>
<LineString><altitudeMode>absolute</altitudeMode><coordinates>
13.04930060,47.53248378,1757.23
13.04925642,47.53245685,1757.29
13.04921741,47.53246986,1756.22
13.04919908,47.53253056,1758.65
</coordinates></LineString>
<LineString><altitudeMode>absolute</altitudeMode><coordinates>
13.04930060,47.53248378,1757.23
13.04928496,47.53249701,1757.23
13.04925859,47.53251312,1757.94
13.04923698,47.53250097,1759.15
13.04919908,47.53253056,1758.65
</coordinates></LineString>
<LineString><altitudeMode>absolute</altitudeMode><coordinates>
13.04835912,47.53194621,1754.84
13.04840766,47.53194155,1754.21
13.04850886,47.53193553,1754.84
13.04857145,47.53189224,1756.49
13.04860283,47.53187370,1755.22
13.04864602,47.53198457,1756.09
13.04866138,47.53206834,1756.67
13.04880553,47.53213297,1756.58
13.04883270,47.53209546,1754.36
13.04887284,47.53214149,1756.93
13.04890877,47.53216865,1755.54
13.04898912,47.53212665,1755.88
13.04897142,47.53219914,1756.35
13.04909539,47.53228835,1756.21
13.04907635,47.53230018,1756.01
13.04911700,47.53236863,1756.84
13.04919131,47.53238897,1756.71
13.04930060,47.53248378,1757.23
</coordinates></LineString>
<LineString><altitudeMode>absolute</altitudeMode><coordinates>
13.04826387,47.53203889,1754.70
13.04829000,47.53205455,1754.56
13.04826993,47.53205834,1753.39
13.04825111,47.53204974,1747.95
13.04827531,47.53204584,1743.00
13.04825927,47.53206275,1736.98
13.04823973,47.53204145,1741.75
13.04827201,47.53200592,1741.63
13.04829091,47.53200498,1741.36
13.04833117,47.53197255,1744.12
13.04837309,47.53195284,1747.26
13.04840040,47.53190075,1752.91
13.04843209,47.53191695,1755.88
13.04835912,47.53194621,1754.84
</coordinates></LineString>
<LineString><altitudeMode>absolute</altitudeMode><coordinates>
13.04826387,47.53203889,1754.70
13.04832314,47.53201705,1755.40
13.04831059,47.53196860,1755.52
13.04835912,47.53194621,1754.84
</coordinates></LineString>
<LineString><altitudeMode>absolute</altitudeMode><coordinates>
13.04812901,47.53141976,1745.91
13.04806476,47.53151855,1748.21
13.04805094,47.53155062,1749.01
13.04802733,47.53162121,1747.56
13.04799999,47.53165971,1750.61
13.04800934,47.53170144,1752.43
13.04807455,47.53175213,1752.44
13.04809025,47.53183051,1752.47
13.04808957,47.53189528,1752.84
13.04803420,47.53197667,1752.87
13.04797804,47.53201126,1752.44
13.04809394,47.53209962,1753.02
13.04815536,47.53207718,1754.19
13.04834426,47.53214257,1754.47
13.04826387,47.53203889,1754.70
</coordinates></LineString>
<LineString><altitudeMode>absolute</altitudeMode><coordinates>
13.04816833,47.53138057,1739.14
13.04822087,47.53144346,1748.72
</coordinates></LineString>
<LineString><altitudeMode>absolute</altitudeMode><coordinates>
13.04822087,47.53144346,1748.72
13.04823118,47.53144840,1742.38
13.04823663,47.53143752,1740.64
13.04823538,47.53144632,1733.92
13.04822079,47.53143482,1727.02
13.04818719,47.53143434,1725.76
13.04812899,47.53149175,1730.60
13.04812189,47.53148641,1733.51
13.04811231,47.53150802,1733.50
13.04814346,47.53152799,1734.66
13.04814014,47.53152073,1736.12
13.04812588,47.53151842,1736.94
13.04809726,47.53150551,1742.86
13.04812901,47.53141976,1745.91
</coordinates></LineString>
<LineString><altitudeMode>absolute</altitudeMode><coordinates>
13.04816833,47.53138057,1739.14
13.04816321,47.53140405,1745.59
13.04812901,47.53141976,1745.91
</coordinates></LineString>
<LineString><altitudeMode>absolute</altitudeMode><coordinates>
13.04761975,47.53052124,1741.96
13.04751621,47.53060100,1738.49
13.04748136,47.53057350,1739.35
</coordinates></LineString>
<LineString><altitudeMode>absolute</altitudeMode><coordinates>
13.04775617,47.53054363,1743.82
13.04766264,47.53053628,1742.32
13.04761975,47.53052124,1741.96
</coordinates></LineString>
<LineString><altitudeMode>absolute</altitudeMode><coordinates>
13.04775617,47.53054363,1743.82
13.04771478,47.53047390,1748.93
13.04761975,47.53052124,1741.96
</coordinates></LineString>
<LineString><altitudeMode>absolute</altitudeMode><coordinates>
13.04659837,47.53024055,1750.77
13.04668691,47.53027139,1749.06
13.04672245,47.53032680,1748.73
13.04680074,47.53040084,1747.80
13.04682715,47.53048749,1748.55
13.04689713,47.53052090,1748.21
13.04690217,47.53050686,1747.24
13.04698409,47.53052967,1748.12
13.04699623,47.53052825,1748.13
13.04703334,47.53051296,1748.43
13.04711133,47.53054884,1748.52
13.04725338,47.53053749,1749.71
13.04725503,47.53055021,1749.69
13.04737888,47.53055673,1748.90
13.04748584,47.53057466,1739.17
13.04748136,47.53057350,1739.35
</coordinates></LineString>
<LineString><altitudeMode>absolute</altitudeMode><coordinates>
13.04646031,47.52965087,1746.62
13.04640117,47.52970511,1749.74
13.04643970,47.52978009,1749.12
13.04647866,47.52979705,1749.29
13.04648689,47.52983309,1748.46
13.04649082,47.52985241,1749.07
13.04646124,47.52986181,1749.42
13.04643297,47.52991487,1748.58
13.04646109,47.52993388,1748.79
13.04653463,47.52994629,1749.54
13.04659726,47.52998434,1748.77
13.04664404,47.53004840,1749.59
13.04670411,47.53010521,1750.18
13.04663208,47.53013413,1750.78
13.04659495,47.53017174,1750.92
13.04661922,47.53018367,1750.60
13.04659837,47.53024055,1750.77
</coordinates></LineString>
<LineString><altitudeMode>absolute</altitudeMode><coordinates>
13.04669882,47.52950349,1748.14
13.04667159,47.52948179,1749.57
13.04667984,47.52946366,1749.82
</coordinates></LineString>
<LineString><altitudeMode>absolute</altitudeMode><coordinates>
13.04667984,47.52946366,1749.82
13.04662671,47.52944548,1751.85
13.04658910,47.52943494,1754.99
13.04654680,47.52941488,1756.53
13.04650726,47.52940268,1756.94
13.04645957,47.52943840,1753.75
13.04650756,47.52950194,1752.92
13.04648531,47.52955384,1749.98
13.04649665,47.52957761,1748.69
13.04650402,47.52961868,1749.00
</coordinates></LineString>
<LineString><altitudeMode>absolute</altitudeMode><coordinates>
13.04650402,47.52961868,1749.00
13.04646031,47.52965087,1746.62
</coordinates></LineString>
<LineString><altitudeMode>absolute</altitudeMode><coordinates>
13.04669882,47.52950349,1748.14
13.04664922,47.52951902,1751.22
13.04661213,47.52953027,1750.17
13.04659885,47.52955524,1748.95
13.04660692,47.52963834,1750.02
13.04651636,47.52963338,1749.62
13.04646031,47.52965087,1746.62
</coordinates></LineString>
<LineString><altitudeMode>absolute</altitudeMode><coordinates>
13.04779074,47.53081840,1750.92
13.04768034,47.53082165,1748.76
13.04767330,47.53083952,1748.42
13.04757816,47.53078265,1750.48
13.04761357,47.53074861,1750.55
13.04755987,47.53065618,1742.16
13.04746833,47.53068108,1742.38
13.04748598,47.53063513,1740.56
13.04748136,47.53057350,1739.35
</coordinates></LineString>
<LineString><altitudeMode>absolute</altitudeMode><coordinates>
13.04789424,47.53107607,1753.07
13.04792466,47.53105122,1748.55
13.04788718,47.53100864,1737.00
13.04787048,47.53095734,1728.12
13.04784269,47.53089010,1742.84
13.04785458,47.53088463,1743.38
13.04784274,47.53088155,1744.31
13.04784265,47.53086967,1745.25
13.04780313,47.53084983,1749.50
13.04779074,47.53081840,1750.92
</coordinates></LineString>
<LineString><altitudeMode>absolute</altitudeMode><coordinates>
13.04789424,47.53107607,1753.07
13.04792216,47.53109356,1753.27
13.04794581,47.53110071,1753.57
13.04801416,47.53117062,1751.23
</coordinates></LineString>
<LineString><altitudeMode>absolute</altitudeMode><coordinates>
13.04801416,47.53117062,1751.23
13.04802336,47.53116637,1751.61
13.04806309,47.53121635,1750.61
13.04811760,47.53127982,1750.70
13.04810629,47.53129088,1746.67
13.04808369,47.53132333,1749.95
13.04816833,47.53138057,1739.14
</coordinates></LineString>
<LineString><altitudeMode>absolute</altitudeMode><coordinates>
13.04789424,47.53107607,1753.07
13.04788826,47.53106544,1751.20
13.04783812,47.53093798,1750.54
13.04781680,47.53092538,1750.44
13.04783178,47.53089027,1749.90
13.04779074,47.53081840,1750.92
</coordinates></LineString>
<LineString><altitudeMode>absolute</altitudeMode><coordinates>
13.04600723,47.53029175,1749.28
13.04604693,47.53031393,1748.02
13.04613029,47.53032300,1747.39
13.04617838,47.53036612,1747.10
13.04626635,47.53034431,1746.52
13.04629052,47.53032312,1745.75
13.04632979,47.53031390,1745.59
13.04636264,47.53039175,1748.04
</coordinates></LineString>
<LineString><altitudeMode>absolute</altitudeMode><coordinates>
13.04636264,47.53039175,1748.04
13.04640218,47.53038235,1748.82
13.04644801,47.53033967,1750.37
13.04654366,47.53033266,1748.41
13.04655933,47.53028649,1748.08
13.04659224,47.53027680,1749.07
13.04659837,47.53024055,1750.77
</coordinates></LineString>
<LineString><altitudeMode>absolute</altitudeMode><coordinates>
13.04564471,47.53041155,1755.94
13.04561031,47.53043643,1757.78
13.04562195,47.53036986,1765.13
13.04566132,47.53036855,1764.77
13.04571333,47.53033839,1767.15
13.04573861,47.53032668,1766.71
13.04574078,47.53030044,1766.96
13.04577373,47.53029695,1766.99
13.04578152,47.53029096,1767.77
13.04585150,47.53028487,1764.58
13.04588252,47.53029403,1763.08
13.04593489,47.53029700,1761.91
13.04598607,47.53030696,1749.54
13.04600723,47.53029175,1749.28
</coordinates></LineString>
<LineString><altitudeMode>absolute</altitudeMode><coordinates>
13.04564471,47.53041155,1755.94
13.04568984,47.53035923,1757.15
13.04570018,47.53029543,1755.20
13.04581885,47.53030186,1753.34
13.04583242,47.53029417,1752.30
13.04586586,47.53027755,1750.26
13.04592768,47.53029435,1751.39
13.04600723,47.53029175,1749.28
</coordinates></LineString>
<LineString><altitudeMode>absolute</altitudeMode><coordinates>
13.04724402,47.53039606,1694.11
13.04725448,47.53039327,1702.04
13.04729265,47.53038879,1703.72
13.04731470,47.53042831,1703.68
13.04729162,47.53045221,1703.95
13.04735638,47.53046861,1701.40
13.04735785,47.53050427,1697.75
13.04737965,47.53051814,1716.69
13.04742273,47.53054596,1731.65
13.04744973,47.53056306,1736.22
13.04748136,47.53057350,1739.35
</coordinates></LineString>
<LineString><altitudeMode>absolute</altitudeMode><coordinates>
13.04527060,47.53053601,1752.95
13.04528201,47.53054709,1750.24
13.04527898,47.53057844,1749.71
</coordinates></LineString>
<LineString><altitudeMode>absolute</altitudeMode><coordinates>
13.04527898,47.53057844,1749.71
13.04528237,47.53057661,1751.68
13.04529884,47.53057320,1752.10
13.04531066,47.53058402,1752.27
13.04533350,47.53059890,1752.19
13.04532192,47.53061004,1751.62
13.04533251,47.53062192,1751.40
13.04533719,47.53064242,1751.22
13.04537959,47.53065997,1752.04
13.04537570,47.53066441,1751.87
13.04546159,47.53068441,1751.80
13.04548959,47.53067085,1750.67
13.04548521,47.53066015,1750.63
13.04550754,47.53065253,1751.16
13.04552813,47.53064199,1752.15
13.04553429,47.53060511,1755.84
13.04559585,47.53048216,1756.60
</coordinates></LineString>
<LineString><altitudeMode>absolute</altitudeMode><coordinates>
13.04559585,47.53048216,1756.60
13.04568667,47.53043008,1757.76
</coordinates></LineString>
<LineString><altitudeMode>absolute</altitudeMode><coordinates>
13.04527060,47.53053601,1752.95
13.04528165,47.53050686,1754.18
13.04531958,47.53049437,1752.38
</coordinates></LineString>
<LineString><altitudeMode>absolute</altitudeMode><coordinates>
13.04531958,47.53049437,1752.38
13.04530461,47.53048602,1752.34
13.04530003,47.53046263,1753.69
13.04531932,47.53045135,1753.33
13.04531164,47.53043979,1752.69
13.04532804,47.53043099,1751.66
13.04536632,47.53043074,1751.07
13.04543026,47.53043345,1752.04
13.04544304,47.53042206,1752.58
13.04548847,47.53042571,1752.85
13.04555103,47.53041922,1754.41
13.04556568,47.53044683,1754.41
13.04559613,47.53043898,1753.81
13.04561101,47.53043527,1755.46
13.04568667,47.53043008,1757.76
</coordinates></LineString>
<LineString><altitudeMode>absolute</altitudeMode><coordinates>
13.04439911,47.53099455,1754.32
13.04437413,47.53096596,1753.05
13.04442613,47.53091466,1753.28
</coordinates></LineString>
<LineString><altitudeMode>absolute</altitudeMode><coordinates>
13.04437680,47.53094765,1746.21
13.04438836,47.53090843,1748.64
13.04442613,47.53091466,1753.28
</coordinates></LineString>
<LineString><altitudeMode>absolute</altitudeMode><coordinates>
13.04436171,47.53098194,1744.57
13.04437680,47.53094765,1746.21
</coordinates></LineString>
<LineString><altitudeMode>absolute</altitudeMode><coordinates>
13.04439521,47.53095642,1742.01
13.04436906,47.53091998,1745.22
13.04437258,47.53093264,1746.97
13.04437680,47.53094765,1746.21
</coordinates></LineString>
<LineString><altitudeMode>absolute</altitudeMode><coordinates>
13.04439521,47.53095642,1742.01
13.04438232,47.53097447,1742.55
13.04436045,47.53098021,1743.27
13.04436171,47.53098194,1744.57
</coordinates></LineString>
<LineString><altitudeMode>absolute</altitudeMode><coordinates>
13.04439521,47.53095642,1742.01
13.04438001,47.53095085,1740.53
13.04433808,47.53095275,1740.87
13.04433231,47.53095076,1743.12
13.04432189,47.53092385,1744.14
13.04429921,47.53094776,1747.51
13.04431063,47.53097279,1746.75
13.04430146,47.53101943,1747.52
13.04434431,47.53100324,1743.82
13.04436171,47.53098194,1744.57
</coordinates></LineString>
<LineString><altitudeMode>absolute</altitudeMode><coordinates>
13.04426310,47.53104334,1754.25
13.04430511,47.53103902,1752.78
13.04429987,47.53104064,1752.01
13.04430328,47.53103485,1751.62
13.04432328,47.53103654,1751.59
13.04433439,47.53104123,1751.72
13.04434830,47.53104965,1752.40
13.04437628,47.53105463,1753.01
</coordinates></LineString>
<LineString><altitudeMode>absolute</altitudeMode><coordinates>
13.04437628,47.53105463,1753.01
13.04440536,47.53102651,1754.86
13.04439911,47.53099455,1754.32
</coordinates></LineString>
<LineString><altitudeMode>absolute</altitudeMode><coordinates>
13.04426310,47.53104334,1754.25
13.04423110,47.53109651,1750.60
13.04409878,47.53108904,1746.24
13.04402552,47.53112594,1743.01
13.04392108,47.53112641,1740.35
13.04387845,47.53113639,1739.98
13.04379484,47.53117339,1736.73
13.04378091,47.53121904,1732.20
13.04375260,47.53121595,1732.19
13.04376408,47.53124296,1732.82
13.04376983,47.53124918,1734.14
13.04375242,47.53126355,1735.71
13.04368238,47.53125686,1738.69
</coordinates></LineString>
<LineString><altitudeMode>absolute</altitudeMode><coordinates>
13.04426310,47.53104334,1754.25
13.04426759,47.53100490,1754.19
13.04432052,47.53096774,1757.37
13.04435452,47.53098245,1757.69
13.04439911,47.53099455,1754.32
</coordinates></LineString>
<LineString><altitudeMode>absolute</altitudeMode><coordinates>
13.04521736,47.53063147,1757.87
13.04528697,47.53058875,1756.51
</coordinates></LineString>
<LineString><altitudeMode>absolute</altitudeMode><coordinates>
13.04528697,47.53058875,1756.51
13.04531346,47.53057660,1755.38
13.04527060,47.53053601,1752.95
</coordinates></LineString>
<LineString><altitudeMode>absolute</altitudeMode><coordinates>
13.04472595,47.53086587,1760.10
13.04463661,47.53091762,1758.64
13.04451856,47.53091920,1756.91
</coordinates></LineString>
<LineString><altitudeMode>absolute</altitudeMode><coordinates>
13.04451856,47.53091920,1756.91
13.04442613,47.53091466,1753.28
</coordinates></LineString>
<LineString><altitudeMode>absolute</altitudeMode><coordinates>
13.04503253,47.53064254,1758.92
13.04503355,47.53063311,1757.87
13.04499678,47.53063923,1758.66
13.04490637,47.53062329,1758.96
13.04490395,47.53062406,1758.07
13.04485720,47.53061273,1759.25
13.04484570,47.53062909,1759.93
13.04487784,47.53065808,1756.46
13.04486762,47.53076840,1756.28
13.04483055,47.53078640,1758.40
13.04479002,47.53078652,1760.08
13.04472595,47.53086587,1760.10
</coordinates></LineString>
<LineString><altitudeMode>absolute</altitudeMode><coordinates>
13.04503253,47.53064254,1758.92
13.04487820,47.53054119,1763.65
13.04484129,47.53059410,1763.91
13.04485902,47.53061735,1763.65
13.04485324,47.53065487,1763.33
13.04487525,47.53067036,1764.05
13.04488555,47.53074000,1767.08
13.04484893,47.53079220,1765.30
13.04477079,47.53080355,1759.95
13.04472595,47.53086587,1760.10
</coordinates></LineString>
<LineString><altitudeMode>absolute</altitudeMode><coordinates>
13.04503253,47.53064254,1758.92
13.04516126,47.53059290,1758.85
13.04521736,47.53063147,1757.87
</coordinates></LineString>
<LineString><altitudeMode>absolute</altitudeMode><coordinates>
13.04357084,47.53141594,1760.84
13.04353838,47.53139910,1757.65
13.04356350,47.53138468,1756.44
13.04356407,47.53138721,1753.67
</coordinates></LineString>
<LineString><altitudeMode>absolute</altitudeMode><coordinates>
13.04356407,47.53138721,1753.67
13.04360718,47.53136050,1750.84
13.04360965,47.53126921,1742.97
13.04368238,47.53125686,1738.69
</coordinates></LineString>
<LineString><altitudeMode>absolute</altitudeMode><coordinates>
13.04344297,47.53149942,1763.60
13.04345786,47.53149212,1760.93
13.04349016,47.53147755,1759.87
13.04353809,47.53147468,1759.76
13.04357084,47.53141594,1760.84
</coordinates></LineString>
<LineString><altitudeMode>absolute</altitudeMode><coordinates>
13.04344297,47.53149942,1763.60
13.04351003,47.53149319,1768.40
13.04353709,47.53148024,1769.04
13.04357084,47.53141594,1760.84
</coordinates></LineString>
<LineString><altitudeMode>absolute</altitudeMode><coordinates>
13.04251603,47.53155145,1754.49
13.04255592,47.53160063,1756.65
13.04265724,47.53156987,1760.59
13.04267971,47.53159095,1761.03
13.04274506,47.53157362,1762.39
13.04283183,47.53155567,1762.01
13.04288066,47.53157171,1763.76
13.04293752,47.53160750,1762.66
13.04301970,47.53155906,1761.65
13.04308943,47.53155278,1762.20
13.04314625,47.53156814,1762.82
13.04336412,47.53151535,1764.64
</coordinates></LineString>
<LineString><altitudeMode>absolute</altitudeMode><coordinates>
13.04336412,47.53151535,1764.64
13.04333954,47.53146553,1766.48
13.04344297,47.53149942,1763.60
</coordinates></LineString>
<LineString><altitudeMode>absolute</altitudeMode><coordinates>
13.04204422,47.53193338,1759.44
13.04200158,47.53192968,1759.12
13.04208750,47.53187374,1759.28
13.04219476,47.53186198,1760.93
13.04222782,47.53186273,1760.50
13.04230414,47.53178269,1763.38
13.04229994,47.53173852,1761.31
13.04226198,47.53164825,1759.04
13.04230538,47.53163162,1758.02
13.04231353,47.53159118,1758.64
13.04238407,47.53153075,1758.09
13.04245156,47.53150949,1755.44
13.04245199,47.53152300,1753.84
13.04251603,47.53155145,1754.49
</coordinates></LineString>
<LineString><altitudeMode>absolute</altitudeMode><coordinates>
13.04154793,47.53222338,1756.98
13.04155878,47.53221745,1756.34
13.04157147,47.53220497,1755.31
13.04153959,47.53217608,1755.57
13.04150321,47.53216116,1752.07
13.04159636,47.53210759,1752.76
13.04167904,47.53203503,1754.36
13.04177438,47.53203666,1756.37
13.04177783,47.53199749,1757.81
13.04190282,47.53197713,1759.77
13.04190745,47.53194562,1759.56
13.04190238,47.53190693,1756.62
13.04187853,47.53189096,1756.60
13.04194114,47.53189365,1756.18
13.04197050,47.53190432,1756.11
13.04204422,47.53193338,1759.44
</coordinates></LineString>
<LineString><altitudeMode>absolute</altitudeMode><coordinates>
13.04154793,47.53222338,1756.98
13.04162959,47.53220336,1761.15
13.04165704,47.53217638,1761.09
13.04172035,47.53215659,1763.29
13.04179690,47.53212397,1764.91
13.04179333,47.53213786,1765.36
13.04193468,47.53211706,1764.46
13.04198677,47.53219524,1764.82
13.04199702,47.53217697,1763.15
13.04205363,47.53216237,1763.35
13.04209823,47.53213506,1764.20
13.04210753,47.53214934,1764.27
13.04214396,47.53213089,1764.19
13.04213444,47.53210823,1763.46
13.04205111,47.53206955,1762.99
13.04205346,47.53205295,1761.91
13.04204560,47.53203922,1760.17
13.04203691,47.53198338,1758.95
13.04203797,47.53195496,1758.20
13.04204422,47.53193338,1759.44
</coordinates></LineString>
<LineString><altitudeMode>absolute</altitudeMode><coordinates>
13.04037253,47.53262802,1753.51
13.04043503,47.53258364,1754.47
13.04045452,47.53257057,1755.27
13.04051302,47.53254817,1757.47
13.04054538,47.53252137,1758.37
13.04065235,47.53251375,1760.51
13.04065618,47.53250743,1758.76
13.04084234,47.53253895,1756.15
13.04089797,47.53251876,1756.89
13.04092442,47.53249725,1759.18
13.04100743,47.53243739,1759.16
13.04104238,47.53243709,1755.95
13.04108728,47.53245181,1752.90
13.04113150,47.53239875,1752.61
13.04118878,47.53238056,1751.10
13.04126988,47.53232931,1749.17
13.04127874,47.53232343,1749.19
13.04131220,47.53230250,1749.59
13.04139093,47.53229691,1749.66
13.04141821,47.53227803,1750.66
13.04148802,47.53228363,1749.95
13.04149067,47.53227324,1753.86
13.04154793,47.53222338,1756.98
</coordinates></LineString>
<LineString><altitudeMode>absolute</altitudeMode><coordinates>
13.03986464,47.53268682,1746.13
13.03994958,47.53267172,1747.51
13.03995189,47.53270586,1746.83
13.04000270,47.53268648,1747.42
13.04004003,47.53271178,1747.18
</coordinates></LineString>
<LineString><altitudeMode>absolute</altitudeMode><coordinates>
13.03986464,47.53268682,1746.13
13.03989449,47.53267743,1745.01
13.03990302,47.53270530,1744.63
13.03989418,47.53270343,1743.88
13.03985124,47.53274346,1742.59
13.03995494,47.53277376,1741.89
13.04000560,47.53273350,1746.11
13.04004003,47.53271178,1747.18
</coordinates></LineString>
<LineString><altitudeMode>absolute</altitudeMode><coordinates>
13.03921952,47.53298039,1762.99
13.03926659,47.53295456,1763.46
13.03920244,47.53288237,1766.71
13.03924292,47.53284797,1764.73
13.03937345,47.53274330,1759.29
13.03940423,47.53275166,1756.95
13.03943408,47.53277430,1757.06
13.03945583,47.53274327,1755.06
13.03950163,47.53272291,1756.63
13.03949137,47.53267378,1759.36
13.03966532,47.53265174,1752.67
13.03971007,47.53269867,1748.68
13.03981180,47.53271435,1746.85
13.03985205,47.53268958,1747.91
13.03986464,47.53268682,1746.13
</coordinates></LineString>
<LineString><altitudeMode>absolute</altitudeMode><coordinates>
13.04055347,47.53274620,1755.62
13.04050176,47.53276826,1759.20
13.04052493,47.53280609,1760.06
13.04051578,47.53283428,1761.51
13.04053408,47.53282442,1762.02
13.04054031,47.53285701,1763.93
13.04055593,47.53285512,1754.57
13.04056191,47.53284065,1755.05
13.04055555,47.53284018,1752.06
13.04056967,47.53282152,1752.17
13.04057708,47.53279024,1752.19
13.04055014,47.53280013,1752.68
13.04054395,47.53277708,1753.30
13.04054778,47.53276347,1755.40
13.04055347,47.53274620,1755.62
</coordinates></LineString>
<LineString><altitudeMode>absolute</altitudeMode><coordinates>
13.04055347,47.53274620,1755.62
13.04054723,47.53269975,1757.52
13.04048409,47.53268283,1755.29
13.04045899,47.53267539,1755.13
13.04045776,47.53265476,1755.62
13.04037253,47.53262802,1753.51
</coordinates></LineString>
<LineString><altitudeMode>absolute</altitudeMode><coordinates>
13.03580934,47.53474382,1755.33
13.03577298,47.53471773,1756.24
13.03578986,47.53467861,1758.30
13.03578270,47.53462468,1759.55
13.03581260,47.53463176,1759.04
13.03583619,47.53460859,1759.75
13.03584656,47.53460121,1760.12
13.03588587,47.53457326,1762.07
13.03602888,47.53452253,1762.36
13.03607989,47.53453358,1760.30
13.03610408,47.53450484,1760.87
13.03622546,47.53446741,1759.16
13.03626589,47.53454468,1756.03
13.03627495,47.53451910,1754.73
13.03626955,47.53451073,1754.03
13.03631053,47.53447364,1751.31
13.03640046,47.53441390,1750.29
13.03641074,47.53445520,1751.00
13.03644120,47.53445806,1751.10
13.03646733,47.53444510,1750.19
13.03645709,47.53443809,1748.96
13.03649062,47.53441202,1749.55
13.03649379,47.53438751,1749.77
13.03650141,47.53440420,1748.85
13.03658648,47.53437830,1747.78
13.03661367,47.53438687,1747.82
13.03667825,47.53435468,1750.56
13.03663834,47.53432043,1747.69
13.03669111,47.53432682,1746.01
13.03675817,47.53432077,1747.32
13.03682281,47.53432989,1746.56
13.03687380,47.53429513,1745.73
13.03689015,47.53427723,1744.19
13.03690234,47.53426736,1743.48
13.03694528,47.53427395,1745.22
13.03698215,47.53424713,1747.88
13.03702987,47.53423976,1745.58
13.03705921,47.53420832,1744.26
13.03705491,47.53426638,1741.76
13.03710821,47.53423390,1739.84
13.03711168,47.53418366,1740.77
</coordinates></LineString>
<LineString><altitudeMode>absolute</altitudeMode><coordinates>
13.03711168,47.53418366,1740.77
13.03722292,47.53409036,1747.22
13.03728402,47.53410536,1749.04
13.03724490,47.53410685,1752.01
13.03731060,47.53406964,1750.42
13.03729042,47.53405121,1751.25
13.03733004,47.53401490,1754.20
13.03741414,47.53397603,1754.63
13.03742274,47.53401253,1751.36
13.03756210,47.53404524,1742.18
13.03759509,47.53404428,1742.14
13.03764939,47.53405600,1739.30
13.03769707,47.53406033,1737.89
13.03777347,47.53406029,1735.70
13.03783193,47.53406759,1733.72
13.03785113,47.53404065,1733.46
13.03788042,47.53400723,1733.75
13.03789015,47.53393514,1735.12
13.03786446,47.53391157,1736.29
13.03793901,47.53382574,1733.91
13.03802954,47.53385303,1733.50
13.03802309,47.53381575,1731.18
13.03806305,47.53379520,1731.61
13.03817456,47.53368400,1738.87
13.03823046,47.53366021,1739.33
13.03834255,47.53366159,1744.80
13.03835302,47.53366951,1744.36
13.03836232,47.53366580,1743.14
13.03837078,47.53368853,1742.27
13.03841022,47.53369622,1743.04
13.03843054,47.53366435,1744.73
13.03851021,47.53364439,1744.99
13.03852963,47.53360117,1745.88
13.03851450,47.53358642,1746.45
13.03848279,47.53358525,1746.71
13.03853186,47.53347370,1753.29
13.03855881,47.53347074,1752.73
13.03867465,47.53344627,1757.46
13.03868396,47.53336778,1758.96
13.03868577,47.53336547,1755.77
13.03868689,47.53334975,1754.10
13.03872471,47.53331179,1756.68
13.03874496,47.53324978,1758.47
13.03880259,47.53320091,1760.73
13.03875435,47.53317264,1761.23
13.03878238,47.53314424,1760.04
13.03885038,47.53305587,1762.54
13.03890941,47.53301944,1762.08
13.03901206,47.53297810,1763.62
13.03921952,47.53298039,1762.99
</coordinates></LineString>
<LineString><altitudeMode>absolute</altitudeMode><coordinates>
13.03639547,47.53484646,1745.89
13.03632024,47.53483977,1744.03
13.03631480,47.53488242,1746.04
13.03626502,47.53493799,1750.52
13.03616836,47.53488270,1752.16
13.03611341,47.53491685,1752.24
13.03603923,47.53492836,1753.85
13.03604395,47.53490504,1756.36
</coordinates></LineString>
<LineString><altitudeMode>absolute</altitudeMode><coordinates>
13.03604395,47.53490504,1756.36
13.03597392,47.53489098,1758.32
13.03593144,47.53491130,1759.78
13.03587408,47.53487838,1761.93
13.03592648,47.53486263,1760.45
13.03593257,47.53482422,1760.06
13.03581126,47.53481341,1755.92
13.03580934,47.53474382,1755.33
</coordinates></LineString>
<LineString><altitudeMode>absolute</altitudeMode><coordinates>
13.03651649,47.53491467,1747.49
13.03638322,47.53487549,1746.76
13.03639547,47.53484646,1745.89
</coordinates></LineString>
<LineString><altitudeMode>absolute</altitudeMode><coordinates>
13.03671640,47.53498036,1744.07
13.03664439,47.53496959,1744.09
13.03660610,47.53490981,1745.86
13.03651649,47.53491467,1747.49
</coordinates></LineString>
<LineString><altitudeMode>absolute</altitudeMode><coordinates>
13.03685544,47.53492920,1748.86
13.03679169,47.53492478,1747.93
13.03671640,47.53498036,1744.07
</coordinates></LineString>
<LineString><altitudeMode>absolute</altitudeMode><coordinates>
13.03708039,47.53484739,1754.43
13.03698717,47.53491346,1752.83
13.03694284,47.53488373,1750.76
13.03685544,47.53492920,1748.86
</coordinates></LineString>
<LineString><altitudeMode>absolute</altitudeMode><coordinates>
13.03743883,47.53500200,1746.88
13.03749270,47.53500391,1748.03
13.03745373,47.53501926,1755.48
13.03745458,47.53502503,1756.54
13.03744279,47.53505615,1757.01
13.03743572,47.53507096,1756.28
13.03749388,47.53507565,1750.30
13.03746950,47.53509872,1750.21
13.03744049,47.53514267,1745.80
13.03744229,47.53511211,1744.44
13.03744869,47.53509386,1744.55
13.03746253,47.53505765,1745.84
13.03745349,47.53504706,1746.22
13.03744942,47.53503160,1745.38
13.03743883,47.53500200,1746.88
</coordinates></LineString>
<LineString><altitudeMode>absolute</altitudeMode><coordinates>
13.03715373,47.53481553,1755.64
13.03717134,47.53483149,1758.58
13.03716221,47.53485194,1760.24
13.03716086,47.53486667,1759.37
13.03714510,47.53485452,1758.94
13.03708039,47.53484739,1754.43
</coordinates></LineString>
<LineString><altitudeMode>absolute</altitudeMode><coordinates>
13.03715373,47.53481553,1755.64
13.03723775,47.53484648,1756.34
13.03731507,47.53484322,1749.72
13.03734478,47.53488746,1749.54
13.03740064,47.53485395,1749.02
13.03746391,47.53487456,1747.68
13.03743883,47.53500200,1746.88
</coordinates></LineString>
<LineString><altitudeMode>absolute</altitudeMode><coordinates>
13.03715373,47.53481553,1755.64
13.03713614,47.53485248,1754.27
13.03708039,47.53484739,1754.43
</coordinates></LineString>
<LineString><altitudeMode>absolute</altitudeMode><coordinates>
13.03672527,47.53502037,1745.33
13.03677098,47.53501333,1749.17
13.03678266,47.53498869,1750.98
13.03681131,47.53499026,1751.49
13.03683245,47.53498262,1751.82
13.03684049,47.53495603,1753.53
13.03687359,47.53495210,1754.67
13.03687474,47.53493187,1755.74
13.03686746,47.53493103,1755.75
13.03688291,47.53491959,1756.55
13.03690302,47.53490743,1757.83
13.03687894,47.53487273,1753.56
</coordinates></LineString>
<LineString><altitudeMode>absolute</altitudeMode><coordinates>
13.03687894,47.53487273,1753.56
13.03687821,47.53487803,1752.45
13.03684988,47.53489653,1750.25
13.03685544,47.53492920,1748.86
</coordinates></LineString>
<LineString><altitudeMode>absolute</altitudeMode><coordinates>
13.03672527,47.53502037,1745.33
13.03670785,47.53501369,1744.16
13.03670616,47.53500214,1744.02
13.03671640,47.53498036,1744.07
</coordinates></LineString>
<LineString><altitudeMode>absolute</altitudeMode><coordinates>
13.03670652,47.53506361,1743.05
13.03673763,47.53505244,1746.22
13.03673575,47.53503873,1746.10
13.03672527,47.53502037,1745.33
</coordinates></LineString>
<LineString><altitudeMode>absolute</altitudeMode><coordinates>
13.03676663,47.53555676,1715.52
13.03670569,47.53556966,1718.18
13.03669115,47.53554269,1737.42
13.03670616,47.53552873,1738.24
13.03667474,47.53547708,1744.13
13.03665562,47.53544813,1744.92
13.03664251,47.53543279,1751.14
13.03663212,47.53539419,1755.26
13.03663034,47.53538138,1756.32
</coordinates></LineString>
<LineString><altitudeMode>absolute</altitudeMode><coordinates>
13.03663034,47.53538138,1756.32
13.03662040,47.53533442,1758.07
13.03663984,47.53534402,1758.86
13.03669969,47.53526442,1759.12
13.03673094,47.53523526,1755.90
13.03675483,47.53524296,1755.26
13.03675394,47.53518509,1753.90
13.03670817,47.53519375,1753.23
13.03670398,47.53517082,1751.84
13.03671183,47.53514918,1750.59
13.03671505,47.53515554,1748.92
13.03672069,47.53514681,1747.50
13.03674397,47.53515306,1746.51
13.03677781,47.53512943,1744.47
13.03670569,47.53511425,1741.56
13.03669300,47.53505564,1742.16
13.03670652,47.53506361,1743.05
</coordinates></LineString>
<LineString><altitudeMode>absolute</altitudeMode><coordinates>
13.04351314,47.53130625,1728.85
13.04348844,47.53131645,1728.39
13.04345625,47.53130312,1731.21
13.04341437,47.53130754,1729.81
13.04337878,47.53132484,1729.09
13.04334093,47.53130673,1729.79
13.04332077,47.53130558,1731.35
13.04333239,47.53131109,1735.22
13.04329995,47.53131881,1736.53
13.04329341,47.53130196,1738.80
13.04326480,47.53129590,1739.13
13.04323322,47.53131273,1737.34
13.04314733,47.53129632,1735.47
13.04306426,47.53130084,1732.33
13.04302202,47.53128266,1730.61
13.04294493,47.53129053,1727.94
13.04292342,47.53122942,1728.48
13.04289785,47.53120964,1729.83
13.04288963,47.53118421,1729.54
13.04282883,47.53118641,1728.04
13.04276133,47.53119012,1727.90
13.04275203,47.53120787,1728.43
13.04271239,47.53121637,1727.03
13.04265968,47.53122249,1727.60
13.04263023,47.53123908,1727.68
13.04259314,47.53124313,1727.36
13.04259552,47.53121132,1726.84
13.04255980,47.53119298,1729.14
13.04251008,47.53116891,1727.22
13.04247688,47.53116484,1726.86
13.04242267,47.53121844,1727.67
13.04237186,47.53126977,1731.70
13.04240750,47.53131896,1734.33
13.04237631,47.53133598,1734.52
13.04244293,47.53136645,1738.48
13.04243492,47.53139979,1740.49
13.04244777,47.53141495,1741.13
13.04239959,47.53144220,1744.30
13.04238384,47.53147261,1744.97
13.04245638,47.53148006,1748.64
13.04250316,47.53147969,1749.18
13.04250366,47.53150903,1753.39
13.04248595,47.53152070,1753.99
13.04247912,47.53153642,1753.29
13.04251603,47.53155145,1754.49
</coordinates></LineString>
<LineString><altitudeMode>absolute</altitudeMode><coordinates>
13.04351314,47.53130625,1728.85
13.04356454,47.53132441,1731.41
</coordinates></LineString>
<LineString><altitudeMode>absolute</altitudeMode><coordinates>
13.04356454,47.53132441,1731.41
13.04363068,47.53132536,1734.26
13.04366435,47.53131666,1735.80
13.04362052,47.53129117,1737.96
13.04364822,47.53128579,1738.57
13.04368238,47.53125686,1738.69
</coordinates></LineString>
<LineString><altitudeMode>absolute</altitudeMode><coordinates>
13.04775235,47.53042460,1715.62
13.04775604,47.53043241,1715.22
13.04779144,47.53043445,1715.46
13.04778903,47.53041353,1716.23
13.04782519,47.53042017,1714.55
13.04782508,47.53043025,1714.22
13.04785712,47.53042621,1714.58
13.04786527,47.53040349,1716.03
13.04793303,47.53041760,1721.54
13.04795225,47.53042612,1724.56
13.04796008,47.53041923,1724.10
13.04801950,47.53044688,1724.83
13.04808499,47.53047589,1725.82
13.04809401,47.53045481,1725.44
13.04818627,47.53042839,1723.93
13.04817276,47.53043428,1738.42
13.04817885,47.53043484,1740.07
13.04812854,47.53041949,1740.61
</coordinates></LineString>
<LineString><altitudeMode>absolute</altitudeMode><coordinates>
13.04812854,47.53041949,1740.61
13.04818156,47.53040132,1745.50
13.04818830,47.53038442,1746.86
13.04822536,47.53039162,1745.09
13.04830824,47.53040311,1748.72
13.04832777,47.53039607,1748.29
13.04833404,47.53043109,1753.59
13.04832351,47.53044288,1754.78
13.04831846,47.53045368,1755.32
13.04829647,47.53045888,1755.99
13.04834582,47.53046098,1760.21
13.04836341,47.53047739,1760.57
13.04833867,47.53045681,1762.79
13.04831075,47.53048234,1763.66
13.04833795,47.53049396,1766.38
13.04833366,47.53050577,1767.07
</coordinates></LineString>
<LineString><altitudeMode>absolute</altitudeMode><coordinates>
13.04833366,47.53050577,1767.07
13.04832216,47.53051133,1767.35
13.04826799,47.53049952,1767.16
13.04823847,47.53049677,1765.23
13.04821147,47.53050477,1764.74
13.04819152,47.53051964,1763.49
13.04818854,47.53050672,1763.01
13.04817116,47.53050606,1762.13
13.04814440,47.53049337,1760.69
13.04811053,47.53050719,1758.67
13.04805396,47.53050290,1757.63
13.04804060,47.53054073,1756.69
13.04801868,47.53054063,1755.93
13.04802938,47.53056016,1756.58
13.04794996,47.53057023,1752.55
13.04793644,47.53055848,1750.25
13.04787283,47.53057567,1748.85
13.04775617,47.53054363,1743.82
</coordinates></LineString>
<LineString><altitudeMode>absolute</altitudeMode><coordinates>
13.04775235,47.53042460,1715.62
13.04774943,47.53041727,1716.64
13.04775693,47.53040848,1716.86
13.04772747,47.53039682,1718.19
13.04771368,47.53042475,1719.84
13.04767254,47.53040570,1720.05
13.04767476,47.53040304,1722.19
13.04761554,47.53038430,1719.88
13.04759254,47.53039174,1719.22
13.04758683,47.53038093,1717.08
</coordinates></LineString>
<LineString><altitudeMode>absolute</altitudeMode><coordinates>
13.04758683,47.53038093,1717.08
13.04757590,47.53039964,1710.80
13.04762465,47.53041433,1710.27
</coordinates></LineString>
<LineString><altitudeMode>absolute</altitudeMode><coordinates>
13.04775235,47.53042460,1715.62
13.04775679,47.53042297,1709.90
13.04771939,47.53043916,1710.50
13.04770455,47.53043810,1710.56
13.04769343,47.53042621,1710.47
13.04767779,47.53043602,1710.22
13.04765001,47.53042547,1709.85
13.04762465,47.53041433,1710.27
</coordinates></LineString>
<LineString><altitudeMode>absolute</altitudeMode><coordinates>
13.04739300,47.53038411,1669.58
13.04740037,47.53037524,1674.37
13.04741648,47.53036354,1679.81
13.04742425,47.53035837,1687.49
13.04743371,47.53032190,1688.17
13.04742816,47.53033540,1697.67
13.04742346,47.53034027,1699.61
13.04744460,47.53034333,1699.09
13.04745034,47.53034990,1698.21
</coordinates></LineString>
<LineString><altitudeMode>absolute</altitudeMode><coordinates>
13.04745034,47.53034990,1698.21
13.04753385,47.53038012,1696.73
13.04752200,47.53037713,1706.37
13.04753671,47.53038890,1707.53
13.04754099,47.53039887,1709.32
13.04755785,47.53040626,1710.15
13.04762465,47.53041433,1710.27
</coordinates></LineString>
<LineString><altitudeMode>absolute</altitudeMode><coordinates>
13.04739300,47.53038411,1669.58
13.04737547,47.53030166,1666.08
</coordinates></LineString>
<LineString><altitudeMode>absolute</altitudeMode><coordinates>
13.04737547,47.53030166,1666.08
13.04728740,47.53032247,1663.11
13.04727402,47.53034312,1683.14
13.04724061,47.53034111,1688.71
</coordinates></LineString>
<LineString><altitudeMode>absolute</altitudeMode><coordinates>
13.04724061,47.53034111,1688.71
13.04721319,47.53033525,1688.03
13.04719992,47.53035284,1690.58
13.04725093,47.53039960,1690.29
13.04724402,47.53039606,1694.11
</coordinates></LineString>
<LineString><altitudeMode>absolute</altitudeMode><coordinates>
13.04739300,47.53038411,1669.58
13.04736255,47.53036694,1670.84
13.04737896,47.53037568,1679.30
13.04735948,47.53035645,1694.35
13.04735810,47.53036138,1694.52
</coordinates></LineString>
<LineString><altitudeMode>absolute</altitudeMode><coordinates>
13.04735810,47.53036138,1694.52
13.04736242,47.53036307,1694.54
13.04728945,47.53039251,1694.18
13.04726608,47.53038150,1694.02
13.04724402,47.53039606,1694.11
</coordinates></LineString>
<LineString><altitudeMode>absolute</altitudeMode><coordinates>
13.04884129,47.52853386,1744.09
13.04889524,47.52854054,1745.71
13.04892024,47.52855078,1749.44
13.04894754,47.52859569,1749.02
13.04898661,47.52862038,1748.51
13.04900992,47.52864741,1748.50
13.04894841,47.52866517,1743.95
13.04886828,47.52861558,1742.59
13.04887622,47.52855201,1743.67
13.04884129,47.52853386,1744.09
</coordinates></LineString>
<LineString><altitudeMode>absolute</altitudeMode><coordinates>
13.04884129,47.52853386,1744.09
13.04874135,47.52844137,1744.22
13.04868309,47.52845757,1743.59
13.04861689,47.52838706,1743.01
13.04844415,47.52838070,1741.57
13.04842751,47.52833498,1740.15
13.04840360,47.52833835,1739.68
13.04839644,47.52832023,1739.59
13.04840371,47.52822803,1743.31
13.04842082,47.52819305,1742.13
13.04841057,47.52815049,1743.95
13.04838810,47.52811178,1744.17
13.04859066,47.52807347,1744.95
13.04870258,47.52811155,1745.71
13.04868280,47.52804309,1746.05
13.04862140,47.52801487,1746.06
13.04860944,47.52798984,1745.82
13.04852350,47.52798576,1745.13
13.04844601,47.52791165,1746.62
13.04842866,47.52787086,1746.22
13.04831755,47.52787194,1743.66
13.04826859,47.52789531,1746.43
13.04820142,47.52789741,1749.11
13.04815213,47.52790098,1749.82
13.04803607,47.52795668,1748.24
13.04799692,47.52798418,1748.49
13.04786799,47.52797154,1747.74
</coordinates></LineString>
<LineString><altitudeMode>absolute</altitudeMode><coordinates>
13.04641659,47.52843876,1754.20
13.04640523,47.52844046,1753.83
13.04639101,47.52841925,1753.83
13.04635599,47.52841055,1754.59
13.04632566,47.52839366,1755.33
13.04627252,47.52836495,1755.46
13.04625610,47.52834568,1755.55
13.04622998,47.52835865,1755.61
13.04621780,47.52836816,1756.18
13.04628285,47.52835874,1757.81
13.04629071,47.52836544,1757.79
13.04635759,47.52841049,1758.04
13.04640978,47.52840742,1759.71
13.04644447,47.52843933,1759.20
13.04640841,47.52843367,1755.80
13.04641659,47.52843876,1754.20
</coordinates></LineString>
<LineString><altitudeMode>absolute</altitudeMode><coordinates>
13.04641659,47.52843876,1754.20
13.04642627,47.52847852,1752.61
13.04643010,47.52849703,1752.27
13.04642578,47.52849174,1753.16
13.04640863,47.52853851,1751.59
13.04655981,47.52854243,1749.92
</coordinates></LineString>
<LineString><altitudeMode>absolute</altitudeMode><coordinates>
13.04798146,47.52769570,1725.07
13.04797471,47.52771286,1723.79
13.04799228,47.52775491,1724.09
13.04801230,47.52775957,1725.02
13.04800594,47.52777332,1718.03
13.04802323,47.52779089,1720.06
13.04795030,47.52779064,1717.76
13.04794715,47.52780732,1718.26
13.04789122,47.52778954,1721.11
</coordinates></LineString>
<LineString><altitudeMode>absolute</altitudeMode><coordinates>
13.04798146,47.52769570,1725.07
13.04796586,47.52770794,1726.93
13.04794737,47.52771914,1726.43
13.04793059,47.52773829,1724.46
13.04791509,47.52774784,1723.30
13.04792962,47.52777508,1721.87
13.04789122,47.52778954,1721.11
</coordinates></LineString>
<LineString><altitudeMode>absolute</altitudeMode><coordinates>
13.04799914,47.52765595,1725.37
13.04798146,47.52769570,1725.07
</coordinates></LineString>
<LineString><altitudeMode>absolute</altitudeMode><coordinates>
13.04802500,47.52751053,1722.04
13.04804794,47.52752964,1723.31
13.04801991,47.52754383,1722.27
13.04800090,47.52756924,1723.71
13.04804026,47.52759681,1723.78
13.04799914,47.52765595,1725.37
</coordinates></LineString>
<LineString><altitudeMode>absolute</altitudeMode><coordinates>
13.04846592,47.52740718,1737.24
13.04850533,47.52740506,1737.49
13.04850981,47.52741674,1738.50
13.04850827,47.52744038,1738.98
13.04846225,47.52745256,1738.47
13.04846929,47.52745978,1739.09
13.04846629,47.52746531,1740.99
13.04845647,47.52745786,1740.86
13.04846695,47.52743311,1743.78
13.04847236,47.52741619,1744.22
13.04841431,47.52743392,1743.07
13.04840113,47.52743118,1743.37
13.04839606,47.52746385,1745.78
13.04837773,47.52743888,1745.74
13.04830600,47.52743847,1745.67
13.04830732,47.52744947,1745.48
13.04829521,47.52746789,1747.70
13.04818587,47.52751795,1740.32
13.04816327,47.52752566,1740.93
13.04812936,47.52751942,1740.36
13.04809245,47.52751879,1739.38
13.04807156,47.52753373,1738.20
13.04807579,47.52757735,1736.48
13.04804280,47.52757499,1732.21
13.04799914,47.52765595,1725.37
</coordinates></LineString>
<LineString><altitudeMode>absolute</altitudeMode><coordinates>
13.04846592,47.52740718,1737.24
13.04844417,47.52742777,1734.66
13.04835325,47.52742173,1730.76
13.04829421,47.52743053,1730.98
13.04822415,47.52749979,1727.35
13.04814266,47.52747591,1724.37
13.04808571,47.52752137,1725.23
13.04802500,47.52751053,1722.04
</coordinates></LineString>
<LineString><altitudeMode>absolute</altitudeMode><coordinates>
13.04742142,47.52857367,1685.58
13.04739366,47.52858795,1684.74
13.04734935,47.52858990,1684.48
13.04730811,47.52860908,1684.38
13.04733236,47.52863946,1684.45
13.04737963,47.52866168,1685.23
</coordinates></LineString>
<LineString><altitudeMode>absolute</altitudeMode><coordinates>
13.04742142,47.52857367,1685.58
13.04741253,47.52860933,1688.90
13.04737963,47.52866168,1685.23
</coordinates></LineString>
<LineString><altitudeMode>absolute</altitudeMode><coordinates>
13.04743137,47.52759005,1719.09
13.04744205,47.52758528,1717.77
13.04746242,47.52758041,1717.21
13.04748810,47.52760082,1717.17
13.04753749,47.52763396,1716.34
13.04758902,47.52765221,1715.94
13.04768832,47.52767928,1716.46
</coordinates></LineString>
<LineString><altitudeMode>absolute</altitudeMode><coordinates>
13.04785930,47.52767598,1727.18
13.04782612,47.52767496,1727.53
13.04781793,47.52765233,1730.27
13.04777180,47.52764578,1729.93
13.04771674,47.52764026,1730.39
13.04765189,47.52762997,1729.36
13.04761879,47.52760556,1729.10
13.04759688,47.52756929,1729.46
13.04755320,47.52757205,1729.62
13.04751196,47.52757000,1725.09
13.04743137,47.52759005,1719.09
</coordinates></LineString>
<LineString><altitudeMode>absolute</altitudeMode><coordinates>
13.04789122,47.52778954,1721.11
13.04783801,47.52771269,1723.92
13.04785930,47.52767598,1727.18
</coordinates></LineString>
<LineString><altitudeMode>absolute</altitudeMode><coordinates>
13.04789122,47.52778954,1721.11
13.04783838,47.52775976,1715.32
13.04778251,47.52780128,1720.23
13.04776873,47.52785755,1719.33
13.04784087,47.52785374,1746.37
13.04788726,47.52788189,1745.59
13.04786182,47.52793365,1746.52
13.04786799,47.52797154,1747.74
</coordinates></LineString>
<LineString><altitudeMode>absolute</altitudeMode><coordinates>
13.04776884,47.52770413,1718.02
13.04779945,47.52769206,1718.71
13.04782401,47.52768168,1720.77
13.04783838,47.52767769,1723.07
13.04784802,47.52766481,1725.21
13.04785930,47.52767598,1727.18
</coordinates></LineString>
<LineString><altitudeMode>absolute</altitudeMode><coordinates>
13.04776884,47.52770413,1718.02
13.04773268,47.52767967,1718.34
13.04769897,47.52767865,1717.88
</coordinates></LineString>
<LineString><altitudeMode>absolute</altitudeMode><coordinates>
13.04769897,47.52767865,1717.88
13.04768832,47.52767928,1716.46
</coordinates></LineString>
<LineString><altitudeMode>absolute</altitudeMode><coordinates>
13.04776884,47.52770413,1718.02
13.04778452,47.52771826,1717.15
13.04789122,47.52778954,1721.11
</coordinates></LineString>
<LineString><altitudeMode>absolute</altitudeMode><coordinates>
13.04944453,47.52678027,1750.64
13.04937946,47.52681164,1746.66
13.04932816,47.52685522,1748.66
13.04929652,47.52685585,1750.00
13.04921368,47.52685768,1749.95
13.04918560,47.52687709,1751.72
13.04914910,47.52690464,1750.31
13.04910003,47.52688805,1748.98
13.04908769,47.52690197,1748.01
13.04907426,47.52692730,1748.35
</coordinates></LineString>
<LineString><altitudeMode>absolute</altitudeMode><coordinates>
13.04931060,47.52676638,1739.77
13.04935461,47.52679043,1742.27
13.04937157,47.52679162,1743.38
13.04938882,47.52676717,1745.39
13.04940591,47.52676476,1746.49
13.04943240,47.52675621,1748.10
13.04944453,47.52678027,1750.64
</coordinates></LineString>
<LineString><altitudeMode>absolute</altitudeMode><coordinates>
13.04927782,47.52682989,1733.66
13.04926741,47.52685626,1734.12
13.04918072,47.52686873,1730.13
13.04914632,47.52685780,1731.70
</coordinates></LineString>
<LineString><altitudeMode>absolute</altitudeMode><coordinates>
13.04914632,47.52685780,1731.70
13.04914397,47.52684966,1731.68
13.04910183,47.52684309,1733.46
13.04913877,47.52681781,1737.55
13.04910262,47.52680756,1739.39
13.04906380,47.52682607,1738.65
13.04910960,47.52686284,1739.48
13.04911001,47.52687329,1739.73
13.04907794,47.52689623,1741.99
13.04910680,47.52690977,1741.78
</coordinates></LineString>
<LineString><altitudeMode>absolute</altitudeMode><coordinates>
13.04910680,47.52690977,1741.78
13.04907426,47.52692730,1748.35
</coordinates></LineString>
<LineString><altitudeMode>absolute</altitudeMode><coordinates>
13.04927782,47.52682989,1733.66
13.04931217,47.52677783,1737.76
13.04929829,47.52677580,1738.34
</coordinates></LineString>
<LineString><altitudeMode>absolute</altitudeMode><coordinates>
13.04797184,47.52746787,1716.71
13.04796778,47.52747716,1716.33
13.04793811,47.52751040,1712.63
13.04792016,47.52752161,1710.53
13.04790673,47.52753641,1708.65
13.04787556,47.52754920,1706.57
13.04784074,47.52757110,1704.67
13.04780492,47.52756608,1704.30
13.04780784,47.52758413,1704.74
13.04784054,47.52760160,1704.78
13.04784767,47.52763844,1703.61
13.04781409,47.52767350,1702.88
13.04782834,47.52771189,1702.86
13.04779407,47.52772607,1702.50
13.04776586,47.52772001,1703.00
13.04772205,47.52774059,1705.65
13.04767324,47.52774201,1707.38
13.04766024,47.52771632,1709.76
13.04765048,47.52769654,1711.18
13.04763364,47.52770651,1714.00
13.04766855,47.52768947,1715.30
13.04768832,47.52767928,1716.46
</coordinates></LineString>
<LineString><altitudeMode>absolute</altitudeMode><coordinates>
13.04797184,47.52746787,1716.71
13.04799023,47.52747367,1719.49
13.04799885,47.52748129,1722.40
13.04800323,47.52748856,1721.84
</coordinates></LineString>
<LineString><altitudeMode>absolute</altitudeMode><coordinates>
13.04800323,47.52748856,1721.84
13.04802500,47.52751053,1722.04
</coordinates></LineString>
<LineString><altitudeMode>absolute</altitudeMode><coordinates>
13.04907426,47.52692730,1748.35
13.04908143,47.52691302,1746.30
13.04903187,47.52692406,1741.72
13.04905191,47.52692449,1740.86
13.04900708,47.52696926,1735.40
13.04899770,47.52698557,1734.38
13.04896594,47.52700014,1732.12
13.04895760,47.52702439,1729.46
13.04895205,47.52705219,1728.91
13.04890953,47.52707747,1726.60
13.04888852,47.52713524,1726.96
13.04886060,47.52713243,1726.01
13.04880831,47.52718822,1725.04
13.04873797,47.52720772,1723.45
13.04876424,47.52723013,1725.18
13.04865524,47.52723889,1718.20
13.04863299,47.52726218,1715.76
13.04860648,47.52725687,1714.32
13.04856117,47.52728201,1713.63
13.04856535,47.52729108,1714.11
13.04852046,47.52730876,1713.87
13.04847572,47.52732942,1713.07
13.04844409,47.52733329,1714.07
13.04842082,47.52731939,1714.00
13.04834128,47.52733973,1710.27
13.04832892,47.52732575,1710.20
13.04830242,47.52738100,1708.30
13.04823682,47.52736602,1707.63
13.04821549,47.52734649,1707.55
13.04819297,47.52733378,1708.87
13.04812854,47.52733386,1708.47
13.04807701,47.52734414,1710.79
13.04807896,47.52736307,1711.91
13.04807896,47.52737755,1714.69
13.04805311,47.52736865,1716.61
13.04802351,47.52740018,1713.59
13.04801298,47.52744419,1717.33
13.04798709,47.52746165,1716.26
13.04797184,47.52746787,1716.71
</coordinates></LineString>
<LineString><altitudeMode>absolute</altitudeMode><coordinates>
13.04907426,47.52692730,1748.35
13.04902120,47.52693224,1748.23
13.04899072,47.52696241,1746.19
13.04896490,47.52697799,1748.16
13.04899762,47.52705224,1747.51
13.04895926,47.52706914,1746.04
13.04890865,47.52713000,1744.45
13.04887576,47.52713565,1746.94
13.04885550,47.52719830,1746.23
13.04881157,47.52724704,1742.46
13.04875434,47.52724634,1738.83
13.04866654,47.52728155,1738.44
13.04864302,47.52729960,1739.36
13.04859514,47.52729051,1740.56
13.04854371,47.52734101,1738.13
13.04855460,47.52736252,1739.14
13.04849289,47.52737866,1737.37
13.04846592,47.52740718,1737.24
</coordinates></LineString>
<LineString><altitudeMode>absolute</altitudeMode><coordinates>
13.04737686,47.52839627,1749.08
13.04732591,47.52835869,1748.87
13.04720539,47.52838417,1748.73
13.04715081,47.52836219,1749.08
13.04703402,47.52833725,1748.68
13.04691116,47.52833282,1748.83
13.04690486,47.52835224,1750.31
13.04684056,47.52831650,1749.20
13.04675021,47.52830245,1749.82
13.04669408,47.52827909,1750.11
13.04665823,47.52826417,1750.29
13.04657490,47.52828291,1750.13
13.04657821,47.52831896,1749.57
13.04660715,47.52840530,1749.32
13.04657494,47.52844983,1749.34
13.04655981,47.52854243,1749.92
</coordinates></LineString>
<LineString><altitudeMode>absolute</altitudeMode><coordinates>
13.04746993,47.52834432,1699.97
13.04741427,47.52837999,1701.88
13.04739763,47.52843082,1701.22
13.04740903,47.52846026,1700.86
13.04746997,47.52847569,1701.70
13.04746425,47.52852941,1696.87
13.04746043,47.52858585,1696.70
13.04746312,47.52860641,1693.39
13.04750700,47.52858035,1696.84
13.04751930,47.52856058,1696.23
13.04757669,47.52854617,1687.97
13.04754307,47.52855369,1685.84
13.04753817,47.52856045,1684.34
</coordinates></LineString>
<LineString><altitudeMode>absolute</altitudeMode><coordinates>
13.04753817,47.52856045,1684.34
13.04747391,47.52855918,1684.77
13.04743291,47.52857198,1684.30
13.04742142,47.52857367,1685.58
</coordinates></LineString>
<LineString><altitudeMode>absolute</altitudeMode><coordinates>
13.04746993,47.52834432,1699.97
13.04744023,47.52834993,1699.37
13.04742944,47.52837917,1725.93
13.04748729,47.52839932,1728.72
13.04749893,47.52840780,1728.96
</coordinates></LineString>
<LineString><altitudeMode>absolute</altitudeMode><coordinates>
13.04749893,47.52840780,1728.96
13.04752491,47.52835578,1735.77
13.04755323,47.52836211,1737.84
13.04753407,47.52835594,1740.10
13.04751568,47.52834672,1740.91
13.04748302,47.52835327,1740.55
13.04746765,47.52836983,1741.19
13.04745811,47.52838704,1739.34
13.04741807,47.52841722,1738.30
13.04738467,47.52844707,1738.96
13.04737640,47.52844099,1741.49
13.04740087,47.52839740,1748.95
13.04737686,47.52839627,1749.08
</coordinates></LineString>
<LineString><altitudeMode>absolute</altitudeMode><coordinates>
13.04755122,47.52825167,1749.61
13.04754808,47.52823983,1748.42
13.04751537,47.52821182,1748.63
13.04752127,47.52817458,1742.17
13.04752645,47.52818178,1741.71
13.04753681,47.52818546,1721.83
13.04754842,47.52821626,1721.45
13.04754134,47.52823530,1718.31
13.04751205,47.52826180,1696.40
13.04746633,47.52829107,1699.40
13.04746993,47.52834432,1699.97
</coordinates></LineString>
<LineString><altitudeMode>absolute</altitudeMode><coordinates>
13.04755122,47.52825167,1749.61
13.04763706,47.52817277,1748.73
13.04764215,47.52813570,1749.39
13.04768231,47.52808824,1747.92
13.04769725,47.52806141,1749.13
13.04782761,47.52801414,1749.03
13.04786799,47.52797154,1747.74
</coordinates></LineString>
<LineString><altitudeMode>absolute</altitudeMode><coordinates>
13.04755122,47.52825167,1749.61
13.04749675,47.52828754,1749.33
13.04737686,47.52839627,1749.08
</coordinates></LineString>
<LineString><altitudeMode>absolute</altitudeMode><coordinates>
13.04934347,47.52695114,1722.37
13.04940125,47.52695509,1721.52
13.04943185,47.52695012,1723.22
13.04941973,47.52694380,1723.33
13.04943474,47.52694738,1725.27
13.04945057,47.52694333,1727.66
13.04946575,47.52694602,1730.66
</coordinates></LineString>
<LineString><altitudeMode>absolute</altitudeMode><coordinates>
13.04932793,47.52690804,1724.53
13.04933816,47.52690794,1722.25
13.04932271,47.52691272,1721.79
13.04934347,47.52695114,1722.37
</coordinates></LineString>
<LineString><altitudeMode>absolute</altitudeMode><coordinates>
13.04932793,47.52690804,1724.53
13.04932701,47.52687545,1728.59
13.04929521,47.52685160,1731.20
13.04929346,47.52683439,1732.96
13.04927782,47.52682989,1733.66
</coordinates></LineString>
<LineString><altitudeMode>absolute</altitudeMode><coordinates>
13.04932793,47.52690804,1724.53
13.04935074,47.52692337,1724.83
13.04934347,47.52695114,1722.37
</coordinates></LineString>
<LineString><altitudeMode>absolute</altitudeMode><coordinates>
13.04953215,47.52699682,1740.26
13.04952942,47.52697374,1738.58
13.04950164,47.52697767,1729.71
13.04950294,47.52695700,1728.59
13.04946575,47.52694602,1730.66
</coordinates></LineString>
<LineString><altitudeMode>absolute</altitudeMode><coordinates>
13.04953215,47.52699682,1740.26
13.04955063,47.52700019,1740.41
13.04956665,47.52698733,1740.09
13.04956754,47.52697762,1740.43
13.04963227,47.52698035,1736.59
13.04965575,47.52698488,1736.00
13.04965737,47.52696278,1736.50
13.04968160,47.52693619,1739.74
13.04966642,47.52692289,1739.56
13.04967697,47.52691074,1744.39
13.04971107,47.52687587,1746.69
13.04974729,47.52689529,1746.63
13.04975407,47.52688074,1747.36
13.04977553,47.52686454,1746.79
13.04976898,47.52683681,1746.19
13.04973911,47.52682928,1743.81
13.04973897,47.52681155,1743.88
13.04974825,47.52680496,1744.05
</coordinates></LineString>
<LineString><altitudeMode>absolute</altitudeMode><coordinates>
13.04974825,47.52680496,1744.05
13.04974785,47.52677274,1745.55
13.04970416,47.52673978,1749.48
13.04969689,47.52673525,1749.50
13.04967089,47.52672338,1749.07
13.04963931,47.52672950,1749.54
13.04961463,47.52671792,1749.67
13.04958451,47.52672416,1748.91
13.04954952,47.52672905,1749.10
13.04952754,47.52675576,1750.95
13.04944453,47.52678027,1750.64
</coordinates></LineString>
<LineString><altitudeMode>absolute</altitudeMode><coordinates>
13.04953215,47.52699682,1740.26
13.04950645,47.52695184,1739.51
13.04948732,47.52695187,1739.49
13.04947808,47.52693957,1739.58
13.04943950,47.52694458,1739.25
13.04941053,47.52694481,1739.23
13.04941086,47.52693951,1739.40
13.04939971,47.52693914,1739.26
13.04939255,47.52692444,1737.65
13.04941107,47.52691224,1738.07
13.04941428,47.52690825,1737.54
13.04942258,47.52690632,1736.82
13.04941837,47.52692668,1733.96
13.04943832,47.52692980,1732.94
13.04944135,47.52693768,1732.12
13.04945167,47.52693867,1731.72
13.04945623,47.52694829,1730.81
13.04946575,47.52694602,1730.66
</coordinates></LineString>
<LineString><altitudeMode>absolute</altitudeMode><coordinates>
13.04331066,47.53131324,1715.44
13.04331505,47.53133086,1716.24
13.04336126,47.53133507,1719.46
13.04341649,47.53133259,1720.78
13.04344624,47.53133661,1723.27
13.04345999,47.53133837,1723.55
13.04350582,47.53133519,1727.64
13.04351314,47.53130625,1728.85
</coordinates></LineString>
<LineString><altitudeMode>absolute</altitudeMode><coordinates>
13.04326120,47.53132832,1712.73
13.04327568,47.53133199,1712.61
13.04329624,47.53133306,1712.54
13.04331937,47.53135406,1710.28
13.04335961,47.53135088,1710.31
13.04340191,47.53136042,1707.87
13.04342510,47.53133697,1708.62
13.04345533,47.53130662,1709.03
13.04346844,47.53131134,1712.62
13.04347569,47.53131281,1715.80
13.04349894,47.53129854,1717.58
13.04340452,47.53131520,1713.27
13.04339067,47.53130164,1714.60
13.04334176,47.53131296,1715.92
13.04331066,47.53131324,1715.44
</coordinates></LineString>
<LineString><altitudeMode>absolute</altitudeMode><coordinates>
13.04321252,47.53131201,1714.36
13.04328461,47.53130991,1714.36
13.04329518,47.53131855,1714.34
13.04331066,47.53131324,1715.44
</coordinates></LineString>
<LineString><altitudeMode>absolute</altitudeMode><coordinates>
13.04321252,47.53131201,1714.36
13.04322283,47.53132047,1714.06
13.04320611,47.53133791,1712.70
13.04320984,47.53135885,1710.66
13.04322307,47.53135691,1710.53
13.04327130,47.53134604,1710.08
13.04326120,47.53132832,1712.73
</coordinates></LineString>
<LineString><altitudeMode>absolute</altitudeMode><coordinates>
13.04321252,47.53131201,1714.36
13.04322571,47.53128245,1710.55
13.04324492,47.53130519,1709.63
13.04326120,47.53132832,1712.73
</coordinates></LineString>
<LineString><altitudeMode>absolute</altitudeMode><coordinates>
13.04579720,47.52760602,1655.78
13.04579848,47.52758220,1655.12
13.04583090,47.52756790,1653.66
</coordinates></LineString>
<LineString><altitudeMode>absolute</altitudeMode><coordinates>
13.04583090,47.52756790,1653.66
13.04581688,47.52751979,1653.09
13.04577894,47.52747532,1656.94
13.04570333,47.52745415,1658.99
13.04569965,47.52742808,1660.55
13.04571953,47.52742932,1662.15
13.04572035,47.52738596,1662.10
13.04571015,47.52735996,1662.16
13.04574809,47.52735449,1661.58
13.04578176,47.52728839,1663.57
13.04575752,47.52727942,1663.73
13.04580324,47.52726095,1668.35
13.04579432,47.52727582,1668.46
13.04587357,47.52718818,1679.05
13.04588620,47.52722025,1678.66
13.04596020,47.52727730,1675.98
13.04599921,47.52730370,1675.89
13.04600237,47.52732589,1675.85
13.04609185,47.52733830,1677.97
13.04616882,47.52735482,1678.36
13.04625322,47.52740044,1678.39
13.04635989,47.52740064,1682.50
13.04639871,47.52743946,1684.03
13.04649467,47.52746683,1685.98
13.04652467,47.52744628,1686.65
13.04665144,47.52747040,1690.11
13.04669773,47.52747605,1699.19
</coordinates></LineString>
<LineString><altitudeMode>absolute</altitudeMode><coordinates>
13.04669773,47.52747605,1699.19
13.04668415,47.52747680,1701.80
13.04674930,47.52749690,1702.74
13.04676421,47.52752829,1700.22
13.04678826,47.52752834,1698.25
13.04686813,47.52755966,1701.58
13.04689938,47.52756965,1702.09
13.04691889,47.52758447,1702.91
13.04695250,47.52756686,1707.77
13.04698671,47.52758994,1706.74
13.04701962,47.52760175,1707.65
13.04705619,47.52757223,1708.04
13.04707569,47.52756950,1707.60
13.04712538,47.52753705,1710.24
13.04714227,47.52746148,1718.67
13.04721422,47.52745605,1720.96
13.04726026,47.52746106,1722.76
13.04727349,47.52746273,1721.74
13.04729112,47.52747086,1720.02
13.04730390,47.52747728,1719.06
13.04728836,47.52749520,1717.62
13.04731827,47.52752324,1717.23
13.04731705,47.52754527,1717.67
13.04743137,47.52759005,1719.09
</coordinates></LineString>
<LineString><altitudeMode>absolute</altitudeMode><coordinates>
13.04567797,47.52767535,1653.52
13.04572443,47.52764779,1657.60
13.04577602,47.52766460,1658.99
</coordinates></LineString>
<LineString><altitudeMode>absolute</altitudeMode><coordinates>
13.04577602,47.52766460,1658.99
13.04564926,47.52757930,1672.65
13.04568521,47.52751629,1671.32
13.04569539,47.52747471,1669.72
13.04570623,47.52745474,1671.01
13.04568684,47.52743317,1665.58
13.04570866,47.52747161,1663.84
13.04574237,47.52748334,1660.44
13.04571380,47.52751939,1658.80
13.04572602,47.52753354,1658.25
13.04571087,47.52755173,1657.22
13.04576697,47.52759345,1655.86
13.04580218,47.52760071,1656.15
13.04579720,47.52760602,1655.78
</coordinates></LineString>
<LineString><altitudeMode>absolute</altitudeMode><coordinates>
13.04567797,47.52767535,1653.52
13.04569053,47.52766287,1653.41
13.04570031,47.52766772,1653.15
13.04573884,47.52766064,1653.90
13.04574849,47.52767268,1653.74
13.04576954,47.52763894,1654.70
13.04578251,47.52765445,1654.92
13.04580410,47.52762774,1656.02
13.04579720,47.52760602,1655.78
</coordinates></LineString>
<LineString><altitudeMode>absolute</altitudeMode><coordinates>
13.04517720,47.52768022,1639.73
13.04525720,47.52767942,1639.75
13.04528903,47.52767744,1638.59
13.04530428,47.52762803,1639.21
13.04535354,47.52762887,1640.68
13.04539368,47.52760337,1640.40
13.04542578,47.52762993,1641.70
13.04551166,47.52764273,1642.83
13.04556658,47.52771286,1644.24
13.04555133,47.52762622,1652.01
13.04555769,47.52766241,1652.69
13.04564130,47.52770415,1654.56
13.04566699,47.52768137,1654.83
13.04567797,47.52767535,1653.52
</coordinates></LineString>
<LineString><altitudeMode>absolute</altitudeMode><coordinates>
13.03936795,47.53313302,1752.98
13.03931327,47.53313136,1753.23
13.03932611,47.53312573,1752.28
13.03928890,47.53306166,1752.91
13.03930846,47.53305011,1754.40
13.03929060,47.53304099,1755.05
13.03931819,47.53302077,1756.04
13.03934449,47.53302113,1755.61
13.03927289,47.53298868,1761.85
13.03921952,47.53298039,1762.99
</coordinates></LineString>
<LineString><altitudeMode>absolute</altitudeMode><coordinates>
13.03936795,47.53313302,1752.98
13.03934932,47.53318030,1755.55
13.03938880,47.53319393,1753.68
13.03936795,47.53313302,1752.98
</coordinates></LineString>
<LineString><altitudeMode>absolute</altitudeMode><coordinates>
13.03715365,47.53544766,1713.45
13.03709617,47.53547835,1711.90
13.03702105,47.53548652,1711.63
13.03702604,47.53553105,1710.15
</coordinates></LineString>
<LineString><altitudeMode>absolute</altitudeMode><coordinates>
13.03680736,47.53556555,1712.87
13.03677686,47.53557466,1712.93
13.03676663,47.53555676,1715.52
</coordinates></LineString>
<LineString><altitudeMode>absolute</altitudeMode><coordinates>
13.03680736,47.53556555,1712.87
13.03689207,47.53555306,1703.51
13.03688681,47.53557294,1707.02
13.03690470,47.53555300,1708.09
13.03694468,47.53553200,1709.86
13.03697054,47.53551904,1710.13
13.03702604,47.53553105,1710.15
</coordinates></LineString>
<LineString><altitudeMode>absolute</altitudeMode><coordinates>
13.04472250,47.52743536,1626.85
13.04473586,47.52744773,1625.18
13.04476793,47.52746070,1622.55
</coordinates></LineString>
<LineString><altitudeMode>absolute</altitudeMode><coordinates>
13.04472250,47.52743536,1626.85
13.04471565,47.52741598,1624.39
13.04473933,47.52742214,1623.61
13.04474449,47.52744068,1623.60
13.04476793,47.52746070,1622.55
</coordinates></LineString>
<LineString><altitudeMode>absolute</altitudeMode><coordinates>
13.04476077,47.52742440,1621.52
13.04478784,47.52741118,1627.78
13.04485130,47.52743368,1629.91
13.04485519,47.52746488,1633.94
13.04488051,47.52748781,1634.79
13.04493143,47.52752251,1634.48
13.04499663,47.52758059,1634.94
13.04505658,47.52757972,1635.72
13.04515393,47.52764482,1636.72
13.04517461,47.52767117,1637.92
13.04517720,47.52768022,1639.73
</coordinates></LineString>
<LineString><altitudeMode>absolute</altitudeMode><coordinates>
13.04476077,47.52742440,1621.52
13.04480185,47.52744526,1621.13
13.04476793,47.52746070,1622.55
</coordinates></LineString>
<LineString><altitudeMode>absolute</altitudeMode><coordinates>
13.04483352,47.52735806,1613.65
13.04484644,47.52740723,1618.96
13.04476077,47.52742440,1621.52
</coordinates></LineString>
<LineString><altitudeMode>absolute</altitudeMode><coordinates>
13.04483352,47.52735806,1613.65
13.04480218,47.52734700,1614.65
13.04477487,47.52733817,1615.95
13.04477444,47.52732493,1615.84
13.04475536,47.52731264,1615.92
13.04470872,47.52732363,1615.99
13.04472455,47.52733029,1617.34
13.04469778,47.52732857,1619.02
13.04468426,47.52733131,1621.38
13.04465994,47.52734565,1623.07
13.04466203,47.52735748,1625.24
13.04466125,47.52736061,1630.25
13.04468200,47.52737060,1630.43
13.04469742,47.52738454,1629.49
13.04471446,47.52740147,1628.40
13.04473766,47.52740277,1627.41
13.04474590,47.52743126,1626.76
13.04472250,47.52743536,1626.85
</coordinates></LineString>
<LineString><altitudeMode>absolute</altitudeMode><coordinates>
13.04481589,47.52731412,1611.71
13.04483352,47.52735806,1613.65
</coordinates></LineString>
<LineString><altitudeMode>absolute</altitudeMode><coordinates>
13.04490886,47.52724345,1600.27
13.04492615,47.52725364,1604.86
13.04491531,47.52730574,1605.46
13.04481589,47.52731412,1611.71
</coordinates></LineString>
<LineString><altitudeMode>absolute</altitudeMode><coordinates>
13.04488535,47.52718969,1604.00
13.04491166,47.52716800,1604.42
13.04490562,47.52715908,1606.42
13.04493827,47.52717412,1607.83
13.04493549,47.52718451,1608.97
13.04493889,47.52723244,1611.15
13.04488322,47.52721125,1612.87
13.04487396,47.52722441,1613.57
13.04486217,47.52722349,1613.78
13.04483501,47.52719639,1614.21
13.04483014,47.52722753,1615.94
13.04487082,47.52724802,1615.81
13.04490918,47.52725614,1615.61
13.04492965,47.52725226,1615.57
13.04492468,47.52726441,1615.71
13.04496532,47.52727204,1614.33
13.04496125,47.52729563,1615.85
13.04493068,47.52730330,1617.11
13.04490489,47.52728945,1617.79
13.04488470,47.52730351,1617.12
13.04487110,47.52730498,1616.38
13.04485765,47.52731645,1615.35
13.04483814,47.52730874,1614.00
13.04481610,47.52732267,1612.39
13.04481589,47.52731412,1611.71
</coordinates></LineString>
<LineString><altitudeMode>absolute</altitudeMode><coordinates>
13.04488535,47.52718969,1604.00
13.04489115,47.52723361,1601.80
13.04490886,47.52724345,1600.27
</coordinates></LineString>
<LineString><altitudeMode>absolute</altitudeMode><coordinates>
13.04490886,47.52724345,1600.27
13.04492198,47.52722631,1602.82
13.04492067,47.52722592,1602.82
13.04492805,47.52719536,1602.53
13.04488535,47.52718969,1604.00
</coordinates></LineString>
<LineString><altitudeMode>absolute</altitudeMode><coordinates>
13.04545906,47.52781748,1514.05
13.04546338,47.52779776,1514.16
13.04544526,47.52779196,1515.45
13.04539341,47.52775724,1513.87
13.04536059,47.52774300,1512.23
13.04535145,47.52772080,1512.05
13.04531174,47.52770627,1510.83
13.04531810,47.52769603,1510.67
13.04529429,47.52767187,1510.79
13.04526975,47.52765282,1510.62
13.04521840,47.52767606,1510.65
13.04517489,47.52766731,1510.65
13.04514495,47.52767553,1510.79
13.04512052,47.52768240,1509.83
13.04506408,47.52767451,1507.91
13.04503629,47.52768942,1508.00
13.04504712,47.52773064,1508.06
13.04500264,47.52777271,1509.53
13.04499765,47.52782131,1510.39
</coordinates></LineString>
<LineString><altitudeMode>absolute</altitudeMode><coordinates>
13.04498691,47.52781348,1511.47
13.04493492,47.52773593,1518.80
13.04497011,47.52771511,1524.30
13.04497696,47.52769147,1525.22
13.04504177,47.52768142,1530.88
13.04504499,47.52767706,1532.99
13.04502698,47.52765048,1533.05
13.04514080,47.52762291,1544.12
13.04517763,47.52762920,1545.43
13.04521270,47.52761153,1542.87
</coordinates></LineString>
<LineString><altitudeMode>absolute</altitudeMode><coordinates>
13.04521270,47.52761153,1542.87
13.04525490,47.52761261,1551.56
13.04532151,47.52761510,1554.11
13.04534729,47.52760753,1554.40
13.04533903,47.52761549,1567.59
13.04523552,47.52756585,1578.78
13.04522161,47.52755041,1580.26
13.04520887,47.52756072,1581.08
13.04516352,47.52752980,1581.82
13.04518839,47.52752906,1583.29
13.04521923,47.52747865,1589.34
13.04516350,47.52743379,1591.39
13.04513197,47.52743865,1591.69
13.04507043,47.52740368,1593.51
13.04509399,47.52735954,1595.38
13.04505323,47.52731970,1596.69
13.04499777,47.52728555,1598.12
13.04499577,47.52725348,1598.85
13.04490886,47.52724345,1600.27
</coordinates></LineString>
<LineString><altitudeMode>absolute</altitudeMode><coordinates>
13.04498691,47.52781348,1511.47
13.04499765,47.52782131,1510.39
</coordinates></LineString>
<LineString><altitudeMode>absolute</altitudeMode><coordinates>
13.04697517,47.52916365,1743.30
13.04699181,47.52911264,1745.42
13.04697309,47.52910153,1749.33
13.04696235,47.52907237,1748.02
13.04694373,47.52906584,1747.19
13.04691793,47.52897344,1749.21
13.04686031,47.52895815,1748.29
13.04690037,47.52894902,1747.17
13.04693430,47.52892252,1741.07
13.04696342,47.52888972,1743.14
13.04696754,47.52887890,1741.41
</coordinates></LineString>
<LineString><altitudeMode>absolute</altitudeMode><coordinates>
13.04696754,47.52887890,1741.41
13.04692657,47.52885877,1740.94
13.04692433,47.52885828,1740.68
13.04690581,47.52884537,1740.78
13.04688298,47.52882707,1740.89
13.04687994,47.52881235,1741.26
13.04685860,47.52878940,1741.19
13.04687109,47.52874282,1741.60
13.04681374,47.52873816,1741.80
13.04678042,47.52873372,1741.39
13.04676460,47.52873759,1741.35
13.04670846,47.52872179,1741.68
13.04670025,47.52871031,1741.01
13.04667108,47.52870882,1741.87
13.04666505,47.52867794,1742.08
13.04664710,47.52861735,1745.29
13.04655837,47.52858488,1748.86
13.04655981,47.52854243,1749.92
</coordinates></LineString>
<LineString><altitudeMode>absolute</altitudeMode><coordinates>
13.04697517,47.52916365,1743.30
13.04698582,47.52919155,1741.70
13.04700781,47.52918985,1741.29
</coordinates></LineString>
<LineString><altitudeMode>absolute</altitudeMode><coordinates>
13.04700781,47.52918985,1741.29
13.04705615,47.52920480,1733.20
13.04704017,47.52920210,1722.97
13.04700201,47.52921009,1705.21
13.04699426,47.52923992,1699.77
13.04691480,47.52918296,1700.36
13.04687479,47.52916563,1700.15
13.04683662,47.52912008,1699.48
13.04687604,47.52909969,1700.12
13.04684926,47.52907665,1700.36
</coordinates></LineString>
<LineString><altitudeMode>absolute</altitudeMode><coordinates>
13.04684926,47.52907665,1700.36
13.04684750,47.52907050,1699.64
13.04687557,47.52903355,1692.63
13.04691942,47.52904050,1691.41
13.04691673,47.52903425,1688.51
13.04697136,47.52910519,1687.81
13.04699799,47.52912868,1687.24
13.04706126,47.52911716,1683.32
13.04703666,47.52906779,1682.57
13.04707729,47.52900405,1683.08
13.04709084,47.52898259,1683.28
13.04710639,47.52892878,1682.63
13.04715461,47.52883224,1685.41
13.04723469,47.52879392,1681.17
13.04726865,47.52873790,1684.45
13.04730220,47.52872173,1684.37
13.04733575,47.52870548,1684.32
13.04737963,47.52866168,1685.23
</coordinates></LineString>
<LineString><altitudeMode>absolute</altitudeMode><coordinates>
13.04697517,47.52916365,1743.30
13.04696795,47.52922211,1749.40
</coordinates></LineString>
<LineString><altitudeMode>absolute</altitudeMode><coordinates>
13.04696795,47.52922211,1749.40
13.04706160,47.52931558,1748.34
13.04707916,47.52938651,1750.41
13.04706835,47.52943780,1747.05
13.04693468,47.52948105,1749.13
13.04689774,47.52952416,1749.27
13.04677206,47.52950987,1748.97
13.04669882,47.52950349,1748.14
</coordinates></LineString>
<LineString><altitudeMode>absolute</altitudeMode><coordinates>
13.03697815,47.53549694,1715.46
13.03702604,47.53553105,1710.15
</coordinates></LineString>
<LineString><altitudeMode>absolute</altitudeMode><coordinates>
13.03697815,47.53549694,1715.46
13.03697553,47.53548862,1716.58
13.03694691,47.53549721,1717.01
13.03688297,47.53552986,1714.94
13.03688727,47.53550384,1714.59
13.03686651,47.53550448,1714.29
13.03686491,47.53551894,1714.06
13.03681385,47.53553426,1711.11
13.03680736,47.53556555,1712.87
</coordinates></LineString>
<LineString><altitudeMode>absolute</altitudeMode><coordinates>
13.03711552,47.53548318,1721.31
13.03712787,47.53546918,1720.59
13.03715365,47.53544766,1713.45
</coordinates></LineString>
<LineString><altitudeMode>absolute</altitudeMode><coordinates>
13.03711552,47.53548318,1721.31
13.03717517,47.53546576,1724.36
13.03721794,47.53546964,1726.17
13.03723964,47.53545777,1726.82
13.03725805,47.53543820,1722.99
</coordinates></LineString>
<LineString><altitudeMode>absolute</altitudeMode><coordinates>
13.03725805,47.53543820,1722.99
13.03721597,47.53546547,1721.94
13.03719704,47.53547063,1717.24
13.03715365,47.53544766,1713.45
</coordinates></LineString>
<LineString><altitudeMode>absolute</altitudeMode><coordinates>
13.03711552,47.53548318,1721.31
13.03707016,47.53545595,1718.56
13.03706156,47.53544438,1717.80
13.03704263,47.53546016,1717.33
13.03702263,47.53544425,1716.28
13.03697815,47.53549694,1715.46
</coordinates></LineString>
<LineString><altitudeMode>absolute</altitudeMode><coordinates>
13.04471126,47.52776630,1509.81
13.04471307,47.52773907,1509.66
13.04480731,47.52778783,1509.61
13.04486731,47.52780721,1508.67
13.04497553,47.52786223,1509.21
</coordinates></LineString>
<LineString><altitudeMode>absolute</altitudeMode><coordinates>
13.04497553,47.52786223,1509.21
13.04497081,47.52783921,1510.30
13.04499765,47.52782131,1510.39
</coordinates></LineString>
<LineString><altitudeMode>absolute</altitudeMode><coordinates>
13.04945956,47.52663286,1741.76
13.04954525,47.52663279,1733.26
13.04952346,47.52665086,1734.00
13.04952217,47.52667838,1732.50
13.04949487,47.52666954,1732.62
13.04945662,47.52670156,1732.50
13.04947202,47.52671973,1734.54
13.04945494,47.52673248,1734.68
13.04942946,47.52672449,1735.21
13.04939765,47.52674411,1734.84
13.04937145,47.52675194,1737.18
13.04934357,47.52676568,1737.95
13.04933960,47.52677614,1740.26
13.04931060,47.52676638,1739.77
</coordinates></LineString>
<LineString><altitudeMode>absolute</altitudeMode><coordinates>
13.04945956,47.52663286,1741.76
13.04940650,47.52664860,1741.34
13.04940477,47.52667368,1740.19
13.04938179,47.52668796,1742.24
13.04933990,47.52670353,1740.63
13.04936262,47.52671768,1740.88
13.04932579,47.52674360,1740.10
13.04930321,47.52675411,1739.11
13.04929829,47.52677580,1738.34
</coordinates></LineString>
<LineString><altitudeMode>absolute</altitudeMode><coordinates>
13.04945956,47.52663286,1741.76
13.04945015,47.52662874,1748.24
13.04941570,47.52664426,1746.81
13.04938769,47.52664702,1748.98
13.04934855,47.52666021,1749.42
13.04935953,47.52666841,1750.99
13.04932305,47.52667769,1750.34
13.04932898,47.52670055,1750.34
</coordinates></LineString>
<LineString><altitudeMode>absolute</altitudeMode><coordinates>
13.04932898,47.52670055,1750.34
13.04939184,47.52672862,1749.02
13.04940011,47.52672408,1748.24
13.04942518,47.52675042,1748.02
13.04944453,47.52678027,1750.64
</coordinates></LineString>
<LineString><altitudeMode>absolute</altitudeMode><coordinates>
13.04339947,47.52732649,1505.28
13.04336852,47.52734423,1501.09
13.04334844,47.52734118,1501.02
13.04332638,47.52738067,1498.89
13.04332984,47.52739108,1493.14
13.04332984,47.52739117,1493.14
</coordinates></LineString>
<LineString><altitudeMode>absolute</altitudeMode><coordinates>
13.04339947,47.52732649,1505.28
13.04347817,47.52735024,1505.37
13.04354815,47.52735116,1507.83
13.04360034,47.52736240,1509.04
</coordinates></LineString>
<LineString><altitudeMode>absolute</altitudeMode><coordinates>
13.04360034,47.52736240,1509.04
13.04368216,47.52736272,1511.81
13.04374001,47.52736136,1514.29
13.04378398,47.52739712,1512.20
13.04384606,47.52740331,1514.55
13.04389023,47.52740883,1514.77
13.04395537,47.52744683,1513.23
13.04407313,47.52746702,1515.31
13.04414746,47.52751526,1515.18
13.04423118,47.52752884,1515.82
13.04429951,47.52755637,1515.31
13.04434200,47.52759264,1515.52
13.04442938,47.52762949,1514.88
13.04446216,47.52764481,1515.20
13.04454653,47.52764823,1515.25
13.04462725,47.52770332,1515.26
13.04463562,47.52773550,1514.40
13.04465379,47.52777909,1511.12
13.04471126,47.52776630,1509.81
</coordinates></LineString>
<LineString><altitudeMode>absolute</altitudeMode><coordinates>
13.04324921,47.52740158,1496.86
13.04330586,47.52740012,1497.17
13.04332984,47.52739117,1493.14
</coordinates></LineString>
<LineString><altitudeMode>absolute</altitudeMode><coordinates>
13.04324921,47.52740158,1496.86
13.04329053,47.52733723,1501.48
13.04334911,47.52729818,1502.97
13.04339947,47.52732649,1505.28
</coordinates></LineString>
<LineString><altitudeMode>absolute</altitudeMode><coordinates>
13.04324091,47.52738542,1492.88
13.04332984,47.52739117,1493.14
</coordinates></LineString>
<LineString><altitudeMode>absolute</altitudeMode><coordinates>
13.04435988,47.52770506,1495.77
13.04440522,47.52772536,1495.64
13.04443301,47.52771045,1496.16
13.04447009,47.52772098,1500.35
13.04455922,47.52776056,1499.70
13.04456682,47.52774566,1505.35
13.04459271,47.52774962,1512.03
13.04461872,47.52773620,1511.18
13.04471126,47.52776630,1509.81
</coordinates></LineString>
<LineString><altitudeMode>absolute</altitudeMode><coordinates>
13.04409986,47.52764492,1491.06
13.04409986,47.52764501,1491.06
13.04411751,47.52766340,1493.09
13.04415086,47.52765596,1493.72
13.04416589,47.52768420,1495.08
13.04419274,47.52767314,1495.34
13.04421225,47.52768778,1495.92
13.04423943,47.52769293,1495.84
13.04427298,47.52767685,1496.19
13.04431560,47.52768820,1496.68
13.04435988,47.52770506,1495.77
</coordinates></LineString>
<LineString><altitudeMode>absolute</altitudeMode><coordinates>
13.04409986,47.52764492,1491.06
13.04414660,47.52763834,1490.42
13.04415150,47.52759955,1490.45
13.04418166,47.52759233,1491.41
13.04418909,47.52761765,1491.88
13.04423889,47.52763605,1492.55
13.04427713,47.52765812,1493.28
13.04429475,47.52765950,1493.14
13.04432659,47.52767120,1493.49
13.04434637,47.52770393,1494.20
13.04435988,47.52770506,1495.77
</coordinates></LineString>
<LineString><altitudeMode>absolute</altitudeMode><coordinates>
13.04376055,47.52763770,1484.40
13.04381131,47.52759456,1483.70
13.04384581,47.52760280,1482.63
13.04394923,47.52761194,1482.35
13.04397232,47.52760918,1488.25
13.04398746,47.52761646,1486.82
13.04400114,47.52763442,1489.77
13.04403958,47.52762968,1488.84
13.04408007,47.52763397,1490.43
13.04409986,47.52764492,1491.06
</coordinates></LineString>
<LineString><altitudeMode>absolute</altitudeMode><coordinates>
13.04334698,47.52724830,1459.00
13.04338144,47.52727552,1461.44
13.04340371,47.52730182,1479.84
13.04340833,47.52730972,1479.95
13.04343782,47.52729565,1480.38
13.04345380,47.52730519,1480.14
13.04348788,47.52731063,1479.99
13.04352328,47.52733031,1479.36
13.04350859,47.52734662,1480.13
13.04345082,47.52732107,1479.78
13.04343356,47.52734939,1482.02
13.04339629,47.52736198,1481.43
13.04335289,47.52735368,1481.56
13.04333785,47.52737574,1481.57
13.04335666,47.52740242,1481.57
13.04339801,47.52740862,1481.84
13.04341259,47.52742731,1481.90
13.04344311,47.52743899,1482.02
13.04348960,47.52748208,1481.44
13.04363342,47.52755886,1480.71
13.04372105,47.52759959,1482.04
13.04376055,47.52763770,1484.40
</coordinates></LineString>
<LineString><altitudeMode>absolute</altitudeMode><coordinates>
13.04325952,47.52723861,1457.64
13.04332229,47.52724778,1460.01
13.04334698,47.52724830,1459.00
</coordinates></LineString>
<LineString><altitudeMode>absolute</altitudeMode><coordinates>
13.04322079,47.52724407,1453.81
13.04325106,47.52725908,1453.95
13.04328880,47.52727664,1455.55
13.04334698,47.52724830,1459.00
</coordinates></LineString>
<LineString><altitudeMode>absolute</altitudeMode><coordinates>
13.04322079,47.52724407,1453.81
13.04325952,47.52723861,1457.64
</coordinates></LineString>
<LineString><altitudeMode>absolute</altitudeMode><coordinates>
13.04320423,47.52723569,1454.08
13.04322079,47.52724407,1453.81
</coordinates></LineString>
<LineString><altitudeMode>absolute</altitudeMode><coordinates>
13.04322326,47.52720281,1458.36
13.04326141,47.52721291,1458.08
13.04325952,47.52723870,1457.64
13.04325952,47.52723861,1457.64
</coordinates></LineString>
<LineString><altitudeMode>absolute</altitudeMode><coordinates>
13.04322326,47.52720281,1458.36
13.04320423,47.52723569,1454.08
</coordinates></LineString>
<LineString><altitudeMode>absolute</altitudeMode><coordinates>
13.04316551,47.52719103,1455.74
13.04316564,47.52719094,1455.73
13.04322326,47.52720281,1458.36
</coordinates></LineString>
<LineString><altitudeMode>absolute</altitudeMode><coordinates>
13.04316551,47.52719103,1455.74
13.04318305,47.52720159,1455.99
13.04320423,47.52723569,1454.08
</coordinates></LineString>
<LineString><altitudeMode>absolute</altitudeMode><coordinates>
13.04306123,47.52720851,1422.75
13.04307312,47.52721744,1441.78
13.04311386,47.52719375,1445.32
13.04314949,47.52718950,1453.26
13.04316551,47.52719103,1455.74
</coordinates></LineString>
<LineString><altitudeMode>absolute</altitudeMode><coordinates>
13.04329795,47.52710915,1414.75
13.04328736,47.52711536,1417.76
13.04330369,47.52714417,1418.55
13.04327636,47.52716458,1418.49
13.04324008,47.52717556,1419.16
13.04320744,47.52719939,1420.61
13.04316691,47.52719969,1421.55
13.04315120,47.52720419,1421.98
13.04311385,47.52720814,1423.30
13.04306123,47.52720851,1422.75
</coordinates></LineString>
<LineString><altitudeMode>absolute</altitudeMode><coordinates>
13.04338589,47.52723447,1408.66
13.04340094,47.52723347,1408.87
13.04336977,47.52722142,1408.63
13.04334265,47.52719693,1408.34
13.04330352,47.52720598,1409.06
13.04331180,47.52716896,1409.97
13.04330345,47.52714713,1409.98
13.04331674,47.52713260,1410.28
13.04337217,47.52711762,1410.89
13.04336984,47.52708015,1411.13
13.04333430,47.52707126,1411.44
13.04331585,47.52705313,1411.57
13.04329865,47.52706192,1411.66
13.04332377,47.52708305,1412.19
13.04331874,47.52709673,1415.81
13.04329795,47.52710915,1414.75
</coordinates></LineString>
<LineString><altitudeMode>absolute</altitudeMode><coordinates>
13.04339003,47.52724102,1411.13
13.04338589,47.52723447,1408.66
</coordinates></LineString>
<LineString><altitudeMode>absolute</altitudeMode><coordinates>
13.04350602,47.52735872,1407.12
13.04350936,47.52734384,1408.27
13.04348040,47.52731887,1410.28
13.04345367,47.52725156,1410.78
13.04343088,47.52726773,1410.72
13.04339003,47.52724102,1411.13
</coordinates></LineString>
<LineString><altitudeMode>absolute</altitudeMode><coordinates>
13.04366219,47.52744966,1400.96
13.04363576,47.52743886,1404.04
13.04366570,47.52742677,1404.25
13.04368185,47.52744271,1404.07
13.04371031,47.52741332,1403.36
13.04371857,47.52736631,1402.21
13.04367961,47.52741009,1401.73
13.04368567,47.52744718,1401.02
</coordinates></LineString>
<LineString><altitudeMode>absolute</altitudeMode><coordinates>
13.04368567,47.52744718,1401.02
13.04366219,47.52744966,1400.96
</coordinates></LineString>
<LineString><altitudeMode>absolute</altitudeMode><coordinates>
13.04366219,47.52744966,1400.96
13.04363445,47.52743839,1402.11
13.04362822,47.52739860,1403.42
13.04357622,47.52739654,1405.97
13.04353459,47.52740834,1406.85
13.04350602,47.52735872,1407.12
</coordinates></LineString>
<LineString><altitudeMode>absolute</altitudeMode><coordinates>
13.04344875,47.52744449,1491.79
13.04352500,47.52747692,1491.75
13.04353617,47.52751608,1490.70
13.04360298,47.52755915,1488.91
13.04363946,47.52757138,1488.90
13.04363686,47.52758411,1489.17
13.04366944,47.52758323,1489.39
13.04368678,47.52758866,1490.08
13.04369290,47.52756329,1492.85
13.04366093,47.52754439,1490.42
13.04372239,47.52757784,1489.12
13.04375924,47.52760501,1488.39
13.04376817,47.52757214,1488.82
13.04379307,47.52758498,1488.78
13.04380221,47.52761051,1484.44
13.04376055,47.52763770,1484.40
</coordinates></LineString>
<LineString><altitudeMode>absolute</altitudeMode><coordinates>
13.04344875,47.52744449,1491.79
13.04344878,47.52745079,1493.00
13.04340161,47.52744044,1494.49
13.04335526,47.52742220,1494.81
13.04332000,47.52743068,1495.06
13.04324921,47.52740158,1496.86
</coordinates></LineString>
<LineString><altitudeMode>absolute</altitudeMode><coordinates>
13.04324091,47.52738542,1492.88
13.04327070,47.52738107,1492.89
13.04328457,47.52737609,1493.01
13.04328600,47.52737692,1492.18
13.04329463,47.52736627,1492.21
13.04332815,47.52736873,1492.47
13.04334059,47.52735941,1492.40
13.04334737,47.52736978,1492.36
13.04336765,47.52737112,1492.14
13.04339539,47.52739319,1492.08
13.04344033,47.52742095,1492.42
13.04344875,47.52744449,1491.79
</coordinates></LineString>
<LineString><altitudeMode>absolute</altitudeMode><coordinates>
13.04313959,47.52737334,1488.86
13.04315168,47.52737688,1487.92
13.04312942,47.52738964,1486.89
13.04315550,47.52739557,1486.73
13.04317892,47.52740893,1485.98
13.04319660,47.52743353,1483.50
13.04323457,47.52743804,1485.88
13.04320568,47.52743233,1486.67
13.04322565,47.52743492,1487.67
13.04324056,47.52741619,1489.20
13.04322173,47.52740453,1489.76
13.04324941,47.52738890,1491.90
13.04324091,47.52738542,1492.88
</coordinates></LineString>
<LineString><altitudeMode>absolute</altitudeMode><coordinates>
13.04313959,47.52737334,1488.86
13.04312546,47.52737103,1489.26
13.04310466,47.52738741,1489.85
13.04307240,47.52739019,1491.87
13.04301809,47.52739673,1492.54
13.04296765,47.52741333,1490.51
13.04296617,47.52743886,1490.64
13.04293088,47.52744834,1489.37
13.04289476,47.52749073,1484.91
13.04290167,47.52750858,1483.72
13.04294336,47.52754132,1482.64
13.04294753,47.52755768,1482.95
13.04299110,47.52756148,1482.35
13.04300909,47.52760291,1482.24
13.04294402,47.52760198,1477.12
</coordinates></LineString>
<LineString><altitudeMode>absolute</altitudeMode><coordinates>
13.04294402,47.52760198,1477.12
13.04298144,47.52761036,1475.02
13.04301122,47.52759215,1474.84
13.04300835,47.52755143,1473.64
13.04297647,47.52752992,1472.59
13.04299247,47.52749609,1470.75
13.04295656,47.52748297,1470.45
13.04293551,47.52746659,1465.74
13.04296936,47.52742083,1458.36
13.04291912,47.52742519,1458.00
13.04286796,47.52741478,1457.71
13.04289169,47.52738756,1457.44
13.04287850,47.52737060,1455.98
13.04294321,47.52740239,1454.75
13.04296617,47.52739612,1452.47
13.04307973,47.52738258,1448.83
13.04309024,47.52742847,1447.47
13.04305176,47.52740577,1446.56
13.04302923,47.52742581,1446.67
13.04299431,47.52741100,1446.51
13.04298377,47.52738013,1445.69
13.04300165,47.52733859,1443.72
</coordinates></LineString>
<LineString><altitudeMode>absolute</altitudeMode><coordinates>
13.04300165,47.52733859,1443.72
13.04304792,47.52728045,1440.58
13.04300410,47.52725864,1435.47
13.04306123,47.52720851,1422.75
</coordinates></LineString>
<LineString><altitudeMode>absolute</altitudeMode><coordinates>
13.04313959,47.52737334,1488.86
13.04321016,47.52734764,1494.11
13.04324091,47.52738542,1492.88
</coordinates></LineString>
<LineString><altitudeMode>absolute</altitudeMode><coordinates>
13.04430095,47.52764989,1639.50
13.04437073,47.52768113,1639.00
13.04438479,47.52768524,1638.35
13.04441184,47.52769029,1638.13
13.04442036,47.52770069,1638.84
</coordinates></LineString>
<LineString><altitudeMode>absolute</altitudeMode><coordinates>
13.04442036,47.52770069,1638.84
13.04448183,47.52773387,1638.72
13.04448693,47.52771119,1638.65
13.04459908,47.52774630,1639.47
13.04457427,47.52774525,1638.78
13.04466373,47.52771537,1638.80
13.04473150,47.52773300,1638.76
13.04475174,47.52777824,1638.39
13.04487722,47.52780846,1643.18
13.04488674,47.52778477,1646.08
13.04487934,47.52776584,1647.06
13.04490172,47.52771412,1642.48
13.04496799,47.52774333,1638.61
13.04493214,47.52767856,1638.77
13.04490345,47.52761058,1639.03
13.04494177,47.52758028,1639.87
13.04504280,47.52762528,1638.51
13.04507802,47.52766404,1637.70
</coordinates></LineString>
<LineString><altitudeMode>absolute</altitudeMode><coordinates>
13.04507802,47.52766404,1637.70
13.04517720,47.52768022,1639.73
</coordinates></LineString>
<LineString><altitudeMode>absolute</altitudeMode><coordinates>
13.04407192,47.52771751,1648.71
13.04412165,47.52771260,1646.91
13.04409818,47.52769709,1646.76
13.04412528,47.52766866,1646.27
13.04412808,47.52767555,1644.24
13.04420852,47.52770257,1639.56
13.04426595,47.52771930,1639.71
13.04430095,47.52764989,1639.50
</coordinates></LineString>
<LineString><altitudeMode>absolute</altitudeMode><coordinates>
13.04407192,47.52771751,1648.71
13.04407482,47.52770380,1650.70
13.04404970,47.52768258,1650.85
13.04405875,47.52767509,1650.06
13.04404416,47.52766728,1649.91
13.04405054,47.52764201,1649.54
13.04401963,47.52763024,1646.99
13.04407696,47.52763554,1645.33
13.04409230,47.52760178,1643.24
13.04418769,47.52760521,1641.44
13.04421137,47.52760076,1640.32
13.04423413,47.52761410,1640.27
13.04425652,47.52764076,1639.00
13.04430095,47.52764989,1639.50
</coordinates></LineString>
<LineString><altitudeMode>absolute</altitudeMode><coordinates>
13.04326993,47.52712307,1414.08
13.04329795,47.52710915,1414.75
</coordinates></LineString>
<LineString><altitudeMode>absolute</altitudeMode><coordinates>
13.04338589,47.52723447,1408.66
13.04338346,47.52723893,1408.77
13.04339607,47.52726083,1408.80
13.04339011,47.52728881,1408.29
13.04336507,47.52731555,1407.78
13.04341019,47.52733117,1407.66
13.04342751,47.52736557,1407.91
13.04347448,47.52733155,1407.82
13.04350602,47.52735872,1407.12
</coordinates></LineString>
<LineString><altitudeMode>absolute</altitudeMode><coordinates>
13.04339003,47.52724102,1411.13
13.04333915,47.52723745,1411.72
13.04333410,47.52719085,1412.38
13.04334350,47.52718480,1412.43
13.04332669,47.52717587,1412.04
13.04331065,47.52717857,1412.08
13.04331348,47.52715612,1413.26
13.04328087,47.52714342,1413.27
13.04328056,47.52713018,1413.17
13.04326993,47.52712307,1414.08
</coordinates></LineString>
<LineString><altitudeMode>absolute</altitudeMode><coordinates>
13.04551551,47.52783941,1521.80
13.04557126,47.52781210,1523.09
13.04563973,47.52785709,1523.24
13.04565338,47.52784032,1523.94
13.04567420,47.52786281,1524.78
13.04569988,47.52785101,1525.79
13.04574434,47.52784862,1526.03
13.04571585,47.52790392,1526.86
13.04568738,47.52790497,1525.57
13.04571123,47.52794965,1522.20
</coordinates></LineString>
<LineString><altitudeMode>absolute</altitudeMode><coordinates>
13.04571123,47.52794965,1522.20
13.04571615,47.52788134,1521.37
13.04564509,47.52788112,1519.64
13.04563192,47.52786704,1518.27
13.04561746,47.52787381,1518.11
13.04561794,47.52783944,1516.42
13.04557864,47.52782447,1514.24
13.04559933,47.52780034,1514.32
13.04552664,47.52782574,1514.09
13.04545906,47.52781748,1514.05
</coordinates></LineString>
<LineString><altitudeMode>absolute</altitudeMode><coordinates>
13.04551551,47.52783941,1521.80
13.04547777,47.52785757,1520.32
13.04542808,47.52785043,1519.49
13.04539502,47.52782485,1519.37
13.04540142,47.52780993,1519.05
13.04547703,47.52780591,1516.58
13.04545906,47.52781748,1514.05
</coordinates></LineString>
<LineString><altitudeMode>absolute</altitudeMode><coordinates>
13.04551551,47.52783941,1521.80
13.04548619,47.52784899,1522.37
13.04548237,47.52786233,1521.49
13.04539752,47.52785746,1522.56
13.04537510,47.52786023,1522.60
13.04534898,47.52785160,1522.83
13.04532418,47.52784352,1522.90
13.04528848,47.52784238,1523.65
13.04523380,47.52781238,1523.58
13.04520421,47.52781853,1523.54
13.04518216,47.52783255,1524.28
13.04519157,47.52783316,1525.08
13.04521098,47.52784348,1525.32
13.04524028,47.52787017,1524.41
13.04521826,47.52786934,1523.66
13.04523026,47.52789312,1522.28
13.04517133,47.52789167,1518.52
13.04513946,47.52788402,1518.05
13.04516319,47.52784618,1516.42
13.04510874,47.52784210,1515.22
13.04514119,47.52787694,1513.47
13.04510595,47.52785996,1512.52
13.04506840,47.52787282,1509.38
13.04504178,47.52784195,1511.65
13.04498691,47.52781348,1511.47
</coordinates></LineString>
<LineString><altitudeMode>absolute</altitudeMode><coordinates>
13.04105539,47.52606385,1752.95
13.04099981,47.52607234,1751.93
13.04099970,47.52609322,1751.50
13.04099579,47.52611259,1751.11
13.04105374,47.52612969,1750.56
13.04110436,47.52614009,1750.94
13.04112026,47.52616637,1750.55
13.04111016,47.52621632,1750.46
13.04120472,47.52623152,1751.02
13.04112294,47.52627970,1750.47
13.04113505,47.52632913,1750.21
13.04122276,47.52634989,1747.31
13.04125823,47.52644974,1739.69
</coordinates></LineString>
<LineString><altitudeMode>absolute</altitudeMode><coordinates>
13.04125823,47.52644974,1739.69
13.04122890,47.52649172,1736.68
13.04128810,47.52650397,1736.14
13.04129621,47.52651788,1736.33
13.04126922,47.52655782,1736.39
13.04117084,47.52659879,1735.84
13.04120228,47.52661085,1735.79
13.04117332,47.52663942,1738.04
13.04113421,47.52664793,1738.35
13.04120217,47.52672792,1735.96
13.04127249,47.52673047,1735.93
13.04134250,47.52674129,1735.20
13.04148045,47.52668993,1737.56
13.04155892,47.52677684,1737.08
13.04162049,47.52677871,1737.96
13.04179280,47.52683951,1734.78
13.04182910,47.52682780,1731.38
13.04190999,47.52685699,1728.89
13.04193276,47.52685180,1726.26
13.04205410,47.52686863,1721.39
13.04209821,47.52687910,1715.34
</coordinates></LineString>
<LineString><altitudeMode>absolute</altitudeMode><coordinates>
13.04209821,47.52687910,1715.34
13.04220444,47.52684834,1714.05
13.04223727,47.52685871,1713.76
13.04223808,47.52682273,1714.26
13.04229200,47.52683742,1710.62
13.04230815,47.52682122,1710.98
13.04237806,47.52685616,1708.13
13.04247157,47.52683157,1707.31
13.04252713,47.52686303,1705.12
13.04255953,47.52690992,1700.62
13.04249287,47.52690194,1698.84
13.04250604,47.52692997,1696.41
13.04246431,47.52696589,1696.45
13.04252725,47.52698100,1693.20
13.04253932,47.52698525,1686.60
13.04255444,47.52700720,1683.89
13.04261979,47.52707562,1678.16
</coordinates></LineString>
<LineString><altitudeMode>absolute</altitudeMode><coordinates>
13.04261979,47.52707562,1678.16
13.04267976,47.52710274,1678.28
13.04272590,47.52708724,1676.55
13.04277098,47.52710034,1677.15
13.04280987,47.52709074,1676.25
13.04284916,47.52709519,1675.77
13.04281709,47.52714306,1675.58
13.04295361,47.52715862,1675.46
13.04297566,47.52718383,1675.53
13.04302417,47.52719393,1675.74
13.04304174,47.52722158,1674.63
13.04307284,47.52722850,1674.48
13.04307863,47.52725496,1674.67
13.04312409,47.52729353,1672.92
13.04318865,47.52730813,1672.53
13.04317129,47.52732484,1671.08
13.04327932,47.52737069,1668.38
13.04334689,47.52738282,1668.67
13.04337424,47.52740110,1667.76
13.04340524,47.52739983,1667.95
13.04343970,47.52744856,1667.79
13.04346774,47.52744490,1667.43
13.04350755,47.52745665,1662.54
</coordinates></LineString>
<LineString><altitudeMode>absolute</altitudeMode><coordinates>
13.04350755,47.52745665,1662.54
13.04350602,47.52747651,1662.42
13.04353031,47.52748772,1662.51
13.04355655,47.52753226,1660.47
13.04363116,47.52755522,1659.98
13.04366667,47.52756492,1658.58
13.04372659,47.52760058,1656.52
13.04379174,47.52764210,1656.17
13.04387321,47.52763764,1655.80
13.04384603,47.52759326,1656.16
13.04387854,47.52758374,1656.49
13.04391846,47.52762482,1652.29
13.04407192,47.52771751,1648.71
</coordinates></LineString>
<LineString><altitudeMode>absolute</altitudeMode><coordinates>
13.04095283,47.52598174,1752.97
13.04105345,47.52599839,1753.09
13.04105539,47.52606385,1752.95
</coordinates></LineString>
<LineString><altitudeMode>absolute</altitudeMode><coordinates>
13.04087279,47.52597992,1752.28
13.04086805,47.52602528,1754.44
13.04096921,47.52608064,1754.02
13.04105539,47.52606385,1752.95
</coordinates></LineString>
<LineString><altitudeMode>absolute</altitudeMode><coordinates>
13.04087279,47.52597992,1752.28
13.04090185,47.52599526,1753.21
13.04092899,47.52597989,1751.85
13.04095283,47.52598174,1752.97
</coordinates></LineString>
<LineString><altitudeMode>absolute</altitudeMode><coordinates>
13.04177629,47.52503496,1775.77
13.04177127,47.52509120,1774.85
13.04171470,47.52510481,1773.18
13.04169298,47.52509230,1772.92
13.04166623,47.52510795,1772.02
13.04163806,47.52510458,1771.75
13.04162231,47.52511358,1771.94
13.04157037,47.52509569,1770.34
13.04157482,47.52507246,1769.45
13.04162472,47.52504182,1768.90
13.04159861,47.52503291,1768.45
13.04156846,47.52503645,1768.58
13.04152079,47.52501800,1769.13
13.04147614,47.52501822,1767.75
13.04146604,47.52498629,1766.45
13.04145707,47.52495590,1760.09
13.04146537,47.52497215,1754.71
13.04143457,47.52494661,1754.54
13.04141008,47.52493701,1751.73
13.04144164,47.52491019,1752.14
13.04146894,47.52488339,1752.98
13.04144583,47.52485483,1752.47
13.04144886,47.52483401,1752.76
13.04141809,47.52481135,1753.25
13.04143630,47.52479312,1752.49
13.04143300,47.52477840,1751.45
13.04138385,47.52477819,1750.55
13.04136017,47.52484680,1753.61
13.04123976,47.52486616,1750.08
13.04119427,47.52487456,1749.84
</coordinates></LineString>
<LineString><altitudeMode>absolute</altitudeMode><coordinates>
13.04119427,47.52487456,1749.84
13.04121342,47.52493842,1746.48
13.04114794,47.52502368,1745.58
13.04121657,47.52504645,1748.85
13.04115209,47.52517241,1758.05
13.04113512,47.52519659,1757.98
13.04105616,47.52521558,1757.32
13.04101363,47.52528765,1757.80
13.04098269,47.52536559,1757.35
13.04099385,47.52539421,1756.88
13.04096589,47.52538510,1756.19
13.04093723,47.52543770,1756.31
13.04091683,47.52543609,1754.85
13.04090116,47.52546075,1754.96
13.04086859,47.52547936,1753.78
</coordinates></LineString>
<LineString><altitudeMode>absolute</altitudeMode><coordinates>
13.04086859,47.52547936,1753.78
13.04086354,47.52551491,1754.77
13.04084794,47.52551302,1754.20
13.04084571,47.52556571,1754.01
13.04080784,47.52556596,1755.01
13.04079741,47.52560340,1754.33
13.04072414,47.52565506,1754.08
13.04070374,47.52562150,1753.46
13.04066536,47.52564254,1753.73
13.04060134,47.52567060,1753.61
13.04062963,47.52570662,1753.51
13.04061890,47.52573074,1753.27
13.04064388,47.52574484,1752.96
13.04062344,47.52576582,1753.27
13.04067022,47.52579370,1753.96
13.04069819,47.52576700,1751.82
13.04074633,47.52570844,1753.28
13.04077787,47.52574641,1754.13
13.04082515,47.52572526,1753.56
13.04087973,47.52578288,1752.82
13.04084820,47.52581978,1752.53
13.04088858,47.52582002,1752.54
13.04089993,47.52585063,1752.74
13.04092979,47.52585501,1752.85
13.04093236,47.52593217,1753.46
13.04095283,47.52598174,1752.97
</coordinates></LineString>
<LineString><altitudeMode>absolute</altitudeMode><coordinates>
13.04177629,47.52503496,1775.77
13.04174943,47.52490357,1784.08
13.04177552,47.52487369,1783.76
13.04179044,47.52477245,1784.38
</coordinates></LineString>
<LineString><altitudeMode>absolute</altitudeMode><coordinates>
13.04179044,47.52477245,1784.38
13.04178373,47.52475290,1785.59
13.04177553,47.52473404,1785.82
13.04178686,47.52470472,1785.74
13.04180327,47.52470635,1785.06
13.04181755,47.52467960,1782.13
13.04190454,47.52461944,1781.68
</coordinates></LineString>
<LineString><altitudeMode>absolute</altitudeMode><coordinates>
13.04190454,47.52461944,1781.68
13.04192038,47.52466858,1779.63
13.04190007,47.52469324,1779.64
13.04193778,47.52472223,1779.31
13.04194943,47.52472351,1779.39
13.04203164,47.52475263,1779.05
13.04205718,47.52478744,1779.48
13.04211651,47.52478872,1778.61
13.04214473,47.52486578,1774.08
13.04214101,47.52493726,1774.94
13.04211424,47.52495336,1774.91
13.04210482,47.52501708,1774.20
13.04209383,47.52501969,1774.22
13.04208093,47.52503449,1773.46
13.04210317,47.52505791,1773.91
13.04203259,47.52508379,1773.32
13.04198676,47.52508732,1773.95
13.04198679,47.52509722,1774.98
13.04201939,47.52512451,1777.06
</coordinates></LineString>
<LineString><altitudeMode>absolute</altitudeMode><coordinates>
13.04201939,47.52512451,1777.06
13.04192911,47.52514069,1777.21
13.04187485,47.52509234,1776.80
13.04187045,47.52503558,1773.31
13.04177629,47.52503496,1775.77
</coordinates></LineString>
<LineString><altitudeMode>absolute</altitudeMode><coordinates>
13.03596348,47.53480432,1742.55
13.03593379,47.53482361,1740.44
13.03595556,47.53483829,1740.47
13.03600287,47.53485251,1740.80
13.03597927,47.53490079,1739.82
13.03594572,47.53493108,1738.85
13.03590277,47.53493898,1737.32
13.03590432,47.53495799,1737.30
13.03587123,47.53494753,1736.66
13.03585615,47.53494205,1736.26
13.03585123,47.53492784,1736.35
13.03586038,47.53491783,1736.62
13.03583237,47.53490997,1734.71
13.03580776,47.53491431,1734.38
13.03577183,47.53489426,1732.99
13.03574251,47.53490744,1731.84
13.03573380,47.53492709,1731.82
13.03571999,47.53493756,1731.06
13.03567250,47.53492477,1728.99
13.03565240,47.53491876,1728.18
13.03563236,47.53493588,1728.38
13.03560626,47.53493372,1727.19
13.03557851,47.53494377,1726.55
13.03555789,47.53493037,1726.85
13.03558273,47.53490200,1729.60
13.03559215,47.53483485,1734.01
13.03559215,47.53483485,1734.00
</coordinates></LineString>
<LineString><altitudeMode>absolute</altitudeMode><coordinates>
13.03596348,47.53480432,1742.55
13.03599208,47.53477845,1743.93
13.03601906,47.53479952,1743.83
13.03608955,47.53475150,1747.03
13.03614412,47.53477745,1750.13
13.03616621,47.53474823,1749.64
13.03618429,47.53476563,1749.52
13.03624056,47.53476390,1749.61
13.03628636,47.53476504,1749.99
13.03635862,47.53473002,1751.83
13.03639957,47.53477571,1752.27
13.03645629,47.53478676,1746.87
13.03642339,47.53480671,1747.33
13.03639547,47.53484646,1745.89
</coordinates></LineString>
<LineString><altitudeMode>absolute</altitudeMode><coordinates>
13.03590529,47.53478272,1742.29
13.03588052,47.53478050,1740.56
13.03585913,47.53476276,1740.00
13.03584816,47.53475763,1744.16
13.03583803,47.53474062,1744.36
13.03579956,47.53472476,1748.48
13.03580934,47.53474382,1755.33
</coordinates></LineString>
<LineString><altitudeMode>absolute</altitudeMode><coordinates>
13.03590529,47.53478272,1742.29
13.03596348,47.53480432,1742.55
</coordinates></LineString>
<LineString><altitudeMode>absolute</altitudeMode><coordinates>
13.03577360,47.53481511,1739.00
13.03567140,47.53485835,1739.24
13.03562364,47.53483125,1739.45
13.03554140,47.53483821,1738.49
13.03549333,47.53483397,1737.74
13.03548698,47.53485438,1733.01
13.03548698,47.53485438,1733.01
13.03554441,47.53484312,1733.00
13.03559215,47.53483485,1734.00
</coordinates></LineString>
<LineString><altitudeMode>absolute</altitudeMode><coordinates>
13.03577360,47.53481511,1739.00
13.03572117,47.53485983,1736.81
13.03567767,47.53483254,1735.87
13.03559215,47.53483485,1734.00
</coordinates></LineString>
<LineString><altitudeMode>absolute</altitudeMode><coordinates>
13.03577360,47.53481511,1739.00
13.03580953,47.53484200,1740.17
13.03590529,47.53478272,1742.29
</coordinates></LineString>
<LineString><altitudeMode>absolute</altitudeMode><coordinates>
13.04135403,47.52601766,1696.56
13.04136525,47.52600192,1696.79
13.04143590,47.52597038,1694.84
13.04151356,47.52595056,1693.14
13.04155403,47.52589492,1693.22
13.04153676,47.52587699,1692.21
13.04158182,47.52585148,1689.95
13.04159962,47.52582659,1691.27
</coordinates></LineString>
<LineString><altitudeMode>absolute</altitudeMode><coordinates>
13.04159962,47.52582659,1691.27
13.04162306,47.52582141,1693.29
13.04164493,47.52584050,1680.57
13.04171845,47.52582133,1680.97
13.04173766,47.52585117,1674.12
</coordinates></LineString>
<LineString><altitudeMode>absolute</altitudeMode><coordinates>
13.04173766,47.52585117,1674.12
13.04174052,47.52588856,1671.53
13.04172968,47.52590845,1658.65
13.04178517,47.52590615,1651.67
13.04182952,47.52588532,1646.76
13.04186445,47.52588564,1647.60
13.04190042,47.52590056,1630.68
13.04195472,47.52590518,1625.16
13.04200889,47.52586327,1624.76
13.04207999,47.52587700,1625.02
13.04213243,47.52583515,1615.30
13.04211892,47.52582673,1612.49
13.04214898,47.52581150,1582.34
</coordinates></LineString>
<LineString><altitudeMode>absolute</altitudeMode><coordinates>
13.04214898,47.52581150,1582.34
13.04222143,47.52579240,1587.74
13.04229438,47.52579931,1590.77
13.04234282,47.52581472,1589.64
13.04237020,47.52583579,1589.49
13.04239197,47.52581493,1583.49
13.04239387,47.52582450,1572.58
13.04246274,47.52584808,1562.88
13.04251040,47.52583477,1559.82
13.04253821,47.52581913,1561.01
13.04257162,47.52583176,1560.75
13.04252875,47.52587008,1556.98
13.04254304,47.52588589,1554.96
13.04255309,47.52592629,1548.31
</coordinates></LineString>
<LineString><altitudeMode>absolute</altitudeMode><coordinates>
13.04255309,47.52592629,1548.31
13.04257847,47.52593698,1542.99
13.04257773,47.52596036,1545.34
13.04266736,47.52596153,1547.52
13.04265955,47.52598920,1546.25
13.04269514,47.52603255,1546.14
13.04266787,47.52604064,1545.69
13.04270414,47.52605493,1546.53
13.04275383,47.52605128,1545.73
13.04275948,47.52605993,1540.70
13.04272258,47.52606263,1539.49
13.04269761,47.52609469,1535.44
13.04265474,47.52609728,1534.66
13.04257941,47.52611498,1535.95
13.04256454,47.52611833,1543.83
13.04254327,47.52616872,1542.55
13.04251781,47.52617098,1540.86
13.04251365,47.52622931,1535.62
13.04254950,47.52623343,1534.54
13.04255921,47.52625798,1529.80
</coordinates></LineString>
<LineString><altitudeMode>absolute</altitudeMode><coordinates>
13.04255921,47.52625798,1529.80
13.04260073,47.52630962,1522.25
13.04261576,47.52632356,1517.59
13.04261520,47.52637061,1517.50
13.04259873,47.52636709,1517.51
13.04258705,47.52640594,1517.33
13.04251372,47.52638813,1517.08
13.04249014,47.52636487,1515.99
13.04244270,47.52637225,1515.41
13.04240206,47.52633620,1511.07
13.04242872,47.52634097,1500.83
13.04244192,47.52637899,1498.35
13.04252279,47.52636552,1495.61
13.04252324,47.52638578,1495.43
13.04249738,47.52639523,1494.93
13.04250693,47.52641330,1494.85
13.04252943,47.52644419,1491.88
13.04252601,47.52648265,1486.49
13.04256619,47.52650610,1483.90
13.04255895,47.52655780,1482.95
13.04264109,47.52656020,1479.30
</coordinates></LineString>
<LineString><altitudeMode>absolute</altitudeMode><coordinates>
13.04264109,47.52656020,1479.30
13.04266253,47.52655903,1477.64
13.04275643,47.52658115,1476.04
13.04273798,47.52661287,1476.52
13.04277657,47.52662901,1474.90
13.04280000,47.52663112,1471.93
13.04278332,47.52666188,1471.58
13.04281124,47.52666820,1470.50
13.04280855,47.52669776,1469.90
13.04285552,47.52669586,1468.29
13.04285716,47.52670885,1468.83
13.04291851,47.52670594,1464.99
13.04290538,47.52674117,1466.39
13.04292332,47.52674111,1466.11
13.04292813,47.52677593,1464.89
13.04295501,47.52681409,1462.11
13.04297809,47.52683653,1454.07
13.04296860,47.52684528,1454.69
13.04300225,47.52685476,1453.69
13.04302714,47.52688218,1449.37
13.04305235,47.52691879,1444.28
13.04301599,47.52692842,1447.47
</coordinates></LineString>
<LineString><altitudeMode>absolute</altitudeMode><coordinates>
13.04301599,47.52692842,1447.47
13.04298940,47.52693229,1446.62
13.04296964,47.52695643,1445.46
13.04298298,47.52697645,1443.42
13.04300586,47.52699340,1438.32
13.04297688,47.52701891,1438.54
13.04297766,47.52703359,1437.66
13.04294927,47.52704318,1428.69
13.04297057,47.52702798,1429.19
13.04299628,47.52700826,1427.83
13.04302221,47.52697550,1426.60
13.04299632,47.52696435,1426.53
13.04301446,47.52694099,1426.03
13.04304602,47.52694603,1424.71
13.04309552,47.52695462,1420.83
13.04309906,47.52696295,1411.43
13.04316614,47.52697760,1409.30
13.04315927,47.52701941,1409.53
</coordinates></LineString>
<LineString><altitudeMode>absolute</altitudeMode><coordinates>
13.04315927,47.52701941,1409.53
13.04316843,47.52703037,1412.32
13.04320938,47.52706508,1412.86
13.04322627,47.52708624,1412.90
13.04325861,47.52710596,1413.25
13.04326993,47.52712307,1414.08
</coordinates></LineString>
<LineString><altitudeMode>absolute</altitudeMode><coordinates>
13.04131002,47.52610446,1699.94
13.04129371,47.52609275,1701.66
13.04128025,47.52607606,1703.33
13.04130542,47.52605300,1704.26
13.04133856,47.52601577,1704.59
13.04133201,47.52599191,1696.49
13.04135403,47.52601766,1696.56
</coordinates></LineString>
<LineString><altitudeMode>absolute</altitudeMode><coordinates>
13.04131002,47.52610446,1699.94
13.04133891,47.52608489,1699.51
13.04137382,47.52600729,1696.62
13.04135403,47.52601766,1696.56
</coordinates></LineString>
<LineString><altitudeMode>absolute</altitudeMode><coordinates>
13.04131002,47.52610446,1699.94
13.04124004,47.52607501,1706.73
13.04114747,47.52604913,1711.16
13.04114370,47.52602567,1712.57
13.04106871,47.52597733,1712.88
13.04100975,47.52603004,1713.05
13.04096812,47.52600279,1717.26
13.04093972,47.52599843,1722.78
13.04093848,47.52592129,1726.44
</coordinates></LineString>
<LineString><altitudeMode>absolute</altitudeMode><coordinates>
13.04093848,47.52592129,1726.44
13.04091944,47.52595093,1742.08
13.04088072,47.52596332,1748.08
13.04087279,47.52597992,1752.28
</coordinates></LineString>
<LineString><altitudeMode>absolute</altitudeMode><coordinates>
13.03997084,47.53272148,1766.12
13.04000216,47.53273309,1762.77
13.04005461,47.53266982,1759.00
13.04004361,47.53264786,1761.21
</coordinates></LineString>
<LineString><altitudeMode>absolute</altitudeMode><coordinates>
13.03997084,47.53272148,1766.12
13.03998913,47.53269408,1766.15
13.04004361,47.53264786,1761.21
</coordinates></LineString>
<LineString><altitudeMode>absolute</altitudeMode><coordinates>
13.03995326,47.53264056,1758.82
13.03989544,47.53273378,1765.79
13.03993521,47.53271142,1767.72
13.03997084,47.53272148,1766.12
</coordinates></LineString>
<LineString><altitudeMode>absolute</altitudeMode><coordinates>
13.03995326,47.53264056,1758.82
13.04000903,47.53261307,1760.93
13.04004361,47.53264786,1761.21
</coordinates></LineString>
<LineString><altitudeMode>absolute</altitudeMode><coordinates>
13.04004003,47.53271178,1747.18
13.04004141,47.53267824,1747.90
13.03995326,47.53264056,1758.82
</coordinates></LineString>
<LineString><altitudeMode>absolute</altitudeMode><coordinates>
13.04004003,47.53271178,1747.18
13.04012968,47.53266985,1748.33
13.04018505,47.53265298,1748.56
13.04034818,47.53265739,1750.23
13.04037253,47.53262802,1753.51
</coordinates></LineString>
<LineString><altitudeMode>absolute</altitudeMode><coordinates>
13.04568667,47.53043008,1757.76
13.04562758,47.53042565,1765.29
13.04560321,47.53041642,1766.51
13.04555359,47.53042880,1769.38
13.04552182,47.53046506,1768.91
13.04547132,47.53043676,1768.00
13.04540219,47.53043423,1768.07
13.04535708,47.53045776,1765.35
13.04530958,47.53053109,1762.76
13.04540227,47.53055004,1764.96
13.04533187,47.53059968,1759.82
13.04521736,47.53063147,1757.87
</coordinates></LineString>
<LineString><altitudeMode>absolute</altitudeMode><coordinates>
13.03669280,47.53538479,1724.78
13.03671680,47.53540401,1723.22
13.03675627,47.53539308,1722.20
13.03681401,47.53538039,1721.72
13.03684508,47.53537759,1722.54
</coordinates></LineString>
<LineString><altitudeMode>absolute</altitudeMode><coordinates>
13.03684508,47.53537759,1722.54
13.03685237,47.53540651,1719.79
13.03682537,47.53543214,1718.48
13.03681395,47.53547100,1719.17
13.03680997,47.53550288,1718.47
13.03678726,47.53550258,1718.03
13.03677939,47.53549984,1714.78
13.03679717,47.53552174,1713.87
</coordinates></LineString>
<LineString><altitudeMode>absolute</altitudeMode><coordinates>
13.03679717,47.53552174,1713.87
13.03676663,47.53555676,1715.52
</coordinates></LineString>
<LineString><altitudeMode>absolute</altitudeMode><coordinates>
13.03669280,47.53538479,1724.78
13.03670402,47.53536537,1725.72
13.03672938,47.53536958,1725.52
13.03673828,47.53534814,1724.40
13.03672006,47.53535206,1724.48
13.03670833,47.53534259,1727.08
13.03670909,47.53536833,1732.06
13.03670554,47.53533894,1734.02
13.03675177,47.53534288,1735.53
13.03675022,47.53529174,1734.88
13.03669658,47.53527292,1733.68
13.03673607,47.53526145,1732.69
13.03669461,47.53522951,1731.69
13.03673656,47.53521646,1731.88
13.03671473,47.53515688,1728.34
13.03673476,47.53515074,1728.38
13.03673535,47.53512772,1729.74
13.03672607,47.53509525,1730.74
13.03669294,47.53508920,1735.19
13.03670185,47.53507846,1734.67
13.03668749,47.53505365,1735.72
13.03668356,47.53504863,1736.54
13.03666273,47.53506196,1740.87
13.03670652,47.53506361,1743.05
</coordinates></LineString>
<LineString><altitudeMode>absolute</altitudeMode><coordinates>
13.03646395,47.53541786,1731.17
13.03649805,47.53542636,1730.65
13.03656206,47.53539164,1728.97
13.03658108,47.53539476,1727.57
13.03658941,47.53538509,1727.95
13.03663245,47.53540671,1725.27
13.03664433,47.53539116,1725.54
13.03664775,47.53540283,1724.94
13.03669280,47.53538479,1724.78
</coordinates></LineString>
<LineString><altitudeMode>absolute</altitudeMode><coordinates>
13.03646395,47.53541786,1731.17
13.03646915,47.53541021,1732.85
13.03647018,47.53538620,1733.05
13.03644339,47.53539195,1732.58
13.03642019,47.53537625,1731.69
13.03640871,47.53536355,1733.26
13.03642652,47.53534910,1735.93
13.03642867,47.53529874,1736.96
13.03641681,47.53526768,1738.84
13.03639384,47.53525648,1742.43
13.03637013,47.53526148,1742.95
13.03633842,47.53526381,1750.26
13.03633470,47.53523199,1750.29
13.03633012,47.53521940,1750.44
13.03633229,47.53520738,1751.13
13.03631388,47.53519870,1751.56
13.03631179,47.53517274,1751.67
13.03629671,47.53514603,1751.07
13.03631183,47.53510778,1751.10
13.03623527,47.53511195,1748.19
13.03623524,47.53509135,1748.77
13.03629456,47.53507563,1747.45
13.03631357,47.53505760,1748.67
13.03636559,47.53506308,1748.51
13.03641582,47.53503433,1747.07
13.03634140,47.53500975,1745.75
13.03637318,47.53498438,1745.68
13.03644136,47.53493768,1748.39
13.03647662,47.53492919,1747.45
</coordinates></LineString>
<LineString><altitudeMode>absolute</altitudeMode><coordinates>
13.03647662,47.53492919,1747.45
13.03651649,47.53491467,1747.49
</coordinates></LineString>
<LineString><altitudeMode>absolute</altitudeMode><coordinates>
13.03630848,47.53561019,1725.31
13.03629820,47.53557582,1724.75
13.03629807,47.53557582,1724.75
13.03635279,47.53560132,1727.34
13.03633477,47.53561775,1727.45
13.03630848,47.53561019,1725.31
</coordinates></LineString>
<LineString><altitudeMode>absolute</altitudeMode><coordinates>
13.03630848,47.53561019,1725.31
13.03633175,47.53561689,1732.95
13.03630985,47.53558403,1741.28
13.03632346,47.53557193,1742.12
13.03631878,47.53555862,1741.93
</coordinates></LineString>
<LineString><altitudeMode>absolute</altitudeMode><coordinates>
13.03631878,47.53555862,1741.93
13.03633250,47.53551855,1739.98
13.03636161,47.53546128,1736.09
13.03640197,47.53544793,1735.19
13.03640380,47.53543446,1734.92
13.03646395,47.53541786,1731.17
</coordinates></LineString>
<LineString><altitudeMode>absolute</altitudeMode><coordinates>
13.04963336,47.53326663,1932.00
13.04967746,47.53326342,1922.83
13.04968264,47.53327053,1921.16
13.04968264,47.53327053,1914.92
13.04972860,47.53327095,1909.98
13.04973959,47.53327204,1897.96
13.04973903,47.53325475,1897.41
13.04973487,47.53323786,1895.81
13.04974687,47.53322969,1894.57
13.04975072,47.53321905,1893.62
13.04976256,47.53321871,1891.43
13.04977981,47.53321927,1889.17
13.04978593,47.53321902,1885.84
13.04977398,47.53322232,1883.91
13.04978081,47.53322460,1877.35
13.04980573,47.53322241,1872.88
13.04982081,47.53321718,1870.91
13.04982081,47.53321718,1866.22
13.04982211,47.53319993,1866.73
13.04985174,47.53321438,1865.27
13.04987159,47.53322003,1863.66
13.04987521,47.53323718,1863.49
13.04988145,47.53324080,1859.99
13.04988145,47.53324080,1857.61
13.04988006,47.53326048,1857.92
13.04988006,47.53326048,1846.52
13.04990732,47.53325258,1846.52
13.04990855,47.53325890,1839.73
</coordinates></LineString>
<LineString><altitudeMode>absolute</altitudeMode><coordinates>
13.04990855,47.53325890,1839.73
13.04990855,47.53325890,1839.73
13.04991317,47.53325970,1838.49
13.04990851,47.53325989,1818.44
13.04986806,47.53328313,1817.22
13.04990325,47.53331937,1807.34
13.04994290,47.53332499,1806.80
13.04996801,47.53334296,1806.36
13.04999609,47.53335991,1803.23
13.05003031,47.53336139,1794.21
13.05005996,47.53335362,1784.58
13.05007182,47.53335643,1776.87
13.05009620,47.53334037,1777.37
13.05011187,47.53336917,1780.66
</coordinates></LineString>
<LineString><altitudeMode>absolute</altitudeMode><coordinates>
13.04994290,47.53332499,1806.80
13.04994290,47.53332499,1796.17
</coordinates></LineString>
<LineString><altitudeMode>absolute</altitudeMode><coordinates>
13.04961147,47.53346638,1832.63
13.04960378,47.53346220,1831.46
13.04959261,47.53346966,1830.42
13.04959109,47.53346406,1814.03
13.04965300,47.53342849,1813.41
13.04973691,47.53343738,1813.27
</coordinates></LineString>
<LineString><altitudeMode>absolute</altitudeMode><coordinates>
13.04959109,47.53346406,1814.03
13.04955573,47.53342512,1813.15
</coordinates></LineString>
<LineString><altitudeMode>absolute</altitudeMode><coordinates>
13.04959109,47.53346406,1814.03
13.04954723,47.53351100,1814.84
</coordinates></LineString>
<LineString><altitudeMode>absolute</altitudeMode><coordinates>
13.04959109,47.53346406,1814.03
13.04958913,47.53346663,1818.38
13.04956107,47.53349252,1819.82
13.04953696,47.53354070,1813.14
13.04952213,47.53347836,1810.25
13.04954305,47.53347332,1810.61
13.04955579,47.53346292,1810.51
</coordinates></LineString>
<LineString><altitudeMode>absolute</altitudeMode><coordinates>
13.04953696,47.53354070,1813.14
13.04961015,47.53356274,1812.29
13.04957254,47.53362373,1816.83
13.04954827,47.53362260,1816.89
13.04953813,47.53365950,1817.81
13.04954040,47.53365567,1819.11
13.04954438,47.53367023,1818.82
13.04954334,47.53367309,1818.44
13.04956499,47.53368416,1819.30
13.04958709,47.53370812,1816.87
13.04957618,47.53372278,1816.32
</coordinates></LineString>
<LineString><altitudeMode>absolute</altitudeMode><coordinates>
13.04942297,47.53383058,1830.26
13.04929249,47.53383412,1839.31
13.04934453,47.53386389,1851.61
</coordinates></LineString>
<LineString><altitudeMode>absolute</altitudeMode><coordinates>
13.04929249,47.53383412,1839.31
13.04926468,47.53386748,1840.89
13.04928398,47.53388806,1841.43
13.04926195,47.53392304,1840.20
13.04926754,47.53391576,1837.66
13.04927560,47.53395279,1831.93
13.04922835,47.53400148,1833.55
</coordinates></LineString>
<LineString><altitudeMode>absolute</altitudeMode><coordinates>
13.04927560,47.53395279,1831.93
13.04927497,47.53395521,1830.48
13.04926916,47.53397950,1830.10
13.04928736,47.53397954,1827.62
13.04932083,47.53389750,1826.46
</coordinates></LineString>
<LineString><altitudeMode>absolute</altitudeMode><coordinates>
13.04928736,47.53397954,1827.62
13.04926684,47.53400978,1827.98
13.04930207,47.53401992,1828.94
</coordinates></LineString>
<LineString><altitudeMode>absolute</altitudeMode><coordinates>
13.04926684,47.53400978,1827.98
13.04922261,47.53400570,1827.10
13.04922925,47.53399142,1826.38
13.04920074,47.53399345,1836.39
</coordinates></LineString>
<LineString><altitudeMode>absolute</altitudeMode><coordinates>
13.04922925,47.53399142,1826.38
13.04923820,47.53399022,1818.45
</coordinates></LineString>
<LineString><altitudeMode>absolute</altitudeMode><coordinates>
13.04922925,47.53399142,1826.38
13.04927892,47.53402439,1820.73
</coordinates></LineString>
<LineString><altitudeMode>absolute</altitudeMode><coordinates>
13.04926684,47.53400978,1827.98
13.04928667,47.53400877,1828.44
13.04928021,47.53401820,1833.02
13.04931975,47.53402319,1834.19
13.04926093,47.53404001,1830.13
</coordinates></LineString>
<LineString><altitudeMode>absolute</altitudeMode><coordinates>
13.04931975,47.53402319,1834.19
13.04931520,47.53400620,1837.87
13.04934058,47.53400987,1838.09
13.04930179,47.53404889,1838.56
13.04921465,47.53398037,1846.15
</coordinates></LineString>
<LineString><altitudeMode>absolute</altitudeMode><coordinates>
13.04930179,47.53404889,1838.56
13.04919399,47.53409673,1834.74
13.04915219,47.53417052,1830.26
</coordinates></LineString>
<LineString><altitudeMode>absolute</altitudeMode><coordinates>
13.04919399,47.53409673,1834.74
13.04921068,47.53408738,1841.19
13.04920214,47.53412053,1844.84
13.04917084,47.53413332,1845.12
13.04916121,47.53413153,1838.11
13.04911937,47.53415251,1833.64
</coordinates></LineString>
<LineString><altitudeMode>absolute</altitudeMode><coordinates>
13.04916121,47.53413153,1838.11
13.04909691,47.53410974,1845.13
13.04909577,47.53409020,1847.73
13.04902865,47.53414097,1854.99
13.04904632,47.53418051,1854.95
13.04895083,47.53419346,1853.97
13.04894993,47.53420352,1851.86
13.04891755,47.53420603,1851.48
13.04886676,47.53420310,1849.47
13.04877133,47.53419338,1852.39
13.04874778,47.53420836,1855.49
13.04869457,47.53420296,1855.25
13.04866950,47.53421261,1855.18
</coordinates></LineString>
<LineString><altitudeMode>absolute</altitudeMode><coordinates>
13.04877133,47.53419338,1852.39
13.04876955,47.53415879,1853.10
13.04873969,47.53415441,1859.29
</coordinates></LineString>
<LineString><altitudeMode>absolute</altitudeMode><coordinates>
13.04877133,47.53419338,1852.39
13.04880246,47.53418500,1851.51
13.04896688,47.53416926,1834.78
13.04893488,47.53418293,1835.11
13.04889554,47.53416516,1836.61
13.04887681,47.53418302,1837.11
13.04885144,47.53416855,1836.34
13.04885149,47.53414921,1835.16
13.04878243,47.53413759,1833.05
13.04879255,47.53415504,1838.50
13.04874421,47.53415062,1838.38
13.04873925,47.53414820,1838.91
13.04872593,47.53416354,1841.68
</coordinates></LineString>
<LineString><altitudeMode>absolute</altitudeMode><coordinates>
13.04896688,47.53416926,1834.78
13.04898017,47.53417632,1833.01
13.04901573,47.53416334,1832.28
13.04903030,47.53419679,1831.81
13.04907170,47.53420911,1831.98
13.04909740,47.53418948,1829.79
13.04912809,47.53417173,1829.55
</coordinates></LineString>
<LineString><altitudeMode>absolute</altitudeMode><coordinates>
13.05007182,47.53335643,1776.87
13.05011088,47.53336357,1773.64
</coordinates></LineString>
<LineString><altitudeMode>absolute</altitudeMode><coordinates>
13.05011088,47.53336357,1773.64
13.05016272,47.53338461,1772.49
</coordinates></LineString>
<LineString><altitudeMode>absolute</altitudeMode><coordinates>
13.05016272,47.53338461,1772.49
13.05014636,47.53339216,1772.76
</coordinates></LineString>
<LineString><altitudeMode>absolute</altitudeMode><coordinates>
13.05014636,47.53339216,1772.76
13.05013929,47.53341453,1773.04
</coordinates></LineString>
<LineString><altitudeMode>absolute</altitudeMode><coordinates>
13.05013929,47.53341453,1773.04
13.05013106,47.53342852,1773.12
</coordinates></LineString>
<LineString><altitudeMode>absolute</altitudeMode><coordinates>
13.05013106,47.53342852,1773.12
13.05013113,47.53344454,1773.51
</coordinates></LineString>
<LineString><altitudeMode>absolute</altitudeMode><coordinates>
13.05013113,47.53344454,1773.51
13.05011647,47.53344924,1772.88
</coordinates></LineString>
<LineString><altitudeMode>absolute</altitudeMode><coordinates>
13.05011647,47.53344924,1772.88
13.05011425,47.53345919,1772.77
</coordinates></LineString>
<LineString><altitudeMode>absolute</altitudeMode><coordinates>
13.05011425,47.53345919,1772.77
13.05008746,47.53346125,1773.00
</coordinates></LineString>
<LineString><altitudeMode>absolute</altitudeMode><coordinates>
13.05008746,47.53346125,1773.00
13.05008231,47.53347124,1773.21
</coordinates></LineString>
<LineString><altitudeMode>absolute</altitudeMode><coordinates>
13.05008231,47.53347124,1773.21
13.05010104,47.53348209,1770.59
</coordinates></LineString>
<LineString><altitudeMode>absolute</altitudeMode><coordinates>
13.05010104,47.53348209,1770.59
13.05010923,47.53347611,1786.09
</coordinates></LineString>
<LineString><altitudeMode>absolute</altitudeMode><coordinates>
13.05010104,47.53348209,1770.59
13.05007466,47.53349838,1771.57
</coordinates></LineString>
<LineString><altitudeMode>absolute</altitudeMode><coordinates>
13.05007466,47.53349838,1771.57
13.05006484,47.53349452,1771.70
</coordinates></LineString>
<LineString><altitudeMode>absolute</altitudeMode><coordinates>
13.05006484,47.53349452,1771.70
13.05004367,47.53349551,1772.56
13.05002460,47.53350113,1772.92
</coordinates></LineString>
<LineString><altitudeMode>absolute</altitudeMode><coordinates>
13.04812189,47.53148641,1733.51
13.04807122,47.53144811,1733.68
13.04806764,47.53146956,1733.39
13.04807652,47.53146296,1732.73
</coordinates></LineString>
<LineString><altitudeMode>absolute</altitudeMode><coordinates>
13.04802336,47.53116637,1751.61
13.04800017,47.53119684,1759.39
</coordinates></LineString>
<LineString><altitudeMode>absolute</altitudeMode><coordinates>
13.04779074,47.53081840,1750.92
13.04775075,47.53077551,1754.56
13.04766297,47.53080281,1758.30
13.04764595,47.53076032,1760.60
</coordinates></LineString>
<LineString><altitudeMode>absolute</altitudeMode><coordinates>
13.04793644,47.53055848,1750.25
13.04798148,47.53060136,1750.60
</coordinates></LineString>
<LineString><altitudeMode>absolute</altitudeMode><coordinates>
13.04802938,47.53056016,1756.58
13.04800137,47.53056319,1755.93
13.04798892,47.53057630,1755.41
13.04793939,47.53059363,1757.10
13.04792075,47.53055174,1758.00
13.04794527,47.53055342,1757.72
</coordinates></LineString>
<LineString><altitudeMode>absolute</altitudeMode><coordinates>
13.04821147,47.53050477,1764.74
13.04821037,47.53049494,1760.47
</coordinates></LineString>
<LineString><altitudeMode>absolute</altitudeMode><coordinates>
13.04833366,47.53050577,1767.07
13.04833648,47.53051580,1767.33
13.04835028,47.53051622,1766.91
</coordinates></LineString>
<LineString><altitudeMode>absolute</altitudeMode><coordinates>
13.05013430,47.53318724,1780.73
13.05017316,47.53316028,1783.57
</coordinates></LineString>
<LineString><altitudeMode>absolute</altitudeMode><coordinates>
13.05011085,47.53313519,1786.54
13.05009886,47.53310016,1789.24
13.04996421,47.53313396,1788.80
</coordinates></LineString>
<LineString><altitudeMode>absolute</altitudeMode><coordinates>
13.05011085,47.53313519,1786.54
13.04996762,47.53306689,1795.31
</coordinates></LineString>
<LineString><altitudeMode>absolute</altitudeMode><coordinates>
13.04921741,47.53246986,1756.22
13.04921313,47.53246340,1755.24
13.04921505,47.53243670,1753.38
</coordinates></LineString>
<LineString><altitudeMode>absolute</altitudeMode><coordinates>
13.04911700,47.53236863,1756.84
13.04909235,47.53235615,1758.07
13.04907581,47.53236496,1759.33
13.04895711,47.53235187,1771.38
</coordinates></LineString>
<LineString><altitudeMode>absolute</altitudeMode><coordinates>
13.04797804,47.53201126,1752.44
13.04794643,47.53202872,1753.84
13.04793412,47.53202401,1753.88
13.04790086,47.53202866,1752.81
13.04790709,47.53203642,1753.29
13.04786687,47.53207821,1758.20
</coordinates></LineString>
<LineString><altitudeMode>absolute</altitudeMode><coordinates>
13.04794643,47.53202872,1753.84
13.04797670,47.53206172,1753.29
13.04799222,47.53206225,1753.27
</coordinates></LineString>
<LineString><altitudeMode>absolute</altitudeMode><coordinates>
13.04761975,47.53052124,1741.96
13.04759430,47.53054465,1741.30
13.04756461,47.53052147,1750.18
</coordinates></LineString>
<LineString><altitudeMode>absolute</altitudeMode><coordinates>
13.04807455,47.53175213,1752.44
13.04816148,47.53177980,1745.19
13.04813257,47.53178911,1740.60
13.04816324,47.53176102,1740.98
13.04817533,47.53175043,1738.03
13.04818645,47.53174063,1738.74
13.04818338,47.53173410,1738.70
13.04822341,47.53171147,1735.52
13.04822492,47.53170295,1733.29
13.04825116,47.53169053,1734.37
13.04827146,47.53166973,1732.54
13.04829089,47.53166547,1731.74
13.04826039,47.53162446,1730.85
</coordinates></LineString>
<LineString><altitudeMode>absolute</altitudeMode><coordinates>
13.04825116,47.53169053,1734.37
13.04821903,47.53168269,1736.61
13.04824633,47.53167380,1734.44
13.04821096,47.53163874,1733.74
13.04817562,47.53163507,1735.54
13.04816474,47.53159899,1733.69
13.04816830,47.53158546,1733.15
13.04817229,47.53156735,1733.11
13.04816336,47.53155748,1733.65
13.04815105,47.53154557,1733.78
13.04810958,47.53154235,1736.86
</coordinates></LineString>
<LineString><altitudeMode>absolute</altitudeMode><coordinates>
13.04817562,47.53163507,1735.54
13.04815543,47.53167792,1740.08
13.04813617,47.53165987,1741.46
13.04808936,47.53167905,1743.93
13.04804207,47.53167518,1746.83
13.04802738,47.53169509,1750.27
13.04801038,47.53169840,1752.12
</coordinates></LineString>
<LineString><altitudeMode>absolute</altitudeMode><coordinates>
13.04807455,47.53175213,1752.44
13.04805867,47.53178282,1749.46
13.04806332,47.53176472,1739.96
</coordinates></LineString>
<LineString><altitudeMode>absolute</altitudeMode><coordinates>
13.04825927,47.53206275,1736.98
13.04814699,47.53208082,1731.34
13.04816392,47.53209721,1730.86
13.04812019,47.53212625,1727.36
13.04815121,47.53213524,1726.36
13.04808294,47.53215261,1723.33
13.04807532,47.53220026,1720.79
13.04803211,47.53221915,1716.99
13.04802024,47.53221660,1713.95
</coordinates></LineString>
<LineString><altitudeMode>absolute</altitudeMode><coordinates>
13.04803211,47.53221915,1716.99
13.04804416,47.53224167,1718.68
13.04805699,47.53224332,1718.21
13.04805218,47.53227600,1717.07
</coordinates></LineString>
<LineString><altitudeMode>absolute</altitudeMode><coordinates>
13.04808294,47.53215261,1723.33
13.04807453,47.53213933,1721.97
13.04812872,47.53210768,1721.88
13.04812183,47.53215354,1719.02
13.04808852,47.53218492,1715.26
</coordinates></LineString>
<LineString><altitudeMode>absolute</altitudeMode><coordinates>
13.04812183,47.53215354,1719.02
13.04809873,47.53213183,1716.82
13.04805795,47.53210279,1717.17
13.04814294,47.53205384,1722.25
</coordinates></LineString>
<LineString><altitudeMode>absolute</altitudeMode><coordinates>
13.04825927,47.53206275,1736.98
13.04831036,47.53208225,1741.03
13.04832106,47.53209467,1743.24
13.04835222,47.53210348,1742.12
13.04839153,47.53214338,1743.59
</coordinates></LineString>
<LineString><altitudeMode>absolute</altitudeMode><coordinates>
13.04843209,47.53191695,1755.88
13.04847256,47.53190774,1755.97
</coordinates></LineString>
<LineString><altitudeMode>absolute</altitudeMode><coordinates>
13.04787048,47.53095734,1728.12
13.04787249,47.53096772,1727.88
</coordinates></LineString>
<LineString><altitudeMode>absolute</altitudeMode><coordinates>
13.04787249,47.53096772,1727.88
13.04784557,47.53098778,1729.09
13.04779394,47.53101858,1729.17
13.04782215,47.53109599,1723.54
13.04781053,47.53109048,1717.18
13.04783831,47.53109042,1716.77
13.04781757,47.53114432,1715.95
</coordinates></LineString>
<LineString><altitudeMode>absolute</altitudeMode><coordinates>
13.04748598,47.53063513,1740.56
13.04749110,47.53068336,1755.47
</coordinates></LineString>
<LineString><altitudeMode>absolute</altitudeMode><coordinates>
13.04690217,47.53050686,1747.24
13.04695387,47.53056713,1743.81
13.04693571,47.53057311,1743.98
</coordinates></LineString>
<LineString><altitudeMode>absolute</altitudeMode><coordinates>
13.04653463,47.52994629,1749.54
13.04654904,47.52994105,1746.08
</coordinates></LineString>
<LineString><altitudeMode>absolute</altitudeMode><coordinates>
13.04649082,47.52985241,1749.07
13.04655219,47.52985274,1744.04
</coordinates></LineString>
<LineString><altitudeMode>absolute</altitudeMode><coordinates>
13.04767330,47.53083952,1748.42
13.04762146,47.53084746,1745.94
</coordinates></LineString>
<LineString><altitudeMode>absolute</altitudeMode><coordinates>
13.04762146,47.53084746,1745.94
13.04756389,47.53088778,1774.97
</coordinates></LineString>
<LineString><altitudeMode>absolute</altitudeMode><coordinates>
13.04792216,47.53109356,1753.27
13.04785057,47.53109648,1750.51
</coordinates></LineString>
<LineString><altitudeMode>absolute</altitudeMode><coordinates>
13.04785057,47.53109648,1750.51
13.04783325,47.53108709,1763.49
</coordinates></LineString>
<LineString><altitudeMode>absolute</altitudeMode><coordinates>
13.04568984,47.53035923,1757.15
13.04562396,47.53035505,1756.07
</coordinates></LineString>
<LineString><altitudeMode>absolute</altitudeMode><coordinates>
13.04735785,47.53050427,1697.75
13.04739955,47.53054043,1700.79
13.04728115,47.53062678,1713.88
</coordinates></LineString>
<LineString><altitudeMode>absolute</altitudeMode><coordinates>
13.04739955,47.53054043,1700.79
13.04743527,47.53055166,1695.79
13.04745262,47.53055681,1695.83
13.04746917,47.53054756,1695.67
13.04747346,47.53055735,1695.76
13.04744460,47.53056892,1695.60
13.04747626,47.53058556,1695.43
</coordinates></LineString>
<LineString><altitudeMode>absolute</altitudeMode><coordinates>
13.04729265,47.53038879,1703.72
13.04723423,47.53036971,1703.90
13.04720306,47.53034686,1701.41
13.04714260,47.53027195,1709.53
13.04690853,47.53027103,1720.99
13.04686299,47.53023453,1720.33
13.04686966,47.53026946,1709.56
</coordinates></LineString>
<LineString><altitudeMode>absolute</altitudeMode><coordinates>
13.04686299,47.53023453,1720.33
13.04686325,47.53024524,1721.12
13.04680935,47.53023343,1726.17
</coordinates></LineString>
<LineString><altitudeMode>absolute</altitudeMode><coordinates>
13.04426310,47.53104334,1754.25
13.04427020,47.53105957,1759.04
</coordinates></LineString>
<LineString><altitudeMode>absolute</altitudeMode><coordinates>
13.04442613,47.53091466,1753.28
13.04444862,47.53086348,1753.71
</coordinates></LineString>
<LineString><altitudeMode>absolute</altitudeMode><coordinates>
13.04430146,47.53101943,1747.52
13.04427990,47.53102743,1747.40
</coordinates></LineString>
<LineString><altitudeMode>absolute</altitudeMode><coordinates>
13.04427990,47.53102743,1747.40
13.04427946,47.53102859,1748.40
</coordinates></LineString>
<LineString><altitudeMode>absolute</altitudeMode><coordinates>
13.04430146,47.53101943,1747.52
13.04428274,47.53100840,1748.02
</coordinates></LineString>
<LineString><altitudeMode>absolute</altitudeMode><coordinates>
13.04428274,47.53100840,1748.02
13.04428247,47.53100849,1749.61
</coordinates></LineString>
<LineString><altitudeMode>absolute</altitudeMode><coordinates>
13.04429921,47.53094776,1747.51
13.04426034,47.53091408,1748.89
13.04423704,47.53092592,1750.98
</coordinates></LineString>
<LineString><altitudeMode>absolute</altitudeMode><coordinates>
13.04426034,47.53091408,1748.89
13.04424902,47.53088266,1750.33
</coordinates></LineString>
<LineString><altitudeMode>absolute</altitudeMode><coordinates>
13.04432189,47.53092385,1744.14
13.04431731,47.53091109,1744.52
</coordinates></LineString>
<LineString><altitudeMode>absolute</altitudeMode><coordinates>
13.04433231,47.53095076,1743.12
13.04432352,47.53098714,1741.90
</coordinates></LineString>
<LineString><altitudeMode>absolute</altitudeMode><coordinates>
13.04438001,47.53095085,1740.53
13.04437427,47.53096569,1737.98
</coordinates></LineString>
<LineString><altitudeMode>absolute</altitudeMode><coordinates>
13.04438232,47.53097447,1742.55
13.04439673,47.53100837,1743.07
</coordinates></LineString>
<LineString><altitudeMode>absolute</altitudeMode><coordinates>
13.04436906,47.53091998,1745.22
13.04436714,47.53091086,1745.19
</coordinates></LineString>
<LineString><altitudeMode>absolute</altitudeMode><coordinates>
13.04437628,47.53105463,1753.01
13.04434258,47.53106755,1752.60
</coordinates></LineString>
<LineString><altitudeMode>absolute</altitudeMode><coordinates>
13.04488555,47.53074000,1767.08
13.04501276,47.53075621,1766.14
</coordinates></LineString>
<LineString><altitudeMode>absolute</altitudeMode><coordinates>
13.04501276,47.53075621,1766.14
13.04501025,47.53077380,1765.44
13.04509306,47.53078350,1765.65
</coordinates></LineString>
<LineString><altitudeMode>absolute</altitudeMode><coordinates>
13.04509306,47.53078350,1765.65
13.04510588,47.53078533,1766.41
</coordinates></LineString>
<LineString><altitudeMode>absolute</altitudeMode><coordinates>
13.04510588,47.53078533,1766.41
13.04514519,47.53080022,1768.36
</coordinates></LineString>
<LineString><altitudeMode>absolute</altitudeMode><coordinates>
13.04514519,47.53080022,1768.36
13.04512673,47.53082132,1770.52
</coordinates></LineString>
<LineString><altitudeMode>absolute</altitudeMode><coordinates>
13.04512673,47.53082132,1770.52
13.04515727,47.53082895,1770.66
</coordinates></LineString>
<LineString><altitudeMode>absolute</altitudeMode><coordinates>
13.04515727,47.53082895,1770.66
13.04514415,47.53084942,1770.94
</coordinates></LineString>
<LineString><altitudeMode>absolute</altitudeMode><coordinates>
13.04487820,47.53054119,1763.65
13.04494576,47.53054280,1762.00
</coordinates></LineString>
<LineString><altitudeMode>absolute</altitudeMode><coordinates>
13.04494576,47.53054280,1762.00
13.04503092,47.53040351,1769.60
13.04501346,47.53037658,1769.80
</coordinates></LineString>
<LineString><altitudeMode>absolute</altitudeMode><coordinates>
13.04501346,47.53037658,1769.80
13.04503299,47.53035856,1769.98
13.04504554,47.53034995,1771.28
</coordinates></LineString>
<LineString><altitudeMode>absolute</altitudeMode><coordinates>
13.04661922,47.53018367,1750.60
13.04655937,47.53018877,1749.38
</coordinates></LineString>
<LineString><altitudeMode>absolute</altitudeMode><coordinates>
13.04655937,47.53018877,1749.38
13.04652162,47.53018228,1746.61
13.04651859,47.53019932,1745.03
13.04651960,47.53020798,1744.66
13.04652815,47.53021028,1735.78
13.04656464,47.53021145,1731.82
13.04659447,47.53020593,1725.63
13.04660855,47.53021678,1724.84
13.04663373,47.53023638,1723.81
13.04661679,47.53024176,1722.38
13.04666033,47.53025717,1713.59
13.04668061,47.53025850,1713.84
13.04671312,47.53025951,1713.18
</coordinates></LineString>
<LineString><altitudeMode>absolute</altitudeMode><coordinates>
13.04353838,47.53139910,1757.65
13.04354735,47.53137586,1760.11
13.04349310,47.53131977,1762.92
</coordinates></LineString>
<LineString><altitudeMode>absolute</altitudeMode><coordinates>
13.04354735,47.53137586,1760.11
13.04360654,47.53133853,1763.85
</coordinates></LineString>
<LineString><altitudeMode>absolute</altitudeMode><coordinates>
13.03872471,47.53331179,1756.68
13.03874427,47.53330025,1757.75
13.03879265,47.53330719,1756.08
13.03882833,47.53330151,1755.16
</coordinates></LineString>
<LineString><altitudeMode>absolute</altitudeMode><coordinates>
13.03872471,47.53331179,1756.68
13.03870935,47.53332107,1750.44
</coordinates></LineString>
<LineString><altitudeMode>absolute</altitudeMode><coordinates>
13.03834255,47.53366159,1744.80
13.03841840,47.53361591,1752.40
13.03842990,47.53352136,1755.23
13.03848055,47.53345294,1760.53
13.03852405,47.53348356,1756.10
13.03854145,47.53346595,1752.94
</coordinates></LineString>
<LineString><altitudeMode>absolute</altitudeMode><coordinates>
13.03852405,47.53348356,1756.10
13.03858399,47.53345471,1757.80
</coordinates></LineString>
<LineString><altitudeMode>absolute</altitudeMode><coordinates>
13.03802954,47.53385303,1733.50
13.03807945,47.53382221,1740.04
</coordinates></LineString>
<LineString><altitudeMode>absolute</altitudeMode><coordinates>
13.03759509,47.53404428,1742.14
13.03758363,47.53406639,1740.03
13.03747292,47.53407071,1740.68
13.03743497,47.53408014,1742.45
13.03738012,47.53408289,1742.42
</coordinates></LineString>
<LineString><altitudeMode>absolute</altitudeMode><coordinates>
13.03733004,47.53401490,1754.20
13.03726727,47.53395957,1762.17
</coordinates></LineString>
<LineString><altitudeMode>absolute</altitudeMode><coordinates>
13.03724490,47.53410685,1752.01
13.03708267,47.53410317,1760.05
13.03708012,47.53409665,1760.14
13.03702922,47.53409686,1762.62
</coordinates></LineString>
<LineString><altitudeMode>absolute</altitudeMode><coordinates>
13.03722292,47.53409036,1747.22
13.03724304,47.53413876,1741.39
13.03721850,47.53416606,1738.50
</coordinates></LineString>
<LineString><altitudeMode>absolute</altitudeMode><coordinates>
13.04084234,47.53253895,1756.15
13.04092627,47.53259717,1751.66
13.04087410,47.53261751,1750.52
</coordinates></LineString>
<LineString><altitudeMode>absolute</altitudeMode><coordinates>
13.04048409,47.53268283,1755.29
13.04044883,47.53269492,1756.67
13.04036564,47.53269530,1762.66
</coordinates></LineString>
<LineString><altitudeMode>absolute</altitudeMode><coordinates>
13.04050176,47.53276826,1759.20
13.04045697,47.53280079,1764.67
</coordinates></LineString>
<LineString><altitudeMode>absolute</altitudeMode><coordinates>
13.04053408,47.53282442,1762.02
13.04060259,47.53277601,1761.97
</coordinates></LineString>
<LineString><altitudeMode>absolute</altitudeMode><coordinates>
13.04053408,47.53282442,1762.02
13.04053833,47.53284249,1767.70
</coordinates></LineString>
<LineString><altitudeMode>absolute</altitudeMode><coordinates>
13.04057708,47.53279024,1752.19
13.04062794,47.53278742,1752.30
13.04058352,47.53278865,1774.57
</coordinates></LineString>
<LineString><altitudeMode>absolute</altitudeMode><coordinates>
13.03995494,47.53277376,1741.89
13.03993282,47.53277203,1740.84
13.03994103,47.53280124,1739.55
13.03992055,47.53283031,1738.10
13.03995106,47.53284937,1736.08
13.03994921,47.53289901,1733.17
13.03995940,47.53292150,1731.95
13.03987548,47.53297712,1726.73
13.03987367,47.53298986,1725.23
13.03980814,47.53300125,1722.91
13.03978244,47.53301359,1722.39
13.03978664,47.53304713,1721.89
13.03978475,47.53305844,1720.64
13.03977534,47.53307214,1720.00
13.03979022,47.53308634,1719.61
13.03979285,47.53309439,1719.49
</coordinates></LineString>
<LineString><altitudeMode>absolute</altitudeMode><coordinates>
13.03705491,47.53426638,1741.76
13.03702673,47.53424538,1738.18
</coordinates></LineString>
<LineString><altitudeMode>absolute</altitudeMode><coordinates>
13.03705491,47.53426638,1741.76
13.03712439,47.53423823,1738.92
13.03714450,47.53421932,1739.74
13.03714990,47.53424191,1737.33
</coordinates></LineString>
<LineString><altitudeMode>absolute</altitudeMode><coordinates>
13.03712439,47.53423823,1738.92
13.03714966,47.53423767,1740.99
13.03710657,47.53424935,1742.83
13.03710264,47.53425154,1743.73
13.03709101,47.53424981,1744.93
</coordinates></LineString>
<LineString><altitudeMode>absolute</altitudeMode><coordinates>
13.03710264,47.53425154,1743.73
13.03711996,47.53424301,1744.40
</coordinates></LineString>
<LineString><altitudeMode>absolute</altitudeMode><coordinates>
13.03710264,47.53425154,1743.73
13.03708567,47.53423613,1744.33
</coordinates></LineString>
<LineString><altitudeMode>absolute</altitudeMode><coordinates>
13.03689015,47.53427723,1744.19
13.03684219,47.53427695,1748.74
13.03677458,47.53423737,1753.94
</coordinates></LineString>
<LineString><altitudeMode>absolute</altitudeMode><coordinates>
13.03675817,47.53432077,1747.32
13.03671588,47.53430772,1756.12
</coordinates></LineString>
<LineString><altitudeMode>absolute</altitudeMode><coordinates>
13.03667825,47.53435468,1750.56
13.03669351,47.53432669,1752.48
13.03670886,47.53431777,1751.44
13.03669057,47.53430225,1754.14
13.03680513,47.53428387,1759.05
</coordinates></LineString>
<LineString><altitudeMode>absolute</altitudeMode><coordinates>
13.03649379,47.53438751,1749.77
13.03649228,47.53438173,1750.80
13.03644103,47.53436645,1753.40
</coordinates></LineString>
<LineString><altitudeMode>absolute</altitudeMode><coordinates>
13.03641074,47.53445520,1751.00
13.03638699,47.53446145,1753.50
13.03634448,47.53447197,1755.46
</coordinates></LineString>
<LineString><altitudeMode>absolute</altitudeMode><coordinates>
13.03638699,47.53446145,1753.50
13.03646182,47.53445733,1754.71
</coordinates></LineString>
<LineString><altitudeMode>absolute</altitudeMode><coordinates>
13.03638699,47.53446145,1753.50
13.03643131,47.53448453,1754.16
</coordinates></LineString>
<LineString><altitudeMode>absolute</altitudeMode><coordinates>
13.03631053,47.53447364,1751.31
13.03624143,47.53443826,1753.29
</coordinates></LineString>
<LineString><altitudeMode>absolute</altitudeMode><coordinates>
13.03749270,47.53500391,1748.03
13.03749866,47.53496883,1753.45
</coordinates></LineString>
<LineString><altitudeMode>absolute</altitudeMode><coordinates>
13.03744049,47.53514267,1745.80
13.03743770,47.53519247,1745.77
13.03746252,47.53518966,1746.10
13.03749935,47.53518894,1756.59
</coordinates></LineString>
<LineString><altitudeMode>absolute</altitudeMode><coordinates>
13.03746252,47.53518966,1746.10
13.03748629,47.53516856,1741.63
</coordinates></LineString>
<LineString><altitudeMode>absolute</altitudeMode><coordinates>
13.03715373,47.53481553,1755.64
13.03720993,47.53478725,1759.29
13.03724310,47.53477072,1759.86
13.03721775,47.53474518,1760.13
13.03716352,47.53474200,1758.81
</coordinates></LineString>
<LineString><altitudeMode>absolute</altitudeMode><coordinates>
13.03721775,47.53474518,1760.13
13.03723757,47.53473013,1761.00
13.03721114,47.53470142,1760.50
13.03721970,47.53467511,1760.72
13.03722376,47.53468373,1759.64
13.03727039,47.53468408,1765.09
</coordinates></LineString>
<LineString><altitudeMode>absolute</altitudeMode><coordinates>
13.03722376,47.53468373,1759.64
13.03725738,47.53467666,1755.46
13.03723710,47.53470025,1755.07
13.03727879,47.53473659,1755.18
13.03730859,47.53475348,1754.66
</coordinates></LineString>
<LineString><altitudeMode>absolute</altitudeMode><coordinates>
13.03727879,47.53473659,1755.18
13.03729136,47.53472025,1752.63
13.03731861,47.53472342,1753.91
13.03730774,47.53472638,1753.39
13.03731258,47.53474968,1754.46
13.03734457,47.53477551,1753.94
13.03729932,47.53479517,1753.40
13.03730695,47.53480789,1754.66
13.03731644,47.53480662,1755.99
</coordinates></LineString>
<LineString><altitudeMode>absolute</altitudeMode><coordinates>
13.03730695,47.53480789,1754.66
13.03729049,47.53480410,1756.38
</coordinates></LineString>
<LineString><altitudeMode>absolute</altitudeMode><coordinates>
13.03731861,47.53472342,1753.91
13.03732727,47.53471205,1753.54
13.03730073,47.53469342,1751.37
13.03727747,47.53469716,1750.71
13.03729790,47.53473008,1747.66
13.03729177,47.53474483,1746.69
</coordinates></LineString>
<LineString><altitudeMode>absolute</altitudeMode><coordinates>
13.03732727,47.53471205,1753.54
13.03740118,47.53471134,1756.97
13.03744415,47.53473133,1757.85
13.03748790,47.53470895,1759.50
13.03754448,47.53470965,1758.42
13.03759329,47.53470850,1753.18
</coordinates></LineString>
<LineString><altitudeMode>absolute</altitudeMode><coordinates>
13.03604395,47.53490504,1756.36
13.03605224,47.53494298,1753.42
13.03603542,47.53494845,1753.50
13.03599648,47.53499502,1750.79
13.03594777,47.53500787,1748.86
13.03594702,47.53498860,1747.02
</coordinates></LineString>
<LineString><altitudeMode>absolute</altitudeMode><coordinates>
13.03716221,47.53485194,1760.24
13.03717867,47.53486644,1759.83
</coordinates></LineString>
<LineString><altitudeMode>absolute</altitudeMode><coordinates>
13.03713614,47.53485248,1754.27
13.03712470,47.53488135,1752.73
13.03710566,47.53488597,1752.43
13.03709055,47.53488841,1752.29
13.03707941,47.53490937,1751.68
</coordinates></LineString>
<LineString><altitudeMode>absolute</altitudeMode><coordinates>
13.03687894,47.53487273,1753.56
13.03693211,47.53488300,1759.35
</coordinates></LineString>
<LineString><altitudeMode>absolute</altitudeMode><coordinates>
13.03677098,47.53501333,1749.17
13.03675379,47.53499684,1749.66
</coordinates></LineString>
<LineString><altitudeMode>absolute</altitudeMode><coordinates>
13.03677098,47.53501333,1749.17
13.03674752,47.53503677,1750.16
</coordinates></LineString>
<LineString><altitudeMode>absolute</altitudeMode><coordinates>
13.03678266,47.53498869,1750.98
13.03678828,47.53499851,1751.77
</coordinates></LineString>
<LineString><altitudeMode>absolute</altitudeMode><coordinates>
13.03673763,47.53505244,1746.22
13.03677244,47.53505241,1752.33
</coordinates></LineString>
<LineString><altitudeMode>absolute</altitudeMode><coordinates>
13.03670569,47.53511425,1741.56
13.03667813,47.53511927,1740.88
</coordinates></LineString>
<LineString><altitudeMode>absolute</altitudeMode><coordinates>
13.03671183,47.53514918,1750.59
13.03669670,47.53515585,1755.74
</coordinates></LineString>
<LineString><altitudeMode>absolute</altitudeMode><coordinates>
13.03675394,47.53518509,1753.90
13.03679943,47.53517651,1754.56
</coordinates></LineString>
<LineString><altitudeMode>absolute</altitudeMode><coordinates>
13.03675177,47.53534288,1735.53
13.03673083,47.53532695,1737.10
</coordinates></LineString>
<LineString><altitudeMode>absolute</altitudeMode><coordinates>
13.03675177,47.53534288,1735.53
13.03676727,47.53533676,1735.94
</coordinates></LineString>
<LineString><altitudeMode>absolute</altitudeMode><coordinates>
13.03671680,47.53540401,1723.22
13.03668395,47.53542243,1722.92
13.03668756,47.53543257,1717.02
</coordinates></LineString>
<LineString><altitudeMode>absolute</altitudeMode><coordinates>
13.03668395,47.53542243,1722.92
13.03670701,47.53545621,1731.77
</coordinates></LineString>
<LineString><altitudeMode>absolute</altitudeMode><coordinates>
13.03681401,47.53538039,1721.72
13.03687150,47.53536734,1721.23
</coordinates></LineString>
<LineString><altitudeMode>absolute</altitudeMode><coordinates>
13.03684508,47.53537759,1722.54
13.03688318,47.53538562,1726.96
</coordinates></LineString>
<LineString><altitudeMode>absolute</altitudeMode><coordinates>
13.03665562,47.53544813,1744.92
13.03666004,47.53544731,1741.35
</coordinates></LineString>
<LineString><altitudeMode>absolute</altitudeMode><coordinates>
13.03670569,47.53556966,1718.18
13.03665727,47.53559619,1716.80
</coordinates></LineString>
<LineString><altitudeMode>absolute</altitudeMode><coordinates>
13.03665727,47.53559619,1716.80
13.03663445,47.53559876,1715.79
13.03662919,47.53559013,1715.35
13.03663038,47.53558682,1695.30
13.03666909,47.53556075,1657.51
13.03672544,47.53552492,1656.81
</coordinates></LineString>
<LineString><altitudeMode>absolute</altitudeMode><coordinates>
13.03672544,47.53552492,1656.81
13.03681967,47.53555631,1654.98
13.03685602,47.53552940,1654.05
</coordinates></LineString>
<LineString><altitudeMode>absolute</altitudeMode><coordinates>
13.03672544,47.53552492,1656.81
13.03666387,47.53551549,1654.80
</coordinates></LineString>
<LineString><altitudeMode>absolute</altitudeMode><coordinates>
13.03666387,47.53551549,1654.80
13.03663508,47.53553570,1652.87
</coordinates></LineString>
<LineString><altitudeMode>absolute</altitudeMode><coordinates>
13.03663508,47.53553570,1652.87
13.03660616,47.53553439,1651.66
</coordinates></LineString>
<LineString><altitudeMode>absolute</altitudeMode><coordinates>
13.03660616,47.53553439,1651.66
13.03659106,47.53554367,1650.72
</coordinates></LineString>
<LineString><altitudeMode>absolute</altitudeMode><coordinates>
13.03659106,47.53554367,1650.72
13.03657811,47.53559168,1646.60
</coordinates></LineString>
<LineString><altitudeMode>absolute</altitudeMode><coordinates>
13.03657811,47.53559168,1646.60
13.03658599,47.53559757,1645.61
</coordinates></LineString>
<LineString><altitudeMode>absolute</altitudeMode><coordinates>
13.03658599,47.53559757,1645.61
13.03656762,47.53559870,1644.69
</coordinates></LineString>
<LineString><altitudeMode>absolute</altitudeMode><coordinates>
13.03656762,47.53559870,1644.69
13.03655475,47.53559794,1643.92
</coordinates></LineString>
<LineString><altitudeMode>absolute</altitudeMode><coordinates>
13.03658599,47.53559757,1645.61
13.03658517,47.53561250,1644.92
</coordinates></LineString>
<LineString><altitudeMode>absolute</altitudeMode><coordinates>
13.03658517,47.53561250,1644.92
13.03662365,47.53559606,1643.11
</coordinates></LineString>
<LineString><altitudeMode>absolute</altitudeMode><coordinates>
13.03685602,47.53552940,1654.05
13.03689965,47.53552448,1632.01
</coordinates></LineString>
<LineString><altitudeMode>absolute</altitudeMode><coordinates>
13.03689965,47.53552448,1632.01
13.03691869,47.53549493,1635.33
</coordinates></LineString>
<LineString><altitudeMode>absolute</altitudeMode><coordinates>
13.03691869,47.53549493,1635.33
13.03698760,47.53547155,1646.17
</coordinates></LineString>
<LineString><altitudeMode>absolute</altitudeMode><coordinates>
13.03689965,47.53552448,1632.01
13.03684559,47.53560931,1631.36
</coordinates></LineString>
<LineString><altitudeMode>absolute</altitudeMode><coordinates>
13.03684559,47.53560931,1631.36
13.03686642,47.53565997,1629.39
</coordinates></LineString>
<LineString><altitudeMode>absolute</altitudeMode><coordinates>
13.03686642,47.53565997,1629.39
13.03681187,47.53572949,1624.91
</coordinates></LineString>
<LineString><altitudeMode>absolute</altitudeMode><coordinates>
13.03681187,47.53572949,1624.91
13.03671234,47.53567991,1621.90
</coordinates></LineString>
<LineString><altitudeMode>absolute</altitudeMode><coordinates>
13.03671234,47.53567991,1621.90
13.03659978,47.53569085,1616.89
</coordinates></LineString>
<LineString><altitudeMode>absolute</altitudeMode><coordinates>
13.03659978,47.53569085,1616.89
13.03659509,47.53565658,1615.74
</coordinates></LineString>
<LineString><altitudeMode>absolute</altitudeMode><coordinates>
13.03659509,47.53565658,1615.74
13.03655108,47.53563225,1614.38
</coordinates></LineString>
<LineString><altitudeMode>absolute</altitudeMode><coordinates>
13.03655108,47.53563225,1614.38
13.03656446,47.53561214,1615.07
</coordinates></LineString>
<LineString><altitudeMode>absolute</altitudeMode><coordinates>
13.03656446,47.53561214,1615.07
13.03651695,47.53556778,1608.86
</coordinates></LineString>
<LineString><altitudeMode>absolute</altitudeMode><coordinates>
13.03651695,47.53556778,1608.86
13.03648611,47.53562853,1606.98
</coordinates></LineString>
<LineString><altitudeMode>absolute</altitudeMode><coordinates>
13.03648611,47.53562853,1606.98
13.03645162,47.53567680,1606.10
</coordinates></LineString>
<LineString><altitudeMode>absolute</altitudeMode><coordinates>
13.03645162,47.53567680,1606.10
13.03638879,47.53564783,1606.27
</coordinates></LineString>
<LineString><altitudeMode>absolute</altitudeMode><coordinates>
13.03638879,47.53564783,1606.27
13.03629144,47.53562159,1602.94
</coordinates></LineString>
<LineString><altitudeMode>absolute</altitudeMode><coordinates>
13.04739300,47.53038411,1669.58
13.04739864,47.53038250,1665.07
13.04737111,47.53040479,1663.92
13.04736693,47.53041705,1653.40
13.04733779,47.53044328,1651.04
13.04739318,47.53043648,1610.36
13.04746881,47.53041780,1605.41
13.04750422,47.53041219,1597.09
</coordinates></LineString>
<LineString><altitudeMode>absolute</altitudeMode><coordinates>
13.04739300,47.53038411,1669.58
13.04743804,47.53035905,1646.96
</coordinates></LineString>
<LineString><altitudeMode>absolute</altitudeMode><coordinates>
13.04739318,47.53043648,1610.36
13.04740865,47.53043504,1615.10
13.04744455,47.53043412,1614.86
13.04754086,47.53044521,1611.44
13.04751719,47.53038856,1612.96
13.04757042,47.53037912,1612.91
13.04759527,47.53038971,1609.53
13.04758439,47.53037855,1590.94
</coordinates></LineString>
<LineString><altitudeMode>absolute</altitudeMode><coordinates>
13.04759527,47.53038971,1609.53
13.04762510,47.53039139,1601.25
13.04763863,47.53038145,1599.30
13.04768829,47.53037852,1600.34
13.04770743,47.53037111,1599.48
13.04775928,47.53040250,1598.50
13.04778630,47.53039765,1596.35
13.04779416,47.53042936,1596.07
13.04776751,47.53042774,1595.91
13.04776142,47.53044500,1594.28
13.04776487,47.53048088,1570.91
13.04778944,47.53051000,1570.07
13.04780883,47.53050295,1570.52
13.04783264,47.53051658,1568.94
13.04786953,47.53044244,1556.39
13.04789541,47.53045412,1556.71
13.04788870,47.53042378,1554.70
13.04796515,47.53041491,1552.02
13.04796459,47.53032978,1553.56
13.04799901,47.53031533,1549.98
13.04798002,47.53027227,1548.82
</coordinates></LineString>
<LineString><altitudeMode>absolute</altitudeMode><coordinates>
13.04737547,47.53030166,1666.08
13.04744065,47.53039977,1667.53
</coordinates></LineString>
<LineString><altitudeMode>absolute</altitudeMode><coordinates>
13.04737547,47.53030166,1666.08
13.04750768,47.53031552,1662.25
</coordinates></LineString>
<LineString><altitudeMode>absolute</altitudeMode><coordinates>
13.04737547,47.53030166,1666.08
13.04739393,47.53026247,1663.43
13.04731696,47.53021706,1661.91
13.04730371,47.53014089,1663.10
13.04733934,47.53019396,1663.50
13.04734863,47.53019430,1672.06
</coordinates></LineString>
<LineString><altitudeMode>absolute</altitudeMode><coordinates>
13.04730371,47.53014089,1663.10
13.04717875,47.53008927,1661.44
13.04710931,47.53010222,1661.24
13.04704111,47.53010340,1661.14
</coordinates></LineString>
<LineString><altitudeMode>absolute</altitudeMode><coordinates>
13.04710931,47.53010222,1661.24
13.04713562,47.53003410,1663.62
13.04714582,47.52997056,1666.47
</coordinates></LineString>
<LineString><altitudeMode>absolute</altitudeMode><coordinates>
13.04836341,47.53047739,1760.57
13.04838584,47.53046733,1761.96
13.04843580,47.53047799,1762.21
</coordinates></LineString>
<LineString><altitudeMode>absolute</altitudeMode><coordinates>
13.04838584,47.53046733,1761.96
13.04839585,47.53046975,1768.54
</coordinates></LineString>
<LineString><altitudeMode>absolute</altitudeMode><coordinates>
13.04832777,47.53039607,1748.29
13.04833432,47.53038781,1740.81
</coordinates></LineString>
<LineString><altitudeMode>absolute</altitudeMode><coordinates>
13.04795225,47.53042612,1724.56
13.04796175,47.53039569,1727.17
</coordinates></LineString>
<LineString><altitudeMode>absolute</altitudeMode><coordinates>
13.04796175,47.53039569,1727.17
13.04801004,47.53040110,1729.79
</coordinates></LineString>
<LineString><altitudeMode>absolute</altitudeMode><coordinates>
13.04801004,47.53040110,1729.79
13.04799648,47.53036208,1732.24
</coordinates></LineString>
<LineString><altitudeMode>absolute</altitudeMode><coordinates>
13.04799648,47.53036208,1732.24
13.04805766,47.53036393,1732.07
</coordinates></LineString>
<LineString><altitudeMode>absolute</altitudeMode><coordinates>
13.04805766,47.53036393,1732.07
13.04811757,47.53034975,1734.07
</coordinates></LineString>
<LineString><altitudeMode>absolute</altitudeMode><coordinates>
13.04811757,47.53034975,1734.07
13.04814497,47.53034535,1733.99
</coordinates></LineString>
<LineString><altitudeMode>absolute</altitudeMode><coordinates>
13.04814497,47.53034535,1733.99
13.04813171,47.53033748,1733.41
</coordinates></LineString>
<LineString><altitudeMode>absolute</altitudeMode><coordinates>
13.04813171,47.53033748,1733.41
13.04814300,47.53033056,1731.39
</coordinates></LineString>
<LineString><altitudeMode>absolute</altitudeMode><coordinates>
13.04814300,47.53033056,1731.39
13.04811091,47.53029654,1729.06
</coordinates></LineString>
<LineString><altitudeMode>absolute</altitudeMode><coordinates>
13.04811091,47.53029654,1729.06
13.04809570,47.53028765,1728.91
</coordinates></LineString>
<LineString><altitudeMode>absolute</altitudeMode><coordinates>
13.04809570,47.53028765,1728.91
13.04806576,47.53028156,1732.40
</coordinates></LineString>
<LineString><altitudeMode>absolute</altitudeMode><coordinates>
13.04806576,47.53028156,1732.40
13.04803731,47.53027855,1735.07
</coordinates></LineString>
<LineString><altitudeMode>absolute</altitudeMode><coordinates>
13.04803731,47.53027855,1735.07
13.04803124,47.53026315,1735.64
</coordinates></LineString>
<LineString><altitudeMode>absolute</altitudeMode><coordinates>
13.04814497,47.53034535,1733.99
13.04815155,47.53035428,1734.45
</coordinates></LineString>
<LineString><altitudeMode>absolute</altitudeMode><coordinates>
13.04815155,47.53035428,1734.45
13.04818090,47.53035101,1735.99
</coordinates></LineString>
<LineString><altitudeMode>absolute</altitudeMode><coordinates>
13.04818090,47.53035101,1735.99
13.04823933,47.53036613,1736.79
</coordinates></LineString>
<LineString><altitudeMode>absolute</altitudeMode><coordinates>
13.04823933,47.53036613,1736.79
13.04825769,47.53035825,1737.41
</coordinates></LineString>
<LineString><altitudeMode>absolute</altitudeMode><coordinates>
13.04825769,47.53035825,1737.41
13.04831451,47.53036678,1737.47
</coordinates></LineString>
<LineString><altitudeMode>absolute</altitudeMode><coordinates>
13.04831451,47.53036678,1737.47
13.04830558,47.53036042,1740.29
</coordinates></LineString>
<LineString><altitudeMode>absolute</altitudeMode><coordinates>
13.04830558,47.53036042,1740.29
13.04838136,47.53036612,1745.83
</coordinates></LineString>
<LineString><altitudeMode>absolute</altitudeMode><coordinates>
13.04838136,47.53036612,1745.83
13.04844340,47.53039138,1748.61
</coordinates></LineString>
<LineString><altitudeMode>absolute</altitudeMode><coordinates>
13.04767476,47.53040304,1722.19
13.04766310,47.53040941,1723.79
</coordinates></LineString>
<LineString><altitudeMode>absolute</altitudeMode><coordinates>
13.04766310,47.53040941,1723.79
13.04769150,47.53041376,1724.98
</coordinates></LineString>
<LineString><altitudeMode>absolute</altitudeMode><coordinates>
13.04769150,47.53041376,1724.98
13.04771442,47.53041208,1726.75
</coordinates></LineString>
<LineString><altitudeMode>absolute</altitudeMode><coordinates>
13.04766310,47.53040941,1723.79
13.04765385,47.53039008,1723.17
</coordinates></LineString>
<LineString><altitudeMode>absolute</altitudeMode><coordinates>
13.04765385,47.53039008,1723.17
13.04760596,47.53038468,1722.69
</coordinates></LineString>
<LineString><altitudeMode>absolute</altitudeMode><coordinates>
13.04706160,47.52931558,1748.34
13.04700506,47.52932829,1744.18
13.04701140,47.52933650,1742.41
13.04695405,47.52933876,1739.24
13.04692417,47.52935625,1732.66
</coordinates></LineString>
<LineString><altitudeMode>absolute</altitudeMode><coordinates>
13.04695405,47.52933876,1739.24
13.04694812,47.52934451,1740.99
</coordinates></LineString>
<LineString><altitudeMode>absolute</altitudeMode><coordinates>
13.04646031,47.52965087,1746.62
13.04643538,47.52971028,1748.91
13.04645445,47.52972636,1738.83
13.04642613,47.52974477,1738.99
13.04643386,47.52974778,1732.00
</coordinates></LineString>
<LineString><altitudeMode>absolute</altitudeMode><coordinates>
13.04642613,47.52974477,1738.99
13.04643397,47.52975543,1739.76
13.04638673,47.52981465,1739.83
13.04638244,47.52984085,1741.97
13.04642259,47.52982237,1744.00
13.04638873,47.52984329,1748.66
</coordinates></LineString>
<LineString><altitudeMode>absolute</altitudeMode><coordinates>
13.04638673,47.52981465,1739.83
13.04635516,47.52980610,1739.05
</coordinates></LineString>
<LineString><altitudeMode>absolute</altitudeMode><coordinates>
13.04638673,47.52981465,1739.83
13.04635922,47.52983631,1726.53
</coordinates></LineString>
<LineString><altitudeMode>absolute</altitudeMode><coordinates>
13.04643297,47.52991487,1748.58
13.04638753,47.52990059,1750.98
13.04636660,47.52995963,1751.87
13.04634234,47.52996884,1750.07
13.04634345,47.53000701,1746.48
</coordinates></LineString>
<LineString><altitudeMode>absolute</altitudeMode><coordinates>
13.04634234,47.52996884,1750.07
13.04636038,47.52993406,1749.14
</coordinates></LineString>
<LineString><altitudeMode>absolute</altitudeMode><coordinates>
13.04634234,47.52996884,1750.07
13.04623289,47.52994673,1754.66
13.04623585,47.52993859,1758.11
13.04630527,47.53001905,1775.77
</coordinates></LineString>
<LineString><altitudeMode>absolute</altitudeMode><coordinates>
13.04623585,47.52993859,1758.11
13.04621858,47.52993848,1757.25
13.04623384,47.52994621,1740.57
</coordinates></LineString>
<LineString><altitudeMode>absolute</altitudeMode><coordinates>
13.04694373,47.52906584,1747.19
13.04696509,47.52905235,1736.08
13.04694745,47.52907994,1727.68
13.04691759,47.52910058,1725.97
13.04689369,47.52913239,1719.51
</coordinates></LineString>
<LineString><altitudeMode>absolute</altitudeMode><coordinates>
13.04694745,47.52907994,1727.68
13.04688319,47.52906805,1727.43
13.04686972,47.52905153,1726.92
13.04693072,47.52903674,1724.61
</coordinates></LineString>
<LineString><altitudeMode>absolute</altitudeMode><coordinates>
13.04686972,47.52905153,1726.92
13.04683496,47.52906111,1725.51
13.04692927,47.52911887,1725.14
</coordinates></LineString>
<LineString><altitudeMode>absolute</altitudeMode><coordinates>
13.04696342,47.52888972,1743.14
13.04699590,47.52892744,1745.58
13.04703914,47.52893636,1745.27
13.04709010,47.52892382,1748.51
13.04711507,47.52895601,1748.97
13.04713522,47.52894304,1749.25
13.04716826,47.52894045,1749.34
13.04722407,47.52889740,1743.72
</coordinates></LineString>
<LineString><altitudeMode>absolute</altitudeMode><coordinates>
13.04693430,47.52892252,1741.07
13.04695862,47.52892959,1737.00
</coordinates></LineString>
<LineString><altitudeMode>absolute</altitudeMode><coordinates>
13.04695862,47.52892959,1737.00
13.04697051,47.52895985,1736.89
</coordinates></LineString>
<LineString><altitudeMode>absolute</altitudeMode><coordinates>
13.04695862,47.52892959,1737.00
13.04698970,47.52894038,1735.06
13.04694348,47.52895795,1733.08
13.04693287,47.52895021,1733.23
13.04692611,47.52896782,1732.92
13.04691746,47.52897181,1732.93
13.04693001,47.52898435,1732.89
</coordinates></LineString>
<LineString><altitudeMode>absolute</altitudeMode><coordinates>
13.04698970,47.52894038,1735.06
13.04702198,47.52894066,1730.74
13.04701305,47.52895922,1726.08
</coordinates></LineString>
<LineString><altitudeMode>absolute</altitudeMode><coordinates>
13.04886828,47.52861558,1742.59
13.04885738,47.52867658,1742.99
13.04878623,47.52874295,1744.07
13.04891706,47.52879755,1742.61
</coordinates></LineString>
<LineString><altitudeMode>absolute</altitudeMode><coordinates>
13.04621780,47.52836816,1756.18
13.04618596,47.52837769,1760.06
13.04616079,47.52837213,1759.80
13.04612727,47.52841970,1758.14
13.04603590,47.52844739,1756.91
13.04604236,47.52843445,1756.31
13.04601244,47.52845302,1756.75
13.04592286,47.52843953,1755.83
13.04582017,47.52851453,1756.80
</coordinates></LineString>
<LineString><altitudeMode>absolute</altitudeMode><coordinates>
13.04878623,47.52874295,1744.07
13.04875713,47.52885053,1741.76
13.04872772,47.52889466,1741.58
</coordinates></LineString>
<LineString><altitudeMode>absolute</altitudeMode><coordinates>
13.04872772,47.52889466,1741.58
13.04874478,47.52891852,1738.03
13.04881663,47.52889752,1741.19
</coordinates></LineString>
<LineString><altitudeMode>absolute</altitudeMode><coordinates>
13.04874478,47.52891852,1738.03
13.04875126,47.52888696,1736.23
13.04878657,47.52888432,1730.11
13.04877726,47.52892025,1731.50
13.04867613,47.52893895,1729.76
13.04861727,47.52891023,1728.66
13.04856607,47.52889371,1726.78
13.04850525,47.52893586,1720.29
</coordinates></LineString>
<LineString><altitudeMode>absolute</altitudeMode><coordinates>
13.04850525,47.52893586,1720.29
13.04848578,47.52896666,1716.48
13.04848533,47.52898231,1714.09
</coordinates></LineString>
<LineString><altitudeMode>absolute</altitudeMode><coordinates>
13.04848533,47.52898231,1714.09
13.04846985,47.52899132,1706.02
13.04836244,47.52896771,1702.30
</coordinates></LineString>
<LineString><altitudeMode>absolute</altitudeMode><coordinates>
13.04836244,47.52896771,1702.30
13.04822216,47.52896020,1697.32
</coordinates></LineString>
<LineString><altitudeMode>absolute</altitudeMode><coordinates>
13.04822216,47.52896020,1697.32
13.04811680,47.52894941,1692.39
13.04806081,47.52891876,1689.88
13.04795767,47.52891628,1684.16
</coordinates></LineString>
<LineString><altitudeMode>absolute</altitudeMode><coordinates>
13.04795767,47.52891628,1684.16
13.04795451,47.52890489,1684.19
</coordinates></LineString>
<LineString><altitudeMode>absolute</altitudeMode><coordinates>
13.04687109,47.52874282,1741.60
13.04689412,47.52877021,1741.49
13.04691549,47.52878866,1742.82
</coordinates></LineString>
<LineString><altitudeMode>absolute</altitudeMode><coordinates>
13.04691549,47.52878866,1742.82
13.04694428,47.52876126,1748.00
</coordinates></LineString>
<LineString><altitudeMode>absolute</altitudeMode><coordinates>
13.04687994,47.52881235,1741.26
13.04690555,47.52880604,1741.14
</coordinates></LineString>
<LineString><altitudeMode>absolute</altitudeMode><coordinates>
13.04681374,47.52873816,1741.80
13.04681266,47.52865616,1748.28
</coordinates></LineString>
<LineString><altitudeMode>absolute</altitudeMode><coordinates>
13.04664710,47.52861735,1745.29
13.04658069,47.52863835,1745.25
</coordinates></LineString>
<LineString><altitudeMode>absolute</altitudeMode><coordinates>
13.04660715,47.52840530,1749.32
13.04650949,47.52838410,1748.11
</coordinates></LineString>
<LineString><altitudeMode>absolute</altitudeMode><coordinates>
13.04657490,47.52828291,1750.13
13.04649951,47.52822358,1753.79
</coordinates></LineString>
<LineString><altitudeMode>absolute</altitudeMode><coordinates>
13.04690486,47.52835224,1750.31
13.04687295,47.52838877,1749.91
</coordinates></LineString>
<LineString><altitudeMode>absolute</altitudeMode><coordinates>
13.04737686,47.52839627,1749.08
13.04746417,47.52840280,1748.53
</coordinates></LineString>
<LineString><altitudeMode>absolute</altitudeMode><coordinates>
13.04755122,47.52825167,1749.61
13.04743506,47.52821721,1748.10
</coordinates></LineString>
<LineString><altitudeMode>absolute</altitudeMode><coordinates>
13.04803607,47.52795668,1748.24
13.04805286,47.52800538,1752.37
</coordinates></LineString>
<LineString><altitudeMode>absolute</altitudeMode><coordinates>
13.04862140,47.52801487,1746.06
13.04868047,47.52799464,1746.42
</coordinates></LineString>
<LineString><altitudeMode>absolute</altitudeMode><coordinates>
13.04868047,47.52799464,1746.42
13.04871400,47.52797560,1750.84
</coordinates></LineString>
<LineString><altitudeMode>absolute</altitudeMode><coordinates>
13.04870258,47.52811155,1745.71
13.04871342,47.52813801,1749.21
</coordinates></LineString>
<LineString><altitudeMode>absolute</altitudeMode><coordinates>
13.04840360,47.52833835,1739.68
13.04843117,47.52833306,1737.82
</coordinates></LineString>
<LineString><altitudeMode>absolute</altitudeMode><coordinates>
13.04843117,47.52833306,1737.82
13.04844585,47.52830973,1736.41
</coordinates></LineString>
<LineString><altitudeMode>absolute</altitudeMode><coordinates>
13.04881663,47.52889752,1741.19
13.04892723,47.52888869,1741.19
</coordinates></LineString>
<LineString><altitudeMode>absolute</altitudeMode><coordinates>
13.04861727,47.52891023,1728.66
13.04864633,47.52897561,1753.18
</coordinates></LineString>
<LineString><altitudeMode>absolute</altitudeMode><coordinates>
13.04848533,47.52898231,1714.09
13.04851024,47.52902332,1720.67
</coordinates></LineString>
<LineString><altitudeMode>absolute</altitudeMode><coordinates>
13.04699426,47.52923992,1699.77
13.04699211,47.52928353,1700.89
13.04702250,47.52929511,1701.90
13.04698792,47.52932818,1703.71
</coordinates></LineString>
<LineString><altitudeMode>absolute</altitudeMode><coordinates>
13.04702250,47.52929511,1701.90
13.04699156,47.52929459,1704.81
13.04699455,47.52932136,1708.44
13.04692461,47.52932296,1708.93
13.04684922,47.52934966,1728.56
</coordinates></LineString>
<LineString><altitudeMode>absolute</altitudeMode><coordinates>
13.04692461,47.52932296,1708.93
13.04692176,47.52937123,1708.88
</coordinates></LineString>
<LineString><altitudeMode>absolute</altitudeMode><coordinates>
13.04699426,47.52923992,1699.77
13.04697524,47.52932616,1697.20
13.04696859,47.52934441,1696.37
13.04692122,47.52937851,1689.92
13.04698279,47.52941286,1693.08
13.04707553,47.52946276,1686.44
13.04706913,47.52952411,1681.07
</coordinates></LineString>
<LineString><altitudeMode>absolute</altitudeMode><coordinates>
13.04707553,47.52946276,1686.44
13.04705551,47.52942237,1687.25
13.04707043,47.52938888,1683.52
13.04705574,47.52935165,1681.44
13.04700751,47.52930881,1681.36
</coordinates></LineString>
<LineString><altitudeMode>absolute</altitudeMode><coordinates>
13.04665823,47.52826417,1750.29
13.04669202,47.52825233,1755.17
13.04669367,47.52823994,1755.75
</coordinates></LineString>
<LineString><altitudeMode>absolute</altitudeMode><coordinates>
13.04669367,47.52823994,1755.75
13.04668990,47.52820208,1759.54
13.04670422,47.52819549,1760.02
</coordinates></LineString>
<LineString><altitudeMode>absolute</altitudeMode><coordinates>
13.04670422,47.52819549,1760.02
13.04669230,47.52817306,1761.03
</coordinates></LineString>
<LineString><altitudeMode>absolute</altitudeMode><coordinates>
13.04669230,47.52817306,1761.03
13.04671657,47.52816006,1762.22
</coordinates></LineString>
<LineString><altitudeMode>absolute</altitudeMode><coordinates>
13.04671657,47.52816006,1762.22
13.04674398,47.52815900,1762.86
</coordinates></LineString>
<LineString><altitudeMode>absolute</altitudeMode><coordinates>
13.04674398,47.52815900,1762.86
13.04677044,47.52816890,1763.40
</coordinates></LineString>
<LineString><altitudeMode>absolute</altitudeMode><coordinates>
13.04776873,47.52785755,1719.33
13.04774895,47.52787836,1724.18
</coordinates></LineString>
<LineString><altitudeMode>absolute</altitudeMode><coordinates>
13.04774895,47.52787836,1724.18
13.04772607,47.52791505,1722.53
</coordinates></LineString>
<LineString><altitudeMode>absolute</altitudeMode><coordinates>
13.04772607,47.52791505,1722.53
13.04769422,47.52791063,1721.63
13.04770150,47.52792903,1718.82
13.04770649,47.52794855,1715.01
</coordinates></LineString>
<LineString><altitudeMode>absolute</altitudeMode><coordinates>
13.04770649,47.52794855,1715.01
13.04773048,47.52797514,1715.16
</coordinates></LineString>
<LineString><altitudeMode>absolute</altitudeMode><coordinates>
13.04770649,47.52794855,1715.01
13.04764121,47.52793925,1709.13
</coordinates></LineString>
<LineString><altitudeMode>absolute</altitudeMode><coordinates>
13.04783838,47.52775976,1715.32
13.04785969,47.52779413,1740.24
</coordinates></LineString>
<LineString><altitudeMode>absolute</altitudeMode><coordinates>
13.04814266,47.52747591,1724.37
13.04819052,47.52751092,1739.87
</coordinates></LineString>
<LineString><altitudeMode>absolute</altitudeMode><coordinates>
13.04835325,47.52742173,1730.76
13.04836357,47.52740148,1733.00
13.04840633,47.52741624,1741.65
</coordinates></LineString>
<LineString><altitudeMode>absolute</altitudeMode><coordinates>
13.04864302,47.52729960,1739.36
13.04870675,47.52729718,1743.19
</coordinates></LineString>
<LineString><altitudeMode>absolute</altitudeMode><coordinates>
13.04875434,47.52724634,1738.83
13.04872470,47.52727886,1739.94
</coordinates></LineString>
<LineString><altitudeMode>absolute</altitudeMode><coordinates>
13.04910680,47.52690977,1741.78
13.04917386,47.52692476,1742.36
</coordinates></LineString>
<LineString><altitudeMode>absolute</altitudeMode><coordinates>
13.04706126,47.52911716,1683.32
13.04708468,47.52914491,1682.39
</coordinates></LineString>
<LineString><altitudeMode>absolute</altitudeMode><coordinates>
13.04733575,47.52870548,1684.32
13.04738113,47.52869635,1676.56
</coordinates></LineString>
<LineString><altitudeMode>absolute</altitudeMode><coordinates>
13.04733575,47.52870548,1684.32
13.04733955,47.52865677,1697.30
</coordinates></LineString>
<LineString><altitudeMode>absolute</altitudeMode><coordinates>
13.04753817,47.52856045,1684.34
13.04753539,47.52853872,1710.98
</coordinates></LineString>
<LineString><altitudeMode>absolute</altitudeMode><coordinates>
13.04753817,47.52856045,1684.34
13.04754751,47.52853415,1686.49
13.04756598,47.52852349,1684.89
13.04759464,47.52855673,1683.55
13.04762470,47.52856993,1681.00
13.04766280,47.52859947,1675.93
13.04774065,47.52860682,1673.76
13.04779485,47.52855681,1671.91
13.04786261,47.52857461,1665.73
13.04788425,47.52857498,1666.46
13.04788700,47.52856891,1666.39
13.04793271,47.52852938,1666.33
13.04797605,47.52851797,1663.33
13.04803299,47.52849419,1660.25
13.04818615,47.52845190,1652.43
13.04826945,47.52848418,1647.47
13.04833794,47.52844296,1645.59
13.04843178,47.52836312,1642.46
13.04840593,47.52832228,1642.12
13.04839862,47.52829723,1642.93
13.04838726,47.52828822,1643.12
13.04839373,47.52828221,1643.98
13.04841746,47.52825850,1642.62
13.04844383,47.52829269,1640.46
13.04849482,47.52825388,1638.02
13.04855528,47.52822152,1634.10
13.04861674,47.52819782,1631.62
13.04858506,47.52816723,1631.93
13.04858165,47.52814809,1632.36
13.04856149,47.52812553,1638.82
</coordinates></LineString>
<LineString><altitudeMode>absolute</altitudeMode><coordinates>
13.04855528,47.52822152,1634.10
13.04858909,47.52820536,1631.37
13.04860260,47.52821729,1630.29
13.04859496,47.52824406,1629.91
</coordinates></LineString>
<LineString><altitudeMode>absolute</altitudeMode><coordinates>
13.04687557,47.52903355,1692.63
13.04686840,47.52900139,1693.98
13.04685551,47.52897283,1692.09
13.04686364,47.52895425,1692.53
13.04694400,47.52887238,1701.37
</coordinates></LineString>
<LineString><altitudeMode>absolute</altitudeMode><coordinates>
13.04686364,47.52895425,1692.53
13.04695545,47.52897210,1690.66
</coordinates></LineString>
<LineString><altitudeMode>absolute</altitudeMode><coordinates>
13.04790673,47.52753641,1708.65
13.04788297,47.52752512,1708.37
</coordinates></LineString>
<LineString><altitudeMode>absolute</altitudeMode><coordinates>
13.04788297,47.52752512,1708.37
13.04787845,47.52751442,1708.49
13.04787785,47.52751252,1709.20
13.04789526,47.52749464,1710.44
</coordinates></LineString>
<LineString><altitudeMode>absolute</altitudeMode><coordinates>
13.04780784,47.52758413,1704.74
13.04778303,47.52757228,1707.32
</coordinates></LineString>
<LineString><altitudeMode>absolute</altitudeMode><coordinates>
13.04731827,47.52752324,1717.23
13.04731819,47.52755410,1714.65
</coordinates></LineString>
<LineString><altitudeMode>absolute</altitudeMode><coordinates>
13.04727349,47.52746273,1721.74
13.04733476,47.52749419,1722.63
</coordinates></LineString>
<LineString><altitudeMode>absolute</altitudeMode><coordinates>
13.04726026,47.52746106,1722.76
13.04731623,47.52734567,1732.70
</coordinates></LineString>
<LineString><altitudeMode>absolute</altitudeMode><coordinates>
13.04701962,47.52760175,1707.65
13.04705869,47.52749056,1718.92
</coordinates></LineString>
<LineString><altitudeMode>absolute</altitudeMode><coordinates>
13.04669773,47.52747605,1699.19
13.04668347,47.52747022,1677.25
</coordinates></LineString>
<LineString><altitudeMode>absolute</altitudeMode><coordinates>
13.04908769,47.52690197,1748.01
13.04907139,47.52690097,1747.16
</coordinates></LineString>
<LineString><altitudeMode>absolute</altitudeMode><coordinates>
13.04908769,47.52690197,1748.01
13.04908891,47.52689767,1747.65
13.04910466,47.52693160,1743.49
</coordinates></LineString>
<LineString><altitudeMode>absolute</altitudeMode><coordinates>
13.04908891,47.52689767,1747.65
13.04912558,47.52690127,1747.27
13.04912856,47.52689979,1750.85
</coordinates></LineString>
<LineString><altitudeMode>absolute</altitudeMode><coordinates>
13.04912558,47.52690127,1747.27
13.04911986,47.52692663,1745.32
</coordinates></LineString>
<LineString><altitudeMode>absolute</altitudeMode><coordinates>
13.04912558,47.52690127,1747.27
13.04914044,47.52687317,1748.63
</coordinates></LineString>
<LineString><altitudeMode>absolute</altitudeMode><coordinates>
13.04921368,47.52685768,1749.95
13.04917847,47.52681128,1751.45
</coordinates></LineString>
<LineString><altitudeMode>absolute</altitudeMode><coordinates>
13.04921368,47.52685768,1749.95
13.04921765,47.52683670,1749.30
13.04923534,47.52676105,1735.58
</coordinates></LineString>
<LineString><altitudeMode>absolute</altitudeMode><coordinates>
13.04932898,47.52670055,1750.34
13.04932046,47.52665803,1750.11
</coordinates></LineString>
<LineString><altitudeMode>absolute</altitudeMode><coordinates>
13.04932046,47.52665803,1750.11
13.04928585,47.52665645,1750.90
13.04924872,47.52665438,1752.19
</coordinates></LineString>
<LineString><altitudeMode>absolute</altitudeMode><coordinates>
13.04924872,47.52665438,1752.19
13.04924039,47.52667862,1752.17
</coordinates></LineString>
<LineString><altitudeMode>absolute</altitudeMode><coordinates>
13.04924872,47.52665438,1752.19
13.04931674,47.52664384,1766.54
</coordinates></LineString>
<LineString><altitudeMode>absolute</altitudeMode><coordinates>
13.04931060,47.52676638,1739.77
13.04919390,47.52676430,1738.16
</coordinates></LineString>
<LineString><altitudeMode>absolute</altitudeMode><coordinates>
13.04931060,47.52676638,1739.77
13.04935080,47.52676409,1738.85
</coordinates></LineString>
<LineString><altitudeMode>absolute</altitudeMode><coordinates>
13.04914632,47.52685780,1731.70
13.04917151,47.52681638,1734.66
</coordinates></LineString>
<LineString><altitudeMode>absolute</altitudeMode><coordinates>
13.04899770,47.52698557,1734.38
13.04900670,47.52696871,1732.70
</coordinates></LineString>
<LineString><altitudeMode>absolute</altitudeMode><coordinates>
13.04895205,47.52705219,1728.91
13.04899238,47.52705377,1732.81
</coordinates></LineString>
<LineString><altitudeMode>absolute</altitudeMode><coordinates>
13.04880831,47.52718822,1725.04
13.04884906,47.52717137,1729.20
</coordinates></LineString>
<LineString><altitudeMode>absolute</altitudeMode><coordinates>
13.04880831,47.52718822,1725.04
13.04873614,47.52723559,1726.10
</coordinates></LineString>
<LineString><altitudeMode>absolute</altitudeMode><coordinates>
13.04876424,47.52723013,1725.18
13.04870634,47.52723670,1729.57
</coordinates></LineString>
<LineString><altitudeMode>absolute</altitudeMode><coordinates>
13.04860648,47.52725687,1714.32
13.04850378,47.52729633,1717.84
</coordinates></LineString>
<LineString><altitudeMode>absolute</altitudeMode><coordinates>
13.04856535,47.52729108,1714.11
13.04855430,47.52726687,1717.49
</coordinates></LineString>
<LineString><altitudeMode>absolute</altitudeMode><coordinates>
13.04847572,47.52732942,1713.07
13.04848949,47.52731273,1719.28
</coordinates></LineString>
<LineString><altitudeMode>absolute</altitudeMode><coordinates>
13.04830242,47.52738100,1708.30
13.04834173,47.52733497,1713.36
</coordinates></LineString>
<LineString><altitudeMode>absolute</altitudeMode><coordinates>
13.04819297,47.52733378,1708.87
13.04824233,47.52735712,1714.93
</coordinates></LineString>
<LineString><altitudeMode>absolute</altitudeMode><coordinates>
13.04819297,47.52733378,1708.87
13.04817690,47.52735528,1705.75
</coordinates></LineString>
<LineString><altitudeMode>absolute</altitudeMode><coordinates>
13.04807896,47.52736307,1711.91
13.04820479,47.52730537,1718.19
</coordinates></LineString>
<LineString><altitudeMode>absolute</altitudeMode><coordinates>
13.04805311,47.52736865,1716.61
13.04796528,47.52741575,1722.22
</coordinates></LineString>
<LineString><altitudeMode>absolute</altitudeMode><coordinates>
13.04805311,47.52736865,1716.61
13.04805236,47.52741039,1710.45
</coordinates></LineString>
<LineString><altitudeMode>absolute</altitudeMode><coordinates>
13.04805311,47.52736865,1716.61
13.04806467,47.52731513,1718.10
13.04805260,47.52730728,1719.23
</coordinates></LineString>
<LineString><altitudeMode>absolute</altitudeMode><coordinates>
13.04639871,47.52743946,1684.03
13.04627826,47.52742031,1678.15
</coordinates></LineString>
<LineString><altitudeMode>absolute</altitudeMode><coordinates>
13.04616882,47.52735482,1678.36
13.04618288,47.52731610,1693.37
</coordinates></LineString>
<LineString><altitudeMode>absolute</altitudeMode><coordinates>
13.04599921,47.52730370,1675.89
13.04595189,47.52733295,1653.17
</coordinates></LineString>
<LineString><altitudeMode>absolute</altitudeMode><coordinates>
13.04587357,47.52718818,1679.05
13.04583517,47.52716341,1680.81
</coordinates></LineString>
<LineString><altitudeMode>absolute</altitudeMode><coordinates>
13.04579432,47.52727582,1668.46
13.04594226,47.52725252,1677.68
</coordinates></LineString>
<LineString><altitudeMode>absolute</altitudeMode><coordinates>
13.04580324,47.52726095,1668.35
13.04574569,47.52722955,1668.73
</coordinates></LineString>
<LineString><altitudeMode>absolute</altitudeMode><coordinates>
13.04574569,47.52722955,1668.73
13.04573932,47.52719345,1670.93
</coordinates></LineString>
<LineString><altitudeMode>absolute</altitudeMode><coordinates>
13.04573932,47.52719345,1670.93
13.04574584,47.52713597,1677.96
</coordinates></LineString>
<LineString><altitudeMode>absolute</altitudeMode><coordinates>
13.04573932,47.52719345,1670.93
13.04566429,47.52713899,1670.56
</coordinates></LineString>
<LineString><altitudeMode>absolute</altitudeMode><coordinates>
13.04566429,47.52713899,1670.56
13.04566886,47.52717353,1668.38
</coordinates></LineString>
<LineString><altitudeMode>absolute</altitudeMode><coordinates>
13.04566429,47.52713899,1670.56
13.04575617,47.52713336,1677.61
</coordinates></LineString>
<LineString><altitudeMode>absolute</altitudeMode><coordinates>
13.04566429,47.52713899,1670.56
13.04566454,47.52713225,1674.17
13.04566037,47.52710167,1677.09
</coordinates></LineString>
<LineString><altitudeMode>absolute</altitudeMode><coordinates>
13.04566037,47.52710167,1677.09
13.04562128,47.52704521,1679.95
</coordinates></LineString>
<LineString><altitudeMode>absolute</altitudeMode><coordinates>
13.04562128,47.52704521,1679.95
13.04562762,47.52702822,1679.66
</coordinates></LineString>
<LineString><altitudeMode>absolute</altitudeMode><coordinates>
13.04562762,47.52702822,1679.66
13.04560799,47.52698110,1672.35
</coordinates></LineString>
<LineString><altitudeMode>absolute</altitudeMode><coordinates>
13.04566429,47.52713899,1670.56
13.04562883,47.52712813,1669.84
</coordinates></LineString>
<LineString><altitudeMode>absolute</altitudeMode><coordinates>
13.04562883,47.52712813,1669.84
13.04563338,47.52710562,1671.27
</coordinates></LineString>
<LineString><altitudeMode>absolute</altitudeMode><coordinates>
13.04563338,47.52710562,1671.27
13.04562791,47.52708474,1671.86
13.04560366,47.52707965,1671.15
</coordinates></LineString>
<LineString><altitudeMode>absolute</altitudeMode><coordinates>
13.04560366,47.52707965,1671.15
13.04557904,47.52707365,1667.55
</coordinates></LineString>
<LineString><altitudeMode>absolute</altitudeMode><coordinates>
13.04557904,47.52707365,1667.55
13.04564281,47.52695911,1684.18
</coordinates></LineString>
<LineString><altitudeMode>absolute</altitudeMode><coordinates>
13.04575752,47.52727942,1663.73
13.04571785,47.52724213,1663.29
</coordinates></LineString>
<LineString><altitudeMode>absolute</altitudeMode><coordinates>
13.04571953,47.52742932,1662.15
13.04568551,47.52740471,1665.32
</coordinates></LineString>
<LineString><altitudeMode>absolute</altitudeMode><coordinates>
13.04577894,47.52747532,1656.94
13.04576072,47.52742210,1656.45
</coordinates></LineString>
<LineString><altitudeMode>absolute</altitudeMode><coordinates>
13.04715461,47.52883224,1685.41
13.04715803,47.52867590,1701.69
</coordinates></LineString>
<LineString><altitudeMode>absolute</altitudeMode><coordinates>
13.04715803,47.52867590,1701.69
13.04716680,47.52870080,1700.95
</coordinates></LineString>
<LineString><altitudeMode>absolute</altitudeMode><coordinates>
13.04716680,47.52870080,1700.95
13.04724273,47.52870965,1701.50
</coordinates></LineString>
<LineString><altitudeMode>absolute</altitudeMode><coordinates>
13.04724273,47.52870965,1701.50
13.04726499,47.52872191,1695.47
</coordinates></LineString>
<LineString><altitudeMode>absolute</altitudeMode><coordinates>
13.04724273,47.52870965,1701.50
13.04731965,47.52871348,1705.77
</coordinates></LineString>
<LineString><altitudeMode>absolute</altitudeMode><coordinates>
13.04731965,47.52871348,1705.77
13.04730596,47.52869219,1705.96
</coordinates></LineString>
<LineString><altitudeMode>absolute</altitudeMode><coordinates>
13.04730596,47.52869219,1705.96
13.04739826,47.52865732,1710.00
</coordinates></LineString>
<LineString><altitudeMode>absolute</altitudeMode><coordinates>
13.04739826,47.52865732,1710.00
13.04741228,47.52864109,1712.57
</coordinates></LineString>
<LineString><altitudeMode>absolute</altitudeMode><coordinates>
13.04741228,47.52864109,1712.57
13.04745055,47.52863364,1714.14
</coordinates></LineString>
<LineString><altitudeMode>absolute</altitudeMode><coordinates>
13.04745055,47.52863364,1714.14
13.04748279,47.52864193,1715.75
</coordinates></LineString>
<LineString><altitudeMode>absolute</altitudeMode><coordinates>
13.04748279,47.52864193,1715.75
13.04748879,47.52866282,1717.52
</coordinates></LineString>
<LineString><altitudeMode>absolute</altitudeMode><coordinates>
13.04738467,47.52844707,1738.96
13.04739306,47.52845387,1736.34
</coordinates></LineString>
<LineString><altitudeMode>absolute</altitudeMode><coordinates>
13.04751568,47.52834672,1740.91
13.04754639,47.52828164,1747.36
</coordinates></LineString>
<LineString><altitudeMode>absolute</altitudeMode><coordinates>
13.04755323,47.52836211,1737.84
13.04756551,47.52834999,1737.64
13.04763207,47.52838937,1734.62
13.04762840,47.52839516,1734.39
</coordinates></LineString>
<LineString><altitudeMode>absolute</altitudeMode><coordinates>
13.04762840,47.52839516,1734.39
13.04766414,47.52845956,1728.37
</coordinates></LineString>
<LineString><altitudeMode>absolute</altitudeMode><coordinates>
13.04751205,47.52826180,1696.40
13.04757946,47.52823901,1697.07
</coordinates></LineString>
<LineString><altitudeMode>absolute</altitudeMode><coordinates>
13.04746043,47.52858585,1696.70
13.04731895,47.52870717,1687.29
</coordinates></LineString>
<LineString><altitudeMode>absolute</altitudeMode><coordinates>
13.04746425,47.52852941,1696.87
13.04744780,47.52852895,1693.43
13.04743625,47.52855017,1692.34
</coordinates></LineString>
<LineString><altitudeMode>absolute</altitudeMode><coordinates>
13.04743625,47.52855017,1692.34
13.04738185,47.52858037,1690.95
</coordinates></LineString>
<LineString><altitudeMode>absolute</altitudeMode><coordinates>
13.04738185,47.52858037,1690.95
13.04733751,47.52852230,1686.72
</coordinates></LineString>
<LineString><altitudeMode>absolute</altitudeMode><coordinates>
13.04733751,47.52852230,1686.72
13.04729853,47.52854854,1684.99
</coordinates></LineString>
<LineString><altitudeMode>absolute</altitudeMode><coordinates>
13.04729853,47.52854854,1684.99
13.04727995,47.52854462,1686.10
</coordinates></LineString>
<LineString><altitudeMode>absolute</altitudeMode><coordinates>
13.04727995,47.52854462,1686.10
13.04726148,47.52852325,1685.30
</coordinates></LineString>
<LineString><altitudeMode>absolute</altitudeMode><coordinates>
13.04726148,47.52852325,1685.30
13.04722432,47.52851137,1684.84
</coordinates></LineString>
<LineString><altitudeMode>absolute</altitudeMode><coordinates>
13.04752491,47.52835578,1735.77
13.04753031,47.52833896,1736.61
</coordinates></LineString>
<LineString><altitudeMode>absolute</altitudeMode><coordinates>
13.04753031,47.52833896,1736.61
13.04754368,47.52833307,1738.30
</coordinates></LineString>
<LineString><altitudeMode>absolute</altitudeMode><coordinates>
13.04754368,47.52833307,1738.30
13.04752278,47.52832002,1737.97
</coordinates></LineString>
<LineString><altitudeMode>absolute</altitudeMode><coordinates>
13.04748729,47.52839932,1728.72
13.04749332,47.52841931,1727.34
</coordinates></LineString>
<LineString><altitudeMode>absolute</altitudeMode><coordinates>
13.04749332,47.52841931,1727.34
13.04748688,47.52842802,1726.32
13.04749676,47.52843764,1725.07
</coordinates></LineString>
<LineString><altitudeMode>absolute</altitudeMode><coordinates>
13.04749676,47.52843764,1725.07
13.04761915,47.52849749,1721.81
</coordinates></LineString>
<LineString><altitudeMode>absolute</altitudeMode><coordinates>
13.04761915,47.52849749,1721.81
13.04766979,47.52853633,1719.83
13.04764565,47.52854959,1719.46
</coordinates></LineString>
<LineString><altitudeMode>absolute</altitudeMode><coordinates>
13.04766979,47.52853633,1719.83
13.04767423,47.52852425,1720.13
</coordinates></LineString>
<LineString><altitudeMode>absolute</altitudeMode><coordinates>
13.04767423,47.52852425,1720.13
13.04772965,47.52853087,1708.35
</coordinates></LineString>
<LineString><altitudeMode>absolute</altitudeMode><coordinates>
13.04772965,47.52853087,1708.35
13.04775487,47.52853499,1702.43
</coordinates></LineString>
<LineString><altitudeMode>absolute</altitudeMode><coordinates>
13.04772965,47.52853087,1708.35
13.04778438,47.52852748,1713.34
</coordinates></LineString>
<LineString><altitudeMode>absolute</altitudeMode><coordinates>
13.04772965,47.52853087,1708.35
13.04769609,47.52851860,1708.13
13.04768035,47.52855603,1707.04
13.04766092,47.52856056,1705.41
13.04763551,47.52857938,1704.46
</coordinates></LineString>
<LineString><altitudeMode>absolute</altitudeMode><coordinates>
13.04763551,47.52857938,1704.46
13.04763047,47.52859703,1705.64
13.04760249,47.52858494,1705.60
13.04758763,47.52860233,1704.09
</coordinates></LineString>
<LineString><altitudeMode>absolute</altitudeMode><coordinates>
13.04758763,47.52860233,1704.09
13.04749468,47.52860803,1699.82
</coordinates></LineString>
<LineString><altitudeMode>absolute</altitudeMode><coordinates>
13.04749468,47.52860803,1699.82
13.04737128,47.52863958,1685.97
</coordinates></LineString>
<LineString><altitudeMode>absolute</altitudeMode><coordinates>
13.04758763,47.52860233,1704.09
13.04756008,47.52860366,1698.85
13.04752808,47.52859591,1698.29
13.04751324,47.52859134,1697.10
</coordinates></LineString>
<LineString><altitudeMode>absolute</altitudeMode><coordinates>
13.04761915,47.52849749,1721.81
13.04762627,47.52847395,1723.69
</coordinates></LineString>
<LineString><altitudeMode>absolute</altitudeMode><coordinates>
13.04762627,47.52847395,1723.69
13.04763825,47.52845903,1727.77
</coordinates></LineString>
<LineString><altitudeMode>absolute</altitudeMode><coordinates>
13.04763825,47.52845903,1727.77
13.04761533,47.52843939,1728.61
</coordinates></LineString>
<LineString><altitudeMode>absolute</altitudeMode><coordinates>
13.04761533,47.52843939,1728.61
13.04766215,47.52842372,1729.89
13.04763765,47.52838569,1751.81
</coordinates></LineString>
<LineString><altitudeMode>absolute</altitudeMode><coordinates>
13.04975407,47.52688074,1747.36
13.04978359,47.52689078,1745.78
</coordinates></LineString>
<LineString><altitudeMode>absolute</altitudeMode><coordinates>
13.04978359,47.52689078,1745.78
13.04979685,47.52689856,1744.31
</coordinates></LineString>
<LineString><altitudeMode>absolute</altitudeMode><coordinates>
13.04979685,47.52689856,1744.31
13.04983847,47.52693346,1740.50
</coordinates></LineString>
<LineString><altitudeMode>absolute</altitudeMode><coordinates>
13.04983847,47.52693346,1740.50
13.04987875,47.52691138,1740.10
</coordinates></LineString>
<LineString><altitudeMode>absolute</altitudeMode><coordinates>
13.04987875,47.52691138,1740.10
13.04989706,47.52692978,1744.15
</coordinates></LineString>
<LineString><altitudeMode>absolute</altitudeMode><coordinates>
13.04965737,47.52696278,1736.50
13.04968215,47.52694637,1734.61
</coordinates></LineString>
<LineString><altitudeMode>absolute</altitudeMode><coordinates>
13.04968215,47.52694637,1734.61
13.04972149,47.52693534,1733.74
</coordinates></LineString>
<LineString><altitudeMode>absolute</altitudeMode><coordinates>
13.04972149,47.52693534,1733.74
13.04966064,47.52691037,1734.03
</coordinates></LineString>
<LineString><altitudeMode>absolute</altitudeMode><coordinates>
13.04966064,47.52691037,1734.03
13.04968247,47.52687700,1732.96
</coordinates></LineString>
<LineString><altitudeMode>absolute</altitudeMode><coordinates>
13.04963227,47.52698035,1736.59
13.04961475,47.52700137,1754.02
</coordinates></LineString>
<LineString><altitudeMode>absolute</altitudeMode><coordinates>
13.04963227,47.52698035,1736.59
13.04968729,47.52702636,1736.27
</coordinates></LineString>
<LineString><altitudeMode>absolute</altitudeMode><coordinates>
13.04968729,47.52702636,1736.27
13.04968740,47.52705570,1735.89
</coordinates></LineString>
<LineString><altitudeMode>absolute</altitudeMode><coordinates>
13.04968740,47.52705570,1735.89
13.04972328,47.52705199,1735.02
</coordinates></LineString>
<LineString><altitudeMode>absolute</altitudeMode><coordinates>
13.04941107,47.52691224,1738.07
13.04940576,47.52689794,1740.68
</coordinates></LineString>
<LineString><altitudeMode>absolute</altitudeMode><coordinates>
13.04940576,47.52689794,1740.68
13.04938762,47.52690708,1742.27
</coordinates></LineString>
<LineString><altitudeMode>absolute</altitudeMode><coordinates>
13.04938762,47.52690708,1742.27
13.04937423,47.52689533,1743.56
</coordinates></LineString>
<LineString><altitudeMode>absolute</altitudeMode><coordinates>
13.04918072,47.52686873,1730.13
13.04925373,47.52684541,1730.18
</coordinates></LineString>
<LineString><altitudeMode>absolute</altitudeMode><coordinates>
13.04925373,47.52684541,1730.18
13.04926589,47.52682546,1729.28
</coordinates></LineString>
<LineString><altitudeMode>absolute</altitudeMode><coordinates>
13.04926589,47.52682546,1729.28
13.04924287,47.52680509,1730.67
13.04919831,47.52677419,1729.92
</coordinates></LineString>
<LineString><altitudeMode>absolute</altitudeMode><coordinates>
13.04919831,47.52677419,1729.92
13.04924883,47.52676605,1761.90
</coordinates></LineString>
<LineString><altitudeMode>absolute</altitudeMode><coordinates>
13.04924287,47.52680509,1730.67
13.04926573,47.52678694,1730.21
</coordinates></LineString>
<LineString><altitudeMode>absolute</altitudeMode><coordinates>
13.04932701,47.52687545,1728.59
13.04931478,47.52690791,1729.69
</coordinates></LineString>
<LineString><altitudeMode>absolute</altitudeMode><coordinates>
13.04931478,47.52690791,1729.69
13.04931770,47.52691524,1729.89
</coordinates></LineString>
<LineString><altitudeMode>absolute</altitudeMode><coordinates>
13.04931770,47.52691524,1729.89
13.04929810,47.52692427,1729.89
</coordinates></LineString>
<LineString><altitudeMode>absolute</altitudeMode><coordinates>
13.04929810,47.52692427,1729.89
13.04929171,47.52694621,1728.85
</coordinates></LineString>
<LineString><altitudeMode>absolute</altitudeMode><coordinates>
13.04929171,47.52694621,1728.85
13.04926765,47.52696433,1729.45
</coordinates></LineString>
<LineString><altitudeMode>absolute</altitudeMode><coordinates>
13.04926765,47.52696433,1729.45
13.04928543,47.52698650,1728.79
</coordinates></LineString>
<LineString><altitudeMode>absolute</altitudeMode><coordinates>
13.04928543,47.52698650,1728.79
13.04927802,47.52699645,1730.15
</coordinates></LineString>
<LineString><altitudeMode>absolute</altitudeMode><coordinates>
13.04927802,47.52699645,1730.15
13.04931129,47.52700548,1730.80
</coordinates></LineString>
<LineString><altitudeMode>absolute</altitudeMode><coordinates>
13.04927802,47.52699645,1730.15
13.04926689,47.52699195,1731.81
</coordinates></LineString>
<LineString><altitudeMode>absolute</altitudeMode><coordinates>
13.04950294,47.52695700,1728.59
13.04952573,47.52695505,1728.34
</coordinates></LineString>
<LineString><altitudeMode>absolute</altitudeMode><coordinates>
13.04952573,47.52695505,1728.34
13.04954423,47.52692180,1732.43
</coordinates></LineString>
<LineString><altitudeMode>absolute</altitudeMode><coordinates>
13.04954423,47.52692180,1732.43
13.04957206,47.52692740,1732.97
</coordinates></LineString>
<LineString><altitudeMode>absolute</altitudeMode><coordinates>
13.04722432,47.52851137,1684.84
13.04716505,47.52850451,1684.82
</coordinates></LineString>
<LineString><altitudeMode>absolute</altitudeMode><coordinates>
13.04716505,47.52850451,1684.82
13.04715615,47.52851534,1685.00
</coordinates></LineString>
<LineString><altitudeMode>absolute</altitudeMode><coordinates>
13.04715615,47.52851534,1685.00
13.04712120,47.52850836,1685.06
</coordinates></LineString>
<LineString><altitudeMode>absolute</altitudeMode><coordinates>
13.04712120,47.52850836,1685.06
13.04708125,47.52849301,1685.18
</coordinates></LineString>
<LineString><altitudeMode>absolute</altitudeMode><coordinates>
13.04708125,47.52849301,1685.18
13.04708583,47.52848427,1686.07
</coordinates></LineString>
<LineString><altitudeMode>absolute</altitudeMode><coordinates>
13.04708583,47.52848427,1686.07
13.04705351,47.52845996,1686.76
</coordinates></LineString>
<LineString><altitudeMode>absolute</altitudeMode><coordinates>
13.04705351,47.52845996,1686.76
13.04701571,47.52844033,1685.92
</coordinates></LineString>
<LineString><altitudeMode>absolute</altitudeMode><coordinates>
13.04701571,47.52844033,1685.92
13.04700467,47.52843015,1684.82
</coordinates></LineString>
<LineString><altitudeMode>absolute</altitudeMode><coordinates>
13.04700467,47.52843015,1684.82
13.04697332,47.52842647,1684.16
</coordinates></LineString>
<LineString><altitudeMode>absolute</altitudeMode><coordinates>
13.04697332,47.52842647,1684.16
13.04693425,47.52842653,1682.49
</coordinates></LineString>
<LineString><altitudeMode>absolute</altitudeMode><coordinates>
13.04693425,47.52842653,1682.49
13.04691640,47.52841353,1682.49
</coordinates></LineString>
<LineString><altitudeMode>absolute</altitudeMode><coordinates>
13.04691640,47.52841353,1682.49
13.04688950,47.52844385,1682.29
</coordinates></LineString>
<LineString><altitudeMode>absolute</altitudeMode><coordinates>
13.04688950,47.52844385,1682.29
13.04683881,47.52844227,1681.56
</coordinates></LineString>
<LineString><altitudeMode>absolute</altitudeMode><coordinates>
13.04683881,47.52844227,1681.56
13.04683538,47.52844158,1681.59
</coordinates></LineString>
<LineString><altitudeMode>absolute</altitudeMode><coordinates>
13.04683538,47.52844158,1681.59
13.04683793,47.52843019,1681.07
</coordinates></LineString>
<LineString><altitudeMode>absolute</altitudeMode><coordinates>
13.04683793,47.52843019,1681.07
13.04680864,47.52841044,1680.14
</coordinates></LineString>
<LineString><altitudeMode>absolute</altitudeMode><coordinates>
13.04680864,47.52841044,1680.14
13.04680135,47.52840267,1679.76
</coordinates></LineString>
<LineString><altitudeMode>absolute</altitudeMode><coordinates>
13.04680135,47.52840267,1679.76
13.04673837,47.52838872,1680.24
</coordinates></LineString>
<LineString><altitudeMode>absolute</altitudeMode><coordinates>
13.04673837,47.52838872,1680.24
13.04672502,47.52838310,1679.64
</coordinates></LineString>
<LineString><altitudeMode>absolute</altitudeMode><coordinates>
13.04672502,47.52838310,1679.64
13.04667640,47.52838659,1679.77
</coordinates></LineString>
<LineString><altitudeMode>absolute</altitudeMode><coordinates>
13.04667640,47.52838659,1679.77
13.04665788,47.52839878,1678.80
</coordinates></LineString>
<LineString><altitudeMode>absolute</altitudeMode><coordinates>
13.04665788,47.52839878,1678.80
13.04664353,47.52840951,1678.00
13.04663881,47.52841510,1680.89
</coordinates></LineString>
<LineString><altitudeMode>absolute</altitudeMode><coordinates>
13.04664353,47.52840951,1678.00
13.04664011,47.52840496,1673.71
</coordinates></LineString>
<LineString><altitudeMode>absolute</altitudeMode><coordinates>
13.04664011,47.52840496,1673.71
13.04658995,47.52839267,1672.85
</coordinates></LineString>
<LineString><altitudeMode>absolute</altitudeMode><coordinates>
13.04658995,47.52839267,1672.85
13.04656345,47.52838017,1673.67
</coordinates></LineString>
<LineString><altitudeMode>absolute</altitudeMode><coordinates>
13.04656345,47.52838017,1673.67
13.04655609,47.52836717,1673.33
</coordinates></LineString>
<LineString><altitudeMode>absolute</altitudeMode><coordinates>
13.04655609,47.52836717,1673.33
13.04653611,47.52837565,1672.17
</coordinates></LineString>
<LineString><altitudeMode>absolute</altitudeMode><coordinates>
13.04653611,47.52837565,1672.17
13.04652180,47.52838171,1670.78
</coordinates></LineString>
<LineString><altitudeMode>absolute</altitudeMode><coordinates>
13.04652180,47.52838171,1670.78
13.04651097,47.52839430,1666.25
</coordinates></LineString>
<LineString><altitudeMode>absolute</altitudeMode><coordinates>
13.04664011,47.52840496,1673.71
13.04667424,47.52841256,1673.04
</coordinates></LineString>
<LineString><altitudeMode>absolute</altitudeMode><coordinates>
13.04667424,47.52841256,1673.04
13.04669427,47.52844556,1671.79
</coordinates></LineString>
<LineString><altitudeMode>absolute</altitudeMode><coordinates>
13.04669427,47.52844556,1671.79
13.04672107,47.52844305,1671.30
</coordinates></LineString>
<LineString><altitudeMode>absolute</altitudeMode><coordinates>
13.04672107,47.52844305,1671.30
13.04674812,47.52844792,1670.12
</coordinates></LineString>
<LineString><altitudeMode>absolute</altitudeMode><coordinates>
13.04674812,47.52844792,1670.12
13.04676609,47.52846847,1670.19
</coordinates></LineString>
<LineString><altitudeMode>absolute</altitudeMode><coordinates>
13.04676609,47.52846847,1670.19
13.04679721,47.52846405,1669.90
</coordinates></LineString>
<LineString><altitudeMode>absolute</altitudeMode><coordinates>
13.04679721,47.52846405,1669.90
13.04680411,47.52849648,1668.13
</coordinates></LineString>
<LineString><altitudeMode>absolute</altitudeMode><coordinates>
13.04680411,47.52849648,1668.13
13.04683622,47.52851565,1666.00
</coordinates></LineString>
<LineString><altitudeMode>absolute</altitudeMode><coordinates>
13.04683622,47.52851565,1666.00
13.04686222,47.52853085,1665.91
</coordinates></LineString>
<LineString><altitudeMode>absolute</altitudeMode><coordinates>
13.04686222,47.52853085,1665.91
13.04691242,47.52856374,1665.76
</coordinates></LineString>
<LineString><altitudeMode>absolute</altitudeMode><coordinates>
13.04691242,47.52856374,1665.76
13.04691477,47.52857197,1665.21
</coordinates></LineString>
<LineString><altitudeMode>absolute</altitudeMode><coordinates>
13.04691477,47.52857197,1665.21
13.04709253,47.52865076,1667.31
</coordinates></LineString>
<LineString><altitudeMode>absolute</altitudeMode><coordinates>
13.04748879,47.52866282,1717.52
13.04750136,47.52869291,1716.54
</coordinates></LineString>
<LineString><altitudeMode>absolute</altitudeMode><coordinates>
13.04750136,47.52869291,1716.54
13.04758740,47.52867287,1728.91
</coordinates></LineString>
<LineString><altitudeMode>absolute</altitudeMode><coordinates>
13.04750136,47.52869291,1716.54
13.04749095,47.52869075,1712.32
</coordinates></LineString>
<LineString><altitudeMode>absolute</altitudeMode><coordinates>
13.04749095,47.52869075,1712.32
13.04745580,47.52870347,1710.07
</coordinates></LineString>
<LineString><altitudeMode>absolute</altitudeMode><coordinates>
13.04745580,47.52870347,1710.07
13.04743897,47.52873099,1706.21
</coordinates></LineString>
<LineString><altitudeMode>absolute</altitudeMode><coordinates>
13.04743897,47.52873099,1706.21
13.04736914,47.52875095,1703.73
</coordinates></LineString>
<LineString><altitudeMode>absolute</altitudeMode><coordinates>
13.04736914,47.52875095,1703.73
13.04734387,47.52874449,1702.94
</coordinates></LineString>
<LineString><altitudeMode>absolute</altitudeMode><coordinates>
13.04734387,47.52874449,1702.94
13.04733142,47.52873627,1702.78
</coordinates></LineString>
<LineString><altitudeMode>absolute</altitudeMode><coordinates>
13.04733142,47.52873627,1702.78
13.04730831,47.52871824,1703.08
</coordinates></LineString>
<LineString><altitudeMode>absolute</altitudeMode><coordinates>
13.04750136,47.52869291,1716.54
13.04752746,47.52870199,1716.67
</coordinates></LineString>
<LineString><altitudeMode>absolute</altitudeMode><coordinates>
13.04752746,47.52870199,1716.67
13.04754483,47.52867790,1731.57
</coordinates></LineString>
<LineString><altitudeMode>absolute</altitudeMode><coordinates>
13.04752746,47.52870199,1716.67
13.04755193,47.52868702,1707.57
</coordinates></LineString>
<LineString><altitudeMode>absolute</altitudeMode><coordinates>
13.04752746,47.52870199,1716.67
13.04756362,47.52869073,1715.08
</coordinates></LineString>
<LineString><altitudeMode>absolute</altitudeMode><coordinates>
13.04756362,47.52869073,1715.08
13.04756307,47.52868046,1708.41
</coordinates></LineString>
<LineString><altitudeMode>absolute</altitudeMode><coordinates>
13.04756362,47.52869073,1715.08
13.04758704,47.52868627,1727.65
</coordinates></LineString>
<LineString><altitudeMode>absolute</altitudeMode><coordinates>
13.04842082,47.52819305,1742.13
13.04847218,47.52821237,1734.44
13.04846831,47.52818054,1733.71
</coordinates></LineString>
<LineString><altitudeMode>absolute</altitudeMode><coordinates>
13.04847218,47.52821237,1734.44
13.04849643,47.52823915,1732.26
</coordinates></LineString>
<LineString><altitudeMode>absolute</altitudeMode><coordinates>
13.04849643,47.52823915,1732.26
13.04849423,47.52825189,1732.70
</coordinates></LineString>
<LineString><altitudeMode>absolute</altitudeMode><coordinates>
13.04849423,47.52825189,1732.70
13.04851809,47.52827137,1731.36
</coordinates></LineString>
<LineString><altitudeMode>absolute</altitudeMode><coordinates>
13.04851809,47.52827137,1731.36
13.04852701,47.52830293,1731.36
13.04852757,47.52830932,1731.47
13.04851727,47.52830411,1731.36
</coordinates></LineString>
<LineString><altitudeMode>absolute</altitudeMode><coordinates>
13.04851727,47.52830411,1731.36
13.04851121,47.52831346,1730.11
</coordinates></LineString>
<LineString><altitudeMode>absolute</altitudeMode><coordinates>
13.04851121,47.52831346,1730.11
13.04848666,47.52832689,1729.06
13.04844379,47.52832230,1725.57
</coordinates></LineString>
<LineString><altitudeMode>absolute</altitudeMode><coordinates>
13.04844379,47.52832230,1725.57
13.04844983,47.52833851,1725.94
13.04840501,47.52831129,1727.89
</coordinates></LineString>
<LineString><altitudeMode>absolute</altitudeMode><coordinates>
13.04844983,47.52833851,1725.94
13.04846256,47.52834286,1725.84
13.04847726,47.52836921,1724.91
13.04847618,47.52838395,1725.13
</coordinates></LineString>
<LineString><altitudeMode>absolute</altitudeMode><coordinates>
13.04847618,47.52838395,1725.13
13.04844538,47.52841204,1713.12
</coordinates></LineString>
<LineString><altitudeMode>absolute</altitudeMode><coordinates>
13.04349894,47.53129854,1717.58
13.04352390,47.53132776,1717.14
</coordinates></LineString>
<LineString><altitudeMode>absolute</altitudeMode><coordinates>
13.04349894,47.53129854,1717.58
13.04354863,47.53129498,1720.60
</coordinates></LineString>
<LineString><altitudeMode>absolute</altitudeMode><coordinates>
13.04354863,47.53129498,1720.60
13.04361562,47.53128722,1723.04
</coordinates></LineString>
<LineString><altitudeMode>absolute</altitudeMode><coordinates>
13.04361562,47.53128722,1723.04
13.04361353,47.53124336,1723.80
</coordinates></LineString>
<LineString><altitudeMode>absolute</altitudeMode><coordinates>
13.04361353,47.53124336,1723.80
13.04366275,47.53123826,1724.38
</coordinates></LineString>
<LineString><altitudeMode>absolute</altitudeMode><coordinates>
13.04366275,47.53123826,1724.38
13.04366359,47.53120849,1724.67
</coordinates></LineString>
<LineString><altitudeMode>absolute</altitudeMode><coordinates>
13.04366359,47.53120849,1724.67
13.04369603,47.53118637,1724.87
</coordinates></LineString>
<LineString><altitudeMode>absolute</altitudeMode><coordinates>
13.04369603,47.53118637,1724.87
13.04368019,47.53118358,1724.32
</coordinates></LineString>
<LineString><altitudeMode>absolute</altitudeMode><coordinates>
13.04368019,47.53118358,1724.32
13.04363219,47.53117745,1719.97
</coordinates></LineString>
<LineString><altitudeMode>absolute</altitudeMode><coordinates>
13.04363219,47.53117745,1719.97
13.04363308,47.53116433,1717.85
</coordinates></LineString>
<LineString><altitudeMode>absolute</altitudeMode><coordinates>
13.04363219,47.53117745,1719.97
13.04366403,47.53115730,1721.96
</coordinates></LineString>
<LineString><altitudeMode>absolute</altitudeMode><coordinates>
13.04366403,47.53115730,1721.96
13.04368246,47.53112612,1722.71
</coordinates></LineString>
<LineString><altitudeMode>absolute</altitudeMode><coordinates>
13.04368246,47.53112612,1722.71
13.04369598,47.53113769,1722.26
</coordinates></LineString>
<LineString><altitudeMode>absolute</altitudeMode><coordinates>
13.04369598,47.53113769,1722.26
13.04372145,47.53114244,1723.03
</coordinates></LineString>
<LineString><altitudeMode>absolute</altitudeMode><coordinates>
13.04345533,47.53130662,1709.03
13.04349257,47.53130914,1708.66
</coordinates></LineString>
<LineString><altitudeMode>absolute</altitudeMode><coordinates>
13.04340191,47.53136042,1707.87
13.04345603,47.53136269,1707.46
</coordinates></LineString>
<LineString><altitudeMode>absolute</altitudeMode><coordinates>
13.04345603,47.53136269,1707.46
13.04352068,47.53136775,1711.63
</coordinates></LineString>
<LineString><altitudeMode>absolute</altitudeMode><coordinates>
13.04345603,47.53136269,1707.46
13.04336144,47.53139806,1707.37
</coordinates></LineString>
<LineString><altitudeMode>absolute</altitudeMode><coordinates>
13.04322307,47.53135691,1710.53
13.04318028,47.53135708,1709.73
</coordinates></LineString>
<LineString><altitudeMode>absolute</altitudeMode><coordinates>
13.04318028,47.53135708,1709.73
13.04316445,47.53135402,1708.06
13.04314739,47.53137695,1707.49
</coordinates></LineString>
<LineString><altitudeMode>absolute</altitudeMode><coordinates>
13.04483055,47.53078640,1758.40
13.04482825,47.53082325,1756.51
13.04480248,47.53081939,1754.26
13.04480931,47.53084659,1753.01
13.04478515,47.53086022,1752.41
13.04480538,47.53087739,1750.70
13.04481461,47.53089699,1749.74
13.04479905,47.53090113,1748.59
13.04479800,47.53089715,1732.63
13.04474550,47.53090463,1731.12
13.04472967,47.53092325,1728.60
13.04470523,47.53091933,1729.47
13.04469967,47.53090456,1729.41
</coordinates></LineString>
<LineString><altitudeMode>absolute</altitudeMode><coordinates>
13.04470523,47.53091933,1729.47
13.04469123,47.53094221,1730.26
</coordinates></LineString>
<LineString><altitudeMode>absolute</altitudeMode><coordinates>
13.04472967,47.53092325,1728.60
13.04472447,47.53094161,1726.84
</coordinates></LineString>
<LineString><altitudeMode>absolute</altitudeMode><coordinates>
13.04479800,47.53089715,1732.63
13.04475561,47.53091866,1734.53
</coordinates></LineString>
<LineString><altitudeMode>absolute</altitudeMode><coordinates>
13.04480248,47.53081939,1754.26
13.04481612,47.53082439,1756.62
</coordinates></LineString>
<LineString><altitudeMode>absolute</altitudeMode><coordinates>
13.04809245,47.52751879,1739.38
13.04806660,47.52750278,1739.89
</coordinates></LineString>
<LineString><altitudeMode>absolute</altitudeMode><coordinates>
13.04806660,47.52750278,1739.89
13.04811853,47.52747109,1741.51
</coordinates></LineString>
<LineString><altitudeMode>absolute</altitudeMode><coordinates>
13.04811853,47.52747109,1741.51
13.04809366,47.52747184,1749.48
</coordinates></LineString>
<LineString><altitudeMode>absolute</altitudeMode><coordinates>
13.04806660,47.52750278,1739.89
13.04804112,47.52747337,1740.89
</coordinates></LineString>
<LineString><altitudeMode>absolute</altitudeMode><coordinates>
13.04804112,47.52747337,1740.89
13.04800464,47.52746843,1739.98
</coordinates></LineString>
<LineString><altitudeMode>absolute</altitudeMode><coordinates>
13.04816327,47.52752566,1740.93
13.04815458,47.52748763,1731.67
</coordinates></LineString>
<LineString><altitudeMode>absolute</altitudeMode><coordinates>
13.04839606,47.52746385,1745.78
13.04837360,47.52748569,1747.64
</coordinates></LineString>
<LineString><altitudeMode>absolute</altitudeMode><coordinates>
13.04841431,47.52743392,1743.07
13.04839986,47.52741874,1743.42
13.04838157,47.52741771,1738.60
</coordinates></LineString>
<LineString><altitudeMode>absolute</altitudeMode><coordinates>
13.04846225,47.52745256,1738.47
13.04850394,47.52736373,1746.35
</coordinates></LineString>
<LineString><altitudeMode>absolute</altitudeMode><coordinates>
13.04850394,47.52736373,1746.35
13.04847736,47.52736031,1746.32
13.04849021,47.52734352,1745.89
13.04847403,47.52734271,1740.32
</coordinates></LineString>
<LineString><altitudeMode>absolute</altitudeMode><coordinates>
13.03966532,47.53265174,1752.67
13.03966192,47.53262541,1750.11
13.03966670,47.53255782,1744.48
</coordinates></LineString>
<LineString><altitudeMode>absolute</altitudeMode><coordinates>
13.03966670,47.53255782,1744.48
13.03966243,47.53255829,1743.57
</coordinates></LineString>
<LineString><altitudeMode>absolute</altitudeMode><coordinates>
13.03966243,47.53255829,1743.57
13.03965004,47.53253774,1744.15
</coordinates></LineString>
<LineString><altitudeMode>absolute</altitudeMode><coordinates>
13.03965004,47.53253774,1744.15
13.03968232,47.53252722,1746.29
</coordinates></LineString>
<LineString><altitudeMode>absolute</altitudeMode><coordinates>
13.03968232,47.53252722,1746.29
13.03971955,47.53249448,1747.75
</coordinates></LineString>
<LineString><altitudeMode>absolute</altitudeMode><coordinates>
13.03971955,47.53249448,1747.75
13.03973261,47.53246123,1748.92
</coordinates></LineString>
<LineString><altitudeMode>absolute</altitudeMode><coordinates>
13.03973261,47.53246123,1748.92
13.03974033,47.53244300,1749.49
</coordinates></LineString>
<LineString><altitudeMode>absolute</altitudeMode><coordinates>
13.03974033,47.53244300,1749.49
13.03972677,47.53242180,1751.02
</coordinates></LineString>
<LineString><altitudeMode>absolute</altitudeMode><coordinates>
13.03972677,47.53242180,1751.02
13.03971221,47.53240968,1757.18
</coordinates></LineString>
<LineString><altitudeMode>absolute</altitudeMode><coordinates>
13.03971221,47.53240968,1757.18
13.03970346,47.53241277,1756.94
</coordinates></LineString>
<LineString><altitudeMode>absolute</altitudeMode><coordinates>
13.03970346,47.53241277,1756.94
13.03969510,47.53242315,1758.96
</coordinates></LineString>
<LineString><altitudeMode>absolute</altitudeMode><coordinates>
13.03969510,47.53242315,1758.96
13.03959967,47.53235277,1767.08
</coordinates></LineString>
<LineString><altitudeMode>absolute</altitudeMode><coordinates>
13.03959967,47.53235277,1767.08
13.03960489,47.53232308,1767.37
</coordinates></LineString>
<LineString><altitudeMode>absolute</altitudeMode><coordinates>
13.03960489,47.53232308,1767.37
13.03955604,47.53232899,1767.38
</coordinates></LineString>
<LineString><altitudeMode>absolute</altitudeMode><coordinates>
13.03955604,47.53232899,1767.38
13.03953340,47.53233778,1767.30
</coordinates></LineString>
<LineString><altitudeMode>absolute</altitudeMode><coordinates>
13.03953340,47.53233778,1767.30
13.03951150,47.53234047,1767.00
</coordinates></LineString>
<LineString><altitudeMode>absolute</altitudeMode><coordinates>
13.03951150,47.53234047,1767.00
13.03948565,47.53231060,1767.72
</coordinates></LineString>
<LineString><altitudeMode>absolute</altitudeMode><coordinates>
13.03948565,47.53231060,1767.72
13.03951466,47.53230219,1767.91
</coordinates></LineString>
<LineString><altitudeMode>absolute</altitudeMode><coordinates>
13.03951466,47.53230219,1767.91
13.03953838,47.53229314,1768.47
13.03952825,47.53227272,1769.12
</coordinates></LineString>
<LineString><altitudeMode>absolute</altitudeMode><coordinates>
13.03965004,47.53253774,1744.15
13.03966704,47.53253794,1742.70
</coordinates></LineString>
<LineString><altitudeMode>absolute</altitudeMode><coordinates>
13.03966704,47.53253794,1742.70
13.03968011,47.53251513,1740.72
</coordinates></LineString>
<LineString><altitudeMode>absolute</altitudeMode><coordinates>
13.03968011,47.53251513,1740.72
13.03968750,47.53251309,1740.26
</coordinates></LineString>
<LineString><altitudeMode>absolute</altitudeMode><coordinates>
13.03968750,47.53251309,1740.26
13.03969359,47.53253488,1738.57
</coordinates></LineString>
<LineString><altitudeMode>absolute</altitudeMode><coordinates>
13.03969359,47.53253488,1738.57
13.03975690,47.53252247,1735.81
</coordinates></LineString>
<LineString><altitudeMode>absolute</altitudeMode><coordinates>
13.03975690,47.53252247,1735.81
13.03975191,47.53253174,1733.23
</coordinates></LineString>
<LineString><altitudeMode>absolute</altitudeMode><coordinates>
13.03975191,47.53253174,1733.23
13.03976704,47.53254631,1732.92
</coordinates></LineString>
<LineString><altitudeMode>absolute</altitudeMode><coordinates>
13.03976704,47.53254631,1732.92
13.03978100,47.53255330,1733.38
</coordinates></LineString>
<LineString><altitudeMode>absolute</altitudeMode><coordinates>
13.03978100,47.53255330,1733.38
13.03979797,47.53256483,1735.00
</coordinates></LineString>
<LineString><altitudeMode>absolute</altitudeMode><coordinates>
13.03979797,47.53256483,1735.00
13.03982897,47.53256365,1736.39
</coordinates></LineString>
<LineString><altitudeMode>absolute</altitudeMode><coordinates>
13.03982897,47.53256365,1736.39
13.03984763,47.53258728,1736.76
</coordinates></LineString>
<LineString><altitudeMode>absolute</altitudeMode><coordinates>
13.03978100,47.53255330,1733.38
13.03977852,47.53253769,1731.43
</coordinates></LineString>
<LineString><altitudeMode>absolute</altitudeMode><coordinates>
13.03977852,47.53253769,1731.43
13.03980495,47.53254516,1732.14
</coordinates></LineString>
<LineString><altitudeMode>absolute</altitudeMode><coordinates>
13.03980495,47.53254516,1732.14
13.03982045,47.53252149,1731.61
</coordinates></LineString>
<LineString><altitudeMode>absolute</altitudeMode><coordinates>
13.03982045,47.53252149,1731.61
13.03980602,47.53250216,1733.90
</coordinates></LineString>
<LineString><altitudeMode>absolute</altitudeMode><coordinates>
13.03980602,47.53250216,1733.90
13.03979550,47.53251701,1736.23
</coordinates></LineString>
<LineString><altitudeMode>absolute</altitudeMode><coordinates>
13.03979550,47.53251701,1736.23
13.03983952,47.53251965,1737.66
</coordinates></LineString>
<LineString><altitudeMode>absolute</altitudeMode><coordinates>
13.03983952,47.53251965,1737.66
13.03980455,47.53254533,1741.20
</coordinates></LineString>
<LineString><altitudeMode>absolute</altitudeMode><coordinates>
13.03980455,47.53254533,1741.20
13.03980103,47.53255760,1742.84
</coordinates></LineString>
<LineString><altitudeMode>absolute</altitudeMode><coordinates>
13.03980103,47.53255760,1742.84
13.03979139,47.53253458,1744.13
</coordinates></LineString>
<LineString><altitudeMode>absolute</altitudeMode><coordinates>
13.03980495,47.53254516,1732.14
13.03983750,47.53253456,1731.33
</coordinates></LineString>
<LineString><altitudeMode>absolute</altitudeMode><coordinates>
13.03983750,47.53253456,1731.33
13.03987163,47.53254558,1731.15
</coordinates></LineString>
<LineString><altitudeMode>absolute</altitudeMode><coordinates>
13.03987163,47.53254558,1731.15
13.03989928,47.53254893,1731.67
</coordinates></LineString>
<LineString><altitudeMode>absolute</altitudeMode><coordinates>
13.03989928,47.53254893,1731.67
13.03994678,47.53254011,1727.50
</coordinates></LineString>
<LineString><altitudeMode>absolute</altitudeMode><coordinates>
13.03994678,47.53254011,1727.50
13.03996929,47.53251701,1727.67
</coordinates></LineString>
<LineString><altitudeMode>absolute</altitudeMode><coordinates>
13.03965004,47.53253774,1744.15
13.03963453,47.53253684,1744.48
</coordinates></LineString>
<LineString><altitudeMode>absolute</altitudeMode><coordinates>
13.03963453,47.53253684,1744.48
13.03964920,47.53251388,1745.14
</coordinates></LineString>
<LineString><altitudeMode>absolute</altitudeMode><coordinates>
13.04567797,47.52767535,1653.52
13.04563099,47.52768480,1650.02
13.04562744,47.52769815,1649.56
13.04558908,47.52769714,1648.64
13.04558462,47.52768842,1648.55
13.04557196,47.52768947,1642.00
</coordinates></LineString>
<LineString><altitudeMode>absolute</altitudeMode><coordinates>
13.04556658,47.52771286,1644.24
13.04551227,47.52774784,1648.42
</coordinates></LineString>
<LineString><altitudeMode>absolute</altitudeMode><coordinates>
13.04557904,47.52707365,1667.55
13.04554657,47.52706428,1667.21
13.04552190,47.52704181,1667.04
13.04551742,47.52701942,1667.69
</coordinates></LineString>
<LineString><altitudeMode>absolute</altitudeMode><coordinates>
13.04473150,47.52773300,1638.76
13.04465789,47.52775469,1641.48
13.04458827,47.52771903,1646.68
</coordinates></LineString>
<LineString><altitudeMode>absolute</altitudeMode><coordinates>
13.04458827,47.52771903,1646.68
13.04449353,47.52770851,1652.83
</coordinates></LineString>
<LineString><altitudeMode>absolute</altitudeMode><coordinates>
13.04449353,47.52770851,1652.83
13.04448416,47.52768549,1653.95
13.04444037,47.52773766,1658.95
</coordinates></LineString>
<LineString><altitudeMode>absolute</altitudeMode><coordinates>
13.03629144,47.53562159,1602.94
13.03624967,47.53565849,1600.22
</coordinates></LineString>
<LineString><altitudeMode>absolute</altitudeMode><coordinates>
13.03624967,47.53565849,1600.22
13.03622552,47.53567194,1598.80
</coordinates></LineString>
<LineString><altitudeMode>absolute</altitudeMode><coordinates>
13.03622552,47.53567194,1598.80
13.03611010,47.53572386,1590.85
</coordinates></LineString>
<LineString><altitudeMode>absolute</altitudeMode><coordinates>
13.03611010,47.53572386,1590.85
13.03608138,47.53573866,1590.80
</coordinates></LineString>
<LineString><altitudeMode>absolute</altitudeMode><coordinates>
13.03608138,47.53573866,1590.80
13.03605791,47.53575149,1568.30
</coordinates></LineString>
<LineString><altitudeMode>absolute</altitudeMode><coordinates>
13.03605791,47.53575149,1568.30
13.03610485,47.53566888,1573.35
</coordinates></LineString>
<LineString><altitudeMode>absolute</altitudeMode><coordinates>
13.03605791,47.53575149,1568.30
13.03598015,47.53574161,1564.05
13.03603234,47.53577805,1563.61
</coordinates></LineString>
<LineString><altitudeMode>absolute</altitudeMode><coordinates>
13.03598015,47.53574161,1564.05
13.03578794,47.53576135,1564.75
</coordinates></LineString>
<LineString><altitudeMode>absolute</altitudeMode><coordinates>
13.03598015,47.53574161,1564.05
13.03596320,47.53573997,1559.49
</coordinates></LineString>
<LineString><altitudeMode>absolute</altitudeMode><coordinates>
13.03596320,47.53573997,1559.49
13.03595590,47.53573283,1553.62
</coordinates></LineString>
<LineString><altitudeMode>absolute</altitudeMode><coordinates>
13.03934932,47.53318030,1755.55
13.03937040,47.53318489,1754.90
13.03941412,47.53318132,1755.04
13.03942024,47.53320608,1754.66
13.03943466,47.53319706,1748.20
13.03946727,47.53319546,1746.34
13.03947825,47.53319663,1744.78
13.03947400,47.53320727,1743.95
13.03948712,47.53322603,1738.05
</coordinates></LineString>
<LineString><altitudeMode>absolute</altitudeMode><coordinates>
13.03946727,47.53319546,1746.34
13.03950885,47.53317799,1742.28
</coordinates></LineString>
<LineString><altitudeMode>absolute</altitudeMode><coordinates>
13.03942024,47.53320608,1754.66
13.03939317,47.53322649,1759.01
</coordinates></LineString>
<LineString><altitudeMode>absolute</altitudeMode><coordinates>
13.03934932,47.53318030,1755.55
13.03933160,47.53315660,1770.17
</coordinates></LineString>
<LineString><altitudeMode>absolute</altitudeMode><coordinates>
13.04874135,47.52844137,1744.22
13.04876622,47.52843019,1743.43
</coordinates></LineString>
<LineString><altitudeMode>absolute</altitudeMode><coordinates>
13.04876622,47.52843019,1743.43
13.04876802,47.52842464,1746.72
</coordinates></LineString>
<LineString><altitudeMode>absolute</altitudeMode><coordinates>
13.04876622,47.52843019,1743.43
13.04876850,47.52841880,1741.52
</coordinates></LineString>
<LineString><altitudeMode>absolute</altitudeMode><coordinates>
13.04876850,47.52841880,1741.52
13.04877595,47.52840048,1741.60
</coordinates></LineString>
<LineString><altitudeMode>absolute</altitudeMode><coordinates>
13.04876850,47.52841880,1741.52
13.04871885,47.52842128,1738.29
13.04868587,47.52842927,1731.82
</coordinates></LineString>
<LineString><altitudeMode>absolute</altitudeMode><coordinates>
13.04874135,47.52844137,1744.22
13.04873539,47.52849112,1741.72
</coordinates></LineString>
<LineString><altitudeMode>absolute</altitudeMode><coordinates>
13.04873539,47.52849112,1741.72
13.04868693,47.52851180,1737.44
</coordinates></LineString>
<LineString><altitudeMode>absolute</altitudeMode><coordinates>
13.04868693,47.52851180,1737.44
13.04867194,47.52852180,1734.67
</coordinates></LineString>
<LineString><altitudeMode>absolute</altitudeMode><coordinates>
13.04867194,47.52852180,1734.67
13.04867348,47.52854109,1732.64
</coordinates></LineString>
<LineString><altitudeMode>absolute</altitudeMode><coordinates>
13.04867348,47.52854109,1732.64
13.04867038,47.52856020,1730.85
</coordinates></LineString>
<LineString><altitudeMode>absolute</altitudeMode><coordinates>
13.04867038,47.52856020,1730.85
13.04869907,47.52858921,1729.39
</coordinates></LineString>
<LineString><altitudeMode>absolute</altitudeMode><coordinates>
13.04869907,47.52858921,1729.39
13.04872823,47.52859106,1728.47
</coordinates></LineString>
<LineString><altitudeMode>absolute</altitudeMode><coordinates>
13.04872823,47.52859106,1728.47
13.04880554,47.52865932,1732.12
</coordinates></LineString>
<LineString><altitudeMode>absolute</altitudeMode><coordinates>
13.04880554,47.52865932,1732.12
13.04883576,47.52870069,1735.25
</coordinates></LineString>
<LineString><altitudeMode>absolute</altitudeMode><coordinates>
13.04883576,47.52870069,1735.25
13.04886951,47.52871836,1734.99
</coordinates></LineString>
<LineString><altitudeMode>absolute</altitudeMode><coordinates>
13.04867038,47.52856020,1730.85
13.04857611,47.52850857,1731.51
</coordinates></LineString>
<LineString><altitudeMode>absolute</altitudeMode><coordinates>
13.04857611,47.52850857,1731.51
13.04852279,47.52847391,1733.05
</coordinates></LineString>
<LineString><altitudeMode>absolute</altitudeMode><coordinates>
13.04852279,47.52847391,1733.05
13.04850036,47.52846633,1733.48
13.04848484,47.52846211,1732.31
13.04843711,47.52842341,1732.44
13.04838953,47.52838454,1732.56
</coordinates></LineString>
<LineString><altitudeMode>absolute</altitudeMode><coordinates>
13.04843711,47.52842341,1732.44
13.04841316,47.52845324,1732.84
</coordinates></LineString>
<LineString><altitudeMode>absolute</altitudeMode><coordinates>
13.04841316,47.52845324,1732.84
13.04830451,47.52857053,1730.10
</coordinates></LineString>
<LineString><altitudeMode>absolute</altitudeMode><coordinates>
13.04917386,47.52692476,1742.36
13.04917836,47.52693951,1741.92
13.04918458,47.52696175,1741.20
</coordinates></LineString>
<LineString><altitudeMode>absolute</altitudeMode><coordinates>
13.04918458,47.52696175,1741.20
13.04913699,47.52696265,1745.71
</coordinates></LineString>
<LineString><altitudeMode>absolute</altitudeMode><coordinates>
13.04918458,47.52696175,1741.20
13.04922912,47.52698221,1736.65
</coordinates></LineString>
<LineString><altitudeMode>absolute</altitudeMode><coordinates>
13.04922912,47.52698221,1736.65
13.04925088,47.52697962,1734.83
</coordinates></LineString>
<LineString><altitudeMode>absolute</altitudeMode><coordinates>
13.04922912,47.52698221,1736.65
13.04922579,47.52696821,1736.38
13.04924819,47.52695887,1736.78
13.04925588,47.52695585,1736.63
13.04925945,47.52694539,1737.09
13.04924078,47.52694381,1738.96
</coordinates></LineString>
<LineString><altitudeMode>absolute</altitudeMode><coordinates>
13.04924078,47.52694381,1738.96
13.04925893,47.52692369,1740.33
13.04925011,47.52692516,1741.39
</coordinates></LineString>
<LineString><altitudeMode>absolute</altitudeMode><coordinates>
13.04925945,47.52694539,1737.09
13.04928426,47.52694635,1737.17
13.04929554,47.52693943,1737.32
</coordinates></LineString>
<LineString><altitudeMode>absolute</altitudeMode><coordinates>
13.04929554,47.52693943,1737.32
13.04932002,47.52693130,1736.29
13.04931001,47.52691844,1736.19
</coordinates></LineString>
<LineString><altitudeMode>absolute</altitudeMode><coordinates>
13.04931001,47.52691844,1736.19
13.04928714,47.52691895,1735.60
13.04926003,47.52692992,1734.57
13.04923725,47.52691711,1734.08
13.04923936,47.52691400,1734.48
</coordinates></LineString>
<LineString><altitudeMode>absolute</altitudeMode><coordinates>
13.04923936,47.52691400,1734.48
13.04923186,47.52687266,1736.48
</coordinates></LineString>
<LineString><altitudeMode>absolute</altitudeMode><coordinates>
13.04906380,47.52682607,1738.65
13.04904166,47.52681057,1737.24
</coordinates></LineString>
<LineString><altitudeMode>absolute</altitudeMode><coordinates>
13.04904166,47.52681057,1737.24
13.04905832,47.52682706,1733.72
</coordinates></LineString>
<LineString><altitudeMode>absolute</altitudeMode><coordinates>
13.04905832,47.52682706,1733.72
13.04900719,47.52682646,1734.41
</coordinates></LineString>
<LineString><altitudeMode>absolute</altitudeMode><coordinates>
13.04905832,47.52682706,1733.72
13.04907748,47.52683692,1734.67
</coordinates></LineString>
<LineString><altitudeMode>absolute</altitudeMode><coordinates>
13.04895205,47.52705219,1728.91
13.04895338,47.52706661,1727.13
13.04887188,47.52705019,1725.57
13.04890434,47.52703491,1724.05
13.04890214,47.52700446,1725.67
13.04891508,47.52699964,1725.85
13.04894078,47.52697299,1725.53
13.04895755,47.52698632,1726.13
13.04896488,47.52694649,1727.77
13.04899050,47.52692911,1725.61
13.04900868,47.52693311,1724.69
13.04902616,47.52691325,1724.84
13.04904327,47.52691048,1726.00
</coordinates></LineString>
<LineString><altitudeMode>absolute</altitudeMode><coordinates>
13.04904327,47.52691048,1726.00
13.04904562,47.52690072,1727.82
</coordinates></LineString>
<LineString><altitudeMode>absolute</altitudeMode><coordinates>
13.04899050,47.52692911,1725.61
13.04897316,47.52689507,1725.27
</coordinates></LineString>
<LineString><altitudeMode>absolute</altitudeMode><coordinates>
13.04895755,47.52698632,1726.13
13.04897910,47.52698201,1726.50
</coordinates></LineString>
<LineString><altitudeMode>absolute</altitudeMode><coordinates>
13.04897910,47.52698201,1726.50
13.04897869,47.52700387,1729.17
</coordinates></LineString>
<LineString><altitudeMode>absolute</altitudeMode><coordinates>
13.04890214,47.52700446,1725.67
13.04893973,47.52701202,1726.13
</coordinates></LineString>
<LineString><altitudeMode>absolute</altitudeMode><coordinates>
13.04890434,47.52703491,1724.05
13.04885154,47.52704355,1723.26
13.04882575,47.52704032,1721.84
</coordinates></LineString>
<LineString><altitudeMode>absolute</altitudeMode><coordinates>
13.04564926,47.52757930,1672.65
13.04561780,47.52763230,1681.75
</coordinates></LineString>
<LineString><altitudeMode>absolute</altitudeMode><coordinates>
13.04569539,47.52747471,1669.72
13.04571855,47.52750930,1666.01
</coordinates></LineString>
<LineString><altitudeMode>absolute</altitudeMode><coordinates>
13.04570623,47.52745474,1671.01
13.04575717,47.52747126,1671.52
</coordinates></LineString>
<LineString><altitudeMode>absolute</altitudeMode><coordinates>
13.04575717,47.52747126,1671.52
13.04574094,47.52748251,1671.33
</coordinates></LineString>
<LineString><altitudeMode>absolute</altitudeMode><coordinates>
13.04574094,47.52748251,1671.33
13.04571974,47.52750248,1672.88
</coordinates></LineString>
<LineString><altitudeMode>absolute</altitudeMode><coordinates>
13.04571974,47.52750248,1672.88
13.04569834,47.52754909,1668.40
</coordinates></LineString>
<LineString><altitudeMode>absolute</altitudeMode><coordinates>
13.04571974,47.52750248,1672.88
13.04576328,47.52753211,1672.56
</coordinates></LineString>
<LineString><altitudeMode>absolute</altitudeMode><coordinates>
13.04576328,47.52753211,1672.56
13.04576209,47.52754981,1672.03
13.04578948,47.52755973,1672.23
</coordinates></LineString>
<LineString><altitudeMode>absolute</altitudeMode><coordinates>
13.04568684,47.52743317,1665.58
13.04571448,47.52739009,1669.59
</coordinates></LineString>
<LineString><altitudeMode>absolute</altitudeMode><coordinates>
13.03595590,47.53573283,1553.62
13.03595406,47.53573576,1542.32
13.03594831,47.53576878,1520.96
13.03595231,47.53576138,1511.49
</coordinates></LineString>
<LineString><altitudeMode>absolute</altitudeMode><coordinates>
13.03595231,47.53576138,1511.49
13.03593377,47.53573479,1512.21
</coordinates></LineString>
<LineString><altitudeMode>absolute</altitudeMode><coordinates>
13.03593377,47.53573479,1512.21
13.03592005,47.53570711,1509.70
</coordinates></LineString>
<LineString><altitudeMode>absolute</altitudeMode><coordinates>
13.03592005,47.53570711,1509.70
13.03589665,47.53568961,1506.00
</coordinates></LineString>
<LineString><altitudeMode>absolute</altitudeMode><coordinates>
13.03589665,47.53568961,1506.00
13.03589226,47.53567208,1504.60
</coordinates></LineString>
<LineString><altitudeMode>absolute</altitudeMode><coordinates>
13.03589226,47.53567208,1504.60
13.03586367,47.53566205,1502.93
</coordinates></LineString>
<LineString><altitudeMode>absolute</altitudeMode><coordinates>
13.03586367,47.53566205,1502.93
13.03585052,47.53564410,1500.37
</coordinates></LineString>
<LineString><altitudeMode>absolute</altitudeMode><coordinates>
13.03585052,47.53564410,1500.37
13.03582299,47.53563418,1497.80
</coordinates></LineString>
<LineString><altitudeMode>absolute</altitudeMode><coordinates>
13.03595231,47.53576138,1511.49
13.03603269,47.53577229,1510.20
</coordinates></LineString>
<LineString><altitudeMode>absolute</altitudeMode><coordinates>
13.03603269,47.53577229,1510.20
13.03603806,47.53582764,1507.06
</coordinates></LineString>
<LineString><altitudeMode>absolute</altitudeMode><coordinates>
13.03603806,47.53582764,1507.06
13.03606415,47.53586552,1500.98
</coordinates></LineString>
<LineString><altitudeMode>absolute</altitudeMode><coordinates>
13.03606415,47.53586552,1500.98
13.03616636,47.53586835,1501.12
</coordinates></LineString>
<LineString><altitudeMode>absolute</altitudeMode><coordinates>
13.03606415,47.53586552,1500.98
13.03606013,47.53586635,1496.25
</coordinates></LineString>
<LineString><altitudeMode>absolute</altitudeMode><coordinates>
13.03606013,47.53586635,1496.25
13.03605914,47.53585013,1482.49
</coordinates></LineString>
<LineString><altitudeMode>absolute</altitudeMode><coordinates>
13.03605914,47.53585013,1482.49
13.03606368,47.53580342,1476.59
</coordinates></LineString>
<LineString><altitudeMode>absolute</altitudeMode><coordinates>
13.03606368,47.53580342,1476.59
13.03605945,47.53579930,1473.32
</coordinates></LineString>
<LineString><altitudeMode>absolute</altitudeMode><coordinates>
13.03605945,47.53579930,1473.32
13.03606141,47.53578241,1455.24
</coordinates></LineString>
<LineString><altitudeMode>absolute</altitudeMode><coordinates>
13.03606141,47.53578241,1455.24
13.03605180,47.53572295,1473.18
</coordinates></LineString>
<LineString><altitudeMode>absolute</altitudeMode><coordinates>
13.03606141,47.53578241,1455.24
13.03606441,47.53572335,1452.60
</coordinates></LineString>
<LineString><altitudeMode>absolute</altitudeMode><coordinates>
13.03606441,47.53572335,1452.60
13.03611082,47.53570120,1451.30
</coordinates></LineString>
<LineString><altitudeMode>absolute</altitudeMode><coordinates>
13.03611082,47.53570120,1451.30
13.03606629,47.53569431,1449.74
</coordinates></LineString>
<LineString><altitudeMode>absolute</altitudeMode><coordinates>
13.03606629,47.53569431,1449.74
13.03605810,47.53568257,1449.25
</coordinates></LineString>
<LineString><altitudeMode>absolute</altitudeMode><coordinates>
13.03605810,47.53568257,1449.25
13.03603709,47.53566862,1448.62
</coordinates></LineString>
<LineString><altitudeMode>absolute</altitudeMode><coordinates>
13.03603709,47.53566862,1448.62
13.03600608,47.53566989,1447.63
</coordinates></LineString>
<LineString><altitudeMode>absolute</altitudeMode><coordinates>
13.03600608,47.53566989,1447.63
13.03597316,47.53566914,1447.11
</coordinates></LineString>
<LineString><altitudeMode>absolute</altitudeMode><coordinates>
13.03597316,47.53566914,1447.11
13.03594351,47.53566962,1445.89
</coordinates></LineString>
<LineString><altitudeMode>absolute</altitudeMode><coordinates>
13.03594351,47.53566962,1445.89
13.03594480,47.53566362,1445.73
13.03592413,47.53566200,1445.40
</coordinates></LineString>
<LineString><altitudeMode>absolute</altitudeMode><coordinates>
13.03592413,47.53566200,1445.40
13.03592287,47.53567422,1445.29
</coordinates></LineString>
<LineString><altitudeMode>absolute</altitudeMode><coordinates>
13.03592287,47.53567422,1445.29
13.03590924,47.53567642,1445.04
</coordinates></LineString>
<LineString><altitudeMode>absolute</altitudeMode><coordinates>
13.03590924,47.53567642,1445.04
13.03589001,47.53567546,1444.61
</coordinates></LineString>
<LineString><altitudeMode>absolute</altitudeMode><coordinates>
13.03589001,47.53567546,1444.61
13.03586087,47.53566236,1444.36
</coordinates></LineString>
<LineString><altitudeMode>absolute</altitudeMode><coordinates>
13.03586087,47.53566236,1444.36
13.03584604,47.53566454,1443.97
</coordinates></LineString>
<LineString><altitudeMode>absolute</altitudeMode><coordinates>
13.03584604,47.53566454,1443.97
13.03583608,47.53565726,1443.82
</coordinates></LineString>
<LineString><altitudeMode>absolute</altitudeMode><coordinates>
13.03583608,47.53565726,1443.82
13.03581177,47.53566755,1443.61
</coordinates></LineString>
<LineString><altitudeMode>absolute</altitudeMode><coordinates>
13.03581177,47.53566755,1443.61
13.03576880,47.53566546,1443.36
</coordinates></LineString>
<LineString><altitudeMode>absolute</altitudeMode><coordinates>
13.03576880,47.53566546,1443.36
13.03578986,47.53567437,1443.50
</coordinates></LineString>
<LineString><altitudeMode>absolute</altitudeMode><coordinates>
13.03578986,47.53567437,1443.50
13.03579870,47.53569027,1443.35
</coordinates></LineString>
<LineString><altitudeMode>absolute</altitudeMode><coordinates>
13.03579870,47.53569027,1443.35
13.03582074,47.53568732,1440.50
</coordinates></LineString>
<LineString><altitudeMode>absolute</altitudeMode><coordinates>
13.03582074,47.53568732,1440.50
13.03579344,47.53567101,1439.89
</coordinates></LineString>
<LineString><altitudeMode>absolute</altitudeMode><coordinates>
13.03579344,47.53567101,1439.89
13.03577592,47.53567773,1439.53
</coordinates></LineString>
<LineString><altitudeMode>absolute</altitudeMode><coordinates>
13.03577592,47.53567773,1439.53
13.03577818,47.53568821,1439.02
13.03576387,47.53569435,1439.02
</coordinates></LineString>
<LineString><altitudeMode>absolute</altitudeMode><coordinates>
13.03576387,47.53569435,1439.02
13.03577160,47.53570438,1438.79
13.03577369,47.53570883,1440.25
</coordinates></LineString>
<LineString><altitudeMode>absolute</altitudeMode><coordinates>
13.03577369,47.53570883,1440.25
13.03576918,47.53571937,1439.03
</coordinates></LineString>
<LineString><altitudeMode>absolute</altitudeMode><coordinates>
13.03576918,47.53571937,1439.03
13.03576927,47.53575608,1439.52
</coordinates></LineString>
<LineString><altitudeMode>absolute</altitudeMode><coordinates>
13.03576927,47.53575608,1439.52
13.03575860,47.53577129,1438.71
13.03576361,47.53578307,1438.47
</coordinates></LineString>
<LineString><altitudeMode>absolute</altitudeMode><coordinates>
13.03576918,47.53571937,1439.03
13.03578645,47.53573361,1441.62
</coordinates></LineString>
<LineString><altitudeMode>absolute</altitudeMode><coordinates>
13.03578645,47.53573361,1441.62
13.03579951,47.53575390,1441.67
</coordinates></LineString>
<LineString><altitudeMode>absolute</altitudeMode><coordinates>
13.03579951,47.53575390,1441.67
13.03580425,47.53576586,1442.30
</coordinates></LineString>
<LineString><altitudeMode>absolute</altitudeMode><coordinates>
13.03580425,47.53576586,1442.30
13.03582019,47.53575534,1443.33
</coordinates></LineString>
<LineString><altitudeMode>absolute</altitudeMode><coordinates>
13.03582019,47.53575534,1443.33
13.03584180,47.53576021,1443.82
</coordinates></LineString>
<LineString><altitudeMode>absolute</altitudeMode><coordinates>
13.03584180,47.53576021,1443.82
13.03589105,47.53577212,1439.99
</coordinates></LineString>
<LineString><altitudeMode>absolute</altitudeMode><coordinates>
13.03589105,47.53577212,1439.99
13.03585629,47.53573499,1456.64
</coordinates></LineString>
<LineString><altitudeMode>absolute</altitudeMode><coordinates>
13.03589105,47.53577212,1439.99
13.03584228,47.53579000,1442.17
</coordinates></LineString>
<LineString><altitudeMode>absolute</altitudeMode><coordinates>
13.03584228,47.53579000,1442.17
13.03587367,47.53578568,1432.57
</coordinates></LineString>
<LineString><altitudeMode>absolute</altitudeMode><coordinates>
13.03689207,47.53555306,1703.51
13.03683833,47.53559029,1700.78
13.03667743,47.53563279,1695.62
13.03671206,47.53559487,1696.25
</coordinates></LineString>
<LineString><altitudeMode>absolute</altitudeMode><coordinates>
13.03671206,47.53559487,1696.25
13.03660234,47.53556204,1696.37
</coordinates></LineString>
<LineString><altitudeMode>absolute</altitudeMode><coordinates>
13.03715365,47.53544766,1713.45
13.03711206,47.53548322,1731.54
</coordinates></LineString>
<LineString><altitudeMode>absolute</altitudeMode><coordinates>
13.03719704,47.53547063,1717.24
13.03722213,47.53545361,1717.10
</coordinates></LineString>
<LineString><altitudeMode>absolute</altitudeMode><coordinates>
13.03722213,47.53545361,1717.10
13.03724804,47.53543587,1715.30
</coordinates></LineString>
<LineString><altitudeMode>absolute</altitudeMode><coordinates>
13.03725805,47.53543820,1722.99
13.03731718,47.53544524,1724.64
</coordinates></LineString>
<LineString><altitudeMode>absolute</altitudeMode><coordinates>
13.03731718,47.53544524,1724.64
13.03730350,47.53550188,1729.40
</coordinates></LineString>
<LineString><altitudeMode>absolute</altitudeMode><coordinates>
13.03730350,47.53550188,1729.40
13.03731450,47.53549910,1741.23
</coordinates></LineString>
<LineString><altitudeMode>absolute</altitudeMode><coordinates>
13.04578251,47.52765445,1654.92
13.04580641,47.52765477,1652.39
</coordinates></LineString>
<LineString><altitudeMode>absolute</altitudeMode><coordinates>
13.04580641,47.52765477,1652.39
13.04580688,47.52766711,1642.81
</coordinates></LineString>
<LineString><altitudeMode>absolute</altitudeMode><coordinates>
13.04580688,47.52766711,1642.81
13.04589147,47.52766819,1637.71
13.04589516,47.52767977,1636.59
</coordinates></LineString>
<LineString><altitudeMode>absolute</altitudeMode><coordinates>
13.04492965,47.52725226,1615.57
13.04493938,47.52724424,1615.59
</coordinates></LineString>
<LineString><altitudeMode>absolute</altitudeMode><coordinates>
13.04496532,47.52727204,1614.33
13.04502101,47.52726057,1611.31
</coordinates></LineString>
<LineString><altitudeMode>absolute</altitudeMode><coordinates>
13.04490489,47.52728945,1617.79
13.04488851,47.52728332,1618.14
</coordinates></LineString>
<LineString><altitudeMode>absolute</altitudeMode><coordinates>
13.04505323,47.52731970,1596.69
13.04501201,47.52733834,1598.33
</coordinates></LineString>
<LineString><altitudeMode>absolute</altitudeMode><coordinates>
13.04513197,47.52743865,1591.69
13.04510717,47.52742689,1586.37
</coordinates></LineString>
<LineString><altitudeMode>absolute</altitudeMode><coordinates>
13.04513197,47.52743865,1591.69
13.04508166,47.52745183,1591.01
</coordinates></LineString>
<LineString><altitudeMode>absolute</altitudeMode><coordinates>
13.04520887,47.52756072,1581.08
13.04513547,47.52757323,1581.39
</coordinates></LineString>
<LineString><altitudeMode>absolute</altitudeMode><coordinates>
13.04528903,47.52767744,1638.59
13.04526330,47.52764416,1638.16
</coordinates></LineString>
<LineString><altitudeMode>absolute</altitudeMode><coordinates>
13.04526330,47.52764416,1638.16
13.04517316,47.52762445,1636.85
</coordinates></LineString>
<LineString><altitudeMode>absolute</altitudeMode><coordinates>
13.04517316,47.52762445,1636.85
13.04515272,47.52761672,1636.30
</coordinates></LineString>
<LineString><altitudeMode>absolute</altitudeMode><coordinates>
13.04515272,47.52761672,1636.30
13.04518075,47.52757734,1635.63
</coordinates></LineString>
<LineString><altitudeMode>absolute</altitudeMode><coordinates>
13.04518075,47.52757734,1635.63
13.04515457,47.52755979,1634.90
</coordinates></LineString>
<LineString><altitudeMode>absolute</altitudeMode><coordinates>
13.04515457,47.52755979,1634.90
13.04511971,47.52755038,1634.54
</coordinates></LineString>
<LineString><altitudeMode>absolute</altitudeMode><coordinates>
13.04511971,47.52755038,1634.54
13.04513324,47.52754395,1634.97
</coordinates></LineString>
<LineString><altitudeMode>absolute</altitudeMode><coordinates>
13.04513324,47.52754395,1634.97
13.04518988,47.52752494,1633.49
</coordinates></LineString>
<LineString><altitudeMode>absolute</altitudeMode><coordinates>
13.04518988,47.52752494,1633.49
13.04517151,47.52750780,1633.08
</coordinates></LineString>
<LineString><altitudeMode>absolute</altitudeMode><coordinates>
13.04517151,47.52750780,1633.08
13.04516054,47.52749214,1632.72
</coordinates></LineString>
<LineString><altitudeMode>absolute</altitudeMode><coordinates>
13.04516054,47.52749214,1632.72
13.04511695,47.52747106,1632.48
</coordinates></LineString>
<LineString><altitudeMode>absolute</altitudeMode><coordinates>
13.04511695,47.52747106,1632.48
13.04514480,47.52744013,1631.90
</coordinates></LineString>
<LineString><altitudeMode>absolute</altitudeMode><coordinates>
13.04514480,47.52744013,1631.90
13.04513761,47.52738332,1631.00
</coordinates></LineString>
<LineString><altitudeMode>absolute</altitudeMode><coordinates>
13.04513761,47.52738332,1631.00
13.04514890,47.52735858,1627.65
</coordinates></LineString>
<LineString><altitudeMode>absolute</altitudeMode><coordinates>
13.04514890,47.52735858,1627.65
13.04522845,47.52743427,1624.63
</coordinates></LineString>
<LineString><altitudeMode>absolute</altitudeMode><coordinates>
13.04522845,47.52743427,1624.63
13.04523207,47.52743703,1624.51
</coordinates></LineString>
<LineString><altitudeMode>absolute</altitudeMode><coordinates>
13.04523207,47.52743703,1624.51
13.04524201,47.52748048,1622.11
</coordinates></LineString>
<LineString><altitudeMode>absolute</altitudeMode><coordinates>
13.04524201,47.52748048,1622.11
13.04526859,47.52747670,1621.16
</coordinates></LineString>
<LineString><altitudeMode>absolute</altitudeMode><coordinates>
13.04526859,47.52747670,1621.16
13.04528059,47.52749706,1618.95
</coordinates></LineString>
<LineString><altitudeMode>absolute</altitudeMode><coordinates>
13.04528059,47.52749706,1618.95
13.04524572,47.52750241,1615.26
</coordinates></LineString>
<LineString><altitudeMode>absolute</altitudeMode><coordinates>
13.04524572,47.52750241,1615.26
13.04522812,47.52747178,1614.92
</coordinates></LineString>
<LineString><altitudeMode>absolute</altitudeMode><coordinates>
13.04522812,47.52747178,1614.92
13.04522793,47.52751974,1615.09
</coordinates></LineString>
<LineString><altitudeMode>absolute</altitudeMode><coordinates>
13.04522793,47.52751974,1615.09
13.04520940,47.52751430,1617.77
</coordinates></LineString>
<LineString><altitudeMode>absolute</altitudeMode><coordinates>
13.04520940,47.52751430,1617.77
13.04515171,47.52750449,1618.64
</coordinates></LineString>
<LineString><altitudeMode>absolute</altitudeMode><coordinates>
13.04515171,47.52750449,1618.64
13.04513979,47.52748908,1617.89
</coordinates></LineString>
<LineString><altitudeMode>absolute</altitudeMode><coordinates>
13.04513979,47.52748908,1617.89
13.04510045,47.52746817,1617.31
</coordinates></LineString>
<LineString><altitudeMode>absolute</altitudeMode><coordinates>
13.04502698,47.52765048,1533.05
13.04507194,47.52764549,1529.98
</coordinates></LineString>
<LineString><altitudeMode>absolute</altitudeMode><coordinates>
13.03587367,47.53578568,1432.57
13.03583353,47.53581090,1436.01
13.03578748,47.53581291,1437.57
13.03575418,47.53583267,1434.54
13.03572901,47.53584844,1433.46
13.03572924,47.53584601,1428.05
</coordinates></LineString>
<LineString><altitudeMode>absolute</altitudeMode><coordinates>
13.03572924,47.53584601,1428.05
13.03569652,47.53583960,1409.50
13.03569849,47.53582245,1404.65
</coordinates></LineString>
<LineString><altitudeMode>absolute</altitudeMode><coordinates>
13.03569849,47.53582245,1404.65
13.03574156,47.53582193,1396.07
</coordinates></LineString>
<LineString><altitudeMode>absolute</altitudeMode><coordinates>
13.03569849,47.53582245,1404.65
13.03563803,47.53578704,1403.63
13.03559247,47.53579013,1399.65
13.03560167,47.53579289,1364.97
</coordinates></LineString>
<LineString><altitudeMode>absolute</altitudeMode><coordinates>
13.04690037,47.52894902,1747.17
13.04686351,47.52888973,1754.67
</coordinates></LineString>
<LineString><altitudeMode>absolute</altitudeMode><coordinates>
13.03582299,47.53563418,1497.80
13.03580799,47.53564094,1497.02
13.03580042,47.53562650,1494.27
13.03576378,47.53565053,1493.80
</coordinates></LineString>
<LineString><altitudeMode>absolute</altitudeMode><coordinates>
13.03580799,47.53564094,1497.02
13.03583042,47.53563070,1492.32
</coordinates></LineString>
<LineString><altitudeMode>absolute</altitudeMode><coordinates>
13.03686651,47.53550448,1714.29
13.03689694,47.53548673,1714.87
</coordinates></LineString>
<LineString><altitudeMode>absolute</altitudeMode><coordinates>
13.03694691,47.53549721,1717.01
13.03696971,47.53551290,1717.84
</coordinates></LineString>
<LineString><altitudeMode>absolute</altitudeMode><coordinates>
13.03711552,47.53548318,1721.31
13.03710219,47.53547378,1727.88
</coordinates></LineString>
<LineString><altitudeMode>absolute</altitudeMode><coordinates>
13.03717517,47.53546576,1724.36
13.03714744,47.53550740,1728.20
</coordinates></LineString>
<LineString><altitudeMode>absolute</altitudeMode><coordinates>
13.03721794,47.53546964,1726.17
13.03722569,47.53545061,1730.36
</coordinates></LineString>
<LineString><altitudeMode>absolute</altitudeMode><coordinates>
13.03722569,47.53545061,1730.36
13.03725109,47.53547147,1731.12
</coordinates></LineString>
<LineString><altitudeMode>absolute</altitudeMode><coordinates>
13.03725109,47.53547147,1731.12
13.03729254,47.53545733,1732.64
</coordinates></LineString>
<LineString><altitudeMode>absolute</altitudeMode><coordinates>
13.03729254,47.53545733,1732.64
13.03733588,47.53545339,1733.70
</coordinates></LineString>
<LineString><altitudeMode>absolute</altitudeMode><coordinates>
13.03733588,47.53545339,1733.70
13.03732983,47.53543016,1735.14
13.03733936,47.53542421,1740.08
</coordinates></LineString>
<LineString><altitudeMode>absolute</altitudeMode><coordinates>
13.03732983,47.53543016,1735.14
13.03734110,47.53540597,1735.07
</coordinates></LineString>
<LineString><altitudeMode>absolute</altitudeMode><coordinates>
13.03948712,47.53322603,1738.05
13.03949133,47.53323069,1736.10
13.03949040,47.53322006,1734.64
13.03949797,47.53322729,1732.07
13.03947345,47.53322930,1728.91
</coordinates></LineString>
<LineString><altitudeMode>absolute</altitudeMode><coordinates>
13.03948712,47.53322603,1738.05
13.03949539,47.53322887,1740.02
</coordinates></LineString>
<LineString><altitudeMode>absolute</altitudeMode><coordinates>
13.03949539,47.53322887,1740.02
13.03951180,47.53323050,1739.88
</coordinates></LineString>
<LineString><altitudeMode>absolute</altitudeMode><coordinates>
13.03951180,47.53323050,1739.88
13.03953442,47.53322261,1741.54
</coordinates></LineString>
<LineString><altitudeMode>absolute</altitudeMode><coordinates>
13.03953442,47.53322261,1741.54
13.03960250,47.53320704,1743.30
</coordinates></LineString>
<LineString><altitudeMode>absolute</altitudeMode><coordinates>
13.03806305,47.53379520,1731.61
13.03808549,47.53375311,1730.77
13.03806978,47.53374322,1730.65
13.03806436,47.53374591,1727.68
13.03804344,47.53373683,1727.19
13.03803953,47.53371714,1725.35
</coordinates></LineString>
<LineString><altitudeMode>absolute</altitudeMode><coordinates>
13.03806436,47.53374591,1727.68
13.03806149,47.53374442,1726.46
</coordinates></LineString>
<LineString><altitudeMode>absolute</altitudeMode><coordinates>
13.04480731,47.52778783,1509.61
13.04480596,47.52774551,1513.42
</coordinates></LineString>
<LineString><altitudeMode>absolute</altitudeMode><coordinates>
13.04945015,47.52662874,1748.24
13.04946364,47.52658020,1741.23
</coordinates></LineString>
<LineString><altitudeMode>absolute</altitudeMode><coordinates>
13.04945015,47.52662874,1748.24
13.04941798,47.52669028,1748.07
</coordinates></LineString>
<LineString><altitudeMode>absolute</altitudeMode><coordinates>
13.04954525,47.52663279,1733.26
13.04953603,47.52657333,1734.02
</coordinates></LineString>
<LineString><altitudeMode>absolute</altitudeMode><coordinates>
13.04953603,47.52657333,1734.02
13.04951682,47.52652531,1736.29
</coordinates></LineString>
<LineString><altitudeMode>absolute</altitudeMode><coordinates>
13.04951682,47.52652531,1736.29
13.04955270,47.52650379,1736.36
13.04954206,47.52647526,1734.85
</coordinates></LineString>
<LineString><altitudeMode>absolute</altitudeMode><coordinates>
13.04954206,47.52647526,1734.85
13.04960971,47.52642791,1735.59
13.04966992,47.52640203,1738.64
</coordinates></LineString>
<LineString><altitudeMode>absolute</altitudeMode><coordinates>
13.04966992,47.52640203,1738.64
13.04970238,47.52637235,1738.74
13.04975327,47.52639004,1738.44
</coordinates></LineString>
<LineString><altitudeMode>absolute</altitudeMode><coordinates>
13.04975327,47.52639004,1738.44
13.04975029,47.52638432,1733.26
</coordinates></LineString>
<LineString><altitudeMode>absolute</altitudeMode><coordinates>
13.04975327,47.52639004,1738.44
13.04971272,47.52632636,1735.71
</coordinates></LineString>
<LineString><altitudeMode>absolute</altitudeMode><coordinates>
13.04971272,47.52632636,1735.71
13.04972164,47.52633308,1755.00
</coordinates></LineString>
<LineString><altitudeMode>absolute</altitudeMode><coordinates>
13.04971272,47.52632636,1735.71
13.04977364,47.52632785,1738.44
</coordinates></LineString>
<LineString><altitudeMode>absolute</altitudeMode><coordinates>
13.04942946,47.52672449,1735.21
13.04937852,47.52673334,1730.25
</coordinates></LineString>
<LineString><altitudeMode>absolute</altitudeMode><coordinates>
13.04937852,47.52673334,1730.25
13.04935208,47.52673676,1727.52
</coordinates></LineString>
<LineString><altitudeMode>absolute</altitudeMode><coordinates>
13.04348040,47.52731887,1410.28
13.04345111,47.52732035,1411.93
</coordinates></LineString>
<LineString><altitudeMode>absolute</altitudeMode><coordinates>
13.04345111,47.52732035,1411.93
13.04343836,47.52735613,1425.78
</coordinates></LineString>
<LineString><altitudeMode>absolute</altitudeMode><coordinates>
13.04368567,47.52744718,1401.02
13.04367224,47.52747242,1400.78
</coordinates></LineString>
<LineString><altitudeMode>absolute</altitudeMode><coordinates>
13.04367224,47.52747242,1400.78
13.04368595,47.52749308,1399.60
</coordinates></LineString>
<LineString><altitudeMode>absolute</altitudeMode><coordinates>
13.04368595,47.52749308,1399.60
13.04369841,47.52751543,1399.56
</coordinates></LineString>
<LineString><altitudeMode>absolute</altitudeMode><coordinates>
13.04369841,47.52751543,1399.56
13.04372687,47.52751798,1398.56
</coordinates></LineString>
<LineString><altitudeMode>absolute</altitudeMode><coordinates>
13.04372687,47.52751798,1398.56
13.04373020,47.52753568,1399.21
</coordinates></LineString>
<LineString><altitudeMode>absolute</altitudeMode><coordinates>
13.04335526,47.52742220,1494.81
13.04333596,47.52741224,1496.24
</coordinates></LineString>
<LineString><altitudeMode>absolute</altitudeMode><coordinates>
13.04344875,47.52744449,1491.79
13.04346744,47.52746010,1491.59
</coordinates></LineString>
<LineString><altitudeMode>absolute</altitudeMode><coordinates>
13.04353617,47.52751608,1490.70
13.04347963,47.52752519,1490.17
</coordinates></LineString>
<LineString><altitudeMode>absolute</altitudeMode><coordinates>
13.04366093,47.52754439,1490.42
13.04362782,47.52753429,1491.82
</coordinates></LineString>
<LineString><altitudeMode>absolute</altitudeMode><coordinates>
13.04376817,47.52757214,1488.82
13.04375541,47.52756517,1488.25
</coordinates></LineString>
<LineString><altitudeMode>absolute</altitudeMode><coordinates>
13.04332000,47.52743068,1495.06
13.04333223,47.52744484,1495.66
</coordinates></LineString>
<LineString><altitudeMode>absolute</altitudeMode><coordinates>
13.04333223,47.52744484,1495.66
13.04331803,47.52749436,1493.60
</coordinates></LineString>
<LineString><altitudeMode>absolute</altitudeMode><coordinates>
13.04331803,47.52749436,1493.60
13.04327706,47.52749222,1493.24
</coordinates></LineString>
<LineString><altitudeMode>absolute</altitudeMode><coordinates>
13.04327706,47.52749222,1493.24
13.04325597,47.52751984,1492.22
</coordinates></LineString>
<LineString><altitudeMode>absolute</altitudeMode><coordinates>
13.04325597,47.52751984,1492.22
13.04327922,47.52751610,1490.42
</coordinates></LineString>
<LineString><altitudeMode>absolute</altitudeMode><coordinates>
13.04319660,47.52743353,1483.50
13.04323423,47.52744002,1482.49
</coordinates></LineString>
<LineString><altitudeMode>absolute</altitudeMode><coordinates>
13.04323423,47.52744002,1482.49
13.04322590,47.52745670,1481.53
</coordinates></LineString>
<LineString><altitudeMode>absolute</altitudeMode><coordinates>
13.04322590,47.52745670,1481.53
13.04325796,47.52746634,1481.33
</coordinates></LineString>
<LineString><altitudeMode>absolute</altitudeMode><coordinates>
13.04325796,47.52746634,1481.33
13.04327433,47.52749064,1480.15
</coordinates></LineString>
<LineString><altitudeMode>absolute</altitudeMode><coordinates>
13.04421137,47.52760076,1640.32
13.04420553,47.52757573,1641.05
</coordinates></LineString>
<LineString><altitudeMode>absolute</altitudeMode><coordinates>
13.04420553,47.52757573,1641.05
13.04417846,47.52756771,1641.40
</coordinates></LineString>
<LineString><altitudeMode>absolute</altitudeMode><coordinates>
13.04417846,47.52756771,1641.40
13.04416856,47.52758014,1641.81
</coordinates></LineString>
<LineString><altitudeMode>absolute</altitudeMode><coordinates>
13.04416856,47.52758014,1641.81
13.04408334,47.52756744,1643.72
</coordinates></LineString>
<LineString><altitudeMode>absolute</altitudeMode><coordinates>
13.04408334,47.52756744,1643.72
13.04408621,47.52758323,1644.04
</coordinates></LineString>
<LineString><altitudeMode>absolute</altitudeMode><coordinates>
13.04408621,47.52758323,1644.04
13.04407287,47.52759542,1645.10
</coordinates></LineString>
<LineString><altitudeMode>absolute</altitudeMode><coordinates>
13.04407287,47.52759542,1645.10
13.04408442,47.52759931,1645.45
</coordinates></LineString>
<LineString><altitudeMode>absolute</altitudeMode><coordinates>
13.04384603,47.52759326,1656.16
13.04385238,47.52758347,1658.20
</coordinates></LineString>
<LineString><altitudeMode>absolute</altitudeMode><coordinates>
13.04385238,47.52758347,1658.20
13.04382135,47.52758897,1660.65
</coordinates></LineString>
<LineString><altitudeMode>absolute</altitudeMode><coordinates>
13.04382135,47.52758897,1660.65
13.04382262,47.52764046,1658.85
</coordinates></LineString>
<LineString><altitudeMode>absolute</altitudeMode><coordinates>
13.04382262,47.52764046,1658.85
13.04379363,47.52764474,1658.34
</coordinates></LineString>
<LineString><altitudeMode>absolute</altitudeMode><coordinates>
13.04379363,47.52764474,1658.34
13.04377944,47.52762263,1659.19
</coordinates></LineString>
<LineString><altitudeMode>absolute</altitudeMode><coordinates>
13.04377944,47.52762263,1659.19
13.04375553,47.52763347,1660.10
</coordinates></LineString>
<LineString><altitudeMode>absolute</altitudeMode><coordinates>
13.04375553,47.52763347,1660.10
13.04369526,47.52761436,1661.31
</coordinates></LineString>
<LineString><altitudeMode>absolute</altitudeMode><coordinates>
13.04369526,47.52761436,1661.31
13.04370197,47.52757686,1655.40
</coordinates></LineString>
<LineString><altitudeMode>absolute</altitudeMode><coordinates>
13.04315927,47.52701941,1409.53
13.04315054,47.52692919,1410.43
</coordinates></LineString>
<LineString><altitudeMode>absolute</altitudeMode><coordinates>
13.04315054,47.52692919,1410.43
13.04308134,47.52695725,1421.83
</coordinates></LineString>
<LineString><altitudeMode>absolute</altitudeMode><coordinates>
13.04315927,47.52701941,1409.53
13.04315535,47.52704256,1407.92
</coordinates></LineString>
<LineString><altitudeMode>absolute</altitudeMode><coordinates>
13.04315535,47.52704256,1407.92
13.04307996,47.52703363,1405.96
</coordinates></LineString>
<LineString><altitudeMode>absolute</altitudeMode><coordinates>
13.04307996,47.52703363,1405.96
13.04306275,47.52700328,1405.44
</coordinates></LineString>
<LineString><altitudeMode>absolute</altitudeMode><coordinates>
13.04306275,47.52700328,1405.44
13.04302953,47.52700721,1405.60
</coordinates></LineString>
<LineString><altitudeMode>absolute</altitudeMode><coordinates>
13.04302953,47.52700721,1405.60
13.04300429,47.52697861,1404.73
</coordinates></LineString>
<LineString><altitudeMode>absolute</altitudeMode><coordinates>
13.04300429,47.52697861,1404.73
13.04301243,47.52696688,1404.76
</coordinates></LineString>
<LineString><altitudeMode>absolute</altitudeMode><coordinates>
13.04301243,47.52696688,1404.76
13.04296338,47.52695317,1404.52
</coordinates></LineString>
<LineString><altitudeMode>absolute</altitudeMode><coordinates>
13.04296338,47.52695317,1404.52
13.04294350,47.52694482,1403.95
</coordinates></LineString>
<LineString><altitudeMode>absolute</altitudeMode><coordinates>
13.04294350,47.52694482,1403.95
13.04288856,47.52693975,1404.34
</coordinates></LineString>
<LineString><altitudeMode>absolute</altitudeMode><coordinates>
13.04288856,47.52693975,1404.34
13.04285463,47.52691613,1404.05
</coordinates></LineString>
<LineString><altitudeMode>absolute</altitudeMode><coordinates>
13.04285463,47.52691613,1404.05
13.04280545,47.52691682,1403.76
</coordinates></LineString>
<LineString><altitudeMode>absolute</altitudeMode><coordinates>
13.04280545,47.52691682,1403.76
13.04279064,47.52688282,1403.93
</coordinates></LineString>
<LineString><altitudeMode>absolute</altitudeMode><coordinates>
13.04279064,47.52688282,1403.93
13.04273734,47.52687984,1403.47
</coordinates></LineString>
<LineString><altitudeMode>absolute</altitudeMode><coordinates>
13.04273734,47.52687984,1403.47
13.04269609,47.52693862,1402.11
</coordinates></LineString>
<LineString><altitudeMode>absolute</altitudeMode><coordinates>
13.04269609,47.52693862,1402.11
13.04267187,47.52693614,1400.70
</coordinates></LineString>
<LineString><altitudeMode>absolute</altitudeMode><coordinates>
13.04267187,47.52693614,1400.70
13.04265312,47.52690468,1399.82
</coordinates></LineString>
<LineString><altitudeMode>absolute</altitudeMode><coordinates>
13.04265312,47.52690468,1399.82
13.04261659,47.52691162,1399.33
</coordinates></LineString>
<LineString><altitudeMode>absolute</altitudeMode><coordinates>
13.04261659,47.52691162,1399.33
13.04260383,47.52687262,1395.24
</coordinates></LineString>
<LineString><altitudeMode>absolute</altitudeMode><coordinates>
13.04260383,47.52687262,1395.24
13.04257199,47.52686406,1394.78
</coordinates></LineString>
<LineString><altitudeMode>absolute</altitudeMode><coordinates>
13.04257199,47.52686406,1394.78
13.04253119,47.52679327,1393.33
</coordinates></LineString>
<LineString><altitudeMode>absolute</altitudeMode><coordinates>
13.04253119,47.52679327,1393.33
13.04248796,47.52671955,1394.19
</coordinates></LineString>
<LineString><altitudeMode>absolute</altitudeMode><coordinates>
13.04367224,47.52747242,1400.78
13.04367230,47.52749941,1401.02
</coordinates></LineString>
<LineString><altitudeMode>absolute</altitudeMode><coordinates>
13.04367230,47.52749941,1401.02
13.04365910,47.52753284,1400.95
</coordinates></LineString>
<LineString><altitudeMode>absolute</altitudeMode><coordinates>
13.04365910,47.52753284,1400.95
13.04367364,47.52756701,1400.83
13.04364026,47.52754647,1403.94
</coordinates></LineString>
<LineString><altitudeMode>absolute</altitudeMode><coordinates>
13.04367364,47.52756701,1400.83
13.04369841,47.52756519,1400.26
</coordinates></LineString>
<LineString><altitudeMode>absolute</altitudeMode><coordinates>
13.04369841,47.52756519,1400.26
13.04370795,47.52757300,1401.65
</coordinates></LineString>
<LineString><altitudeMode>absolute</altitudeMode><coordinates>
13.04370795,47.52757300,1401.65
13.04370143,47.52758765,1402.27
</coordinates></LineString>
<LineString><altitudeMode>absolute</altitudeMode><coordinates>
13.04370143,47.52758765,1402.27
13.04371423,47.52759371,1399.90
</coordinates></LineString>
<LineString><altitudeMode>absolute</altitudeMode><coordinates>
13.04371423,47.52759371,1399.90
13.04376397,47.52757063,1398.72
</coordinates></LineString>
<LineString><altitudeMode>absolute</altitudeMode><coordinates>
13.04371423,47.52759371,1399.90
13.04371121,47.52763550,1399.10
</coordinates></LineString>
<LineString><altitudeMode>absolute</altitudeMode><coordinates>
13.04371121,47.52763550,1399.10
13.04368627,47.52767377,1399.25
</coordinates></LineString>
<LineString><altitudeMode>absolute</altitudeMode><coordinates>
13.04368627,47.52767377,1399.25
13.04367849,47.52769353,1398.36
</coordinates></LineString>
<LineString><altitudeMode>absolute</altitudeMode><coordinates>
13.04571123,47.52794965,1522.20
13.04572289,47.52795758,1520.45
13.04572601,47.52794855,1517.91
13.04575568,47.52794743,1516.79
13.04578056,47.52792140,1513.90
</coordinates></LineString>
<LineString><altitudeMode>absolute</altitudeMode><coordinates>
13.04578056,47.52792140,1513.90
13.04579340,47.52789769,1511.48
13.04580738,47.52788605,1511.01
13.04583762,47.52789115,1510.42
13.04593166,47.52790967,1492.70
13.04595530,47.52792051,1490.38
13.04594859,47.52794388,1486.21
13.04597266,47.52792171,1483.48
13.04598954,47.52790373,1482.31
13.04603279,47.52789826,1479.08
</coordinates></LineString>
<LineString><altitudeMode>absolute</altitudeMode><coordinates>
13.04603279,47.52789826,1479.08
13.04606144,47.52785654,1478.22
</coordinates></LineString>
<LineString><altitudeMode>absolute</altitudeMode><coordinates>
13.04598954,47.52790373,1482.31
13.04595069,47.52788741,1482.61
</coordinates></LineString>
<LineString><altitudeMode>absolute</altitudeMode><coordinates>
13.04597266,47.52792171,1483.48
13.04597920,47.52794225,1483.80
</coordinates></LineString>
<LineString><altitudeMode>absolute</altitudeMode><coordinates>
13.04593166,47.52790967,1492.70
13.04596502,47.52787353,1490.89
</coordinates></LineString>
<LineString><altitudeMode>absolute</altitudeMode><coordinates>
13.04596502,47.52787353,1490.89
13.04598577,47.52784068,1488.89
</coordinates></LineString>
<LineString><altitudeMode>absolute</altitudeMode><coordinates>
13.04598577,47.52784068,1488.89
13.04599281,47.52781920,1487.87
</coordinates></LineString>
<LineString><altitudeMode>absolute</altitudeMode><coordinates>
13.04599281,47.52781920,1487.87
13.04595468,47.52781198,1487.20
</coordinates></LineString>
<LineString><altitudeMode>absolute</altitudeMode><coordinates>
13.04595468,47.52781198,1487.20
13.04592186,47.52782303,1486.64
</coordinates></LineString>
<LineString><altitudeMode>absolute</altitudeMode><coordinates>
13.04592186,47.52782303,1486.64
13.04589151,47.52781738,1486.26
</coordinates></LineString>
<LineString><altitudeMode>absolute</altitudeMode><coordinates>
13.04589151,47.52781738,1486.26
13.04588066,47.52783411,1485.50
</coordinates></LineString>
<LineString><altitudeMode>absolute</altitudeMode><coordinates>
13.04588066,47.52783411,1485.50
13.04590813,47.52783134,1485.26
</coordinates></LineString>
<LineString><altitudeMode>absolute</altitudeMode><coordinates>
13.04590813,47.52783134,1485.26
13.04591424,47.52784917,1484.60
13.04589389,47.52786763,1483.89
</coordinates></LineString>
<LineString><altitudeMode>absolute</altitudeMode><coordinates>
13.04572289,47.52795758,1520.45
13.04572084,47.52796619,1518.49
</coordinates></LineString>
<LineString><altitudeMode>absolute</altitudeMode><coordinates>
13.04572084,47.52796619,1518.49
13.04569358,47.52798462,1518.05
</coordinates></LineString>
<LineString><altitudeMode>absolute</altitudeMode><coordinates>
13.04569358,47.52798462,1518.05
13.04566941,47.52800238,1519.80
</coordinates></LineString>
<LineString><altitudeMode>absolute</altitudeMode><coordinates>
13.04566941,47.52800238,1519.80
13.04570574,47.52800777,1520.88
</coordinates></LineString>
<LineString><altitudeMode>absolute</altitudeMode><coordinates>
13.04570574,47.52800777,1520.88
13.04572594,47.52799336,1521.56
</coordinates></LineString>
<LineString><altitudeMode>absolute</altitudeMode><coordinates>
13.04572594,47.52799336,1521.56
13.04579583,47.52799680,1522.88
</coordinates></LineString>
<LineString><altitudeMode>absolute</altitudeMode><coordinates>
13.04579583,47.52799680,1522.88
13.04580631,47.52804368,1523.56
</coordinates></LineString>
<LineString><altitudeMode>absolute</altitudeMode><coordinates>
13.04580631,47.52804368,1523.56
13.04584648,47.52805300,1523.92
</coordinates></LineString>
<LineString><altitudeMode>absolute</altitudeMode><coordinates>
13.04584648,47.52805300,1523.92
13.04585071,47.52807881,1523.95
</coordinates></LineString>
<LineString><altitudeMode>absolute</altitudeMode><coordinates>
13.04585071,47.52807881,1523.95
13.04588611,47.52807365,1523.93
</coordinates></LineString>
<LineString><altitudeMode>absolute</altitudeMode><coordinates>
13.04588611,47.52807365,1523.93
13.04591745,47.52807743,1524.17
</coordinates></LineString>
<LineString><altitudeMode>absolute</altitudeMode><coordinates>
13.04591745,47.52807743,1524.17
13.04595190,47.52806209,1524.21
</coordinates></LineString>
<LineString><altitudeMode>absolute</altitudeMode><coordinates>
13.04595190,47.52806209,1524.21
13.04598919,47.52808477,1524.83
</coordinates></LineString>
<LineString><altitudeMode>absolute</altitudeMode><coordinates>
13.04598919,47.52808477,1524.83
13.04603208,47.52807452,1524.93
</coordinates></LineString>
<LineString><altitudeMode>absolute</altitudeMode><coordinates>
13.04603208,47.52807452,1524.93
13.04606244,47.52807639,1524.97
</coordinates></LineString>
<LineString><altitudeMode>absolute</altitudeMode><coordinates>
13.04606244,47.52807639,1524.97
13.04613437,47.52807852,1550.10
</coordinates></LineString>
<LineString><altitudeMode>absolute</altitudeMode><coordinates>
13.04606244,47.52807639,1524.97
13.04615918,47.52805437,1525.67
</coordinates></LineString>
<LineString><altitudeMode>absolute</altitudeMode><coordinates>
13.04615918,47.52805437,1525.67
13.04622996,47.52804073,1526.52
</coordinates></LineString>
<LineString><altitudeMode>absolute</altitudeMode><coordinates>
13.04622996,47.52804073,1526.52
13.04625291,47.52807388,1530.63
</coordinates></LineString>
<LineString><altitudeMode>absolute</altitudeMode><coordinates>
13.04128810,47.52650397,1736.14
13.04130976,47.52648590,1736.04
</coordinates></LineString>
<LineString><altitudeMode>absolute</altitudeMode><coordinates>
13.04493492,47.52773593,1518.80
13.04490502,47.52767891,1521.27
</coordinates></LineString>
<LineString><altitudeMode>absolute</altitudeMode><coordinates>
13.04490502,47.52767891,1521.27
13.04486451,47.52765725,1527.45
</coordinates></LineString>
<LineString><altitudeMode>absolute</altitudeMode><coordinates>
13.04486451,47.52765725,1527.45
13.04482601,47.52757795,1532.49
</coordinates></LineString>
<LineString><altitudeMode>absolute</altitudeMode><coordinates>
13.04482601,47.52757795,1532.49
13.04488563,47.52756079,1537.01
</coordinates></LineString>
<LineString><altitudeMode>absolute</altitudeMode><coordinates>
13.04488563,47.52756079,1537.01
13.04489748,47.52757449,1537.26
</coordinates></LineString>
<LineString><altitudeMode>absolute</altitudeMode><coordinates>
13.04489748,47.52757449,1537.26
13.04497868,47.52756318,1543.89
</coordinates></LineString>
<LineString><altitudeMode>absolute</altitudeMode><coordinates>
13.04497868,47.52756318,1543.89
13.04501348,47.52758105,1545.05
</coordinates></LineString>
<LineString><altitudeMode>absolute</altitudeMode><coordinates>
13.04501348,47.52758105,1545.05
13.04509338,47.52757963,1549.35
</coordinates></LineString>
<LineString><altitudeMode>absolute</altitudeMode><coordinates>
13.04509338,47.52757963,1549.35
13.04515105,47.52761867,1548.18
</coordinates></LineString>
<LineString><altitudeMode>absolute</altitudeMode><coordinates>
13.04515105,47.52761867,1548.18
13.04518640,47.52763619,1548.13
</coordinates></LineString>
<LineString><altitudeMode>absolute</altitudeMode><coordinates>
13.04307973,47.52738258,1448.83
13.04305005,47.52736264,1449.84
</coordinates></LineString>
<LineString><altitudeMode>absolute</altitudeMode><coordinates>
13.04296617,47.52739612,1452.47
13.04299046,47.52733597,1460.00
</coordinates></LineString>
<LineString><altitudeMode>absolute</altitudeMode><coordinates>
13.04087279,47.52597992,1752.28
13.04077992,47.52595872,1777.14
</coordinates></LineString>
<LineString><altitudeMode>absolute</altitudeMode><coordinates>
13.04088072,47.52596332,1748.08
13.04087996,47.52595143,1756.60
</coordinates></LineString>
<LineString><altitudeMode>absolute</altitudeMode><coordinates>
13.04091944,47.52595093,1742.08
13.04091225,47.52590501,1748.67
</coordinates></LineString>
<LineString><altitudeMode>absolute</altitudeMode><coordinates>
13.04099385,47.52539421,1756.88
13.04095871,47.52542448,1764.90
</coordinates></LineString>
<LineString><altitudeMode>absolute</altitudeMode><coordinates>
13.04098269,47.52536559,1757.35
13.04097213,47.52532465,1761.84
</coordinates></LineString>
<LineString><altitudeMode>absolute</altitudeMode><coordinates>
13.04101363,47.52528765,1757.80
13.04101998,47.52531314,1738.77
</coordinates></LineString>
<LineString><altitudeMode>absolute</altitudeMode><coordinates>
13.04113512,47.52519659,1757.98
13.04110280,47.52527604,1767.58
</coordinates></LineString>
<LineString><altitudeMode>absolute</altitudeMode><coordinates>
13.04114794,47.52502368,1745.58
13.04113020,47.52511453,1748.10
</coordinates></LineString>
<LineString><altitudeMode>absolute</altitudeMode><coordinates>
13.04119427,47.52487456,1749.84
13.04126384,47.52477596,1757.59
</coordinates></LineString>
<LineString><altitudeMode>absolute</altitudeMode><coordinates>
13.04126384,47.52477596,1757.59
13.04133929,47.52470823,1761.26
</coordinates></LineString>
<LineString><altitudeMode>absolute</altitudeMode><coordinates>
13.04133929,47.52470823,1761.26
13.04131257,47.52475888,1765.60
</coordinates></LineString>
<LineString><altitudeMode>absolute</altitudeMode><coordinates>
13.04131257,47.52475888,1765.60
13.04147162,47.52475071,1763.84
</coordinates></LineString>
<LineString><altitudeMode>absolute</altitudeMode><coordinates>
13.04147162,47.52475071,1763.84
13.04144211,47.52479052,1765.99
</coordinates></LineString>
<LineString><altitudeMode>absolute</altitudeMode><coordinates>
13.04144211,47.52479052,1765.99
13.04145666,47.52482443,1778.84
</coordinates></LineString>
<LineString><altitudeMode>absolute</altitudeMode><coordinates>
13.04144211,47.52479052,1765.99
13.04142095,47.52481653,1756.91
</coordinates></LineString>
<LineString><altitudeMode>absolute</altitudeMode><coordinates>
13.04126384,47.52477596,1757.59
13.04118629,47.52465019,1766.09
</coordinates></LineString>
<LineString><altitudeMode>absolute</altitudeMode><coordinates>
13.04118629,47.52465019,1766.09
13.04111084,47.52464638,1764.96
</coordinates></LineString>
<LineString><altitudeMode>absolute</altitudeMode><coordinates>
13.04111084,47.52464638,1764.96
13.04107667,47.52463635,1765.12
</coordinates></LineString>
<LineString><altitudeMode>absolute</altitudeMode><coordinates>
13.04107667,47.52463635,1765.12
13.04110348,47.52461224,1766.12
</coordinates></LineString>
<LineString><altitudeMode>absolute</altitudeMode><coordinates>
13.04110348,47.52461224,1766.12
13.04106162,47.52455915,1767.20
</coordinates></LineString>
<LineString><altitudeMode>absolute</altitudeMode><coordinates>
13.04106162,47.52455915,1767.20
13.04108797,47.52462565,1769.07
</coordinates></LineString>
<LineString><altitudeMode>absolute</altitudeMode><coordinates>
13.04106162,47.52455915,1767.20
13.04103915,47.52451666,1765.90
</coordinates></LineString>
<LineString><altitudeMode>absolute</altitudeMode><coordinates>
13.04103915,47.52451666,1765.90
13.04097573,47.52451818,1765.43
</coordinates></LineString>
<LineString><altitudeMode>absolute</altitudeMode><coordinates>
13.04097573,47.52451818,1765.43
13.04093964,47.52449921,1763.84
</coordinates></LineString>
<LineString><altitudeMode>absolute</altitudeMode><coordinates>
13.04093964,47.52449921,1763.84
13.04092085,47.52451130,1762.51
</coordinates></LineString>
<LineString><altitudeMode>absolute</altitudeMode><coordinates>
13.04092085,47.52451130,1762.51
13.04087205,47.52445918,1762.25
13.04080486,47.52443338,1767.73
</coordinates></LineString>
<LineString><altitudeMode>absolute</altitudeMode><coordinates>
13.04087205,47.52445918,1762.25
13.04092063,47.52443877,1759.62
</coordinates></LineString>
<LineString><altitudeMode>absolute</altitudeMode><coordinates>
13.04092063,47.52443877,1759.62
13.04096581,47.52435991,1757.88
</coordinates></LineString>
<LineString><altitudeMode>absolute</altitudeMode><coordinates>
13.04096581,47.52435991,1757.88
13.04099184,47.52430672,1758.09
</coordinates></LineString>
<LineString><altitudeMode>absolute</altitudeMode><coordinates>
13.04099184,47.52430672,1758.09
13.04101576,47.52429229,1758.31
</coordinates></LineString>
<LineString><altitudeMode>absolute</altitudeMode><coordinates>
13.04101576,47.52429229,1758.31
13.04100205,47.52424661,1758.91
</coordinates></LineString>
<LineString><altitudeMode>absolute</altitudeMode><coordinates>
13.04100205,47.52424661,1758.91
13.04095111,47.52422684,1761.68
</coordinates></LineString>
<LineString><altitudeMode>absolute</altitudeMode><coordinates>
13.04095111,47.52422684,1761.68
13.04090359,47.52417573,1764.30
</coordinates></LineString>
<LineString><altitudeMode>absolute</altitudeMode><coordinates>
13.04090359,47.52417573,1764.30
13.04083188,47.52417864,1766.07
13.04085536,47.52401905,1770.02
</coordinates></LineString>
<LineString><altitudeMode>absolute</altitudeMode><coordinates>
13.04085536,47.52401905,1770.02
13.04094038,47.52400476,1770.22
</coordinates></LineString>
<LineString><altitudeMode>absolute</altitudeMode><coordinates>
13.04094038,47.52400476,1770.22
13.04094508,47.52397127,1771.51
</coordinates></LineString>
<LineString><altitudeMode>absolute</altitudeMode><coordinates>
13.04094508,47.52397127,1771.51
13.04098210,47.52396543,1772.32
</coordinates></LineString>
<LineString><altitudeMode>absolute</altitudeMode><coordinates>
13.04098210,47.52396543,1772.32
13.04096680,47.52391604,1774.69
</coordinates></LineString>
<LineString><altitudeMode>absolute</altitudeMode><coordinates>
13.04096680,47.52391604,1774.69
13.04095896,47.52389485,1775.60
</coordinates></LineString>
<LineString><altitudeMode>absolute</altitudeMode><coordinates>
13.04096680,47.52391604,1774.69
13.04093398,47.52393761,1774.35
</coordinates></LineString>
<LineString><altitudeMode>absolute</altitudeMode><coordinates>
13.04171470,47.52510481,1773.18
13.04173699,47.52505921,1768.61
</coordinates></LineString>
<LineString><altitudeMode>absolute</altitudeMode><coordinates>
13.04187045,47.52503558,1773.31
13.04192153,47.52502664,1770.10
13.04195231,47.52504219,1770.35
13.04195245,47.52500638,1765.37
</coordinates></LineString>
<LineString><altitudeMode>absolute</altitudeMode><coordinates>
13.03560167,47.53579289,1364.97
13.03560438,47.53575947,1364.71
13.03565764,47.53574589,1359.09
13.03563502,47.53571446,1359.38
13.03561233,47.53572442,1357.65
13.03560997,47.53573068,1356.88
13.03560717,47.53573459,1356.72
13.03558616,47.53572793,1357.28
13.03556817,47.53574346,1356.96
13.03553279,47.53573377,1355.99
13.03551060,47.53574076,1355.25
13.03548691,47.53573118,1354.13
13.03545394,47.53572809,1354.23
13.03545689,47.53572032,1353.48
13.03541010,47.53571349,1349.96
13.03539676,47.53572927,1350.06
13.03539374,47.53573543,1350.13
13.03535312,47.53575552,1349.70
</coordinates></LineString>
<LineString><altitudeMode>absolute</altitudeMode><coordinates>
13.03535312,47.53575552,1349.70
13.03535312,47.53575552,1349.70
13.03533490,47.53574900,1349.67
13.03531774,47.53574223,1349.77
13.03528912,47.53573652,1348.13
13.03528156,47.53572910,1347.33
13.03525018,47.53573693,1347.40
13.03522558,47.53571599,1347.19
13.03520234,47.53570849,1348.22
13.03518103,47.53570263,1347.46
13.03518340,47.53569259,1347.31
13.03513169,47.53566480,1344.46
13.03514499,47.53564658,1343.88
13.03511108,47.53563664,1342.26
13.03510419,47.53562546,1341.48
13.03507529,47.53562361,1341.27
13.03504284,47.53562792,1341.37
13.03504525,47.53564883,1342.25
13.03501418,47.53566603,1342.01
13.03500763,47.53568139,1341.46
13.03500538,47.53568468,1339.27
13.03501049,47.53569368,1339.42
13.03499849,47.53570544,1338.75
13.03499520,47.53571537,1338.75
13.03497545,47.53572457,1337.34
13.03493969,47.53573575,1336.51
13.03490281,47.53573764,1338.30
13.03485109,47.53573504,1337.72
13.03484090,47.53572668,1338.11
13.03482731,47.53572788,1337.72
13.03481422,47.53571524,1337.74
13.03478967,47.53571455,1337.28
13.03479506,47.53572670,1335.63
13.03481570,47.53572552,1334.28
13.03482389,47.53574456,1332.94
13.03478814,47.53572712,1331.75
13.03474378,47.53573005,1331.89
13.03471021,47.53571814,1333.09
13.03469907,47.53569626,1332.73
13.03469549,47.53569593,1329.51
13.03469269,47.53567851,1328.62
13.03467646,47.53566123,1327.56
13.03466271,47.53565946,1328.45
13.03465614,47.53563946,1326.43
</coordinates></LineString>
<LineString><altitudeMode>absolute</altitudeMode><coordinates>
13.03466271,47.53565946,1328.45
13.03465614,47.53563946,1326.45
</coordinates></LineString>
<LineString><altitudeMode>absolute</altitudeMode><coordinates>
13.03465614,47.53563946,1326.45
13.03464934,47.53562954,1324.55
</coordinates></LineString>
<LineString><altitudeMode>absolute</altitudeMode><coordinates>
13.03464934,47.53562954,1324.55
13.03461718,47.53563322,1323.88
</coordinates></LineString>
<LineString><altitudeMode>absolute</altitudeMode><coordinates>
13.03461718,47.53563322,1323.88
13.03459038,47.53564275,1315.15
</coordinates></LineString>
<LineString><altitudeMode>absolute</altitudeMode><coordinates>
13.03459038,47.53564275,1315.15
13.03463833,47.53560766,1314.91
</coordinates></LineString>
<LineString><altitudeMode>absolute</altitudeMode><coordinates>
13.03463833,47.53560766,1314.91
13.03464868,47.53559389,1314.73
</coordinates></LineString>
<LineString><altitudeMode>absolute</altitudeMode><coordinates>
13.03464868,47.53559389,1314.73
13.03466532,47.53555396,1314.09
</coordinates></LineString>
<LineString><altitudeMode>absolute</altitudeMode><coordinates>
13.03466532,47.53555396,1314.09
13.03466840,47.53553916,1313.74
</coordinates></LineString>
<LineString><altitudeMode>absolute</altitudeMode><coordinates>
13.03466840,47.53553916,1313.74
13.03468925,47.53553232,1313.08
</coordinates></LineString>
<LineString><altitudeMode>absolute</altitudeMode><coordinates>
13.03468925,47.53553232,1313.08
13.03467693,47.53548145,1311.45
</coordinates></LineString>
<LineString><altitudeMode>absolute</altitudeMode><coordinates>
13.03467693,47.53548145,1311.45
13.03466142,47.53548424,1310.90
</coordinates></LineString>
<LineString><altitudeMode>absolute</altitudeMode><coordinates>
13.03466142,47.53548424,1310.90
13.03464254,47.53547033,1311.16
</coordinates></LineString>
<LineString><altitudeMode>absolute</altitudeMode><coordinates>
13.03464254,47.53547033,1311.16
13.03461426,47.53548037,1310.34
</coordinates></LineString>
<LineString><altitudeMode>absolute</altitudeMode><coordinates>
13.03461426,47.53548037,1310.34
13.03459259,47.53548765,1310.21
</coordinates></LineString>
<LineString><altitudeMode>absolute</altitudeMode><coordinates>
13.03459259,47.53548765,1310.21
13.03457792,47.53547480,1309.93
13.03456391,47.53546214,1309.62
</coordinates></LineString>
<LineString><altitudeMode>absolute</altitudeMode><coordinates>
13.03456391,47.53546214,1309.62
13.03457240,47.53544483,1309.04
</coordinates></LineString>
<LineString><altitudeMode>absolute</altitudeMode><coordinates>
13.03457240,47.53544483,1309.04
13.03455408,47.53542310,1307.38
</coordinates></LineString>
<LineString><altitudeMode>absolute</altitudeMode><coordinates>
13.03587408,47.53487838,1761.93
13.03585874,47.53487641,1761.30
</coordinates></LineString>
<LineString><altitudeMode>absolute</altitudeMode><coordinates>
13.03585874,47.53487641,1761.30
13.03584527,47.53489174,1760.45
13.03580702,47.53490206,1760.88
13.03578066,47.53489990,1761.64
13.03570733,47.53491016,1762.13
13.03568612,47.53490170,1762.83
13.03565889,47.53490151,1761.98
13.03567721,47.53492666,1763.95
13.03560989,47.53488627,1772.87
13.03561114,47.53489925,1779.13
</coordinates></LineString>
<LineString><altitudeMode>absolute</altitudeMode><coordinates>
13.04105616,47.52521558,1757.32
13.04113473,47.52519623,1757.96
</coordinates></LineString>
<LineString><altitudeMode>absolute</altitudeMode><coordinates>
13.04113473,47.52519623,1757.96
13.04115263,47.52517242,1758.04
</coordinates></LineString>
<LineString><altitudeMode>absolute</altitudeMode><coordinates>
13.04115263,47.52517242,1758.04
13.04119476,47.52516459,1760.92
</coordinates></LineString>
<LineString><altitudeMode>absolute</altitudeMode><coordinates>
13.04119476,47.52516459,1760.92
13.04129642,47.52519242,1768.31
</coordinates></LineString>
<LineString><altitudeMode>absolute</altitudeMode><coordinates>
13.04129642,47.52519242,1768.31
13.04135111,47.52522917,1771.43
</coordinates></LineString>
<LineString><altitudeMode>absolute</altitudeMode><coordinates>
13.04135111,47.52522917,1771.43
13.04139196,47.52521682,1769.26
</coordinates></LineString>
<LineString><altitudeMode>absolute</altitudeMode><coordinates>
13.04135111,47.52522917,1771.43
13.04138256,47.52524797,1773.94
</coordinates></LineString>
<LineString><altitudeMode>absolute</altitudeMode><coordinates>
13.04138256,47.52524797,1773.94
13.04135138,47.52519345,1771.58
</coordinates></LineString>
<LineString><altitudeMode>absolute</altitudeMode><coordinates>
13.04138256,47.52524797,1773.94
13.04139454,47.52524746,1774.28
</coordinates></LineString>
<LineString><altitudeMode>absolute</altitudeMode><coordinates>
13.04139454,47.52524746,1774.28
13.04138145,47.52525641,1774.14
</coordinates></LineString>
<LineString><altitudeMode>absolute</altitudeMode><coordinates>
13.04138145,47.52525641,1774.14
13.04136540,47.52527719,1768.96
</coordinates></LineString>
<LineString><altitudeMode>absolute</altitudeMode><coordinates>
13.04136540,47.52527719,1768.96
13.04133408,47.52530123,1767.77
</coordinates></LineString>
<LineString><altitudeMode>absolute</altitudeMode><coordinates>
13.04133408,47.52530123,1767.77
13.04131821,47.52532795,1766.93
</coordinates></LineString>
<LineString><altitudeMode>absolute</altitudeMode><coordinates>
13.04131821,47.52532795,1766.93
13.04129135,47.52532137,1767.23
</coordinates></LineString>
<LineString><altitudeMode>absolute</altitudeMode><coordinates>
13.04129135,47.52532137,1767.23
13.04126265,47.52531791,1764.62
</coordinates></LineString>
<LineString><altitudeMode>absolute</altitudeMode><coordinates>
13.04126265,47.52531791,1764.62
13.04121574,47.52532557,1765.34
</coordinates></LineString>
<LineString><altitudeMode>absolute</altitudeMode><coordinates>
13.04121574,47.52532557,1765.34
13.04119839,47.52532761,1765.82
</coordinates></LineString>
<LineString><altitudeMode>absolute</altitudeMode><coordinates>
13.04119839,47.52532761,1765.82
13.04119768,47.52535028,1768.75
</coordinates></LineString>
<LineString><altitudeMode>absolute</altitudeMode><coordinates>
13.04119839,47.52532761,1765.82
13.04121149,47.52532190,1754.25
</coordinates></LineString>
<LineString><altitudeMode>absolute</altitudeMode><coordinates>
13.04121149,47.52532190,1754.25
13.04131742,47.52533855,1752.04
</coordinates></LineString>
<LineString><altitudeMode>absolute</altitudeMode><coordinates>
13.04131742,47.52533855,1752.04
13.04135474,47.52537797,1755.09
13.04133162,47.52546018,1762.86
</coordinates></LineString>
<LineString><altitudeMode>absolute</altitudeMode><coordinates>
13.04121149,47.52532190,1754.25
13.04124420,47.52529960,1752.28
13.04118774,47.52525697,1748.89
</coordinates></LineString>
<LineString><altitudeMode>absolute</altitudeMode><coordinates>
13.04198679,47.52509722,1774.98
13.04197608,47.52506393,1772.58
13.04199131,47.52504016,1773.38
</coordinates></LineString>
<LineString><altitudeMode>absolute</altitudeMode><coordinates>
13.04190454,47.52461944,1781.68
13.04189930,47.52458543,1782.93
</coordinates></LineString>
<LineString><altitudeMode>absolute</altitudeMode><coordinates>
13.04189930,47.52458543,1782.93
13.04186821,47.52457482,1768.36
</coordinates></LineString>
<LineString><altitudeMode>absolute</altitudeMode><coordinates>
13.04189930,47.52458543,1782.93
13.04184095,47.52452918,1783.82
</coordinates></LineString>
<LineString><altitudeMode>absolute</altitudeMode><coordinates>
13.04184095,47.52452918,1783.82
13.04183252,47.52449152,1784.66
</coordinates></LineString>
<LineString><altitudeMode>absolute</altitudeMode><coordinates>
13.04183252,47.52449152,1784.66
13.04184205,47.52446387,1783.56
</coordinates></LineString>
<LineString><altitudeMode>absolute</altitudeMode><coordinates>
13.03548698,47.53485438,1733.01
13.03546537,47.53485662,1733.27
13.03538505,47.53482294,1726.75
13.03536672,47.53481560,1725.62
13.03530853,47.53486509,1725.72
13.03533430,47.53491160,1724.29
13.03535480,47.53494624,1724.14
13.03532637,47.53495322,1723.00
</coordinates></LineString>
<LineString><altitudeMode>absolute</altitudeMode><coordinates>
13.03536672,47.53481560,1725.62
13.03538452,47.53480493,1722.38
</coordinates></LineString>
<LineString><altitudeMode>absolute</altitudeMode><coordinates>
13.03538452,47.53480493,1722.38
13.03539431,47.53476713,1719.43
</coordinates></LineString>
<LineString><altitudeMode>absolute</altitudeMode><coordinates>
13.03539431,47.53476713,1719.43
13.03538478,47.53473772,1716.88
</coordinates></LineString>
<LineString><altitudeMode>absolute</altitudeMode><coordinates>
13.03538478,47.53473772,1716.88
13.03542090,47.53473123,1715.49
</coordinates></LineString>
<LineString><altitudeMode>absolute</altitudeMode><coordinates>
13.03542090,47.53473123,1715.49
13.03541148,47.53475203,1714.72
</coordinates></LineString>
<LineString><altitudeMode>absolute</altitudeMode><coordinates>
13.03535480,47.53494624,1724.14
13.03530699,47.53495981,1723.89
</coordinates></LineString>
<LineString><altitudeMode>absolute</altitudeMode><coordinates>
13.03546537,47.53485662,1733.27
13.03542355,47.53488074,1735.83
</coordinates></LineString>
<LineString><altitudeMode>absolute</altitudeMode><coordinates>
13.03542355,47.53488074,1735.83
13.03538002,47.53487207,1734.32
</coordinates></LineString>
<LineString><altitudeMode>absolute</altitudeMode><coordinates>
13.03538002,47.53487207,1734.32
13.03534098,47.53488211,1733.94
</coordinates></LineString>
<LineString><altitudeMode>absolute</altitudeMode><coordinates>
13.03534098,47.53488211,1733.94
13.03528853,47.53487050,1733.40
</coordinates></LineString>
<LineString><altitudeMode>absolute</altitudeMode><coordinates>
13.03528853,47.53487050,1733.40
13.03524468,47.53488136,1733.79
</coordinates></LineString>
<LineString><altitudeMode>absolute</altitudeMode><coordinates>
13.03524468,47.53488136,1733.79
13.03514062,47.53486059,1736.19
</coordinates></LineString>
<LineString><altitudeMode>absolute</altitudeMode><coordinates>
13.03514062,47.53486059,1736.19
13.03506464,47.53479594,1753.08
</coordinates></LineString>
<LineString><altitudeMode>absolute</altitudeMode><coordinates>
13.03590432,47.53495799,1737.30
13.03590911,47.53497553,1737.61
</coordinates></LineString>
<LineString><altitudeMode>absolute</altitudeMode><coordinates>
13.03565240,47.53491876,1728.18
13.03565856,47.53490303,1728.06
</coordinates></LineString>
<LineString><altitudeMode>absolute</altitudeMode><coordinates>
13.03565856,47.53490303,1728.06
13.03566620,47.53490505,1720.89
</coordinates></LineString>
<LineString><altitudeMode>absolute</altitudeMode><coordinates>
13.04183252,47.52449152,1784.66
13.04181645,47.52447729,1782.89
</coordinates></LineString>
<LineString><altitudeMode>absolute</altitudeMode><coordinates>
13.04181645,47.52447729,1782.89
13.04178061,47.52444438,1781.04
</coordinates></LineString>
<LineString><altitudeMode>absolute</altitudeMode><coordinates>
13.04178061,47.52444438,1781.04
13.04175409,47.52444303,1780.86
</coordinates></LineString>
<LineString><altitudeMode>absolute</altitudeMode><coordinates>
13.04175409,47.52444303,1780.86
13.04178419,47.52442311,1780.28
</coordinates></LineString>
<LineString><altitudeMode>absolute</altitudeMode><coordinates>
13.04178419,47.52442311,1780.28
13.04183290,47.52442781,1780.23
</coordinates></LineString>
<LineString><altitudeMode>absolute</altitudeMode><coordinates>
13.04183290,47.52442781,1780.23
13.04186123,47.52444845,1779.56
</coordinates></LineString>
<LineString><altitudeMode>absolute</altitudeMode><coordinates>
13.04186123,47.52444845,1779.56
13.04191463,47.52439484,1777.85
</coordinates></LineString>
<LineString><altitudeMode>absolute</altitudeMode><coordinates>
13.04191463,47.52439484,1777.85
13.04194676,47.52440960,1778.41
</coordinates></LineString>
<LineString><altitudeMode>absolute</altitudeMode><coordinates>
13.04194676,47.52440960,1778.41
13.04195119,47.52442983,1780.32
</coordinates></LineString>
<LineString><altitudeMode>absolute</altitudeMode><coordinates>
13.04195119,47.52442983,1780.32
13.04198080,47.52444816,1779.44
13.04198325,47.52451785,1776.21
</coordinates></LineString>
<LineString><altitudeMode>absolute</altitudeMode><coordinates>
13.04198325,47.52451785,1776.21
13.04201044,47.52451561,1776.04
13.04205207,47.52451407,1778.83
13.04203903,47.52447192,1780.44
</coordinates></LineString>
<LineString><altitudeMode>absolute</altitudeMode><coordinates>
13.04205207,47.52451407,1778.83
13.04212175,47.52454442,1778.46
</coordinates></LineString>
<LineString><altitudeMode>absolute</altitudeMode><coordinates>
13.04212175,47.52454442,1778.46
13.04210152,47.52458466,1777.16
</coordinates></LineString>
<LineString><altitudeMode>absolute</altitudeMode><coordinates>
13.04210152,47.52458466,1777.16
13.04219780,47.52457136,1777.79
</coordinates></LineString>
<LineString><altitudeMode>absolute</altitudeMode><coordinates>
13.04219780,47.52457136,1777.79
13.04219951,47.52455762,1783.70
</coordinates></LineString>
<LineString><altitudeMode>absolute</altitudeMode><coordinates>
13.04219951,47.52455762,1783.70
13.04226832,47.52451498,1787.79
</coordinates></LineString>
<LineString><altitudeMode>absolute</altitudeMode><coordinates>
13.04226832,47.52451498,1787.79
13.04234319,47.52454136,1787.29
</coordinates></LineString>
<LineString><altitudeMode>absolute</altitudeMode><coordinates>
13.04234319,47.52454136,1787.29
13.04239276,47.52452313,1785.94
</coordinates></LineString>
<LineString><altitudeMode>absolute</altitudeMode><coordinates>
13.04239276,47.52452313,1785.94
13.04246321,47.52451848,1785.31
</coordinates></LineString>
<LineString><altitudeMode>absolute</altitudeMode><coordinates>
13.04246321,47.52451848,1785.31
13.04246496,47.52454272,1784.92
</coordinates></LineString>
<LineString><altitudeMode>absolute</altitudeMode><coordinates>
13.04246496,47.52454272,1784.92
13.04249652,47.52455865,1783.62
</coordinates></LineString>
<LineString><altitudeMode>absolute</altitudeMode><coordinates>
13.04249652,47.52455865,1783.62
13.04249209,47.52456685,1785.99
</coordinates></LineString>
<LineString><altitudeMode>absolute</altitudeMode><coordinates>
13.04246321,47.52451848,1785.31
13.04246835,47.52448366,1783.23
</coordinates></LineString>
<LineString><altitudeMode>absolute</altitudeMode><coordinates>
13.04246835,47.52448366,1783.23
13.04245603,47.52446860,1783.84
</coordinates></LineString>
<LineString><altitudeMode>absolute</altitudeMode><coordinates>
13.04245603,47.52446860,1783.84
13.04246905,47.52444705,1785.23
</coordinates></LineString>
<LineString><altitudeMode>absolute</altitudeMode><coordinates>
13.04246905,47.52444705,1785.23
13.04252772,47.52441988,1784.93
</coordinates></LineString>
<LineString><altitudeMode>absolute</altitudeMode><coordinates>
13.04252772,47.52441988,1784.93
13.04253698,47.52439593,1784.79
</coordinates></LineString>
<LineString><altitudeMode>absolute</altitudeMode><coordinates>
13.04253698,47.52439593,1784.79
13.04257294,47.52440428,1784.56
</coordinates></LineString>
<LineString><altitudeMode>absolute</altitudeMode><coordinates>
13.04257294,47.52440428,1784.56
13.04256919,47.52442275,1784.96
</coordinates></LineString>
<LineString><altitudeMode>absolute</altitudeMode><coordinates>
13.04256919,47.52442275,1784.96
13.04263894,47.52443708,1784.63
</coordinates></LineString>
<LineString><altitudeMode>absolute</altitudeMode><coordinates>
13.04263894,47.52443708,1784.63
13.04265127,47.52441614,1784.08
</coordinates></LineString>
<LineString><altitudeMode>absolute</altitudeMode><coordinates>
13.04265127,47.52441614,1784.08
13.04269807,47.52437240,1784.54
</coordinates></LineString>
<LineString><altitudeMode>absolute</altitudeMode><coordinates>
13.04269807,47.52437240,1784.54
13.04275760,47.52437540,1786.96
</coordinates></LineString>
<LineString><altitudeMode>absolute</altitudeMode><coordinates>
13.04275760,47.52437540,1786.96
13.04286203,47.52436800,1788.51
</coordinates></LineString>
<LineString><altitudeMode>absolute</altitudeMode><coordinates>
13.04286203,47.52436800,1788.51
13.04287471,47.52434860,1788.87
</coordinates></LineString>
<LineString><altitudeMode>absolute</altitudeMode><coordinates>
13.04287471,47.52434860,1788.87
13.04291455,47.52436323,1788.72
</coordinates></LineString>
<LineString><altitudeMode>absolute</altitudeMode><coordinates>
13.04291455,47.52436323,1788.72
13.04295275,47.52435425,1788.55
</coordinates></LineString>
<LineString><altitudeMode>absolute</altitudeMode><coordinates>
13.04295275,47.52435425,1788.55
13.04296465,47.52437344,1789.70
</coordinates></LineString>
<LineString><altitudeMode>absolute</altitudeMode><coordinates>
13.04296465,47.52437344,1789.70
13.04299275,47.52438589,1792.40
</coordinates></LineString>
<LineString><altitudeMode>absolute</altitudeMode><coordinates>
13.04299275,47.52438589,1792.40
13.04301976,47.52436341,1790.75
</coordinates></LineString>
<LineString><altitudeMode>absolute</altitudeMode><coordinates>
13.04301976,47.52436341,1790.75
13.04303648,47.52432824,1787.96
</coordinates></LineString>
<LineString><altitudeMode>absolute</altitudeMode><coordinates>
13.04303648,47.52432824,1787.96
13.04309590,47.52433438,1788.45
</coordinates></LineString>
<LineString><altitudeMode>absolute</altitudeMode><coordinates>
13.04301976,47.52436341,1790.75
13.04303778,47.52438243,1794.82
</coordinates></LineString>
<LineString><altitudeMode>absolute</altitudeMode><coordinates>
13.04303778,47.52438243,1794.82
13.04309154,47.52444805,1795.44
</coordinates></LineString>
<LineString><altitudeMode>absolute</altitudeMode><coordinates>
13.04309154,47.52444805,1795.44
13.04313230,47.52446278,1795.36
</coordinates></LineString>
<LineString><altitudeMode>absolute</altitudeMode><coordinates>
13.04313230,47.52446278,1795.36
13.04322500,47.52449928,1794.27
</coordinates></LineString>
<LineString><altitudeMode>absolute</altitudeMode><coordinates>
13.04322500,47.52449928,1794.27
13.04330002,47.52453250,1793.11
</coordinates></LineString>
<LineString><altitudeMode>absolute</altitudeMode><coordinates>
13.04330002,47.52453250,1793.11
13.04332920,47.52460858,1794.64
</coordinates></LineString>
<LineString><altitudeMode>absolute</altitudeMode><coordinates>
13.04332920,47.52460858,1794.64
13.04336236,47.52457433,1792.99
</coordinates></LineString>
<LineString><altitudeMode>absolute</altitudeMode><coordinates>
13.04336236,47.52457433,1792.99
13.04337968,47.52456229,1792.05
</coordinates></LineString>
<LineString><altitudeMode>absolute</altitudeMode><coordinates>
13.04337968,47.52456229,1792.05
13.04336030,47.52454415,1791.64
</coordinates></LineString>
<LineString><altitudeMode>absolute</altitudeMode><coordinates>
13.04336030,47.52454415,1791.64
13.04339836,47.52452446,1792.17
</coordinates></LineString>
<LineString><altitudeMode>absolute</altitudeMode><coordinates>
13.04339836,47.52452446,1792.17
13.04340114,47.52450318,1791.87
</coordinates></LineString>
<LineString><altitudeMode>absolute</altitudeMode><coordinates>
13.04340114,47.52450318,1791.87
13.04339283,47.52455172,1779.62
</coordinates></LineString>
<LineString><altitudeMode>absolute</altitudeMode><coordinates>
13.04340114,47.52450318,1791.87
13.04345520,47.52450347,1792.70
</coordinates></LineString>
<LineString><altitudeMode>absolute</altitudeMode><coordinates>
13.04345520,47.52450347,1792.70
13.04344714,47.52449866,1792.82
</coordinates></LineString>
<LineString><altitudeMode>absolute</altitudeMode><coordinates>
13.04344714,47.52449866,1792.82
13.04346725,47.52448307,1794.45
</coordinates></LineString>
<LineString><altitudeMode>absolute</altitudeMode><coordinates>
13.04346725,47.52448307,1794.45
13.04344918,47.52445451,1796.25
</coordinates></LineString>
<LineString><altitudeMode>absolute</altitudeMode><coordinates>
13.04344918,47.52445451,1796.25
13.04343410,47.52443509,1796.24
</coordinates></LineString>
<LineString><altitudeMode>absolute</altitudeMode><coordinates>
13.04343410,47.52443509,1796.24
13.04340490,47.52444863,1795.71
</coordinates></LineString>
<LineString><altitudeMode>absolute</altitudeMode><coordinates>
13.04340490,47.52444863,1795.71
13.04338222,47.52443681,1796.72
</coordinates></LineString>
<LineString><altitudeMode>absolute</altitudeMode><coordinates>
13.04338222,47.52443681,1796.72
13.04337021,47.52440628,1796.62
</coordinates></LineString>
<LineString><altitudeMode>absolute</altitudeMode><coordinates>
13.04337021,47.52440628,1796.62
13.04331941,47.52438967,1796.64
</coordinates></LineString>
<LineString><altitudeMode>absolute</altitudeMode><coordinates>
13.04331941,47.52438967,1796.64
13.04335399,47.52435309,1795.03
</coordinates></LineString>
<LineString><altitudeMode>absolute</altitudeMode><coordinates>
13.04335399,47.52435309,1795.03
13.04340080,47.52433734,1794.13
</coordinates></LineString>
<LineString><altitudeMode>absolute</altitudeMode><coordinates>
13.04340080,47.52433734,1794.13
13.04338342,47.52431526,1797.60
</coordinates></LineString>
<LineString><altitudeMode>absolute</altitudeMode><coordinates>
13.04338342,47.52431526,1797.60
13.04337385,47.52430133,1799.70
</coordinates></LineString>
<LineString><altitudeMode>absolute</altitudeMode><coordinates>
13.04337385,47.52430133,1799.70
13.04342071,47.52427352,1802.16
</coordinates></LineString>
<LineString><altitudeMode>absolute</altitudeMode><coordinates>
13.04342071,47.52427352,1802.16
13.04340354,47.52427097,1803.18
</coordinates></LineString>
<LineString><altitudeMode>absolute</altitudeMode><coordinates>
13.04340354,47.52427097,1803.18
13.04339331,47.52426369,1805.42
</coordinates></LineString>
<LineString><altitudeMode>absolute</altitudeMode><coordinates>
13.04144211,47.52479052,1765.99
13.04142273,47.52483653,1766.62
</coordinates></LineString>
<LineString><altitudeMode>absolute</altitudeMode><coordinates>
13.04142273,47.52483653,1766.62
13.04141106,47.52486090,1770.18
</coordinates></LineString>
<LineString><altitudeMode>absolute</altitudeMode><coordinates>
13.04141106,47.52486090,1770.18
13.04144932,47.52485723,1767.03
</coordinates></LineString>
<LineString><altitudeMode>absolute</altitudeMode><coordinates>
13.04144932,47.52485723,1767.03
13.04146494,47.52488387,1765.54
</coordinates></LineString>
<LineString><altitudeMode>absolute</altitudeMode><coordinates>
13.04146494,47.52488387,1765.54
13.04142432,47.52492582,1767.00
</coordinates></LineString>
<LineString><altitudeMode>absolute</altitudeMode><coordinates>
13.04142432,47.52492582,1767.00
13.04147980,47.52497338,1759.22
</coordinates></LineString>
<LineString><altitudeMode>absolute</altitudeMode><coordinates>
13.04842866,47.52787086,1746.22
13.04848957,47.52783338,1743.98
</coordinates></LineString>
<LineString><altitudeMode>absolute</altitudeMode><coordinates>
13.04848957,47.52783338,1743.98
13.04849955,47.52781502,1743.77
</coordinates></LineString>
<LineString><altitudeMode>absolute</altitudeMode><coordinates>
13.04849955,47.52781502,1743.77
13.04852190,47.52780694,1744.25
</coordinates></LineString>
<LineString><altitudeMode>absolute</altitudeMode><coordinates>
13.04852190,47.52780694,1744.25
13.04855734,47.52780079,1744.80
</coordinates></LineString>
<LineString><altitudeMode>absolute</altitudeMode><coordinates>
13.04855734,47.52780079,1744.80
13.04859325,47.52777819,1745.75
</coordinates></LineString>
<LineString><altitudeMode>absolute</altitudeMode><coordinates>
13.04859325,47.52777819,1745.75
13.04861847,47.52781821,1744.82
</coordinates></LineString>
<LineString><altitudeMode>absolute</altitudeMode><coordinates>
13.04859325,47.52777819,1745.75
13.04852954,47.52777638,1744.90
</coordinates></LineString>
<LineString><altitudeMode>absolute</altitudeMode><coordinates>
13.04852954,47.52777638,1744.90
13.04853456,47.52775586,1744.63
</coordinates></LineString>
<LineString><altitudeMode>absolute</altitudeMode><coordinates>
13.04853456,47.52775586,1744.63
13.04855218,47.52774644,1745.06
</coordinates></LineString>
<LineString><altitudeMode>absolute</altitudeMode><coordinates>
13.04855218,47.52774644,1745.06
13.04853031,47.52773797,1745.48
</coordinates></LineString>
<LineString><altitudeMode>absolute</altitudeMode><coordinates>
13.04853031,47.52773797,1745.48
13.04853846,47.52770437,1744.79
</coordinates></LineString>
<LineString><altitudeMode>absolute</altitudeMode><coordinates>
13.04853846,47.52770437,1744.79
13.04856680,47.52768892,1745.42
</coordinates></LineString>
<LineString><altitudeMode>absolute</altitudeMode><coordinates>
13.04856680,47.52768892,1745.42
13.04856385,47.52767169,1744.85
</coordinates></LineString>
<LineString><altitudeMode>absolute</altitudeMode><coordinates>
13.04856385,47.52767169,1744.85
13.04857972,47.52765945,1742.01
</coordinates></LineString>
<LineString><altitudeMode>absolute</altitudeMode><coordinates>
13.04857972,47.52765945,1742.01
13.04858010,47.52764551,1738.65
</coordinates></LineString>
<LineString><altitudeMode>absolute</altitudeMode><coordinates>
13.04546159,47.53068441,1751.80
13.04543925,47.53068484,1751.66
</coordinates></LineString>
<LineString><altitudeMode>absolute</altitudeMode><coordinates>
13.04543925,47.53068484,1751.66
13.04544998,47.53070347,1751.97
</coordinates></LineString>
<LineString><altitudeMode>absolute</altitudeMode><coordinates>
13.04544998,47.53070347,1751.97
13.04551813,47.53073585,1739.83
</coordinates></LineString>
<LineString><altitudeMode>absolute</altitudeMode><coordinates>
13.04544998,47.53070347,1751.97
13.04540232,47.53072038,1755.35
</coordinates></LineString>
<LineString><altitudeMode>absolute</altitudeMode><coordinates>
13.04540232,47.53072038,1755.35
13.04540070,47.53073529,1755.27
13.04537605,47.53075881,1755.55
</coordinates></LineString>
<LineString><altitudeMode>absolute</altitudeMode><coordinates>
13.04544998,47.53070347,1751.97
13.04540850,47.53072211,1753.04
</coordinates></LineString>
<LineString><altitudeMode>absolute</altitudeMode><coordinates>
13.04540850,47.53072211,1753.04
13.04537876,47.53071431,1753.29
</coordinates></LineString>
<LineString><altitudeMode>absolute</altitudeMode><coordinates>
13.04537876,47.53071431,1753.29
13.04537283,47.53070593,1753.59
</coordinates></LineString>
<LineString><altitudeMode>absolute</altitudeMode><coordinates>
13.04537283,47.53070593,1753.59
13.04534480,47.53070221,1754.59
</coordinates></LineString>
<LineString><altitudeMode>absolute</altitudeMode><coordinates>
13.04100975,47.52603004,1713.05
13.04096673,47.52604730,1713.05
</coordinates></LineString>
<LineString><altitudeMode>absolute</altitudeMode><coordinates>
13.04096673,47.52604730,1713.05
13.04098825,47.52607593,1707.80
</coordinates></LineString>
<LineString><altitudeMode>absolute</altitudeMode><coordinates>
13.04096673,47.52604730,1713.05
13.04096231,47.52608745,1712.99
</coordinates></LineString>
<LineString><altitudeMode>absolute</altitudeMode><coordinates>
13.04096231,47.52608745,1712.99
13.04084195,47.52601962,1714.05
</coordinates></LineString>
<LineString><altitudeMode>absolute</altitudeMode><coordinates>
13.04084195,47.52601962,1714.05
13.04082640,47.52594502,1710.64
</coordinates></LineString>
<LineString><altitudeMode>absolute</altitudeMode><coordinates>
13.04082640,47.52594502,1710.64
13.04079182,47.52593534,1710.62
</coordinates></LineString>
<LineString><altitudeMode>absolute</altitudeMode><coordinates>
13.04079182,47.52593534,1710.62
13.04079178,47.52591141,1710.98
</coordinates></LineString>
<LineString><altitudeMode>absolute</altitudeMode><coordinates>
13.04079178,47.52591141,1710.98
13.04071727,47.52590726,1712.09
</coordinates></LineString>
<LineString><altitudeMode>absolute</altitudeMode><coordinates>
13.04071727,47.52590726,1712.09
13.04065268,47.52592946,1709.30
</coordinates></LineString>
<LineString><altitudeMode>absolute</altitudeMode><coordinates>
13.04071727,47.52590726,1712.09
13.04073480,47.52582540,1712.04
</coordinates></LineString>
<LineString><altitudeMode>absolute</altitudeMode><coordinates>
13.04073480,47.52582540,1712.04
13.04077498,47.52580251,1711.49
</coordinates></LineString>
<LineString><altitudeMode>absolute</altitudeMode><coordinates>
13.04077498,47.52580251,1711.49
13.04075957,47.52576670,1711.82
</coordinates></LineString>
<LineString><altitudeMode>absolute</altitudeMode><coordinates>
13.04075957,47.52576670,1711.82
13.04077494,47.52573583,1713.26
</coordinates></LineString>
<LineString><altitudeMode>absolute</altitudeMode><coordinates>
13.04077494,47.52573583,1713.26
13.04071506,47.52570988,1712.68
</coordinates></LineString>
<LineString><altitudeMode>absolute</altitudeMode><coordinates>
13.04071506,47.52570988,1712.68
13.04072388,47.52567998,1713.19
</coordinates></LineString>
<LineString><altitudeMode>absolute</altitudeMode><coordinates>
13.04072388,47.52567998,1713.19
13.04070162,47.52564981,1713.08
</coordinates></LineString>
<LineString><altitudeMode>absolute</altitudeMode><coordinates>
13.04070162,47.52564981,1713.08
13.04072731,47.52560922,1713.20
</coordinates></LineString>
<LineString><altitudeMode>absolute</altitudeMode><coordinates>
13.04072731,47.52560922,1713.20
13.04075958,47.52564882,1717.64
</coordinates></LineString>
<LineString><altitudeMode>absolute</altitudeMode><coordinates>
13.04075958,47.52564882,1717.64
13.04077068,47.52566107,1717.19
</coordinates></LineString>
<LineString><altitudeMode>absolute</altitudeMode><coordinates>
13.04077068,47.52566107,1717.19
13.04075887,47.52567509,1718.48
</coordinates></LineString>
<LineString><altitudeMode>absolute</altitudeMode><coordinates>
13.04075887,47.52567509,1718.48
13.04077076,47.52569122,1718.66
</coordinates></LineString>
<LineString><altitudeMode>absolute</altitudeMode><coordinates>
13.04077076,47.52569122,1718.66
13.04080108,47.52571540,1718.33
</coordinates></LineString>
<LineString><altitudeMode>absolute</altitudeMode><coordinates>
13.04080108,47.52571540,1718.33
13.04082151,47.52569101,1718.57
</coordinates></LineString>
<LineString><altitudeMode>absolute</altitudeMode><coordinates>
13.04082151,47.52569101,1718.57
13.04091754,47.52568095,1718.95
</coordinates></LineString>
<LineString><altitudeMode>absolute</altitudeMode><coordinates>
13.04091754,47.52568095,1718.95
13.04091301,47.52562787,1720.13
</coordinates></LineString>
<LineString><altitudeMode>absolute</altitudeMode><coordinates>
13.04091301,47.52562787,1720.13
13.04090821,47.52559971,1721.51
</coordinates></LineString>
<LineString><altitudeMode>absolute</altitudeMode><coordinates>
13.04090821,47.52559971,1721.51
13.04086025,47.52557469,1723.10
</coordinates></LineString>
<LineString><altitudeMode>absolute</altitudeMode><coordinates>
13.04086025,47.52557469,1723.10
13.04087569,47.52556685,1721.81
</coordinates></LineString>
<LineString><altitudeMode>absolute</altitudeMode><coordinates>
13.04087569,47.52556685,1721.81
13.04088593,47.52553454,1724.79
</coordinates></LineString>
<LineString><altitudeMode>absolute</altitudeMode><coordinates>
13.04088593,47.52553454,1724.79
13.04084522,47.52548958,1725.88
</coordinates></LineString>
<LineString><altitudeMode>absolute</altitudeMode><coordinates>
13.04159962,47.52582659,1691.27
13.04160727,47.52582438,1686.34
</coordinates></LineString>
<LineString><altitudeMode>absolute</altitudeMode><coordinates>
13.04095283,47.52598174,1752.97
13.04100994,47.52596454,1754.42
13.04094927,47.52596692,1764.60
</coordinates></LineString>
<LineString><altitudeMode>absolute</altitudeMode><coordinates>
13.04100994,47.52596454,1754.42
13.04108394,47.52597156,1754.83
</coordinates></LineString>
<LineString><altitudeMode>absolute</altitudeMode><coordinates>
13.04108394,47.52597156,1754.83
13.04110546,47.52592514,1755.43
</coordinates></LineString>
<LineString><altitudeMode>absolute</altitudeMode><coordinates>
13.04110546,47.52592514,1755.43
13.04109776,47.52590719,1755.78
</coordinates></LineString>
<LineString><altitudeMode>absolute</altitudeMode><coordinates>
13.04109776,47.52590719,1755.78
13.04111463,47.52586455,1755.88
</coordinates></LineString>
<LineString><altitudeMode>absolute</altitudeMode><coordinates>
13.04339331,47.52426369,1805.42
13.04331820,47.52427231,1804.65
</coordinates></LineString>
<LineString><altitudeMode>absolute</altitudeMode><coordinates>
13.04331820,47.52427231,1804.65
13.04330669,47.52424952,1802.67
</coordinates></LineString>
<LineString><altitudeMode>absolute</altitudeMode><coordinates>
13.04330669,47.52424952,1802.67
13.04333270,47.52425024,1798.85
</coordinates></LineString>
<LineString><altitudeMode>absolute</altitudeMode><coordinates>
13.04333270,47.52425024,1798.85
13.04335140,47.52419765,1797.54
</coordinates></LineString>
<LineString><altitudeMode>absolute</altitudeMode><coordinates>
13.04335140,47.52419765,1797.54
13.04334789,47.52417761,1798.08
</coordinates></LineString>
<LineString><altitudeMode>absolute</altitudeMode><coordinates>
13.04334789,47.52417761,1798.08
13.04336413,47.52416979,1798.89
</coordinates></LineString>
<LineString><altitudeMode>absolute</altitudeMode><coordinates>
13.04336413,47.52416979,1798.89
13.04333082,47.52414376,1802.17
</coordinates></LineString>
<LineString><altitudeMode>absolute</altitudeMode><coordinates>
13.04333082,47.52414376,1802.17
13.04331432,47.52411234,1801.30
</coordinates></LineString>
<LineString><altitudeMode>absolute</altitudeMode><coordinates>
13.04331432,47.52411234,1801.30
13.04333042,47.52411162,1803.46
</coordinates></LineString>
<LineString><altitudeMode>absolute</altitudeMode><coordinates>
13.04333042,47.52411162,1803.46
13.04333430,47.52408227,1802.79
</coordinates></LineString>
<LineString><altitudeMode>absolute</altitudeMode><coordinates>
13.04333430,47.52408227,1802.79
13.04337066,47.52407632,1801.83
</coordinates></LineString>
<LineString><altitudeMode>absolute</altitudeMode><coordinates>
13.04337066,47.52407632,1801.83
13.04340234,47.52408892,1801.96
</coordinates></LineString>
<LineString><altitudeMode>absolute</altitudeMode><coordinates>
13.04340234,47.52408892,1801.96
13.04339897,47.52410452,1804.43
</coordinates></LineString>
<LineString><altitudeMode>absolute</altitudeMode><coordinates>
13.04339897,47.52410452,1804.43
13.04340783,47.52415209,1802.43
</coordinates></LineString>
<LineString><altitudeMode>absolute</altitudeMode><coordinates>
13.04339897,47.52410452,1804.43
13.04340842,47.52411817,1814.15
</coordinates></LineString>
<LineString><altitudeMode>absolute</altitudeMode><coordinates>
13.04340842,47.52411817,1814.15
13.04343743,47.52413829,1814.79
</coordinates></LineString>
<LineString><altitudeMode>absolute</altitudeMode><coordinates>
13.04343743,47.52413829,1814.79
13.04351032,47.52414664,1813.71
</coordinates></LineString>
<LineString><altitudeMode>absolute</altitudeMode><coordinates>
13.04351032,47.52414664,1813.71
13.04351366,47.52416406,1816.72
</coordinates></LineString>
<LineString><altitudeMode>absolute</altitudeMode><coordinates>
13.04351366,47.52416406,1816.72
13.04355807,47.52417364,1818.19
</coordinates></LineString>
<LineString><altitudeMode>absolute</altitudeMode><coordinates>
13.04355807,47.52417364,1818.19
13.04353546,47.52422085,1821.08
</coordinates></LineString>
<LineString><altitudeMode>absolute</altitudeMode><coordinates>
13.04353546,47.52422085,1821.08
13.04360486,47.52423374,1825.95
</coordinates></LineString>
<LineString><altitudeMode>absolute</altitudeMode><coordinates>
13.04133201,47.52599191,1696.49
13.04133201,47.52599191,1696.49
</coordinates></LineString>
<LineString><altitudeMode>absolute</altitudeMode><coordinates>
13.04360486,47.52423374,1825.95
13.04366071,47.52424648,1825.95
</coordinates></LineString>
<LineString><altitudeMode>absolute</altitudeMode><coordinates>
13.04366071,47.52424648,1825.95
13.04369292,47.52425198,1827.70
</coordinates></LineString>
<LineString><altitudeMode>absolute</altitudeMode><coordinates>
13.04369292,47.52425198,1827.70
13.04367001,47.52432870,1826.82
</coordinates></LineString>
<LineString><altitudeMode>absolute</altitudeMode><coordinates>
13.04367001,47.52432870,1826.82
13.04370178,47.52434238,1827.16
</coordinates></LineString>
<LineString><altitudeMode>absolute</altitudeMode><coordinates>
13.04370178,47.52434238,1827.16
13.04372651,47.52432040,1827.72
</coordinates></LineString>
<LineString><altitudeMode>absolute</altitudeMode><coordinates>
13.04372651,47.52432040,1827.72
13.04375995,47.52432133,1826.96
</coordinates></LineString>
<LineString><altitudeMode>absolute</altitudeMode><coordinates>
13.04375995,47.52432133,1826.96
13.04379532,47.52427037,1826.51
</coordinates></LineString>
<LineString><altitudeMode>absolute</altitudeMode><coordinates>
13.04379532,47.52427037,1826.51
13.04387435,47.52427433,1825.06
</coordinates></LineString>
<LineString><altitudeMode>absolute</altitudeMode><coordinates>
13.04387435,47.52427433,1825.06
13.04382751,47.52423709,1827.61
</coordinates></LineString>
<LineString><altitudeMode>absolute</altitudeMode><coordinates>
13.04382751,47.52423709,1827.61
13.04380282,47.52418321,1826.27
</coordinates></LineString>
<LineString><altitudeMode>absolute</altitudeMode><coordinates>
13.04380282,47.52418321,1826.27
13.04372374,47.52413039,1827.31
</coordinates></LineString>
<LineString><altitudeMode>absolute</altitudeMode><coordinates>
13.04372374,47.52413039,1827.31
13.04378626,47.52410330,1828.37
</coordinates></LineString>
<LineString><altitudeMode>absolute</altitudeMode><coordinates>
13.04378626,47.52410330,1828.37
13.04384579,47.52405995,1827.23
</coordinates></LineString>
<LineString><altitudeMode>absolute</altitudeMode><coordinates>
13.04384579,47.52405995,1827.23
13.04397451,47.52407465,1826.10
</coordinates></LineString>
<LineString><altitudeMode>absolute</altitudeMode><coordinates>
13.04397451,47.52407465,1826.10
13.04395047,47.52401009,1827.48
</coordinates></LineString>
<LineString><altitudeMode>absolute</altitudeMode><coordinates>
13.04395047,47.52401009,1827.48
13.04397053,47.52399567,1827.91
</coordinates></LineString>
<LineString><altitudeMode>absolute</altitudeMode><coordinates>
13.04397053,47.52399567,1827.91
13.04392764,47.52396326,1828.02
</coordinates></LineString>
<LineString><altitudeMode>absolute</altitudeMode><coordinates>
13.04392764,47.52396326,1828.02
13.04388669,47.52394259,1828.78
</coordinates></LineString>
<LineString><altitudeMode>absolute</altitudeMode><coordinates>
13.04392764,47.52396326,1828.02
13.04394368,47.52394266,1826.41
</coordinates></LineString>
<LineString><altitudeMode>absolute</altitudeMode><coordinates>
13.04394368,47.52394266,1826.41
13.04389582,47.52390423,1825.82
</coordinates></LineString>
<LineString><altitudeMode>absolute</altitudeMode><coordinates>
13.04389582,47.52390423,1825.82
13.04386881,47.52388406,1825.87
</coordinates></LineString>
<LineString><altitudeMode>absolute</altitudeMode><coordinates>
13.04186445,47.52588564,1647.60
13.04187722,47.52592086,1668.16
</coordinates></LineString>
<LineString><altitudeMode>absolute</altitudeMode><coordinates>
13.04214898,47.52581150,1582.34
13.04222436,47.52578525,1580.93
13.04223459,47.52580639,1580.77
</coordinates></LineString>
<LineString><altitudeMode>absolute</altitudeMode><coordinates>
13.04223459,47.52580639,1580.77
13.04227708,47.52579641,1580.70
</coordinates></LineString>
<LineString><altitudeMode>absolute</altitudeMode><coordinates>
13.04255309,47.52592629,1548.31
13.04263323,47.52593252,1542.70
</coordinates></LineString>
<LineString><altitudeMode>absolute</altitudeMode><coordinates>
13.04263323,47.52593252,1542.70
13.04266515,47.52593171,1541.36
</coordinates></LineString>
<LineString><altitudeMode>absolute</altitudeMode><coordinates>
13.04266515,47.52593171,1541.36
13.04268710,47.52595593,1540.72
</coordinates></LineString>
<LineString><altitudeMode>absolute</altitudeMode><coordinates>
13.04268710,47.52595593,1540.72
13.04270731,47.52597688,1539.28
13.04272302,47.52603654,1529.20
</coordinates></LineString>
<LineString><altitudeMode>absolute</altitudeMode><coordinates>
13.04336412,47.53151535,1764.64
13.04330214,47.53151358,1765.23
13.04328505,47.53153722,1760.74
13.04333947,47.53152438,1748.47
13.04326624,47.53156065,1746.39
13.04323993,47.53157856,1743.96
13.04319803,47.53156912,1739.41
13.04317894,47.53155745,1739.31
13.04313180,47.53156385,1738.14
13.04311955,47.53157156,1733.88
13.04308283,47.53156940,1729.97
13.04308032,47.53155109,1730.18
13.04309434,47.53154575,1727.93
13.04310703,47.53152248,1724.18
</coordinates></LineString>
<LineString><altitudeMode>absolute</altitudeMode><coordinates>
13.04463661,47.53091762,1758.64
13.04458821,47.53100065,1761.32
13.04461696,47.53102445,1763.03
13.04463679,47.53104117,1762.24
13.04461832,47.53108071,1762.15
13.04459908,47.53113006,1761.29
13.04450270,47.53115640,1764.66
13.04450892,47.53117864,1760.93
13.04444487,47.53120373,1761.98
13.04445873,47.53120991,1761.11
13.04445734,47.53124363,1760.90
13.04442129,47.53126983,1763.17
13.04446506,47.53129694,1761.30
13.04455161,47.53133828,1757.92
13.04460730,47.53137342,1754.52
13.04464173,47.53144096,1752.55
13.04459579,47.53144000,1750.42
13.04454649,47.53149737,1758.36
</coordinates></LineString>
<LineString><altitudeMode>absolute</altitudeMode><coordinates>
13.04464173,47.53144096,1752.55
13.04467063,47.53144622,1751.70
13.04463889,47.53147420,1748.63
13.04463585,47.53149881,1746.68
</coordinates></LineString>
<LineString><altitudeMode>absolute</altitudeMode><coordinates>
13.04463889,47.53147420,1748.63
13.04468778,47.53150671,1746.52
13.04469838,47.53152174,1745.68
</coordinates></LineString>
<LineString><altitudeMode>absolute</altitudeMode><coordinates>
13.04442129,47.53126983,1763.17
13.04449083,47.53125761,1759.60
13.04452428,47.53126934,1758.53
</coordinates></LineString>
<LineString><altitudeMode>absolute</altitudeMode><coordinates>
13.04444487,47.53120373,1761.98
13.04442859,47.53118420,1764.45
</coordinates></LineString>
<LineString><altitudeMode>absolute</altitudeMode><coordinates>
13.04463679,47.53104117,1762.24
13.04465539,47.53105912,1761.32
13.04468168,47.53104886,1758.20
13.04468328,47.53098797,1757.17
</coordinates></LineString>
<LineString><altitudeMode>absolute</altitudeMode><coordinates>
13.04461696,47.53102445,1763.03
13.04465050,47.53096914,1765.60
</coordinates></LineString>
<LineString><altitudeMode>absolute</altitudeMode><coordinates>
13.04463661,47.53091762,1758.64
13.04467653,47.53095870,1757.20
13.04470630,47.53092978,1759.36
</coordinates></LineString>
<LineString><altitudeMode>absolute</altitudeMode><coordinates>
13.04467653,47.53095870,1757.20
13.04463981,47.53098516,1757.25
13.04468920,47.53100022,1756.91
</coordinates></LineString>
<LineString><altitudeMode>absolute</altitudeMode><coordinates>
13.04459579,47.53144000,1750.42
13.04459370,47.53144626,1749.78
13.04458170,47.53144371,1747.34
13.04454622,47.53145112,1746.35
13.04454456,47.53145640,1745.50
</coordinates></LineString>
<LineString><altitudeMode>absolute</altitudeMode><coordinates>
13.04454456,47.53145640,1745.50
13.04454334,47.53145692,1745.30
</coordinates></LineString>
<LineString><altitudeMode>absolute</altitudeMode><coordinates>
13.04468778,47.53150671,1746.52
13.04470252,47.53151740,1747.59
</coordinates></LineString>
<LineString><altitudeMode>absolute</altitudeMode><coordinates>
13.04470252,47.53151740,1747.59
13.04473132,47.53156495,1744.62
</coordinates></LineString>
<LineString><altitudeMode>absolute</altitudeMode><coordinates>
13.04354735,47.53137586,1760.11
13.04361754,47.53137831,1762.70
13.04369037,47.53139926,1767.58
13.04369443,47.53138655,1767.49
13.04368905,47.53139204,1771.71
</coordinates></LineString>
<LineString><altitudeMode>absolute</altitudeMode><coordinates>
13.04369037,47.53139926,1767.58
13.04368039,47.53139981,1768.83
</coordinates></LineString>
<LineString><altitudeMode>absolute</altitudeMode><coordinates>
13.04368039,47.53139981,1768.83
13.04366700,47.53139544,1768.80
</coordinates></LineString>
<LineString><altitudeMode>absolute</altitudeMode><coordinates>
13.04366700,47.53139544,1768.80
13.04365783,47.53140249,1768.91
</coordinates></LineString>
<LineString><altitudeMode>absolute</altitudeMode><coordinates>
13.04365783,47.53140249,1768.91
13.04364348,47.53140251,1769.11
</coordinates></LineString>
<LineString><altitudeMode>absolute</altitudeMode><coordinates>
13.04364348,47.53140251,1769.11
13.04363517,47.53140804,1769.07
</coordinates></LineString>
<LineString><altitudeMode>absolute</altitudeMode><coordinates>
13.04363517,47.53140804,1769.07
13.04364670,47.53140878,1770.54
</coordinates></LineString>
<LineString><altitudeMode>absolute</altitudeMode><coordinates>
13.04364670,47.53140878,1770.54
13.04363123,47.53141760,1771.20
</coordinates></LineString>
<LineString><altitudeMode>absolute</altitudeMode><coordinates>
13.04363123,47.53141760,1771.20
13.04365191,47.53142587,1771.72
</coordinates></LineString>
<LineString><altitudeMode>absolute</altitudeMode><coordinates>
13.04365191,47.53142587,1771.72
13.04365032,47.53142953,1772.50
</coordinates></LineString>
<LineString><altitudeMode>absolute</altitudeMode><coordinates>
13.04153959,47.53217608,1755.57
13.04151192,47.53213782,1754.85
</coordinates></LineString>
<LineString><altitudeMode>absolute</altitudeMode><coordinates>
13.04159636,47.53210759,1752.76
13.04154788,47.53209632,1756.44
13.04155764,47.53212330,1756.09
</coordinates></LineString>
<LineString><altitudeMode>absolute</altitudeMode><coordinates>
13.04190745,47.53194562,1759.56
13.04193647,47.53190472,1761.31
13.04204842,47.53189206,1765.99
13.04209401,47.53185945,1766.70
13.04212841,47.53182405,1767.59
13.04210560,47.53179810,1767.70
</coordinates></LineString>
<LineString><altitudeMode>absolute</altitudeMode><coordinates>
13.04150321,47.53216116,1752.07
13.04148134,47.53218121,1749.20
</coordinates></LineString>
<LineString><altitudeMode>absolute</altitudeMode><coordinates>
13.04139093,47.53229691,1749.66
13.04137644,47.53233653,1747.91
13.04135202,47.53236077,1744.39
13.04131931,47.53237569,1743.62
13.04126230,47.53237957,1741.45
13.04121375,47.53241302,1739.54
13.04119174,47.53240104,1738.48
13.04114192,47.53244743,1735.73
13.04115076,47.53240970,1734.86
13.04114779,47.53240731,1734.09
13.04108396,47.53242304,1733.94
</coordinates></LineString>
<LineString><altitudeMode>absolute</altitudeMode><coordinates>
13.04148802,47.53228363,1749.95
13.04142474,47.53228102,1746.68
13.04140225,47.53227857,1744.15
13.04138054,47.53230123,1742.91
13.04137809,47.53231703,1741.13
13.04137327,47.53232523,1737.20
13.04137980,47.53229987,1736.40
13.04143397,47.53229720,1735.17
13.04142272,47.53230672,1734.82
13.04145845,47.53231066,1734.28
</coordinates></LineString>
<LineString><altitudeMode>absolute</altitudeMode><coordinates>
13.03995326,47.53264056,1758.82
13.03994185,47.53261166,1763.24
13.03993662,47.53257728,1764.72
</coordinates></LineString>
<LineString><altitudeMode>absolute</altitudeMode><coordinates>
13.04154793,47.53222338,1756.98
13.04161578,47.53224235,1759.22
13.04153777,47.53225353,1765.10
13.04154078,47.53223711,1765.18
</coordinates></LineString>
<LineString><altitudeMode>absolute</altitudeMode><coordinates>
13.04154078,47.53223711,1765.18
13.04151768,47.53224005,1767.62
</coordinates></LineString>
<LineString><altitudeMode>absolute</altitudeMode><coordinates>
13.04153777,47.53225353,1765.10
13.04156889,47.53228493,1764.85
</coordinates></LineString>
<LineString><altitudeMode>absolute</altitudeMode><coordinates>
13.04297057,47.52702798,1429.19
13.04302788,47.52706225,1422.47
</coordinates></LineString>
<LineString><altitudeMode>absolute</altitudeMode><coordinates>
13.04530958,47.53053109,1762.76
13.04528634,47.53057704,1760.54
</coordinates></LineString>
<LineString><altitudeMode>absolute</altitudeMode><coordinates>
13.04333954,47.53146553,1766.48
13.04329472,47.53149878,1765.84
13.04325902,47.53148332,1766.92
13.04321149,47.53146101,1767.39
13.04321132,47.53144760,1767.08
13.04317811,47.53143317,1767.07
13.04316748,47.53144055,1767.40
13.04314956,47.53143287,1767.40
13.04312209,47.53144256,1767.84
13.04310580,47.53144121,1767.34
13.04312583,47.53145991,1767.96
13.04308707,47.53145195,1768.69
</coordinates></LineString>
<LineString><altitudeMode>absolute</altitudeMode><coordinates>
13.04312209,47.53144256,1767.84
13.04313160,47.53142284,1767.94
</coordinates></LineString>
<LineString><altitudeMode>absolute</altitudeMode><coordinates>
13.04312209,47.53144256,1767.84
13.04311926,47.53142947,1763.78
</coordinates></LineString>
<LineString><altitudeMode>absolute</altitudeMode><coordinates>
13.04092442,47.53249725,1759.18
13.04097694,47.53243201,1763.29
13.04103573,47.53242663,1765.74
13.04103701,47.53242431,1764.86
13.04100975,47.53238587,1769.52
</coordinates></LineString>
<LineString><altitudeMode>absolute</altitudeMode><coordinates>
13.04103701,47.53242431,1764.86
13.04107292,47.53240198,1768.12
</coordinates></LineString>
<LineString><altitudeMode>absolute</altitudeMode><coordinates>
13.03942024,47.53320608,1754.66
13.03942740,47.53317426,1757.68
13.03941042,47.53318440,1761.14
13.03939930,47.53316190,1762.66
13.03936331,47.53315426,1764.42
13.03931830,47.53316393,1763.91
13.03930224,47.53315286,1766.44
13.03933652,47.53312438,1769.92
</coordinates></LineString>
<LineString><altitudeMode>absolute</altitudeMode><coordinates>
13.03939930,47.53316190,1762.66
13.03936707,47.53313165,1750.74
</coordinates></LineString>
<LineString><altitudeMode>absolute</altitudeMode><coordinates>
13.04211892,47.52582673,1612.49
13.04208632,47.52583166,1603.55
13.04207368,47.52582857,1603.27
</coordinates></LineString>
<LineString><altitudeMode>absolute</altitudeMode><coordinates>
13.04207368,47.52582857,1603.27
13.04206672,47.52583016,1603.39
</coordinates></LineString>
<LineString><altitudeMode>absolute</altitudeMode><coordinates>
13.04206672,47.52583016,1603.39
13.04202277,47.52572953,1603.64
13.04196351,47.52573697,1603.03
</coordinates></LineString>
<LineString><altitudeMode>absolute</altitudeMode><coordinates>
13.04196351,47.52573697,1603.03
13.04196166,47.52570464,1615.32
13.04192571,47.52569232,1616.36
</coordinates></LineString>
<LineString><altitudeMode>absolute</altitudeMode><coordinates>
13.04192571,47.52569232,1616.36
13.04193972,47.52566926,1617.21
13.04187363,47.52563177,1617.13
13.04177989,47.52565537,1616.67
</coordinates></LineString>
<LineString><altitudeMode>absolute</altitudeMode><coordinates>
13.04177989,47.52565537,1616.67
13.04175445,47.52561066,1615.51
</coordinates></LineString>
<LineString><altitudeMode>absolute</altitudeMode><coordinates>
13.04175445,47.52561066,1615.51
13.04171708,47.52565826,1615.54
</coordinates></LineString>
<LineString><altitudeMode>absolute</altitudeMode><coordinates>
13.04171708,47.52565826,1615.54
13.04171630,47.52571484,1616.60
</coordinates></LineString>
<LineString><altitudeMode>absolute</altitudeMode><coordinates>
13.04171630,47.52571484,1616.60
13.04167077,47.52574583,1617.27
</coordinates></LineString>
<LineString><altitudeMode>absolute</altitudeMode><coordinates>
13.04167077,47.52574583,1617.27
13.04167420,47.52576091,1616.63
</coordinates></LineString>
<LineString><altitudeMode>absolute</altitudeMode><coordinates>
13.05014116,47.53332449,1780.58
13.05016039,47.53331852,1770.67
</coordinates></LineString>
<LineString><altitudeMode>absolute</altitudeMode><coordinates>
13.05016039,47.53331852,1770.67
13.05016118,47.53329001,1769.74
</coordinates></LineString>
<LineString><altitudeMode>absolute</altitudeMode><coordinates>
13.05016118,47.53329001,1769.74
13.05019253,47.53328298,1770.07
</coordinates></LineString>
<LineString><altitudeMode>absolute</altitudeMode><coordinates>
13.05019253,47.53328298,1770.07
13.05020915,47.53328984,1769.39
</coordinates></LineString>
<LineString><altitudeMode>absolute</altitudeMode><coordinates>
13.05020915,47.53328984,1769.39
13.05021571,47.53329202,1766.77
</coordinates></LineString>
<LineString><altitudeMode>absolute</altitudeMode><coordinates>
13.05021571,47.53329202,1766.77
13.05018945,47.53333377,1767.37
</coordinates></LineString>
<LineString><altitudeMode>absolute</altitudeMode><coordinates>
13.05018945,47.53333377,1767.37
13.05019014,47.53333657,1758.11
13.05024300,47.53334071,1757.49
13.05026326,47.53331415,1755.30
</coordinates></LineString>
<LineString><altitudeMode>absolute</altitudeMode><coordinates>
13.05019014,47.53333657,1758.11
13.05022224,47.53330239,1756.18
</coordinates></LineString>
<LineString><altitudeMode>absolute</altitudeMode><coordinates>
13.05022224,47.53330239,1756.18
13.05025888,47.53331021,1755.31
</coordinates></LineString>
<LineString><altitudeMode>absolute</altitudeMode><coordinates>
13.05025888,47.53331021,1755.31
13.05023296,47.53328907,1752.55
</coordinates></LineString>
<LineString><altitudeMode>absolute</altitudeMode><coordinates>
13.05023296,47.53328907,1752.55
13.05021753,47.53326460,1749.30
</coordinates></LineString>
<LineString><altitudeMode>absolute</altitudeMode><coordinates>
13.05021753,47.53326460,1749.30
13.05026256,47.53326843,1749.70
</coordinates></LineString>
<LineString><altitudeMode>absolute</altitudeMode><coordinates>
13.05026256,47.53326843,1749.70
13.05027538,47.53324516,1750.51
</coordinates></LineString>
<LineString><altitudeMode>absolute</altitudeMode><coordinates>
13.05027538,47.53324516,1750.51
13.05027805,47.53321614,1749.26
</coordinates></LineString>
<LineString><altitudeMode>absolute</altitudeMode><coordinates>
13.05027805,47.53321614,1749.26
13.05027939,47.53321238,1746.28
13.05028085,47.53320863,1743.31
</coordinates></LineString>
<LineString><altitudeMode>absolute</altitudeMode><coordinates>
13.05028085,47.53320863,1743.31
13.05027800,47.53319589,1743.44
</coordinates></LineString>
<LineString><altitudeMode>absolute</altitudeMode><coordinates>
13.04386881,47.52388406,1825.87
13.04388312,47.52383860,1824.90
</coordinates></LineString>
<LineString><altitudeMode>absolute</altitudeMode><coordinates>
13.04388312,47.52383860,1824.90
13.04385151,47.52383113,1824.55
13.04388187,47.52380780,1823.55
13.04392097,47.52381729,1822.08
13.04391505,47.52377669,1823.83
13.04394256,47.52376555,1823.75
13.04397982,47.52376754,1823.90
13.04402451,47.52374104,1823.72
13.04406851,47.52375439,1825.84
13.04411184,47.52374667,1824.28
13.04413953,47.52372005,1824.62
</coordinates></LineString>
<LineString><altitudeMode>absolute</altitudeMode><coordinates>
13.04413953,47.52372005,1824.62
13.04415439,47.52370996,1834.60
</coordinates></LineString>
<LineString><altitudeMode>absolute</altitudeMode><coordinates>
13.04415439,47.52370996,1834.60
13.04419328,47.52368228,1835.25
</coordinates></LineString>
<LineString><altitudeMode>absolute</altitudeMode><coordinates>
13.04419328,47.52368228,1835.25
13.04425569,47.52367929,1835.03
</coordinates></LineString>
<LineString><altitudeMode>absolute</altitudeMode><coordinates>
13.04425569,47.52367929,1835.03
13.04424774,47.52367898,1837.71
13.04429980,47.52366151,1836.57
</coordinates></LineString>
<LineString><altitudeMode>absolute</altitudeMode><coordinates>
13.04429980,47.52366151,1836.57
13.04432816,47.52366676,1834.80
</coordinates></LineString>
<LineString><altitudeMode>absolute</altitudeMode><coordinates>
13.04432816,47.52366676,1834.80
13.04436669,47.52364879,1833.17
</coordinates></LineString>
<LineString><altitudeMode>absolute</altitudeMode><coordinates>
13.04945956,47.52663286,1741.76
13.04945956,47.52663286,1741.76
13.04946295,47.52659521,1745.50
13.04947286,47.52657532,1745.91
13.04946641,47.52656297,1747.25
13.04943110,47.52658720,1747.68
13.04940146,47.52657671,1747.63
13.04935667,47.52655939,1749.03
13.04933529,47.52654832,1750.16
13.04930092,47.52652929,1750.03
13.04933399,47.52649017,1749.17
13.04929351,47.52650343,1747.54
13.04927486,47.52650131,1747.14
</coordinates></LineString>
<LineString><altitudeMode>absolute</altitudeMode><coordinates>
13.04940146,47.52657671,1747.63
13.04940146,47.52657671,1747.63
13.04941561,47.52657128,1743.82
13.04941359,47.52658286,1741.09
13.04940995,47.52658063,1734.28
</coordinates></LineString>
<LineString><altitudeMode>absolute</altitudeMode><coordinates>
13.04436669,47.52364879,1833.17
13.04437628,47.52365876,1836.12
</coordinates></LineString>
<LineString><altitudeMode>absolute</altitudeMode><coordinates>
13.04437628,47.52365876,1836.12
13.04437238,47.52366014,1839.08
13.04436514,47.52364778,1840.79
13.04438500,47.52363156,1840.82
13.04435272,47.52363515,1845.38
13.04437502,47.52362851,1844.44
13.04440846,47.52363304,1844.29
13.04442794,47.52364507,1842.72
13.04442709,47.52366062,1841.69
13.04447660,47.52369413,1842.25
13.04450724,47.52373820,1840.15
13.04447719,47.52376388,1837.44
13.04442212,47.52380883,1836.80
13.04445234,47.52381780,1836.52
13.04450328,47.52381957,1836.77
13.04456490,47.52386679,1837.04
13.04461064,47.52390491,1839.37
13.04469405,47.52389823,1839.30
13.04477546,47.52390592,1838.21
13.04477197,47.52394635,1837.44
13.04478590,47.52400049,1837.77
13.04480878,47.52404236,1838.12
13.04483825,47.52403234,1838.14
</coordinates></LineString>
<LineString><altitudeMode>absolute</altitudeMode><coordinates>
13.05027538,47.53324516,1750.51
13.05027060,47.53321646,1749.29
13.05027502,47.53321186,1746.33
13.05026853,47.53320770,1746.30
13.05028988,47.53320518,1747.06
13.05029944,47.53319833,1747.64
13.05030769,47.53319802,1745.10
13.05031330,47.53318992,1744.57
13.05030373,47.53317572,1744.44
13.05031368,47.53316555,1744.68
13.05032132,47.53316352,1742.60
13.05033735,47.53315785,1743.56
13.05035618,47.53317302,1742.97
13.05037507,47.53317973,1741.15
13.05037440,47.53316901,1740.19
13.05039704,47.53316399,1739.97
13.05042760,47.53316046,1738.60
13.05042470,47.53314548,1737.03
13.05043271,47.53313374,1736.22
13.05043369,47.53312880,1736.64
13.05046920,47.53312779,1736.26
13.05049477,47.53312282,1734.77
13.05051798,47.53313087,1733.39
13.05052830,47.53311413,1732.92
13.05052718,47.53309800,1731.63
13.05052280,47.53309064,1732.08
</coordinates></LineString>
<LineString><altitudeMode>absolute</altitudeMode><coordinates>
13.03878238,47.53314424,1760.04
13.03876326,47.53308344,1759.37
13.03879926,47.53307299,1756.94
13.03880662,47.53310002,1756.75
</coordinates></LineString>
<LineString><altitudeMode>absolute</altitudeMode><coordinates>
13.03879926,47.53307299,1756.94
13.03879538,47.53305214,1756.58
13.03876827,47.53303800,1755.29
13.03876530,47.53301095,1754.77
13.03877778,47.53299695,1753.73
13.03879117,47.53296928,1751.00
</coordinates></LineString>
<LineString><altitudeMode>absolute</altitudeMode><coordinates>
13.03877778,47.53299695,1753.73
13.03874087,47.53297823,1753.75
</coordinates></LineString>
<LineString><altitudeMode>absolute</altitudeMode><coordinates>
13.03874087,47.53297823,1753.75
13.03868434,47.53296214,1754.26
</coordinates></LineString>
<LineString><altitudeMode>absolute</altitudeMode><coordinates>
13.03868434,47.53296214,1754.26
13.03868491,47.53293975,1753.86
</coordinates></LineString>
<LineString><altitudeMode>absolute</altitudeMode><coordinates>
13.03868491,47.53293975,1753.86
13.03869987,47.53292704,1753.38
</coordinates></LineString>
<LineString><altitudeMode>absolute</altitudeMode><coordinates>
13.03869987,47.53292704,1753.38
13.03868184,47.53289371,1752.01
</coordinates></LineString>
<LineString><altitudeMode>absolute</altitudeMode><coordinates>
13.03868184,47.53289371,1752.01
13.03871532,47.53287593,1750.59
</coordinates></LineString>
<LineString><altitudeMode>absolute</altitudeMode><coordinates>
13.03871532,47.53287593,1750.59
13.03870049,47.53286056,1750.30
</coordinates></LineString>
<LineString><altitudeMode>absolute</altitudeMode><coordinates>
13.03870049,47.53286056,1750.30
13.03877306,47.53284200,1747.00
</coordinates></LineString>
<LineString><altitudeMode>absolute</altitudeMode><coordinates>
13.03877306,47.53284200,1747.00
13.03876414,47.53280325,1747.00
</coordinates></LineString>
<LineString><altitudeMode>absolute</altitudeMode><coordinates>
13.03876414,47.53280325,1747.00
13.03874603,47.53277216,1747.91
</coordinates></LineString>
<LineString><altitudeMode>absolute</altitudeMode><coordinates>
13.03874603,47.53277216,1747.91
13.03874530,47.53273121,1748.11
</coordinates></LineString>
<LineString><altitudeMode>absolute</altitudeMode><coordinates>
13.03874530,47.53273121,1748.11
13.03872316,47.53268008,1747.62
</coordinates></LineString>
<LineString><altitudeMode>absolute</altitudeMode><coordinates>
13.03872316,47.53268008,1747.62
13.03869921,47.53267742,1747.09
</coordinates></LineString>
<LineString><altitudeMode>absolute</altitudeMode><coordinates>
13.03869921,47.53267742,1747.09
13.03869009,47.53265468,1746.56
</coordinates></LineString>
<LineString><altitudeMode>absolute</altitudeMode><coordinates>
13.03869009,47.53265468,1746.56
13.03867168,47.53263906,1744.59
13.03863495,47.53264770,1742.75
</coordinates></LineString>
<LineString><altitudeMode>absolute</altitudeMode><coordinates>
13.03867168,47.53263906,1744.59
13.03867930,47.53263784,1737.43
13.03870221,47.53263977,1738.03
13.03872431,47.53268127,1738.64
13.03867570,47.53268781,1736.36
13.03868536,47.53269266,1734.73
13.03866742,47.53269622,1733.89
13.03866390,47.53272990,1732.87
13.03869407,47.53271908,1731.48
13.03869530,47.53276815,1733.41
13.03869316,47.53280050,1733.81
13.03871592,47.53282447,1731.14
13.03873032,47.53280528,1730.19
13.03875180,47.53281338,1729.21
13.03876666,47.53282111,1726.84
13.03879107,47.53281496,1727.89
13.03879338,47.53278872,1726.89
13.03882587,47.53279054,1725.71
13.03889907,47.53275516,1720.42
13.03884584,47.53269684,1718.14
13.03885058,47.53274417,1717.87
13.03885477,47.53276727,1715.79
13.03886573,47.53274767,1714.02
13.03886770,47.53279116,1712.91
13.03883882,47.53276385,1712.26
13.03879603,47.53275691,1713.33
13.03878921,47.53277596,1715.19
</coordinates></LineString>
<LineString><altitudeMode>absolute</altitudeMode><coordinates>
13.03879603,47.53275691,1713.33
13.03879051,47.53271956,1711.75
13.03877906,47.53270974,1711.34
13.03877425,47.53269256,1710.40
13.03869924,47.53270864,1716.86
</coordinates></LineString>
<LineString><altitudeMode>absolute</altitudeMode><coordinates>
13.04126384,47.52477596,1757.59
13.04120314,47.52476124,1756.28
13.04115168,47.52473409,1757.33
13.04112133,47.52474284,1757.66
13.04112565,47.52472330,1757.77
13.04107936,47.52472844,1757.28
13.04106479,47.52474844,1755.85
13.04105584,47.52473209,1756.32
13.04106869,47.52472223,1757.88
13.04108688,47.52470122,1758.90
13.04107342,47.52468794,1760.25
13.04105425,47.52468914,1760.00
13.04101380,47.52466946,1761.16
13.04097411,47.52466852,1758.51
13.04099546,47.52464459,1760.71
13.04098474,47.52462929,1760.38
13.04102177,47.52463019,1758.85
13.04099785,47.52460197,1758.43
13.04104763,47.52459581,1760.13
13.04110432,47.52461090,1758.56
13.04108275,47.52455528,1760.52
13.04110668,47.52453698,1760.94
</coordinates></LineString>
<LineString><altitudeMode>absolute</altitudeMode><coordinates>
13.03877425,47.53269256,1710.40
13.03877586,47.53267063,1708.97
13.03878742,47.53266003,1704.00
13.03881732,47.53268484,1704.14
13.03886206,47.53263602,1697.76
13.03889231,47.53265148,1697.33
13.03894482,47.53261845,1688.24
13.03897528,47.53259270,1685.06
13.03899992,47.53259123,1684.67
13.03901105,47.53258134,1682.18
13.03897537,47.53257974,1678.92
13.03898563,47.53257182,1678.56
13.03898089,47.53254924,1678.49
13.03893789,47.53254077,1675.05
13.03890134,47.53250550,1674.62
13.03892901,47.53248680,1671.53
13.03893794,47.53247517,1670.64
13.03898068,47.53247293,1668.74
13.03899640,47.53247878,1668.74
13.03899232,47.53246350,1658.35
13.03895908,47.53248210,1658.12
</coordinates></LineString>
<LineString><altitudeMode>absolute</altitudeMode><coordinates>
13.03899232,47.53246350,1658.35
13.03900326,47.53245172,1657.65
13.03899612,47.53243297,1656.88
</coordinates></LineString>
<LineString><altitudeMode>absolute</altitudeMode><coordinates>
13.03899640,47.53247878,1668.74
13.03901452,47.53248107,1667.14
</coordinates></LineString>
<LineString><altitudeMode>absolute</altitudeMode><coordinates>
13.03901452,47.53248107,1667.14
13.03901356,47.53248555,1667.69
</coordinates></LineString>
<LineString><altitudeMode>absolute</altitudeMode><coordinates>
13.03901356,47.53248555,1667.69
13.03904109,47.53250258,1668.50
</coordinates></LineString>
<LineString><altitudeMode>absolute</altitudeMode><coordinates>
13.03904109,47.53250258,1668.50
13.03903172,47.53251520,1667.20
</coordinates></LineString>
<LineString><altitudeMode>absolute</altitudeMode><coordinates>
13.03903172,47.53251520,1667.20
13.03904799,47.53253842,1666.69
</coordinates></LineString>
<LineString><altitudeMode>absolute</altitudeMode><coordinates>
13.03904799,47.53253842,1666.69
13.03902977,47.53256735,1666.04
</coordinates></LineString>
<LineString><altitudeMode>absolute</altitudeMode><coordinates>
13.03902977,47.53256735,1666.04
13.03905326,47.53256803,1666.19
</coordinates></LineString>
<LineString><altitudeMode>absolute</altitudeMode><coordinates>
13.03905326,47.53256803,1666.19
13.03906051,47.53259820,1666.21
</coordinates></LineString>
<LineString><altitudeMode>absolute</altitudeMode><coordinates>
13.03906051,47.53259820,1666.21
13.03905538,47.53260046,1665.13
</coordinates></LineString>
<LineString><altitudeMode>absolute</altitudeMode><coordinates>
13.03905538,47.53260046,1665.13
13.03905468,47.53259783,1663.77
</coordinates></LineString>
<LineString><altitudeMode>absolute</altitudeMode><coordinates>
13.03905468,47.53259783,1663.77
13.03909104,47.53261321,1663.18
</coordinates></LineString>
<LineString><altitudeMode>absolute</altitudeMode><coordinates>
13.03909104,47.53261321,1663.18
13.03911742,47.53262203,1661.68
</coordinates></LineString>
<LineString><altitudeMode>absolute</altitudeMode><coordinates>
13.03911742,47.53262203,1661.68
13.03914991,47.53261665,1659.88
</coordinates></LineString>
<LineString><altitudeMode>absolute</altitudeMode><coordinates>
13.03914991,47.53261665,1659.88
13.03920657,47.53263643,1658.61
</coordinates></LineString>
<LineString><altitudeMode>absolute</altitudeMode><coordinates>
13.03920657,47.53263643,1658.61
13.03924895,47.53264705,1657.61
</coordinates></LineString>
<LineString><altitudeMode>absolute</altitudeMode><coordinates>
13.03924895,47.53264705,1657.61
13.03925233,47.53261363,1654.76
</coordinates></LineString>
<LineString><altitudeMode>absolute</altitudeMode><coordinates>
13.03925233,47.53261363,1654.76
13.03928518,47.53260925,1653.24
</coordinates></LineString>
<LineString><altitudeMode>absolute</altitudeMode><coordinates>
13.03729790,47.53473008,1747.66
13.03728581,47.53471944,1748.87
13.03729892,47.53472407,1749.26
13.03732334,47.53474618,1749.26
13.03736111,47.53474880,1749.23
13.03735978,47.53473825,1748.89
13.03737542,47.53473231,1748.75
13.03741651,47.53471358,1749.58
13.03740612,47.53469648,1750.30
13.03744333,47.53468551,1751.87
13.03749198,47.53467789,1754.70
13.03750122,47.53463323,1756.49
13.03752645,47.53463006,1756.43
13.03754671,47.53459658,1757.72
13.03757029,47.53460904,1758.50
13.03759274,47.53461275,1758.36
13.03754525,47.53464991,1754.30
13.03752944,47.53464271,1754.07
</coordinates></LineString>
<LineString><altitudeMode>absolute</altitudeMode><coordinates>
13.03750122,47.53463323,1756.49
13.03748520,47.53462468,1756.12
</coordinates></LineString>
<LineString><altitudeMode>absolute</altitudeMode><coordinates>
13.03631179,47.53517274,1751.67
13.03624267,47.53513440,1757.00
</coordinates></LineString>
<LineString><altitudeMode>absolute</altitudeMode><coordinates>
13.03633842,47.53526381,1750.26
13.03623774,47.53529124,1760.29
</coordinates></LineString>
<LineString><altitudeMode>absolute</altitudeMode><coordinates>
13.03642867,47.53529874,1736.96
13.03641795,47.53529046,1729.42
</coordinates></LineString>
<LineString><altitudeMode>absolute</altitudeMode><coordinates>
13.04066536,47.52564254,1753.73
13.04066363,47.52564251,1757.30
13.04065070,47.52559387,1757.27
13.04060905,47.52557076,1757.57
13.04055737,47.52558157,1759.56
13.04053494,47.52560935,1759.67
13.04049161,47.52558144,1760.47
13.04046600,47.52557362,1762.26
13.04046304,47.52561010,1765.77
</coordinates></LineString>
<LineString><altitudeMode>absolute</altitudeMode><coordinates>
13.04046600,47.52557362,1762.26
13.04044858,47.52554174,1762.67
13.04041051,47.52551526,1769.40
</coordinates></LineString>
<LineString><altitudeMode>absolute</altitudeMode><coordinates>
13.04044858,47.52554174,1762.67
13.04042759,47.52554174,1762.99
13.04041700,47.52554453,1760.62
</coordinates></LineString>
<LineString><altitudeMode>absolute</altitudeMode><coordinates>
13.04041700,47.52554453,1760.62
13.04039747,47.52553735,1760.50
</coordinates></LineString>
<LineString><altitudeMode>absolute</altitudeMode><coordinates>
13.04039747,47.52553735,1760.50
13.04039853,47.52551587,1747.33
</coordinates></LineString>
<LineString><altitudeMode>absolute</altitudeMode><coordinates>
13.03928518,47.53260925,1653.24
13.03932613,47.53262623,1652.90
</coordinates></LineString>
<LineString><altitudeMode>absolute</altitudeMode><coordinates>
13.03932613,47.53262623,1652.90
13.03933754,47.53260159,1650.24
</coordinates></LineString>
<LineString><altitudeMode>absolute</altitudeMode><coordinates>
13.03933754,47.53260159,1650.24
13.03937248,47.53257322,1648.12
13.03939484,47.53255443,1646.58
</coordinates></LineString>
<LineString><altitudeMode>absolute</altitudeMode><coordinates>
13.03939484,47.53255443,1646.58
13.03941297,47.53252073,1643.32
13.03944595,47.53250923,1638.91
</coordinates></LineString>
<LineString><altitudeMode>absolute</altitudeMode><coordinates>
13.03944595,47.53250923,1638.91
13.03944575,47.53251463,1633.76
13.03940768,47.53252361,1632.92
13.03936007,47.53254988,1630.57
</coordinates></LineString>
<LineString><altitudeMode>absolute</altitudeMode><coordinates>
13.03936007,47.53254988,1630.57
13.03938028,47.53258154,1628.92
13.03941423,47.53260101,1628.35
</coordinates></LineString>
<LineString><altitudeMode>absolute</altitudeMode><coordinates>
13.03941423,47.53260101,1628.35
13.03941412,47.53254693,1625.22
</coordinates></LineString>
<LineString><altitudeMode>absolute</altitudeMode><coordinates>
13.03941412,47.53254693,1625.22
13.03946681,47.53254864,1617.32
13.03944712,47.53252437,1615.25
13.03944567,47.53249915,1613.40
13.03943649,47.53249926,1607.77
</coordinates></LineString>
<LineString><altitudeMode>absolute</altitudeMode><coordinates>
13.03943649,47.53249926,1607.77
13.03942853,47.53249535,1604.36
13.03945061,47.53249843,1600.18
</coordinates></LineString>
<LineString><altitudeMode>absolute</altitudeMode><coordinates>
13.04039853,47.52551587,1747.33
13.04045691,47.52552163,1748.06
</coordinates></LineString>
<LineString><altitudeMode>absolute</altitudeMode><coordinates>
13.04045691,47.52552163,1748.06
13.04046278,47.52552092,1745.99
13.04049662,47.52552528,1744.52
13.04050525,47.52552552,1738.24
13.04052299,47.52552006,1737.37
13.04054381,47.52551043,1732.18
13.04055823,47.52549061,1725.22
13.04060174,47.52550314,1725.39
13.04059653,47.52549307,1722.06
13.04061150,47.52549071,1719.65
13.04060353,47.52545494,1720.40
</coordinates></LineString>
<LineString><altitudeMode>absolute</altitudeMode><coordinates>
13.04060174,47.52550314,1725.39
13.04061757,47.52552402,1724.90
</coordinates></LineString>
<LineString><altitudeMode>absolute</altitudeMode><coordinates>
13.03633175,47.53561689,1732.95
13.03628445,47.53560240,1732.78
13.03624952,47.53563410,1730.43
13.03620784,47.53563636,1730.51
</coordinates></LineString>
<LineString><altitudeMode>absolute</altitudeMode><coordinates>
13.03629820,47.53557582,1724.75
13.03630603,47.53554761,1721.53
</coordinates></LineString>
<LineString><altitudeMode>absolute</altitudeMode><coordinates>
13.03630603,47.53554761,1721.53
13.03628137,47.53554629,1711.36
</coordinates></LineString>
<LineString><altitudeMode>absolute</altitudeMode><coordinates>
13.03628137,47.53554629,1711.36
13.03636160,47.53551500,1709.69
</coordinates></LineString>
<LineString><altitudeMode>absolute</altitudeMode><coordinates>
13.03636160,47.53551500,1709.69
13.03637834,47.53551150,1709.49
</coordinates></LineString>
<LineString><altitudeMode>absolute</altitudeMode><coordinates>
13.03637834,47.53551150,1709.49
13.03636195,47.53550195,1704.20
</coordinates></LineString>
<LineString><altitudeMode>absolute</altitudeMode><coordinates>
13.03636195,47.53550195,1704.20
13.03631695,47.53549371,1700.62
13.03627954,47.53550621,1698.26
13.03626965,47.53553268,1697.76
13.03625339,47.53554815,1693.21
13.03621712,47.53555175,1692.73
13.03618234,47.53554720,1685.94
13.03619834,47.53558131,1685.80
13.03616866,47.53560033,1684.54
</coordinates></LineString>
<LineString><altitudeMode>absolute</altitudeMode><coordinates>
13.03616866,47.53560033,1684.54
13.03616894,47.53560708,1684.46
</coordinates></LineString>
<LineString><altitudeMode>absolute</altitudeMode><coordinates>
13.03616894,47.53560708,1684.46
13.03614639,47.53563468,1682.64
</coordinates></LineString>
<LineString><altitudeMode>absolute</altitudeMode><coordinates>
13.03614639,47.53563468,1682.64
13.03616018,47.53563896,1682.63
</coordinates></LineString>
<LineString><altitudeMode>absolute</altitudeMode><coordinates>
13.03635279,47.53560132,1727.34
13.03637595,47.53560019,1725.99
</coordinates></LineString>
<LineString><altitudeMode>absolute</altitudeMode><coordinates>
13.03637595,47.53560019,1725.99
13.03639736,47.53561045,1724.66
13.03641159,47.53560314,1724.70
</coordinates></LineString>
<LineString><altitudeMode>absolute</altitudeMode><coordinates>
13.03455408,47.53542310,1307.38
13.03454409,47.53543076,1307.40
</coordinates></LineString>
<LineString><altitudeMode>absolute</altitudeMode><coordinates>
13.03454409,47.53543076,1307.40
13.03452755,47.53542913,1307.18
</coordinates></LineString>
<LineString><altitudeMode>absolute</altitudeMode><coordinates>
13.03452755,47.53542913,1307.18
13.03452965,47.53541900,1307.22
</coordinates></LineString>
<LineString><altitudeMode>absolute</altitudeMode><coordinates>
13.03452965,47.53541900,1307.22
13.03451685,47.53542381,1306.97
</coordinates></LineString>
<LineString><altitudeMode>absolute</altitudeMode><coordinates>
13.03451685,47.53542381,1306.97
13.03450060,47.53542138,1306.50
13.03450530,47.53540571,1306.75
</coordinates></LineString>
<LineString><altitudeMode>absolute</altitudeMode><coordinates>
13.03450530,47.53540571,1306.75
13.03450882,47.53540046,1303.49
</coordinates></LineString>
<LineString><altitudeMode>absolute</altitudeMode><coordinates>
13.03450882,47.53540046,1303.49
13.03449722,47.53539432,1290.83
</coordinates></LineString>
<LineString><altitudeMode>absolute</altitudeMode><coordinates>
13.03449722,47.53539432,1290.83
13.03446632,47.53541755,1290.23
</coordinates></LineString>
<LineString><altitudeMode>absolute</altitudeMode><coordinates>
13.04338589,47.52723447,1408.66
13.04339003,47.52724102,1411.13
</coordinates></LineString>
<LineString><altitudeMode>absolute</altitudeMode><coordinates>
13.04442613,47.53091466,1753.28
13.04451830,47.53092271,1756.88
</coordinates></LineString>
<LineString><altitudeMode>absolute</altitudeMode><coordinates>
13.04927782,47.52682989,1733.66
13.04926661,47.52685634,1734.16
</coordinates></LineString>
<LineString><altitudeMode>absolute</altitudeMode><coordinates>
13.04583090,47.52756790,1653.66
13.04581207,47.52748813,1652.80
</coordinates></LineString>
<LineString><altitudeMode>absolute</altitudeMode><coordinates>
13.04557904,47.52707365,1667.55
13.04560218,47.52708007,1671.20
13.04562685,47.52708472,1671.86
</coordinates></LineString>
<LineString><altitudeMode>absolute</altitudeMode><coordinates>
13.04874135,47.52844137,1744.22
13.04868229,47.52845773,1743.55
</coordinates></LineString>
<LineString><altitudeMode>absolute</altitudeMode><coordinates>
13.04874135,47.52844137,1744.22
13.04868400,47.52845821,1743.61
</coordinates></LineString>
<LineString><altitudeMode>absolute</altitudeMode><coordinates>
13.04517720,47.52768022,1639.73
13.04525774,47.52767943,1639.74
</coordinates></LineString>
<LineString><altitudeMode>absolute</altitudeMode><coordinates>
13.04917386,47.52692476,1742.36
13.04910735,47.52690906,1741.76
</coordinates></LineString>
<LineString><altitudeMode>absolute</altitudeMode><coordinates>
13.04914632,47.52685780,1731.70
13.04917962,47.52686988,1730.17
</coordinates></LineString>
<LineString><altitudeMode>absolute</altitudeMode><coordinates>
13.04895205,47.52705219,1728.91
13.04895841,47.52702404,1729.51
13.04896727,47.52700007,1732.24
</coordinates></LineString>
<LineString><altitudeMode>absolute</altitudeMode><coordinates>
13.04579720,47.52760602,1655.78
13.04580369,47.52762782,1656.04
</coordinates></LineString>
<LineString><altitudeMode>absolute</altitudeMode><coordinates>
13.03676663,47.53555676,1715.52
13.03670884,47.53557070,1717.92
</coordinates></LineString>
<LineString><altitudeMode>absolute</altitudeMode><coordinates>
13.04490886,47.52724345,1600.27
13.04492585,47.52725445,1604.86
13.04491432,47.52730743,1605.40
</coordinates></LineString>
<LineString><altitudeMode>absolute</altitudeMode><coordinates>
13.04521270,47.52761153,1542.87
13.04525714,47.52761310,1551.54
</coordinates></LineString>
<LineString><altitudeMode>absolute</altitudeMode><coordinates>
13.03806305,47.53379520,1731.61
13.03802387,47.53381613,1731.15
</coordinates></LineString>
<LineString><altitudeMode>absolute</altitudeMode><coordinates>
13.04360034,47.52736240,1509.04
13.04354858,47.52735018,1507.88
</coordinates></LineString>
<LineString><altitudeMode>absolute</altitudeMode><coordinates>
13.04354858,47.52735018,1507.88
13.04347876,47.52734863,1505.47
</coordinates></LineString>
<LineString><altitudeMode>absolute</altitudeMode><coordinates>
13.04932898,47.52670055,1750.34
13.04939186,47.52672826,1748.94
</coordinates></LineString>
<LineString><altitudeMode>absolute</altitudeMode><coordinates>
13.04931060,47.52676638,1739.77
13.04929693,47.52677677,1738.25
</coordinates></LineString>
<LineString><altitudeMode>absolute</altitudeMode><coordinates>
13.04471126,47.52776630,1509.81
13.04471305,47.52773952,1509.67
13.04480917,47.52778786,1509.67
</coordinates></LineString>
<LineString><altitudeMode>absolute</altitudeMode><coordinates>
13.04324091,47.52738542,1492.88
13.04332954,47.52739215,1493.02
13.04330608,47.52740129,1497.01
13.04324941,47.52740338,1496.67
</coordinates></LineString>
<LineString><altitudeMode>absolute</altitudeMode><coordinates>
13.04376055,47.52763770,1484.40
13.04372079,47.52759931,1482.07
13.04363222,47.52755884,1480.71
</coordinates></LineString>
<LineString><altitudeMode>absolute</altitudeMode><coordinates>
13.04313959,47.52737334,1488.86
13.04312574,47.52737077,1489.25
13.04310454,47.52738696,1489.87
</coordinates></LineString>
<LineString><altitudeMode>absolute</altitudeMode><coordinates>
13.04326993,47.52712307,1414.08
13.04330065,47.52711883,1414.06
</coordinates></LineString>
<LineString><altitudeMode>absolute</altitudeMode><coordinates>
13.04368567,47.52744718,1401.02
13.04367397,47.52747227,1400.85
</coordinates></LineString>
<LineString><altitudeMode>absolute</altitudeMode><coordinates>
13.04366219,47.52744966,1400.96
13.04368539,47.52744736,1401.06
</coordinates></LineString>
<LineString><altitudeMode>absolute</altitudeMode><coordinates>
13.04350602,47.52735872,1407.12
13.04352160,47.52741118,1406.92
</coordinates></LineString>
<LineString><altitudeMode>absolute</altitudeMode><coordinates>
13.04572289,47.52795758,1520.45
13.04571121,47.52795009,1522.23
13.04571853,47.52788165,1521.52
</coordinates></LineString>
<LineString><altitudeMode>absolute</altitudeMode><coordinates>
13.04209821,47.52687910,1715.34
13.04220150,47.52684541,1714.17
13.04223476,47.52685480,1713.93
</coordinates></LineString>
<LineString><altitudeMode>absolute</altitudeMode><coordinates>
13.04498691,47.52781348,1511.47
13.04497510,47.52786313,1509.28
</coordinates></LineString>
<LineString><altitudeMode>absolute</altitudeMode><coordinates>
13.04545906,47.52781748,1514.05
13.04546340,47.52779731,1514.15
13.04539261,47.52775723,1513.84
</coordinates></LineString>
<LineString><altitudeMode>absolute</altitudeMode><coordinates>
13.04294402,47.52760198,1477.12
13.04301001,47.52760302,1482.22
</coordinates></LineString>
<LineString><altitudeMode>absolute</altitudeMode><coordinates>
13.04095283,47.52598174,1752.97
13.04105293,47.52599803,1753.12
13.04105048,47.52606367,1752.97
</coordinates></LineString>
<LineString><altitudeMode>absolute</altitudeMode><coordinates>
13.04086859,47.52547936,1753.78
13.04086089,47.52551477,1754.85
13.04084558,47.52551208,1754.29
13.04084068,47.52556509,1753.99
</coordinates></LineString>
<LineString><altitudeMode>absolute</altitudeMode><coordinates>
13.04119427,47.52487456,1749.84
13.04120751,47.52494003,1746.38
</coordinates></LineString>
<LineString><altitudeMode>absolute</altitudeMode><coordinates>
13.03585874,47.53487641,1761.30
13.03587380,47.53487855,1761.93
13.03593042,47.53491012,1759.61
</coordinates></LineString>
<LineString><altitudeMode>absolute</altitudeMode><coordinates>
13.04201939,47.52512451,1777.06
13.04192806,47.52514040,1777.19
13.04187041,47.52509389,1776.79
13.04187039,47.52503729,1773.29
</coordinates></LineString>
<LineString><altitudeMode>absolute</altitudeMode><coordinates>
13.03639547,47.53484646,1745.89
13.03638572,47.53487607,1746.73
13.03651952,47.53491535,1747.49
</coordinates></LineString>
<LineString><altitudeMode>absolute</altitudeMode><coordinates>
13.03580934,47.53474382,1755.33
13.03581141,47.53481306,1755.81
13.03593205,47.53482403,1759.82
</coordinates></LineString>
<LineString><altitudeMode>absolute</altitudeMode><coordinates>
13.04190454,47.52461944,1781.68
13.04191972,47.52466847,1779.66
</coordinates></LineString>
<LineString><altitudeMode>absolute</altitudeMode><coordinates>
13.04179044,47.52477245,1784.38
13.04177166,47.52487390,1783.57
</coordinates></LineString>
<LineString><altitudeMode>absolute</altitudeMode><coordinates>
13.04183252,47.52449152,1784.66
13.04183922,47.52452933,1783.86
13.04189324,47.52458776,1782.91
13.04189955,47.52462152,1781.65
13.04191472,47.52467073,1779.59
13.04189203,47.52469518,1779.53
</coordinates></LineString>
<LineString><altitudeMode>absolute</altitudeMode><coordinates>
13.04198325,47.52451785,1776.21
13.04198242,47.52444738,1779.43
13.04195391,47.52442817,1780.29
13.04194949,47.52440785,1778.38
</coordinates></LineString>
<LineString><altitudeMode>absolute</altitudeMode><coordinates>
13.04286203,47.52436800,1788.51
13.04275811,47.52437613,1786.97
13.04269829,47.52437349,1784.52
</coordinates></LineString>
<LineString><altitudeMode>absolute</altitudeMode><coordinates>
13.04332920,47.52460858,1794.64
13.04329907,47.52453293,1793.12
13.04322392,47.52449971,1794.23
</coordinates></LineString>
<LineString><altitudeMode>absolute</altitudeMode><coordinates>
13.04144211,47.52479052,1765.99
13.04147085,47.52475016,1763.93
13.04131308,47.52473082,1765.47
</coordinates></LineString>
<LineString><altitudeMode>absolute</altitudeMode><coordinates>
13.04527898,47.53057844,1749.71
13.04527988,47.53054714,1750.23
13.04526891,47.53053499,1752.95
</coordinates></LineString>
<LineString><altitudeMode>absolute</altitudeMode><coordinates>
13.04093848,47.52592129,1726.44
13.04091511,47.52595311,1742.29
13.04087583,47.52596261,1747.84
13.04086700,47.52597847,1752.06
13.04089414,47.52599531,1752.96
13.04092091,47.52597930,1751.53
13.04094378,47.52598239,1752.68
13.04104428,47.52599842,1752.83
13.04104638,47.52606315,1752.67
</coordinates></LineString>
<LineString><altitudeMode>absolute</altitudeMode><coordinates>
13.04331820,47.52427231,1804.65
13.04339238,47.52426368,1805.28
</coordinates></LineString>
<LineString><altitudeMode>absolute</altitudeMode><coordinates>
13.04135403,47.52601766,1696.56
13.04136446,47.52600164,1696.78
13.04143427,47.52596792,1694.80
</coordinates></LineString>
<LineString><altitudeMode>absolute</altitudeMode><coordinates>
13.04131002,47.52610446,1699.94
13.04133892,47.52608471,1699.50
</coordinates></LineString>
<LineString><altitudeMode>absolute</altitudeMode><coordinates>
13.04159962,47.52582659,1691.27
13.04158155,47.52585139,1689.97
13.04153428,47.52587586,1692.19
</coordinates></LineString>
<LineString><altitudeMode>absolute</altitudeMode><coordinates>
13.04360486,47.52423374,1825.95
13.04353583,47.52422158,1821.16
</coordinates></LineString>
<LineString><altitudeMode>absolute</altitudeMode><coordinates>
13.04255309,47.52592629,1548.31
13.04254516,47.52588593,1554.91
13.04252981,47.52587010,1556.85
13.04257361,47.52583189,1560.59
</coordinates></LineString>
<LineString><altitudeMode>absolute</altitudeMode><coordinates>
13.04336412,47.53151535,1764.64
13.04334449,47.53146454,1766.44
13.04344692,47.53150048,1763.55
</coordinates></LineString>
<LineString><altitudeMode>absolute</altitudeMode><coordinates>
13.04463661,47.53091762,1758.64
13.04451897,47.53091903,1756.92
13.04442573,47.53091474,1753.38
13.04437453,47.53096606,1753.18
</coordinates></LineString>
<LineString><altitudeMode>absolute</altitudeMode><coordinates>
13.04354735,47.53137586,1760.11
13.04353758,47.53139909,1757.69
</coordinates></LineString>
<LineString><altitudeMode>absolute</altitudeMode><coordinates>
13.04354735,47.53137586,1760.11
13.04349405,47.53131934,1762.83
</coordinates></LineString>
<LineString><altitudeMode>absolute</altitudeMode><coordinates>
13.04354735,47.53137586,1760.11
13.04360722,47.53133800,1763.79
</coordinates></LineString>
<LineString><altitudeMode>absolute</altitudeMode><coordinates>
13.04204422,47.53193338,1759.44
13.04200237,47.53192637,1759.10
13.04208349,47.53186737,1759.16
</coordinates></LineString>
<LineString><altitudeMode>absolute</altitudeMode><coordinates>
13.04154793,47.53222338,1756.98
13.04149285,47.53227526,1754.00
</coordinates></LineString>
<LineString><altitudeMode>absolute</altitudeMode><coordinates>
13.04139093,47.53229691,1749.66
13.04141624,47.53227746,1750.66
</coordinates></LineString>
<LineString><altitudeMode>absolute</altitudeMode><coordinates>
13.04139093,47.53229691,1749.66
13.04131281,47.53230755,1749.65
</coordinates></LineString>
<LineString><altitudeMode>absolute</altitudeMode><coordinates>
13.04600723,47.53029175,1749.28
13.04604825,47.53031405,1748.08
13.04613310,47.53032251,1747.50
13.04617981,47.53036686,1747.24
13.04626779,47.53034487,1746.68
</coordinates></LineString>
<LineString><altitudeMode>absolute</altitudeMode><coordinates>
13.04564471,47.53041155,1755.94
13.04568642,47.53035836,1757.05
</coordinates></LineString>
<LineString><altitudeMode>absolute</altitudeMode><coordinates>
13.04148802,47.53228363,1749.95
13.04141682,47.53227963,1750.76
13.04139217,47.53229927,1749.87
13.04131456,47.53231055,1749.84
</coordinates></LineString>
<LineString><altitudeMode>absolute</altitudeMode><coordinates>
13.04154793,47.53222338,1756.98
13.04162651,47.53220061,1761.27
</coordinates></LineString>
<LineString><altitudeMode>absolute</altitudeMode><coordinates>
13.04315927,47.52701941,1409.53
13.04315416,47.52704236,1407.86
13.04307932,47.52703290,1405.88
13.04306184,47.52700290,1405.34
13.04302850,47.52700638,1405.48
</coordinates></LineString>
<LineString><altitudeMode>absolute</altitudeMode><coordinates>
13.04521736,47.53063147,1757.87
13.04515564,47.53059749,1758.88
13.04502934,47.53064995,1758.98
</coordinates></LineString>
<LineString><altitudeMode>absolute</altitudeMode><coordinates>
13.04333954,47.53146553,1766.48
13.04344531,47.53149730,1763.66
13.04351321,47.53149009,1768.39
</coordinates></LineString>
<LineString><altitudeMode>absolute</altitudeMode><coordinates>
13.04092442,47.53249725,1759.18
13.04100155,47.53243477,1759.34
13.04103569,47.53243140,1756.27
</coordinates></LineString>
<LineString><altitudeMode>absolute</altitudeMode><coordinates>
13.03942024,47.53320608,1754.66
13.03941078,47.53318171,1755.01
</coordinates></LineString>
<LineString><altitudeMode>absolute</altitudeMode><coordinates>
13.04211892,47.52582673,1612.49
13.04213134,47.52583576,1615.36
13.04207761,47.52587651,1624.91
13.04200714,47.52586027,1624.65
</coordinates></LineString>
<LineString><altitudeMode>absolute</altitudeMode><coordinates>
13.04388312,47.52383860,1824.90
13.04386841,47.52388415,1825.92
13.04389595,47.52390423,1825.87
</coordinates></LineString>
<LineString><altitudeMode>absolute</altitudeMode><coordinates>
13.04945956,47.52663286,1741.76
13.04944944,47.52662990,1748.17
13.04941535,47.52664632,1746.68
13.04938721,47.52664926,1748.76
</coordinates></LineString>
<LineString><altitudeMode>absolute</altitudeMode><coordinates>
13.04929829,47.52677580,1738.34
13.04931195,47.52676577,1739.85
13.04934013,47.52677615,1740.42
13.04934910,47.52676704,1738.17
</coordinates></LineString>
<LineString><altitudeMode>absolute</altitudeMode><coordinates>
13.05027538,47.53324516,1750.51
13.05026283,47.53326834,1749.67
13.05021745,47.53326676,1749.30
</coordinates></LineString>
<LineString><altitudeMode>absolute</altitudeMode><coordinates>
13.03878238,47.53314424,1760.04
13.03885458,47.53305729,1762.58
13.03891141,47.53301930,1762.16
</coordinates></LineString>
<LineString><altitudeMode>absolute</altitudeMode><coordinates>
13.03877425,47.53269256,1710.40
13.03877864,47.53271018,1711.41
13.03879156,47.53271994,1711.78
</coordinates></LineString>
<LineString><altitudeMode>absolute</altitudeMode><coordinates>
13.03877425,47.53269256,1710.40
13.03872945,47.53270394,1712.24
</coordinates></LineString>
<LineString><altitudeMode>absolute</altitudeMode><coordinates>
13.03729790,47.53473008,1747.66
13.03727884,47.53469601,1750.67
13.03730155,47.53469271,1751.29
13.03728986,47.53472113,1752.07
</coordinates></LineString>
<LineString><altitudeMode>absolute</altitudeMode><coordinates>
13.03647662,47.53492919,1747.45
13.03651609,47.53491484,1747.51
13.03638314,47.53487423,1746.84
13.03639323,47.53484579,1746.09
</coordinates></LineString>
<LineString><altitudeMode>absolute</altitudeMode><coordinates>
13.03669280,47.53538479,1724.78
13.03671813,47.53540394,1723.27
</coordinates></LineString>
<LineString><altitudeMode>absolute</altitudeMode><coordinates>
13.03646395,47.53541786,1731.17
13.03646925,47.53541111,1732.77
13.03646975,47.53538709,1732.92
</coordinates></LineString>
<LineString><altitudeMode>absolute</altitudeMode><coordinates>
13.04066536,47.52564254,1753.73
13.04060185,47.52567114,1753.63
13.04063122,47.52570674,1753.46
</coordinates></LineString>
<LineString><altitudeMode>absolute</altitudeMode><coordinates>
13.03932613,47.53262623,1652.90
13.03928517,47.53260943,1653.20
13.03925233,47.53261363,1654.72
13.03924366,47.53264660,1657.59
</coordinates></LineString>
<LineString><altitudeMode>absolute</altitudeMode><coordinates>
13.04045691,47.52552163,1748.06
13.04043575,47.52551884,1747.49
13.04038936,47.52554099,1760.26
</coordinates></LineString>
<LineString><altitudeMode>absolute</altitudeMode><coordinates>
13.03631878,47.53555862,1741.93
13.03632670,47.53551728,1740.04
</coordinates></LineString></MultiGeometry></Placemark>
</Document></kml>
