<?xml version="1.0" encoding="UTF-8"?>
<gpx version="1.0" creator="survex 1.4.17 (aven) - https://survex.com/" xmlns:xsi="http://www.w3.org/2001/XMLSchema-instance" xmlns="http://www.topografix.com/GPX/1/0" xsi:schemaLocation="http://www.topografix.com/GPX/1/0 http://www.topografix.com/GPX/1/0/gpx.xsd">
<name>408-master</name>
<time>2025-05-12T23:38:25Z</time>
<trk><name>408-master</name><trkseg>
<trkpt lon="13.05894434" lat="47.53070607"><ele>1731.32</ele></trkpt>
<trkpt lon="13.05887944" lat="47.53074024"><ele>1732.40</ele></trkpt>
<trkpt lon="13.05884066" lat="47.53072888"><ele>1732.13</ele></trkpt>
<trkpt lon="13.05881755" lat="47.53073605"><ele>1730.99</ele></trkpt>
<trkpt lon="13.05878552" lat="47.53073271"><ele>1732.58</ele></trkpt>
<trkpt lon="13.05882292" lat="47.53074882"><ele>1730.83</ele></trkpt>
<trkpt lon="13.05878851" lat="47.53075958"><ele>1728.14</ele></trkpt>
<trkpt lon="13.05873617" lat="47.53077030"><ele>1727.25</ele></trkpt>
<trkpt lon="13.05871904" lat="47.53077361"><ele>1728.56</ele></trkpt>
<trkpt lon="13.05875557" lat="47.53080986"><ele>1727.27</ele></trkpt>
<trkpt lon="13.05881254" lat="47.53081776"><ele>1724.41</ele></trkpt>
<trkpt lon="13.05894479" lat="47.53094948"><ele>1721.26</ele></trkpt>
</trkseg><trkseg>
<trkpt lon="13.05894479" lat="47.53094948"><ele>1721.26</ele></trkpt>
<trkpt lon="13.05895102" lat="47.53097145"><ele>1727.03</ele></trkpt>
<trkpt lon="13.05900999" lat="47.53101528"><ele>1730.84</ele></trkpt>
<trkpt lon="13.05901423" lat="47.53104802"><ele>1738.64</ele></trkpt>
<trkpt lon="13.05906279" lat="47.53107143"><ele>1737.04</ele></trkpt>
<trkpt lon="13.05906237" lat="47.53108285"><ele>1737.23</ele></trkpt>
<trkpt lon="13.05909084" lat="47.53109611"><ele>1737.35</ele></trkpt>
<trkpt lon="13.05912555" lat="47.53113485"><ele>1733.90</ele></trkpt>
<trkpt lon="13.05918466" lat="47.53117859"><ele>1736.73</ele></trkpt>
<trkpt lon="13.05921167" lat="47.53123133"><ele>1734.55</ele></trkpt>
<trkpt lon="13.05921564" lat="47.53126424"><ele>1732.22</ele></trkpt>
<trkpt lon="13.05923743" lat="47.53125336"><ele>1732.26</ele></trkpt>
<trkpt lon="13.05927022" lat="47.53121828"><ele>1724.98</ele></trkpt>
<trkpt lon="13.05929605" lat="47.53124905"><ele>1727.24</ele></trkpt>
<trkpt lon="13.05933210" lat="47.53129474"><ele>1728.75</ele></trkpt>
<trkpt lon="13.05932073" lat="47.53131119"><ele>1729.45</ele></trkpt>
<trkpt lon="13.05932488" lat="47.53134645"><ele>1731.22</ele></trkpt>
<trkpt lon="13.05932120" lat="47.53138850"><ele>1734.38</ele></trkpt>
</trkseg><trkseg>
<trkpt lon="13.05903841" lat="47.53062326"><ele>1731.89</ele></trkpt>
<trkpt lon="13.05900616" lat="47.53066554"><ele>1730.52</ele></trkpt>
<trkpt lon="13.05900074" lat="47.53067544"><ele>1730.47</ele></trkpt>
<trkpt lon="13.05898194" lat="47.53068808"><ele>1731.39</ele></trkpt>
<trkpt lon="13.05894434" lat="47.53070607"><ele>1731.32</ele></trkpt>
</trkseg><trkseg>
<trkpt lon="13.05907975" lat="47.53041024"><ele>1718.47</ele></trkpt>
<trkpt lon="13.05910808" lat="47.53042386"><ele>1719.76</ele></trkpt>
<trkpt lon="13.05917128" lat="47.53047910"><ele>1723.47</ele></trkpt>
<trkpt lon="13.05919914" lat="47.53051620"><ele>1725.95</ele></trkpt>
</trkseg><trkseg>
<trkpt lon="13.05919914" lat="47.53051620"><ele>1725.95</ele></trkpt>
<trkpt lon="13.05920123" lat="47.53055304"><ele>1728.24</ele></trkpt>
<trkpt lon="13.05903841" lat="47.53062326"><ele>1731.89</ele></trkpt>
</trkseg><trkseg>
<trkpt lon="13.05881833" lat="47.53047718"><ele>1712.58</ele></trkpt>
<trkpt lon="13.05881816" lat="47.53045315"><ele>1712.56</ele></trkpt>
<trkpt lon="13.05889370" lat="47.53045829"><ele>1714.09</ele></trkpt>
<trkpt lon="13.05897571" lat="47.53042144"><ele>1715.89</ele></trkpt>
<trkpt lon="13.05901092" lat="47.53042852"><ele>1717.01</ele></trkpt>
<trkpt lon="13.05906099" lat="47.53042918"><ele>1718.27</ele></trkpt>
<trkpt lon="13.05907975" lat="47.53041024"><ele>1718.47</ele></trkpt>
</trkseg><trkseg>
<trkpt lon="13.05895827" lat="47.53059859"><ele>1705.15</ele></trkpt>
<trkpt lon="13.05894106" lat="47.53057176"><ele>1706.41</ele></trkpt>
<trkpt lon="13.05891759" lat="47.53057766"><ele>1704.94</ele></trkpt>
<trkpt lon="13.05884289" lat="47.53051394"><ele>1709.84</ele></trkpt>
<trkpt lon="13.05881833" lat="47.53047718"><ele>1712.58</ele></trkpt>
</trkseg><trkseg>
<trkpt lon="13.05945722" lat="47.53024809"><ele>1727.50</ele></trkpt>
<trkpt lon="13.05946583" lat="47.53019128"><ele>1731.62</ele></trkpt>
<trkpt lon="13.05941424" lat="47.53014892"><ele>1732.58</ele></trkpt>
<trkpt lon="13.05949175" lat="47.53013332"><ele>1734.19</ele></trkpt>
<trkpt lon="13.05952881" lat="47.53007573"><ele>1736.35</ele></trkpt>
<trkpt lon="13.05960225" lat="47.53007301"><ele>1736.97</ele></trkpt>
<trkpt lon="13.05965214" lat="47.53006036"><ele>1737.95</ele></trkpt>
<trkpt lon="13.05967612" lat="47.53007300"><ele>1737.81</ele></trkpt>
<trkpt lon="13.05965535" lat="47.53008498"><ele>1737.13</ele></trkpt>
<trkpt lon="13.05967034" lat="47.53011097"><ele>1735.49</ele></trkpt>
<trkpt lon="13.05967657" lat="47.53014005"><ele>1734.72</ele></trkpt>
<trkpt lon="13.05966353" lat="47.53014424"><ele>1734.15</ele></trkpt>
<trkpt lon="13.05968276" lat="47.53017399"><ele>1733.61</ele></trkpt>
<trkpt lon="13.05961731" lat="47.53017621"><ele>1733.24</ele></trkpt>
<trkpt lon="13.05956281" lat="47.53019148"><ele>1732.44</ele></trkpt>
<trkpt lon="13.05951313" lat="47.53021629"><ele>1732.07</ele></trkpt>
<trkpt lon="13.05945722" lat="47.53024809"><ele>1727.50</ele></trkpt>
</trkseg><trkseg>
<trkpt lon="13.05945722" lat="47.53024809"><ele>1727.50</ele></trkpt>
<trkpt lon="13.05942429" lat="47.53022243"><ele>1727.58</ele></trkpt>
<trkpt lon="13.05934207" lat="47.53021447"><ele>1724.05</ele></trkpt>
<trkpt lon="13.05930892" lat="47.53022363"><ele>1723.99</ele></trkpt>
<trkpt lon="13.05932331" lat="47.53024412"><ele>1721.30</ele></trkpt>
<trkpt lon="13.05933994" lat="47.53027958"><ele>1719.02</ele></trkpt>
<trkpt lon="13.05930178" lat="47.53030557"><ele>1717.76</ele></trkpt>
<trkpt lon="13.05927079" lat="47.53030991"><ele>1718.06</ele></trkpt>
<trkpt lon="13.05925899" lat="47.53032365"><ele>1719.12</ele></trkpt>
<trkpt lon="13.05912816" lat="47.53035131"><ele>1717.79</ele></trkpt>
<trkpt lon="13.05908940" lat="47.53039007"><ele>1717.71</ele></trkpt>
<trkpt lon="13.05907975" lat="47.53041024"><ele>1718.47</ele></trkpt>
</trkseg><trkseg>
<trkpt lon="13.05898650" lat="47.53065090"><ele>1701.61</ele></trkpt>
<trkpt lon="13.05900279" lat="47.53067403"><ele>1701.57</ele></trkpt>
</trkseg><trkseg>
<trkpt lon="13.05900279" lat="47.53067403"><ele>1701.57</ele></trkpt>
<trkpt lon="13.05903185" lat="47.53062449"><ele>1703.46</ele></trkpt>
<trkpt lon="13.05899892" lat="47.53062043"><ele>1704.23</ele></trkpt>
<trkpt lon="13.05895827" lat="47.53059859"><ele>1705.15</ele></trkpt>
</trkseg><trkseg>
<trkpt lon="13.05898650" lat="47.53065090"><ele>1701.61</ele></trkpt>
<trkpt lon="13.05892844" lat="47.53065811"><ele>1701.62</ele></trkpt>
<trkpt lon="13.05890983" lat="47.53062243"><ele>1702.85</ele></trkpt>
<trkpt lon="13.05895827" lat="47.53059859"><ele>1705.15</ele></trkpt>
</trkseg><trkseg>
<trkpt lon="13.05898650" lat="47.53065090"><ele>1701.61</ele></trkpt>
<trkpt lon="13.05896949" lat="47.53067257"><ele>1707.69</ele></trkpt>
<trkpt lon="13.05896151" lat="47.53068728"><ele>1714.41</ele></trkpt>
<trkpt lon="13.05897750" lat="47.53070042"><ele>1715.30</ele></trkpt>
<trkpt lon="13.05894701" lat="47.53070566"><ele>1717.17</ele></trkpt>
<trkpt lon="13.05892601" lat="47.53071323"><ele>1725.50</ele></trkpt>
<trkpt lon="13.05896531" lat="47.53072127"><ele>1727.68</ele></trkpt>
<trkpt lon="13.05896743" lat="47.53072131"><ele>1728.65</ele></trkpt>
<trkpt lon="13.05894434" lat="47.53070607"><ele>1731.32</ele></trkpt>
</trkseg><trkseg>
<trkpt lon="13.05839724" lat="47.53032031"><ele>1709.81</ele></trkpt>
<trkpt lon="13.05836060" lat="47.53031960"><ele>1713.29</ele></trkpt>
<trkpt lon="13.05833847" lat="47.53026767"><ele>1716.39</ele></trkpt>
<trkpt lon="13.05838139" lat="47.53025292"><ele>1718.64</ele></trkpt>
<trkpt lon="13.05833844" lat="47.53025750"><ele>1718.15</ele></trkpt>
<trkpt lon="13.05827632" lat="47.53025608"><ele>1717.35</ele></trkpt>
<trkpt lon="13.05826210" lat="47.53022732"><ele>1717.88</ele></trkpt>
<trkpt lon="13.05819328" lat="47.53020924"><ele>1719.05</ele></trkpt>
<trkpt lon="13.05817736" lat="47.53019070"><ele>1719.99</ele></trkpt>
<trkpt lon="13.05825924" lat="47.53016806"><ele>1716.90</ele></trkpt>
<trkpt lon="13.05833371" lat="47.53012298"><ele>1712.63</ele></trkpt>
<trkpt lon="13.05830626" lat="47.53009282"><ele>1711.57</ele></trkpt>
<trkpt lon="13.05828784" lat="47.53006641"><ele>1713.03</ele></trkpt>
<trkpt lon="13.05824967" lat="47.53004948"><ele>1714.95</ele></trkpt>
<trkpt lon="13.05825310" lat="47.53002497"><ele>1717.02</ele></trkpt>
</trkseg><trkseg>
<trkpt lon="13.05825310" lat="47.53002497"><ele>1717.02</ele></trkpt>
<trkpt lon="13.05820986" lat="47.53003009"><ele>1716.50</ele></trkpt>
<trkpt lon="13.05815516" lat="47.53002556"><ele>1714.62</ele></trkpt>
<trkpt lon="13.05811740" lat="47.53000819"><ele>1713.34</ele></trkpt>
<trkpt lon="13.05807252" lat="47.53004000"><ele>1710.65</ele></trkpt>
<trkpt lon="13.05794197" lat="47.53004931"><ele>1709.14</ele></trkpt>
<trkpt lon="13.05794388" lat="47.53003350"><ele>1708.21</ele></trkpt>
<trkpt lon="13.05791219" lat="47.53001749"><ele>1707.79</ele></trkpt>
<trkpt lon="13.05787040" lat="47.53001579"><ele>1706.61</ele></trkpt>
<trkpt lon="13.05784434" lat="47.53000905"><ele>1707.42</ele></trkpt>
<trkpt lon="13.05782362" lat="47.53001239"><ele>1707.81</ele></trkpt>
<trkpt lon="13.05782481" lat="47.52999819"><ele>1706.69</ele></trkpt>
<trkpt lon="13.05781059" lat="47.52998049"><ele>1706.27</ele></trkpt>
<trkpt lon="13.05783279" lat="47.52995837"><ele>1703.83</ele></trkpt>
<trkpt lon="13.05783893" lat="47.52992887"><ele>1703.05</ele></trkpt>
<trkpt lon="13.05788094" lat="47.52992455"><ele>1703.71</ele></trkpt>
<trkpt lon="13.05787037" lat="47.52990862"><ele>1703.30</ele></trkpt>
<trkpt lon="13.05777072" lat="47.52990504"><ele>1702.39</ele></trkpt>
<trkpt lon="13.05774042" lat="47.52991614"><ele>1702.03</ele></trkpt>
<trkpt lon="13.05771125" lat="47.52990376"><ele>1702.02</ele></trkpt>
<trkpt lon="13.05766516" lat="47.52990334"><ele>1701.37</ele></trkpt>
<trkpt lon="13.05763479" lat="47.52991624"><ele>1700.66</ele></trkpt>
<trkpt lon="13.05764069" lat="47.52993271"><ele>1700.28</ele></trkpt>
<trkpt lon="13.05760474" lat="47.52994218"><ele>1699.30</ele></trkpt>
<trkpt lon="13.05757994" lat="47.52993006"><ele>1699.03</ele></trkpt>
<trkpt lon="13.05755372" lat="47.52993502"><ele>1699.13</ele></trkpt>
<trkpt lon="13.05753242" lat="47.52992881"><ele>1698.25</ele></trkpt>
<trkpt lon="13.05754054" lat="47.52996818"><ele>1696.82</ele></trkpt>
<trkpt lon="13.05745741" lat="47.52999566"><ele>1693.90</ele></trkpt>
<trkpt lon="13.05744326" lat="47.53000486"><ele>1693.68</ele></trkpt>
<trkpt lon="13.05742800" lat="47.53001504"><ele>1696.38</ele></trkpt>
<trkpt lon="13.05740968" lat="47.53003255"><ele>1697.96</ele></trkpt>
<trkpt lon="13.05740587" lat="47.53002430"><ele>1697.83</ele></trkpt>
<trkpt lon="13.05738437" lat="47.53002006"><ele>1698.52</ele></trkpt>
<trkpt lon="13.05736776" lat="47.53002356"><ele>1699.79</ele></trkpt>
<trkpt lon="13.05732867" lat="47.53001003"><ele>1700.50</ele></trkpt>
<trkpt lon="13.05730904" lat="47.53000925"><ele>1699.74</ele></trkpt>
<trkpt lon="13.05722653" lat="47.52999120"><ele>1699.58</ele></trkpt>
<trkpt lon="13.05718077" lat="47.52997486"><ele>1699.82</ele></trkpt>
<trkpt lon="13.05712060" lat="47.52996007"><ele>1700.32</ele></trkpt>
<trkpt lon="13.05712806" lat="47.52991638"><ele>1699.14</ele></trkpt>
<trkpt lon="13.05708869" lat="47.52990662"><ele>1699.16</ele></trkpt>
<trkpt lon="13.05706064" lat="47.52991803"><ele>1698.94</ele></trkpt>
<trkpt lon="13.05698341" lat="47.52992266"><ele>1697.03</ele></trkpt>
<trkpt lon="13.05698193" lat="47.52994819"><ele>1696.31</ele></trkpt>
<trkpt lon="13.05695934" lat="47.52996976"><ele>1697.72</ele></trkpt>
<trkpt lon="13.05695991" lat="47.52998678"><ele>1699.16</ele></trkpt>
<trkpt lon="13.05693578" lat="47.52998178"><ele>1700.06</ele></trkpt>
<trkpt lon="13.05691441" lat="47.52999941"><ele>1702.46</ele></trkpt>
<trkpt lon="13.05684157" lat="47.53007205"><ele>1711.22</ele></trkpt>
</trkseg><trkseg>
<trkpt lon="13.05684157" lat="47.53007205"><ele>1711.22</ele></trkpt>
<trkpt lon="13.05687750" lat="47.53003811"><ele>1709.24</ele></trkpt>
<trkpt lon="13.05691114" lat="47.53006261"><ele>1710.59</ele></trkpt>
<trkpt lon="13.05695832" lat="47.53004794"><ele>1710.53</ele></trkpt>
<trkpt lon="13.05700146" lat="47.53005965"><ele>1711.44</ele></trkpt>
<trkpt lon="13.05704678" lat="47.53009875"><ele>1715.52</ele></trkpt>
<trkpt lon="13.05708872" lat="47.53010738"><ele>1716.76</ele></trkpt>
<trkpt lon="13.05709057" lat="47.53011821"><ele>1717.66</ele></trkpt>
</trkseg><trkseg>
<trkpt lon="13.05839724" lat="47.53032031"><ele>1709.81</ele></trkpt>
<trkpt lon="13.05842180" lat="47.53035321"><ele>1711.16</ele></trkpt>
<trkpt lon="13.05851491" lat="47.53034327"><ele>1713.69</ele></trkpt>
<trkpt lon="13.05852781" lat="47.53037525"><ele>1713.71</ele></trkpt>
<trkpt lon="13.05854262" lat="47.53039503"><ele>1714.30</ele></trkpt>
<trkpt lon="13.05855189" lat="47.53041390"><ele>1713.81</ele></trkpt>
<trkpt lon="13.05864074" lat="47.53040398"><ele>1712.54</ele></trkpt>
<trkpt lon="13.05870190" lat="47.53049635"><ele>1708.30</ele></trkpt>
<trkpt lon="13.05881833" lat="47.53047718"><ele>1712.58</ele></trkpt>
</trkseg><trkseg>
<trkpt lon="13.05843074" lat="47.53039530"><ele>1736.64</ele></trkpt>
<trkpt lon="13.05826857" lat="47.53036141"><ele>1734.96</ele></trkpt>
<trkpt lon="13.05830415" lat="47.53032989"><ele>1735.58</ele></trkpt>
<trkpt lon="13.05830667" lat="47.53031923"><ele>1735.67</ele></trkpt>
<trkpt lon="13.05826420" lat="47.53029637"><ele>1737.53</ele></trkpt>
<trkpt lon="13.05823499" lat="47.53025997"><ele>1733.21</ele></trkpt>
</trkseg><trkseg>
<trkpt lon="13.05843074" lat="47.53039530"><ele>1736.64</ele></trkpt>
<trkpt lon="13.05836379" lat="47.53038426"><ele>1734.99</ele></trkpt>
<trkpt lon="13.05836571" lat="47.53035028"><ele>1727.91</ele></trkpt>
<trkpt lon="13.05839724" lat="47.53032031"><ele>1709.81</ele></trkpt>
</trkseg><trkseg>
<trkpt lon="13.05843074" lat="47.53039530"><ele>1736.64</ele></trkpt>
<trkpt lon="13.05841938" lat="47.53041886"><ele>1736.84</ele></trkpt>
<trkpt lon="13.05844808" lat="47.53043320"><ele>1736.73</ele></trkpt>
<trkpt lon="13.05843634" lat="47.53042373"><ele>1739.96</ele></trkpt>
</trkseg><trkseg>
<trkpt lon="13.05843634" lat="47.53042373"><ele>1739.96</ele></trkpt>
<trkpt lon="13.05847170" lat="47.53045565"><ele>1739.66</ele></trkpt>
<trkpt lon="13.05854512" lat="47.53046067"><ele>1739.17</ele></trkpt>
<trkpt lon="13.05859234" lat="47.53046273"><ele>1738.76</ele></trkpt>
<trkpt lon="13.05860760" lat="47.53048845"><ele>1738.29</ele></trkpt>
<trkpt lon="13.05865594" lat="47.53049620"><ele>1736.36</ele></trkpt>
<trkpt lon="13.05870416" lat="47.53051798"><ele>1735.79</ele></trkpt>
<trkpt lon="13.05876868" lat="47.53050873"><ele>1735.79</ele></trkpt>
<trkpt lon="13.05883110" lat="47.53051653"><ele>1735.31</ele></trkpt>
</trkseg><trkseg>
<trkpt lon="13.05883110" lat="47.53051653"><ele>1735.31</ele></trkpt>
<trkpt lon="13.05889756" lat="47.53051217"><ele>1736.12</ele></trkpt>
<trkpt lon="13.05895151" lat="47.53049752"><ele>1736.63</ele></trkpt>
<trkpt lon="13.05899693" lat="47.53054481"><ele>1734.80</ele></trkpt>
<trkpt lon="13.05903562" lat="47.53056202"><ele>1733.93</ele></trkpt>
<trkpt lon="13.05903841" lat="47.53062326"><ele>1731.89</ele></trkpt>
</trkseg><trkseg>
<trkpt lon="13.05817221" lat="47.53021851"><ele>1732.86</ele></trkpt>
<trkpt lon="13.05817048" lat="47.53020057"><ele>1732.88</ele></trkpt>
<trkpt lon="13.05820617" lat="47.53020927"><ele>1730.58</ele></trkpt>
<trkpt lon="13.05828298" lat="47.53020518"><ele>1730.60</ele></trkpt>
<trkpt lon="13.05832310" lat="47.53021620"><ele>1733.86</ele></trkpt>
<trkpt lon="13.05830196" lat="47.53022727"><ele>1733.85</ele></trkpt>
<trkpt lon="13.05823499" lat="47.53025997"><ele>1733.21</ele></trkpt>
</trkseg><trkseg>
<trkpt lon="13.05817221" lat="47.53021851"><ele>1732.86</ele></trkpt>
<trkpt lon="13.05818485" lat="47.53027568"><ele>1731.88</ele></trkpt>
<trkpt lon="13.05823499" lat="47.53025997"><ele>1733.21</ele></trkpt>
</trkseg><trkseg>
<trkpt lon="13.05483114" lat="47.53012533"><ele>1735.91</ele></trkpt>
<trkpt lon="13.05472820" lat="47.53009938"><ele>1732.72</ele></trkpt>
<trkpt lon="13.05469875" lat="47.53014855"><ele>1732.76</ele></trkpt>
<trkpt lon="13.05472255" lat="47.53017676"><ele>1731.29</ele></trkpt>
<trkpt lon="13.05472688" lat="47.53020707"><ele>1730.29</ele></trkpt>
<trkpt lon="13.05473664" lat="47.53022334"><ele>1729.98</ele></trkpt>
<trkpt lon="13.05478168" lat="47.53023752"><ele>1730.63</ele></trkpt>
<trkpt lon="13.05477181" lat="47.53027811"><ele>1730.65</ele></trkpt>
<trkpt lon="13.05476182" lat="47.53028964"><ele>1729.37</ele></trkpt>
<trkpt lon="13.05475202" lat="47.53029964"><ele>1729.18</ele></trkpt>
<trkpt lon="13.05472314" lat="47.53031895"><ele>1729.49</ele></trkpt>
<trkpt lon="13.05464975" lat="47.53034893"><ele>1733.41</ele></trkpt>
<trkpt lon="13.05452558" lat="47.53033314"><ele>1735.58</ele></trkpt>
<trkpt lon="13.05450690" lat="47.53029926"><ele>1735.94</ele></trkpt>
<trkpt lon="13.05455422" lat="47.53027361"><ele>1737.84</ele></trkpt>
<trkpt lon="13.05465138" lat="47.53025456"><ele>1738.89</ele></trkpt>
<trkpt lon="13.05475891" lat="47.53022831"><ele>1738.96</ele></trkpt>
<trkpt lon="13.05480749" lat="47.53020439"><ele>1738.38</ele></trkpt>
<trkpt lon="13.05477464" lat="47.53015857"><ele>1738.73</ele></trkpt>
<trkpt lon="13.05483114" lat="47.53012533"><ele>1735.91</ele></trkpt>
</trkseg><trkseg>
<trkpt lon="13.05576295" lat="47.53061266"><ele>1729.29</ele></trkpt>
<trkpt lon="13.05573202" lat="47.53057947"><ele>1732.12</ele></trkpt>
<trkpt lon="13.05567838" lat="47.53058936"><ele>1732.07</ele></trkpt>
<trkpt lon="13.05558730" lat="47.53059105"><ele>1732.84</ele></trkpt>
<trkpt lon="13.05556396" lat="47.53052542"><ele>1731.51</ele></trkpt>
<trkpt lon="13.05550335" lat="47.53047202"><ele>1730.09</ele></trkpt>
<trkpt lon="13.05542223" lat="47.53051734"><ele>1733.03</ele></trkpt>
<trkpt lon="13.05527128" lat="47.53046376"><ele>1737.50</ele></trkpt>
<trkpt lon="13.05515486" lat="47.53043956"><ele>1742.18</ele></trkpt>
<trkpt lon="13.05513242" lat="47.53037826"><ele>1740.31</ele></trkpt>
<trkpt lon="13.05515262" lat="47.53033847"><ele>1738.22</ele></trkpt>
<trkpt lon="13.05505049" lat="47.53023686"><ele>1740.96</ele></trkpt>
<trkpt lon="13.05501475" lat="47.53019009"><ele>1739.53</ele></trkpt>
<trkpt lon="13.05496826" lat="47.53016833"><ele>1738.45</ele></trkpt>
<trkpt lon="13.05496586" lat="47.53013248"><ele>1738.78</ele></trkpt>
</trkseg><trkseg>
<trkpt lon="13.05496586" lat="47.53013248"><ele>1738.78</ele></trkpt>
<trkpt lon="13.05491916" lat="47.53013799"><ele>1740.39</ele></trkpt>
<trkpt lon="13.05487734" lat="47.53012999"><ele>1739.08</ele></trkpt>
<trkpt lon="13.05483114" lat="47.53012533"><ele>1735.91</ele></trkpt>
</trkseg><trkseg>
<trkpt lon="13.05579370" lat="47.53086261"><ele>1733.79</ele></trkpt>
<trkpt lon="13.05582596" lat="47.53087756"><ele>1734.64</ele></trkpt>
<trkpt lon="13.05580953" lat="47.53090517"><ele>1734.97</ele></trkpt>
<trkpt lon="13.05576433" lat="47.53088803"><ele>1734.42</ele></trkpt>
<trkpt lon="13.05576620" lat="47.53086952"><ele>1732.68</ele></trkpt>
<trkpt lon="13.05578373" lat="47.53085560"><ele>1732.99</ele></trkpt>
<trkpt lon="13.05579370" lat="47.53086261"><ele>1733.79</ele></trkpt>
</trkseg><trkseg>
<trkpt lon="13.05579370" lat="47.53086261"><ele>1733.79</ele></trkpt>
<trkpt lon="13.05583098" lat="47.53083166"><ele>1729.34</ele></trkpt>
<trkpt lon="13.05582510" lat="47.53081815"><ele>1729.15</ele></trkpt>
<trkpt lon="13.05578134" lat="47.53083019"><ele>1730.06</ele></trkpt>
<trkpt lon="13.05577745" lat="47.53080961"><ele>1730.20</ele></trkpt>
<trkpt lon="13.05571395" lat="47.53077002"><ele>1730.58</ele></trkpt>
<trkpt lon="13.05566870" lat="47.53077933"><ele>1732.48</ele></trkpt>
<trkpt lon="13.05564964" lat="47.53074139"><ele>1731.59</ele></trkpt>
<trkpt lon="13.05561812" lat="47.53071710"><ele>1730.72</ele></trkpt>
<trkpt lon="13.05568013" lat="47.53068216"><ele>1729.86</ele></trkpt>
<trkpt lon="13.05569782" lat="47.53065294"><ele>1730.49</ele></trkpt>
<trkpt lon="13.05576295" lat="47.53061266"><ele>1729.29</ele></trkpt>
</trkseg><trkseg>
<trkpt lon="13.05999320" lat="47.53147564"><ele>1723.48</ele></trkpt>
<trkpt lon="13.06005966" lat="47.53150376"><ele>1708.20</ele></trkpt>
</trkseg><trkseg>
<trkpt lon="13.06005966" lat="47.53150376"><ele>1708.20</ele></trkpt>
<trkpt lon="13.06010652" lat="47.53153352"><ele>1710.48</ele></trkpt>
<trkpt lon="13.06011700" lat="47.53156304"><ele>1705.17</ele></trkpt>
<trkpt lon="13.06013474" lat="47.53157899"><ele>1706.75</ele></trkpt>
<trkpt lon="13.06014896" lat="47.53159696"><ele>1707.70</ele></trkpt>
<trkpt lon="13.06013768" lat="47.53159668"><ele>1709.32</ele></trkpt>
<trkpt lon="13.06014920" lat="47.53163359"><ele>1710.95</ele></trkpt>
<trkpt lon="13.06016216" lat="47.53164604"><ele>1714.98</ele></trkpt>
<trkpt lon="13.06014043" lat="47.53168779"><ele>1719.24</ele></trkpt>
<trkpt lon="13.06016263" lat="47.53172713"><ele>1722.93</ele></trkpt>
<trkpt lon="13.06022440" lat="47.53171665"><ele>1727.81</ele></trkpt>
<trkpt lon="13.06024992" lat="47.53167308"><ele>1729.87</ele></trkpt>
<trkpt lon="13.06015801" lat="47.53161466"><ele>1729.27</ele></trkpt>
<trkpt lon="13.06003568" lat="47.53158469"><ele>1737.37</ele></trkpt>
<trkpt lon="13.05995061" lat="47.53153529"><ele>1734.22</ele></trkpt>
<trkpt lon="13.05999320" lat="47.53147564"><ele>1723.48</ele></trkpt>
</trkseg><trkseg>
<trkpt lon="13.05999320" lat="47.53147564"><ele>1723.48</ele></trkpt>
<trkpt lon="13.05983406" lat="47.53142804"><ele>1727.58</ele></trkpt>
<trkpt lon="13.05984399" lat="47.53142542"><ele>1735.16</ele></trkpt>
<trkpt lon="13.05978604" lat="47.53139699"><ele>1736.87</ele></trkpt>
<trkpt lon="13.05974730" lat="47.53135234"><ele>1737.42</ele></trkpt>
<trkpt lon="13.05971871" lat="47.53134942"><ele>1736.83</ele></trkpt>
<trkpt lon="13.05961528" lat="47.53135469"><ele>1736.86</ele></trkpt>
<trkpt lon="13.05950825" lat="47.53137483"><ele>1734.14</ele></trkpt>
<trkpt lon="13.05947626" lat="47.53140624"><ele>1737.28</ele></trkpt>
<trkpt lon="13.05943919" lat="47.53139202"><ele>1736.94</ele></trkpt>
<trkpt lon="13.05936947" lat="47.53137294"><ele>1736.94</ele></trkpt>
<trkpt lon="13.05936647" lat="47.53135696"><ele>1735.56</ele></trkpt>
<trkpt lon="13.05932120" lat="47.53138850"><ele>1734.38</ele></trkpt>
</trkseg><trkseg>
<trkpt lon="13.05755704" lat="47.53015455"><ele>1730.38</ele></trkpt>
<trkpt lon="13.05767253" lat="47.53010314"><ele>1727.23</ele></trkpt>
<trkpt lon="13.05784162" lat="47.53008270"><ele>1732.44</ele></trkpt>
<trkpt lon="13.05783424" lat="47.53011713"><ele>1732.63</ele></trkpt>
<trkpt lon="13.05784179" lat="47.53018232"><ele>1734.49</ele></trkpt>
<trkpt lon="13.05794194" lat="47.53017600"><ele>1733.56</ele></trkpt>
<trkpt lon="13.05793053" lat="47.53020434"><ele>1733.03</ele></trkpt>
<trkpt lon="13.05797615" lat="47.53022095"><ele>1732.89</ele></trkpt>
<trkpt lon="13.05806528" lat="47.53022866"><ele>1734.96</ele></trkpt>
<trkpt lon="13.05817221" lat="47.53021851"><ele>1732.86</ele></trkpt>
</trkseg><trkseg>
<trkpt lon="13.05710202" lat="47.53033355"><ele>1742.13</ele></trkpt>
<trkpt lon="13.05702416" lat="47.53027230"><ele>1736.92</ele></trkpt>
<trkpt lon="13.05703279" lat="47.53025094"><ele>1733.75</ele></trkpt>
<trkpt lon="13.05709057" lat="47.53011821"><ele>1717.66</ele></trkpt>
</trkseg><trkseg>
<trkpt lon="13.05710202" lat="47.53033355"><ele>1742.13</ele></trkpt>
<trkpt lon="13.05693855" lat="47.53031674"><ele>1743.28</ele></trkpt>
<trkpt lon="13.05687300" lat="47.53029287"><ele>1740.50</ele></trkpt>
<trkpt lon="13.05680515" lat="47.53031349"><ele>1737.38</ele></trkpt>
<trkpt lon="13.05664400" lat="47.53030581"><ele>1737.17</ele></trkpt>
<trkpt lon="13.05661155" lat="47.53029248"><ele>1736.90</ele></trkpt>
<trkpt lon="13.05650394" lat="47.53032080"><ele>1736.24</ele></trkpt>
<trkpt lon="13.05631997" lat="47.53028394"><ele>1736.13</ele></trkpt>
<trkpt lon="13.05624291" lat="47.53029109"><ele>1736.83</ele></trkpt>
<trkpt lon="13.05615466" lat="47.53030633"><ele>1733.71</ele></trkpt>
<trkpt lon="13.05613694" lat="47.53034707"><ele>1732.32</ele></trkpt>
<trkpt lon="13.05605281" lat="47.53034780"><ele>1732.51</ele></trkpt>
<trkpt lon="13.05603770" lat="47.53034700"><ele>1729.86</ele></trkpt>
<trkpt lon="13.05600214" lat="47.53035630"><ele>1731.05</ele></trkpt>
<trkpt lon="13.05593438" lat="47.53035632"><ele>1733.94</ele></trkpt>
<trkpt lon="13.05583752" lat="47.53038176"><ele>1738.42</ele></trkpt>
<trkpt lon="13.05595369" lat="47.53043430"><ele>1732.03</ele></trkpt>
<trkpt lon="13.05598966" lat="47.53042430"><ele>1729.04</ele></trkpt>
<trkpt lon="13.05595212" lat="47.53048737"><ele>1729.16</ele></trkpt>
<trkpt lon="13.05601727" lat="47.53053292"><ele>1725.99</ele></trkpt>
<trkpt lon="13.05590396" lat="47.53060416"><ele>1728.89</ele></trkpt>
<trkpt lon="13.05582087" lat="47.53061994"><ele>1726.95</ele></trkpt>
<trkpt lon="13.05576295" lat="47.53061266"><ele>1729.29</ele></trkpt>
</trkseg><trkseg>
<trkpt lon="13.05710202" lat="47.53033355"><ele>1742.13</ele></trkpt>
<trkpt lon="13.05720469" lat="47.53033421"><ele>1741.33</ele></trkpt>
<trkpt lon="13.05726670" lat="47.53029936"><ele>1740.21</ele></trkpt>
<trkpt lon="13.05738659" lat="47.53023687"><ele>1738.00</ele></trkpt>
<trkpt lon="13.05751884" lat="47.53023533"><ele>1736.77</ele></trkpt>
<trkpt lon="13.05755704" lat="47.53015455"><ele>1730.38</ele></trkpt>
</trkseg><trkseg>
<trkpt lon="13.05731228" lat="47.53017334"><ele>1727.99</ele></trkpt>
<trkpt lon="13.05733148" lat="47.53013552"><ele>1727.15</ele></trkpt>
<trkpt lon="13.05724264" lat="47.53009478"><ele>1721.66</ele></trkpt>
<trkpt lon="13.05715459" lat="47.53012604"><ele>1720.52</ele></trkpt>
<trkpt lon="13.05709057" lat="47.53011821"><ele>1717.66</ele></trkpt>
</trkseg><trkseg>
<trkpt lon="13.05731228" lat="47.53017334"><ele>1727.99</ele></trkpt>
<trkpt lon="13.05728112" lat="47.53020755"><ele>1732.37</ele></trkpt>
<trkpt lon="13.05724599" lat="47.53024484"><ele>1733.41</ele></trkpt>
<trkpt lon="13.05716727" lat="47.53026816"><ele>1735.18</ele></trkpt>
<trkpt lon="13.05710202" lat="47.53033355"><ele>1742.13</ele></trkpt>
</trkseg><trkseg>
<trkpt lon="13.05731228" lat="47.53017334"><ele>1727.99</ele></trkpt>
<trkpt lon="13.05734929" lat="47.53014230"><ele>1730.99</ele></trkpt>
<trkpt lon="13.05737678" lat="47.53013907"><ele>1731.32</ele></trkpt>
<trkpt lon="13.05738764" lat="47.53011838"><ele>1729.66</ele></trkpt>
<trkpt lon="13.05740382" lat="47.53011560"><ele>1727.81</ele></trkpt>
<trkpt lon="13.05744228" lat="47.53016088"><ele>1729.31</ele></trkpt>
<trkpt lon="13.05750913" lat="47.53016012"><ele>1730.77</ele></trkpt>
<trkpt lon="13.05755704" lat="47.53015455"><ele>1730.38</ele></trkpt>
</trkseg><trkseg>
<trkpt lon="13.05897205" lat="47.53251098"><ele>1992.00</ele></trkpt>
<trkpt lon="13.05893371" lat="47.53251303"><ele>1983.47</ele></trkpt>
<trkpt lon="13.05893593" lat="47.53253565"><ele>1983.81</ele></trkpt>
<trkpt lon="13.05894510" lat="47.53254994"><ele>1983.47</ele></trkpt>
<trkpt lon="13.05896888" lat="47.53255367"><ele>1983.19</ele></trkpt>
<trkpt lon="13.05897348" lat="47.53256239"><ele>1983.16</ele></trkpt>
<trkpt lon="13.05897542" lat="47.53258168"><ele>1972.53</ele></trkpt>
<trkpt lon="13.05899187" lat="47.53258240"><ele>1962.11</ele></trkpt>
<trkpt lon="13.05897709" lat="47.53259763"><ele>1946.35</ele></trkpt>
<trkpt lon="13.05900163" lat="47.53259157"><ele>1939.47</ele></trkpt>
<trkpt lon="13.05899938" lat="47.53260926"><ele>1929.17</ele></trkpt>
<trkpt lon="13.05894869" lat="47.53262558"><ele>1929.46</ele></trkpt>
</trkseg><trkseg>
<trkpt lon="13.05894869" lat="47.53262558"><ele>1929.46</ele></trkpt>
<trkpt lon="13.05891538" lat="47.53263537"><ele>1926.42</ele></trkpt>
<trkpt lon="13.05888787" lat="47.53263175"><ele>1925.46</ele></trkpt>
<trkpt lon="13.05888038" lat="47.53262236"><ele>1924.95</ele></trkpt>
<trkpt lon="13.05885259" lat="47.53261928"><ele>1922.65</ele></trkpt>
<trkpt lon="13.05883112" lat="47.53262494"><ele>1921.76</ele></trkpt>
<trkpt lon="13.05881889" lat="47.53261817"><ele>1919.94</ele></trkpt>
<trkpt lon="13.05880351" lat="47.53264238"><ele>1920.02</ele></trkpt>
<trkpt lon="13.05877923" lat="47.53264152"><ele>1919.87</ele></trkpt>
</trkseg><trkseg>
<trkpt lon="13.05877923" lat="47.53264152"><ele>1919.87</ele></trkpt>
<trkpt lon="13.05877442" lat="47.53267105"><ele>1919.82</ele></trkpt>
</trkseg><trkseg>
<trkpt lon="13.05877442" lat="47.53267105"><ele>1919.82</ele></trkpt>
<trkpt lon="13.05877196" lat="47.53267640"><ele>1914.55</ele></trkpt>
<trkpt lon="13.05874825" lat="47.53265998"><ele>1904.10</ele></trkpt>
<trkpt lon="13.05873992" lat="47.53262304"><ele>1897.43</ele></trkpt>
<trkpt lon="13.05866319" lat="47.53265000"><ele>1897.92</ele></trkpt>
<trkpt lon="13.05865874" lat="47.53262994"><ele>1897.52</ele></trkpt>
<trkpt lon="13.05865365" lat="47.53262410"><ele>1896.04</ele></trkpt>
<trkpt lon="13.05861122" lat="47.53261798"><ele>1889.24</ele></trkpt>
<trkpt lon="13.05859040" lat="47.53263841"><ele>1892.29</ele></trkpt>
</trkseg><trkseg>
<trkpt lon="13.05859040" lat="47.53263841"><ele>1892.29</ele></trkpt>
<trkpt lon="13.05858545" lat="47.53259982"><ele>1891.57</ele></trkpt>
<trkpt lon="13.05860104" lat="47.53257714"><ele>1891.12</ele></trkpt>
<trkpt lon="13.05861406" lat="47.53256980"><ele>1891.88</ele></trkpt>
<trkpt lon="13.05861978" lat="47.53255892"><ele>1891.62</ele></trkpt>
<trkpt lon="13.05863741" lat="47.53256002"><ele>1888.87</ele></trkpt>
<trkpt lon="13.05863783" lat="47.53254860"><ele>1888.37</ele></trkpt>
<trkpt lon="13.05864665" lat="47.53254353"><ele>1889.52</ele></trkpt>
<trkpt lon="13.05864128" lat="47.53252725"><ele>1889.66</ele></trkpt>
<trkpt lon="13.05865118" lat="47.53252903"><ele>1880.66</ele></trkpt>
<trkpt lon="13.05867090" lat="47.53250930"><ele>1880.60</ele></trkpt>
<trkpt lon="13.05867571" lat="47.53251955"><ele>1873.01</ele></trkpt>
<trkpt lon="13.05868646" lat="47.53248032"><ele>1873.34</ele></trkpt>
<trkpt lon="13.05867724" lat="47.53245659"><ele>1870.53</ele></trkpt>
<trkpt lon="13.05865557" lat="47.53246027"><ele>1868.85</ele></trkpt>
</trkseg><trkseg>
<trkpt lon="13.05865557" lat="47.53246027"><ele>1868.85</ele></trkpt>
<trkpt lon="13.05862274" lat="47.53243542"><ele>1856.35</ele></trkpt>
<trkpt lon="13.05851931" lat="47.53241927"><ele>1821.49</ele></trkpt>
<trkpt lon="13.05852246" lat="47.53236623"><ele>1815.90</ele></trkpt>
<trkpt lon="13.05854692" lat="47.53234433"><ele>1815.99</ele></trkpt>
<trkpt lon="13.05852707" lat="47.53227012"><ele>1763.76</ele></trkpt>
<trkpt lon="13.05855896" lat="47.53232402"><ele>1752.40</ele></trkpt>
</trkseg><trkseg>
<trkpt lon="13.05855896" lat="47.53232402"><ele>1752.40</ele></trkpt>
<trkpt lon="13.05859497" lat="47.53226281"><ele>1752.55</ele></trkpt>
<trkpt lon="13.05867760" lat="47.53221274"><ele>1750.71</ele></trkpt>
<trkpt lon="13.05865569" lat="47.53215856"><ele>1752.65</ele></trkpt>
<trkpt lon="13.05870567" lat="47.53215436"><ele>1744.86</ele></trkpt>
<trkpt lon="13.05870816" lat="47.53213011"><ele>1746.07</ele></trkpt>
<trkpt lon="13.05875137" lat="47.53214011"><ele>1744.96</ele></trkpt>
<trkpt lon="13.05874862" lat="47.53215698"><ele>1740.41</ele></trkpt>
<trkpt lon="13.05877396" lat="47.53217235"><ele>1740.77</ele></trkpt>
<trkpt lon="13.05880777" lat="47.53217436"><ele>1741.61</ele></trkpt>
<trkpt lon="13.05887386" lat="47.53215838"><ele>1744.38</ele></trkpt>
<trkpt lon="13.05891591" lat="47.53218528"><ele>1744.92</ele></trkpt>
<trkpt lon="13.05897104" lat="47.53219656"><ele>1737.08</ele></trkpt>
<trkpt lon="13.05898307" lat="47.53212604"><ele>1737.64</ele></trkpt>
<trkpt lon="13.05900372" lat="47.53209930"><ele>1737.04</ele></trkpt>
<trkpt lon="13.05900924" lat="47.53206862"><ele>1737.05</ele></trkpt>
<trkpt lon="13.05902484" lat="47.53204567"><ele>1736.55</ele></trkpt>
<trkpt lon="13.05902166" lat="47.53202726"><ele>1737.17</ele></trkpt>
<trkpt lon="13.05905283" lat="47.53192071"><ele>1735.75</ele></trkpt>
<trkpt lon="13.05904747" lat="47.53186096"><ele>1736.51</ele></trkpt>
<trkpt lon="13.05912369" lat="47.53180448"><ele>1735.12</ele></trkpt>
<trkpt lon="13.05910954" lat="47.53176302"><ele>1737.24</ele></trkpt>
<trkpt lon="13.05917334" lat="47.53170831"><ele>1736.34</ele></trkpt>
<trkpt lon="13.05920032" lat="47.53170454"><ele>1734.77</ele></trkpt>
<trkpt lon="13.05921121" lat="47.53166864"><ele>1734.37</ele></trkpt>
<trkpt lon="13.05930347" lat="47.53162773"><ele>1736.09</ele></trkpt>
<trkpt lon="13.05934627" lat="47.53159129"><ele>1732.94</ele></trkpt>
<trkpt lon="13.05928065" lat="47.53158001"><ele>1732.73</ele></trkpt>
<trkpt lon="13.05926549" lat="47.53153711"><ele>1732.90</ele></trkpt>
</trkseg><trkseg>
<trkpt lon="13.05926549" lat="47.53153711"><ele>1732.90</ele></trkpt>
<trkpt lon="13.05925267" lat="47.53150305"><ele>1730.80</ele></trkpt>
<trkpt lon="13.05927283" lat="47.53147136"><ele>1730.37</ele></trkpt>
<trkpt lon="13.05929080" lat="47.53141651"><ele>1728.69</ele></trkpt>
<trkpt lon="13.05929419" lat="47.53138957"><ele>1732.38</ele></trkpt>
<trkpt lon="13.05932120" lat="47.53138850"><ele>1734.38</ele></trkpt>
</trkseg><trkseg>
<trkpt lon="13.05899938" lat="47.53260926"><ele>1929.17</ele></trkpt>
<trkpt lon="13.05899718" lat="47.53256810"><ele>1928.10</ele></trkpt>
<trkpt lon="13.05900646" lat="47.53255431"><ele>1928.97</ele></trkpt>
<trkpt lon="13.05902392" lat="47.53255280"><ele>1934.43</ele></trkpt>
</trkseg><trkseg>
<trkpt lon="13.05859040" lat="47.53263841"><ele>1892.29</ele></trkpt>
<trkpt lon="13.05859040" lat="47.53263841"><ele>1892.29</ele></trkpt>
</trkseg><trkseg>
<trkpt lon="13.05859040" lat="47.53263841"><ele>1892.29</ele></trkpt>
<trkpt lon="13.05858816" lat="47.53268472"><ele>1888.16</ele></trkpt>
</trkseg><trkseg>
<trkpt lon="13.05855896" lat="47.53232402"><ele>1752.40</ele></trkpt>
<trkpt lon="13.05855701" lat="47.53233370"><ele>1752.41</ele></trkpt>
<trkpt lon="13.05854491" lat="47.53236985"><ele>1738.40</ele></trkpt>
<trkpt lon="13.05860055" lat="47.53240679"><ele>1735.44</ele></trkpt>
</trkseg><trkseg>
<trkpt lon="13.05860055" lat="47.53240679"><ele>1735.44</ele></trkpt>
<trkpt lon="13.05860776" lat="47.53242374"><ele>1733.19</ele></trkpt>
</trkseg><trkseg>
<trkpt lon="13.05860776" lat="47.53242374"><ele>1733.19</ele></trkpt>
<trkpt lon="13.05865269" lat="47.53240533"><ele>1727.74</ele></trkpt>
</trkseg><trkseg>
<trkpt lon="13.05865269" lat="47.53240533"><ele>1727.74</ele></trkpt>
<trkpt lon="13.05867701" lat="47.53235472"><ele>1729.12</ele></trkpt>
</trkseg><trkseg>
<trkpt lon="13.05867701" lat="47.53235472"><ele>1729.12</ele></trkpt>
<trkpt lon="13.05874721" lat="47.53236437"><ele>1727.27</ele></trkpt>
</trkseg><trkseg>
<trkpt lon="13.05874721" lat="47.53236437"><ele>1727.27</ele></trkpt>
<trkpt lon="13.05874294" lat="47.53238265"><ele>1726.88</ele></trkpt>
</trkseg><trkseg>
<trkpt lon="13.05874294" lat="47.53238265"><ele>1726.88</ele></trkpt>
<trkpt lon="13.05876583" lat="47.53239267"><ele>1724.72</ele></trkpt>
</trkseg><trkseg>
<trkpt lon="13.05876583" lat="47.53239267"><ele>1724.72</ele></trkpt>
<trkpt lon="13.05876939" lat="47.53240767"><ele>1724.66</ele></trkpt>
</trkseg><trkseg>
<trkpt lon="13.05876939" lat="47.53240767"><ele>1724.66</ele></trkpt>
<trkpt lon="13.05877092" lat="47.53242389"><ele>1725.57</ele></trkpt>
</trkseg><trkseg>
<trkpt lon="13.05877092" lat="47.53242389"><ele>1725.57</ele></trkpt>
<trkpt lon="13.05878239" lat="47.53242615"><ele>1725.47</ele></trkpt>
</trkseg><trkseg>
<trkpt lon="13.05878239" lat="47.53242615"><ele>1725.47</ele></trkpt>
<trkpt lon="13.05879973" lat="47.53242078"><ele>1726.16</ele></trkpt>
</trkseg><trkseg>
<trkpt lon="13.05879973" lat="47.53242078"><ele>1726.16</ele></trkpt>
<trkpt lon="13.05880022" lat="47.53241827"><ele>1725.68</ele></trkpt>
</trkseg><trkseg>
<trkpt lon="13.05880022" lat="47.53241827"><ele>1725.68</ele></trkpt>
<trkpt lon="13.05883539" lat="47.53240861"><ele>1724.48</ele></trkpt>
</trkseg><trkseg>
<trkpt lon="13.05883539" lat="47.53240861"><ele>1724.48</ele></trkpt>
<trkpt lon="13.05884538" lat="47.53240086"><ele>1724.27</ele></trkpt>
</trkseg><trkseg>
<trkpt lon="13.05884538" lat="47.53240086"><ele>1724.27</ele></trkpt>
<trkpt lon="13.05886636" lat="47.53240481"><ele>1724.88</ele></trkpt>
</trkseg><trkseg>
<trkpt lon="13.05886636" lat="47.53240481"><ele>1724.88</ele></trkpt>
<trkpt lon="13.05893139" lat="47.53236704"><ele>1722.28</ele></trkpt>
</trkseg><trkseg>
<trkpt lon="13.05893139" lat="47.53236704"><ele>1722.28</ele></trkpt>
<trkpt lon="13.05896228" lat="47.53236909"><ele>1719.84</ele></trkpt>
</trkseg><trkseg>
<trkpt lon="13.05896228" lat="47.53236909"><ele>1719.84</ele></trkpt>
<trkpt lon="13.05897621" lat="47.53236600"><ele>1716.50</ele></trkpt>
</trkseg><trkseg>
<trkpt lon="13.05874721" lat="47.53236437"><ele>1727.27</ele></trkpt>
<trkpt lon="13.05876580" lat="47.53237179"><ele>1725.05</ele></trkpt>
</trkseg><trkseg>
<trkpt lon="13.05876580" lat="47.53237179"><ele>1725.05</ele></trkpt>
<trkpt lon="13.05879679" lat="47.53237439"><ele>1722.76</ele></trkpt>
<trkpt lon="13.05881868" lat="47.53237908"><ele>1722.19</ele></trkpt>
<trkpt lon="13.05881331" lat="47.53239482"><ele>1721.74</ele></trkpt>
</trkseg><trkseg>
<trkpt lon="13.05917334" lat="47.53170831"><ele>1736.34</ele></trkpt>
<trkpt lon="13.05914315" lat="47.53167667"><ele>1737.73</ele></trkpt>
</trkseg><trkseg>
<trkpt lon="13.05914315" lat="47.53167667"><ele>1737.73</ele></trkpt>
<trkpt lon="13.05914724" lat="47.53167035"><ele>1738.89</ele></trkpt>
</trkseg><trkseg>
<trkpt lon="13.05914724" lat="47.53167035"><ele>1738.89</ele></trkpt>
<trkpt lon="13.05915370" lat="47.53166452"><ele>1739.89</ele></trkpt>
</trkseg><trkseg>
<trkpt lon="13.05915370" lat="47.53166452"><ele>1739.89</ele></trkpt>
<trkpt lon="13.05916346" lat="47.53165938"><ele>1741.14</ele></trkpt>
</trkseg><trkseg>
<trkpt lon="13.05916346" lat="47.53165938"><ele>1741.14</ele></trkpt>
<trkpt lon="13.05915050" lat="47.53164323"><ele>1741.19</ele></trkpt>
</trkseg><trkseg>
<trkpt lon="13.05932488" lat="47.53134645"><ele>1731.22</ele></trkpt>
<trkpt lon="13.05928442" lat="47.53133037"><ele>1728.26</ele></trkpt>
</trkseg><trkseg>
<trkpt lon="13.05928442" lat="47.53133037"><ele>1728.26</ele></trkpt>
<trkpt lon="13.05925877" lat="47.53134479"><ele>1727.29</ele></trkpt>
</trkseg><trkseg>
<trkpt lon="13.05925877" lat="47.53134479"><ele>1727.29</ele></trkpt>
<trkpt lon="13.05924554" lat="47.53136139"><ele>1727.33</ele></trkpt>
</trkseg><trkseg>
<trkpt lon="13.05921564" lat="47.53126424"><ele>1732.22</ele></trkpt>
<trkpt lon="13.05916735" lat="47.53123346"><ele>1732.28</ele></trkpt>
</trkseg><trkseg>
<trkpt lon="13.05916735" lat="47.53123346"><ele>1732.28</ele></trkpt>
<trkpt lon="13.05914662" lat="47.53121196"><ele>1732.58</ele></trkpt>
</trkseg><trkseg>
<trkpt lon="13.05878552" lat="47.53073271"><ele>1732.58</ele></trkpt>
<trkpt lon="13.05879099" lat="47.53069960"><ele>1733.84</ele></trkpt>
</trkseg><trkseg>
<trkpt lon="13.05879099" lat="47.53069960"><ele>1733.84</ele></trkpt>
<trkpt lon="13.05877326" lat="47.53067240"><ele>1733.61</ele></trkpt>
<trkpt lon="13.05876976" lat="47.53066640"><ele>1733.89</ele></trkpt>
</trkseg><trkseg>
<trkpt lon="13.05876976" lat="47.53066640"><ele>1733.89</ele></trkpt>
<trkpt lon="13.05876037" lat="47.53066543"><ele>1733.96</ele></trkpt>
</trkseg><trkseg>
<trkpt lon="13.05879099" lat="47.53069960"><ele>1733.84</ele></trkpt>
<trkpt lon="13.05879463" lat="47.53071613"><ele>1736.40</ele></trkpt>
</trkseg><trkseg>
<trkpt lon="13.05879463" lat="47.53071613"><ele>1736.40</ele></trkpt>
<trkpt lon="13.05873963" lat="47.53070179"><ele>1736.71</ele></trkpt>
</trkseg><trkseg>
<trkpt lon="13.05873963" lat="47.53070179"><ele>1736.71</ele></trkpt>
<trkpt lon="13.05872370" lat="47.53066895"><ele>1736.94</ele></trkpt>
</trkseg><trkseg>
<trkpt lon="13.05872370" lat="47.53066895"><ele>1736.94</ele></trkpt>
<trkpt lon="13.05871337" lat="47.53066094"><ele>1733.80</ele></trkpt>
</trkseg><trkseg>
<trkpt lon="13.05871337" lat="47.53066094"><ele>1733.80</ele></trkpt>
<trkpt lon="13.05867549" lat="47.53065751"><ele>1732.19</ele></trkpt>
</trkseg><trkseg>
<trkpt lon="13.05900279" lat="47.53067403"><ele>1701.57</ele></trkpt>
<trkpt lon="13.05905891" lat="47.53067264"><ele>1700.86</ele></trkpt>
</trkseg><trkseg>
<trkpt lon="13.05905891" lat="47.53067264"><ele>1700.86</ele></trkpt>
<trkpt lon="13.05908330" lat="47.53069222"><ele>1700.40</ele></trkpt>
</trkseg><trkseg>
<trkpt lon="13.05908330" lat="47.53069222"><ele>1700.40</ele></trkpt>
<trkpt lon="13.05912657" lat="47.53068243"><ele>1700.11</ele></trkpt>
</trkseg><trkseg>
<trkpt lon="13.05912657" lat="47.53068243"><ele>1700.11</ele></trkpt>
<trkpt lon="13.05914208" lat="47.53070852"><ele>1700.08</ele></trkpt>
</trkseg><trkseg>
<trkpt lon="13.05914208" lat="47.53070852"><ele>1700.08</ele></trkpt>
<trkpt lon="13.05922840" lat="47.53070980"><ele>1698.60</ele></trkpt>
</trkseg><trkseg>
<trkpt lon="13.05922840" lat="47.53070980"><ele>1698.60</ele></trkpt>
<trkpt lon="13.05922929" lat="47.53072520"><ele>1698.98</ele></trkpt>
</trkseg><trkseg>
<trkpt lon="13.05922929" lat="47.53072520"><ele>1698.98</ele></trkpt>
<trkpt lon="13.05928120" lat="47.53072257"><ele>1699.22</ele></trkpt>
</trkseg><trkseg>
<trkpt lon="13.05897104" lat="47.53219656"><ele>1737.08</ele></trkpt>
<trkpt lon="13.05894001" lat="47.53221628"><ele>1738.99</ele></trkpt>
</trkseg><trkseg>
<trkpt lon="13.05894001" lat="47.53221628"><ele>1738.99</ele></trkpt>
<trkpt lon="13.05895741" lat="47.53225617"><ele>1734.56</ele></trkpt>
</trkseg><trkseg>
<trkpt lon="13.05895741" lat="47.53225617"><ele>1734.56</ele></trkpt>
<trkpt lon="13.05892303" lat="47.53229500"><ele>1734.23</ele></trkpt>
</trkseg><trkseg>
<trkpt lon="13.05892303" lat="47.53229500"><ele>1734.23</ele></trkpt>
<trkpt lon="13.05892987" lat="47.53231464"><ele>1733.62</ele></trkpt>
</trkseg><trkseg>
<trkpt lon="13.05892987" lat="47.53231464"><ele>1733.62</ele></trkpt>
<trkpt lon="13.05890565" lat="47.53233016"><ele>1735.04</ele></trkpt>
</trkseg><trkseg>
<trkpt lon="13.05890565" lat="47.53233016"><ele>1735.04</ele></trkpt>
<trkpt lon="13.05887311" lat="47.53243048"><ele>1736.61</ele></trkpt>
</trkseg><trkseg>
<trkpt lon="13.05887311" lat="47.53243048"><ele>1736.61</ele></trkpt>
<trkpt lon="13.05888424" lat="47.53248178"><ele>1737.89</ele></trkpt>
</trkseg><trkseg>
<trkpt lon="13.05888424" lat="47.53248178"><ele>1737.89</ele></trkpt>
<trkpt lon="13.05888033" lat="47.53247973"><ele>1738.02</ele></trkpt>
</trkseg><trkseg>
<trkpt lon="13.05888033" lat="47.53247973"><ele>1738.02</ele></trkpt>
<trkpt lon="13.05887740" lat="47.53249426"><ele>1737.79</ele></trkpt>
</trkseg><trkseg>
<trkpt lon="13.05887740" lat="47.53249426"><ele>1737.79</ele></trkpt>
<trkpt lon="13.05886645" lat="47.53249938"><ele>1737.67</ele></trkpt>
</trkseg><trkseg>
<trkpt lon="13.05886645" lat="47.53249938"><ele>1737.67</ele></trkpt>
<trkpt lon="13.05886033" lat="47.53250324"><ele>1737.32</ele></trkpt>
</trkseg><trkseg>
<trkpt lon="13.05886033" lat="47.53250324"><ele>1737.32</ele></trkpt>
<trkpt lon="13.05884679" lat="47.53249932"><ele>1737.45</ele></trkpt>
</trkseg><trkseg>
<trkpt lon="13.05884679" lat="47.53249932"><ele>1737.45</ele></trkpt>
<trkpt lon="13.05885287" lat="47.53251094"><ele>1737.55</ele></trkpt>
</trkseg><trkseg>
<trkpt lon="13.05928120" lat="47.53072257"><ele>1699.22</ele></trkpt>
<trkpt lon="13.05933127" lat="47.53068715"><ele>1702.22</ele></trkpt>
<trkpt lon="13.05929809" lat="47.53066095"><ele>1702.69</ele></trkpt>
<trkpt lon="13.05925826" lat="47.53059197"><ele>1704.76</ele></trkpt>
<trkpt lon="13.05924420" lat="47.53056960"><ele>1702.64</ele></trkpt>
</trkseg><trkseg>
<trkpt lon="13.05928120" lat="47.53072257"><ele>1699.22</ele></trkpt>
<trkpt lon="13.05925289" lat="47.53074108"><ele>1698.44</ele></trkpt>
</trkseg><trkseg>
<trkpt lon="13.05925289" lat="47.53074108"><ele>1698.44</ele></trkpt>
<trkpt lon="13.05927864" lat="47.53077778"><ele>1697.98</ele></trkpt>
</trkseg><trkseg>
<trkpt lon="13.05927864" lat="47.53077778"><ele>1697.98</ele></trkpt>
<trkpt lon="13.05921171" lat="47.53079104"><ele>1696.42</ele></trkpt>
</trkseg><trkseg>
<trkpt lon="13.05921171" lat="47.53079104"><ele>1696.42</ele></trkpt>
<trkpt lon="13.05919721" lat="47.53081329"><ele>1695.44</ele></trkpt>
</trkseg><trkseg>
<trkpt lon="13.05919721" lat="47.53081329"><ele>1695.44</ele></trkpt>
<trkpt lon="13.05914485" lat="47.53081357"><ele>1694.31</ele></trkpt>
</trkseg><trkseg>
<trkpt lon="13.05914485" lat="47.53081357"><ele>1694.31</ele></trkpt>
<trkpt lon="13.05909438" lat="47.53083827"><ele>1692.64</ele></trkpt>
</trkseg><trkseg>
<trkpt lon="13.05909438" lat="47.53083827"><ele>1692.64</ele></trkpt>
<trkpt lon="13.05908025" lat="47.53083237"><ele>1692.50</ele></trkpt>
</trkseg><trkseg>
<trkpt lon="13.05908025" lat="47.53083237"><ele>1692.50</ele></trkpt>
<trkpt lon="13.05908151" lat="47.53085578"><ele>1691.40</ele></trkpt>
</trkseg><trkseg>
<trkpt lon="13.05908151" lat="47.53085578"><ele>1691.40</ele></trkpt>
<trkpt lon="13.05906140" lat="47.53086777"><ele>1691.06</ele></trkpt>
</trkseg><trkseg>
<trkpt lon="13.05906140" lat="47.53086777"><ele>1691.06</ele></trkpt>
<trkpt lon="13.05908042" lat="47.53087826"><ele>1690.47</ele></trkpt>
</trkseg><trkseg>
<trkpt lon="13.05908042" lat="47.53087826"><ele>1690.47</ele></trkpt>
<trkpt lon="13.05903318" lat="47.53088025"><ele>1689.50</ele></trkpt>
</trkseg><trkseg>
<trkpt lon="13.05930892" lat="47.53022363"><ele>1723.99</ele></trkpt>
<trkpt lon="13.05929505" lat="47.53017471"><ele>1728.54</ele></trkpt>
</trkseg><trkseg>
<trkpt lon="13.05929505" lat="47.53017471"><ele>1728.54</ele></trkpt>
<trkpt lon="13.05930349" lat="47.53016190"><ele>1731.14</ele></trkpt>
</trkseg><trkseg>
<trkpt lon="13.05930349" lat="47.53016190"><ele>1731.14</ele></trkpt>
<trkpt lon="13.05932285" lat="47.53009447"><ele>1736.05</ele></trkpt>
</trkseg><trkseg>
<trkpt lon="13.05932285" lat="47.53009447"><ele>1736.05</ele></trkpt>
<trkpt lon="13.05932277" lat="47.53007512"><ele>1737.58</ele></trkpt>
</trkseg><trkseg>
<trkpt lon="13.05967612" lat="47.53007300"><ele>1737.81</ele></trkpt>
<trkpt lon="13.05973010" lat="47.53005043"><ele>1738.79</ele></trkpt>
</trkseg><trkseg>
<trkpt lon="13.05973010" lat="47.53005043"><ele>1738.79</ele></trkpt>
<trkpt lon="13.05978816" lat="47.53005402"><ele>1738.45</ele></trkpt>
</trkseg><trkseg>
<trkpt lon="13.05978816" lat="47.53005402"><ele>1738.45</ele></trkpt>
<trkpt lon="13.05996387" lat="47.53003423"><ele>1739.35</ele></trkpt>
</trkseg><trkseg>
<trkpt lon="13.05996387" lat="47.53003423"><ele>1739.35</ele></trkpt>
<trkpt lon="13.06000368" lat="47.53001754"><ele>1740.35</ele></trkpt>
</trkseg><trkseg>
<trkpt lon="13.06000368" lat="47.53001754"><ele>1740.35</ele></trkpt>
<trkpt lon="13.06006931" lat="47.53002126"><ele>1740.35</ele></trkpt>
</trkseg><trkseg>
<trkpt lon="13.06006931" lat="47.53002126"><ele>1740.35</ele></trkpt>
<trkpt lon="13.06009071" lat="47.53002828"><ele>1740.01</ele></trkpt>
</trkseg><trkseg>
<trkpt lon="13.06009071" lat="47.53002828"><ele>1740.01</ele></trkpt>
<trkpt lon="13.06012109" lat="47.53000414"><ele>1740.97</ele></trkpt>
</trkseg><trkseg>
<trkpt lon="13.06012109" lat="47.53000414"><ele>1740.97</ele></trkpt>
<trkpt lon="13.06011781" lat="47.52999229"><ele>1741.31</ele></trkpt>
</trkseg><trkseg>
<trkpt lon="13.06011781" lat="47.52999229"><ele>1741.31</ele></trkpt>
<trkpt lon="13.06013751" lat="47.52996968"><ele>1742.31</ele></trkpt>
<trkpt lon="13.06026647" lat="47.52993479"><ele>1743.53</ele></trkpt>
</trkseg><trkseg>
<trkpt lon="13.06026647" lat="47.52993479"><ele>1743.53</ele></trkpt>
<trkpt lon="13.06029533" lat="47.52997028"><ele>1742.70</ele></trkpt>
</trkseg><trkseg>
<trkpt lon="13.06029533" lat="47.52997028"><ele>1742.70</ele></trkpt>
<trkpt lon="13.06031764" lat="47.52998488"><ele>1742.01</ele></trkpt>
<trkpt lon="13.06035051" lat="47.52997967"><ele>1741.48</ele></trkpt>
</trkseg><trkseg>
<trkpt lon="13.06035051" lat="47.52997967"><ele>1741.48</ele></trkpt>
<trkpt lon="13.06034887" lat="47.53000259"><ele>1741.23</ele></trkpt>
</trkseg><trkseg>
<trkpt lon="13.06034887" lat="47.53000259"><ele>1741.23</ele></trkpt>
<trkpt lon="13.06039477" lat="47.53002244"><ele>1740.08</ele></trkpt>
</trkseg><trkseg>
<trkpt lon="13.06039477" lat="47.53002244"><ele>1740.08</ele></trkpt>
<trkpt lon="13.06035780" lat="47.53004161"><ele>1738.87</ele></trkpt>
</trkseg><trkseg>
<trkpt lon="13.05930178" lat="47.53030557"><ele>1717.76</ele></trkpt>
<trkpt lon="13.05933045" lat="47.53035312"><ele>1712.81</ele></trkpt>
</trkseg><trkseg>
<trkpt lon="13.05933045" lat="47.53035312"><ele>1712.81</ele></trkpt>
<trkpt lon="13.05928372" lat="47.53037716"><ele>1711.64</ele></trkpt>
</trkseg><trkseg>
<trkpt lon="13.05928372" lat="47.53037716"><ele>1711.64</ele></trkpt>
<trkpt lon="13.05934945" lat="47.53042867"><ele>1706.45</ele></trkpt>
</trkseg><trkseg>
<trkpt lon="13.05934945" lat="47.53042867"><ele>1706.45</ele></trkpt>
<trkpt lon="13.05933191" lat="47.53043575"><ele>1704.70</ele></trkpt>
</trkseg><trkseg>
<trkpt lon="13.05933191" lat="47.53043575"><ele>1704.70</ele></trkpt>
<trkpt lon="13.05936508" lat="47.53045152"><ele>1703.78</ele></trkpt>
</trkseg><trkseg>
<trkpt lon="13.05936508" lat="47.53045152"><ele>1703.78</ele></trkpt>
<trkpt lon="13.05948948" lat="47.53047558"><ele>1701.28</ele></trkpt>
</trkseg><trkseg>
<trkpt lon="13.05948948" lat="47.53047558"><ele>1701.28</ele></trkpt>
<trkpt lon="13.05958883" lat="47.53059172"><ele>1688.55</ele></trkpt>
</trkseg><trkseg>
<trkpt lon="13.05958883" lat="47.53059172"><ele>1688.55</ele></trkpt>
<trkpt lon="13.05959242" lat="47.53060249"><ele>1687.95</ele></trkpt>
</trkseg><trkseg>
<trkpt lon="13.05959242" lat="47.53060249"><ele>1687.95</ele></trkpt>
<trkpt lon="13.05954328" lat="47.53063414"><ele>1687.26</ele></trkpt>
</trkseg><trkseg>
<trkpt lon="13.05954328" lat="47.53063414"><ele>1687.26</ele></trkpt>
<trkpt lon="13.05954398" lat="47.53065854"><ele>1685.63</ele></trkpt>
</trkseg><trkseg>
<trkpt lon="13.05954398" lat="47.53065854"><ele>1685.63</ele></trkpt>
<trkpt lon="13.05956539" lat="47.53067240"><ele>1684.26</ele></trkpt>
</trkseg><trkseg>
<trkpt lon="13.05956539" lat="47.53067240"><ele>1684.26</ele></trkpt>
<trkpt lon="13.05956803" lat="47.53070160"><ele>1684.02</ele></trkpt>
</trkseg><trkseg>
<trkpt lon="13.05956803" lat="47.53070160"><ele>1684.02</ele></trkpt>
<trkpt lon="13.05958678" lat="47.53070848"><ele>1683.19</ele></trkpt>
</trkseg><trkseg>
<trkpt lon="13.05958678" lat="47.53070848"><ele>1683.19</ele></trkpt>
<trkpt lon="13.05962341" lat="47.53073097"><ele>1681.72</ele></trkpt>
</trkseg><trkseg>
<trkpt lon="13.05962341" lat="47.53073097"><ele>1681.72</ele></trkpt>
<trkpt lon="13.05967395" lat="47.53074406"><ele>1680.81</ele></trkpt>
</trkseg><trkseg>
<trkpt lon="13.05967395" lat="47.53074406"><ele>1680.81</ele></trkpt>
<trkpt lon="13.05974501" lat="47.53078423"><ele>1680.49</ele></trkpt>
</trkseg><trkseg>
<trkpt lon="13.05974501" lat="47.53078423"><ele>1680.49</ele></trkpt>
<trkpt lon="13.05976029" lat="47.53076982"><ele>1680.48</ele></trkpt>
</trkseg><trkseg>
<trkpt lon="13.05976029" lat="47.53076982"><ele>1680.48</ele></trkpt>
<trkpt lon="13.05978583" lat="47.53076890"><ele>1680.64</ele></trkpt>
</trkseg><trkseg>
<trkpt lon="13.05978583" lat="47.53076890"><ele>1680.64</ele></trkpt>
<trkpt lon="13.05978960" lat="47.53075682"><ele>1680.76</ele></trkpt>
</trkseg><trkseg>
<trkpt lon="13.05978960" lat="47.53075682"><ele>1680.76</ele></trkpt>
<trkpt lon="13.05976403" lat="47.53074055"><ele>1681.74</ele></trkpt>
</trkseg><trkseg>
<trkpt lon="13.05976403" lat="47.53074055"><ele>1681.74</ele></trkpt>
<trkpt lon="13.05982295" lat="47.53070285"><ele>1683.75</ele></trkpt>
</trkseg><trkseg>
<trkpt lon="13.05927079" lat="47.53030991"><ele>1718.06</ele></trkpt>
<trkpt lon="13.05924123" lat="47.53030095"><ele>1717.43</ele></trkpt>
</trkseg><trkseg>
<trkpt lon="13.05924123" lat="47.53030095"><ele>1717.43</ele></trkpt>
<trkpt lon="13.05921040" lat="47.53031194"><ele>1716.75</ele></trkpt>
</trkseg><trkseg>
<trkpt lon="13.05921040" lat="47.53031194"><ele>1716.75</ele></trkpt>
<trkpt lon="13.05920772" lat="47.53029075"><ele>1716.37</ele></trkpt>
</trkseg><trkseg>
<trkpt lon="13.05920772" lat="47.53029075"><ele>1716.37</ele></trkpt>
<trkpt lon="13.05922231" lat="47.53029514"><ele>1714.13</ele></trkpt>
</trkseg><trkseg>
<trkpt lon="13.05922231" lat="47.53029514"><ele>1714.13</ele></trkpt>
<trkpt lon="13.05920237" lat="47.53028112"><ele>1714.63</ele></trkpt>
</trkseg><trkseg>
<trkpt lon="13.05920237" lat="47.53028112"><ele>1714.63</ele></trkpt>
<trkpt lon="13.05919548" lat="47.53025167"><ele>1714.56</ele></trkpt>
</trkseg><trkseg>
<trkpt lon="13.05919548" lat="47.53025167"><ele>1714.56</ele></trkpt>
<trkpt lon="13.05919956" lat="47.53023842"><ele>1716.32</ele></trkpt>
</trkseg><trkseg>
<trkpt lon="13.05919956" lat="47.53023842"><ele>1716.32</ele></trkpt>
<trkpt lon="13.05914454" lat="47.53022085"><ele>1715.13</ele></trkpt>
</trkseg><trkseg>
<trkpt lon="13.05914454" lat="47.53022085"><ele>1715.13</ele></trkpt>
<trkpt lon="13.05913355" lat="47.53020536"><ele>1716.43</ele></trkpt>
</trkseg><trkseg>
<trkpt lon="13.05913355" lat="47.53020536"><ele>1716.43</ele></trkpt>
<trkpt lon="13.05908172" lat="47.53019144"><ele>1716.88</ele></trkpt>
</trkseg><trkseg>
<trkpt lon="13.05908172" lat="47.53019144"><ele>1716.88</ele></trkpt>
<trkpt lon="13.05907038" lat="47.53017820"><ele>1718.64</ele></trkpt>
</trkseg><trkseg>
<trkpt lon="13.05907038" lat="47.53017820"><ele>1718.64</ele></trkpt>
<trkpt lon="13.05903090" lat="47.53012480"><ele>1719.50</ele></trkpt>
</trkseg><trkseg>
<trkpt lon="13.05903318" lat="47.53088025"><ele>1689.50</ele></trkpt>
<trkpt lon="13.05901677" lat="47.53090355"><ele>1687.30</ele></trkpt>
</trkseg><trkseg>
<trkpt lon="13.05901677" lat="47.53090355"><ele>1687.30</ele></trkpt>
<trkpt lon="13.05898200" lat="47.53089900"><ele>1686.21</ele></trkpt>
</trkseg><trkseg>
<trkpt lon="13.05898200" lat="47.53089900"><ele>1686.21</ele></trkpt>
<trkpt lon="13.05896533" lat="47.53088972"><ele>1685.20</ele></trkpt>
</trkseg><trkseg>
<trkpt lon="13.05896533" lat="47.53088972"><ele>1685.20</ele></trkpt>
<trkpt lon="13.05895276" lat="47.53089563"><ele>1683.28</ele></trkpt>
</trkseg><trkseg>
<trkpt lon="13.05895276" lat="47.53089563"><ele>1683.28</ele></trkpt>
<trkpt lon="13.05889296" lat="47.53091036"><ele>1682.71</ele></trkpt>
</trkseg><trkseg>
<trkpt lon="13.05889296" lat="47.53091036"><ele>1682.71</ele></trkpt>
<trkpt lon="13.05886014" lat="47.53092825"><ele>1682.75</ele></trkpt>
</trkseg><trkseg>
<trkpt lon="13.05886014" lat="47.53092825"><ele>1682.75</ele></trkpt>
<trkpt lon="13.05880581" lat="47.53092796"><ele>1682.81</ele></trkpt>
</trkseg><trkseg>
<trkpt lon="13.05880581" lat="47.53092796"><ele>1682.81</ele></trkpt>
<trkpt lon="13.05879569" lat="47.53091438"><ele>1682.51</ele></trkpt>
</trkseg><trkseg>
<trkpt lon="13.05879569" lat="47.53091438"><ele>1682.51</ele></trkpt>
<trkpt lon="13.05876592" lat="47.53091082"><ele>1682.65</ele></trkpt>
</trkseg><trkseg>
<trkpt lon="13.05876592" lat="47.53091082"><ele>1682.65</ele></trkpt>
<trkpt lon="13.05874295" lat="47.53090341"><ele>1681.71</ele></trkpt>
</trkseg><trkseg>
<trkpt lon="13.05874295" lat="47.53090341"><ele>1681.71</ele></trkpt>
<trkpt lon="13.05873375" lat="47.53088967"><ele>1681.08</ele></trkpt>
</trkseg><trkseg>
<trkpt lon="13.05873375" lat="47.53088967"><ele>1681.08</ele></trkpt>
<trkpt lon="13.05874358" lat="47.53087535"><ele>1680.89</ele></trkpt>
</trkseg><trkseg>
<trkpt lon="13.05874358" lat="47.53087535"><ele>1680.89</ele></trkpt>
<trkpt lon="13.05872015" lat="47.53085866"><ele>1680.72</ele></trkpt>
</trkseg><trkseg>
<trkpt lon="13.05872015" lat="47.53085866"><ele>1680.72</ele></trkpt>
<trkpt lon="13.05870318" lat="47.53085775"><ele>1679.67</ele></trkpt>
</trkseg><trkseg>
<trkpt lon="13.05870318" lat="47.53085775"><ele>1679.67</ele></trkpt>
<trkpt lon="13.05868920" lat="47.53084410"><ele>1676.34</ele></trkpt>
</trkseg><trkseg>
<trkpt lon="13.05843634" lat="47.53042373"><ele>1739.96</ele></trkpt>
<trkpt lon="13.05844551" lat="47.53040571"><ele>1740.94</ele></trkpt>
</trkseg><trkseg>
<trkpt lon="13.05844551" lat="47.53040571"><ele>1740.94</ele></trkpt>
<trkpt lon="13.05840522" lat="47.53041358"><ele>1742.43</ele></trkpt>
</trkseg><trkseg>
<trkpt lon="13.05840522" lat="47.53041358"><ele>1742.43</ele></trkpt>
<trkpt lon="13.05837046" lat="47.53038348"><ele>1737.41</ele></trkpt>
</trkseg><trkseg>
<trkpt lon="13.05982295" lat="47.53070285"><ele>1683.75</ele></trkpt>
<trkpt lon="13.05986702" lat="47.53068938"><ele>1685.74</ele></trkpt>
</trkseg><trkseg>
<trkpt lon="13.05986702" lat="47.53068938"><ele>1685.74</ele></trkpt>
<trkpt lon="13.05986339" lat="47.53066907"><ele>1686.43</ele></trkpt>
</trkseg><trkseg>
<trkpt lon="13.05986339" lat="47.53066907"><ele>1686.43</ele></trkpt>
<trkpt lon="13.05992723" lat="47.53067807"><ele>1687.03</ele></trkpt>
</trkseg><trkseg>
<trkpt lon="13.05986339" lat="47.53066907"><ele>1686.43</ele></trkpt>
<trkpt lon="13.05992614" lat="47.53066447"><ele>1687.15</ele></trkpt>
</trkseg><trkseg>
<trkpt lon="13.05992614" lat="47.53066447"><ele>1687.15</ele></trkpt>
<trkpt lon="13.05995971" lat="47.53059710"><ele>1693.60</ele></trkpt>
</trkseg><trkseg>
<trkpt lon="13.05877396" lat="47.53217235"><ele>1740.77</ele></trkpt>
<trkpt lon="13.05880113" lat="47.53214536"><ele>1738.37</ele></trkpt>
</trkseg><trkseg>
<trkpt lon="13.05880113" lat="47.53214536"><ele>1738.37</ele></trkpt>
<trkpt lon="13.05879869" lat="47.53211788"><ele>1735.73</ele></trkpt>
</trkseg><trkseg>
<trkpt lon="13.05879869" lat="47.53211788"><ele>1735.73</ele></trkpt>
<trkpt lon="13.05882501" lat="47.53210302"><ele>1728.64</ele></trkpt>
</trkseg><trkseg>
<trkpt lon="13.05882501" lat="47.53210302"><ele>1728.64</ele></trkpt>
<trkpt lon="13.05884391" lat="47.53211306"><ele>1728.07</ele></trkpt>
<trkpt lon="13.05885627" lat="47.53210931"><ele>1728.25</ele></trkpt>
<trkpt lon="13.05889936" lat="47.53211544"><ele>1729.39</ele></trkpt>
</trkseg><trkseg>
<trkpt lon="13.05889936" lat="47.53211544"><ele>1729.39</ele></trkpt>
<trkpt lon="13.05889969" lat="47.53213173"><ele>1728.76</ele></trkpt>
</trkseg><trkseg>
<trkpt lon="13.05889969" lat="47.53213173"><ele>1728.76</ele></trkpt>
<trkpt lon="13.05889397" lat="47.53213902"><ele>1724.32</ele></trkpt>
</trkseg><trkseg>
<trkpt lon="13.05889397" lat="47.53213902"><ele>1724.32</ele></trkpt>
<trkpt lon="13.05896246" lat="47.53214449"><ele>1711.69</ele></trkpt>
</trkseg><trkseg>
<trkpt lon="13.05896246" lat="47.53214449"><ele>1711.69</ele></trkpt>
<trkpt lon="13.05899045" lat="47.53213849"><ele>1711.05</ele></trkpt>
</trkseg><trkseg>
<trkpt lon="13.05899045" lat="47.53213849"><ele>1711.05</ele></trkpt>
<trkpt lon="13.05903858" lat="47.53213418"><ele>1697.36</ele></trkpt>
</trkseg><trkseg>
<trkpt lon="13.05903858" lat="47.53213418"><ele>1697.36</ele></trkpt>
<trkpt lon="13.05914433" lat="47.53216674"><ele>1687.37</ele></trkpt>
</trkseg><trkseg>
<trkpt lon="13.05914433" lat="47.53216674"><ele>1687.37</ele></trkpt>
<trkpt lon="13.05913886" lat="47.53214946"><ele>1684.56</ele></trkpt>
<trkpt lon="13.05917851" lat="47.53209758"><ele>1685.34</ele></trkpt>
<trkpt lon="13.05918392" lat="47.53205529"><ele>1685.57</ele></trkpt>
</trkseg><trkseg>
<trkpt lon="13.05913886" lat="47.53214946"><ele>1684.56</ele></trkpt>
<trkpt lon="13.05911377" lat="47.53215588"><ele>1683.88</ele></trkpt>
<trkpt lon="13.05915717" lat="47.53216093"><ele>1682.53</ele></trkpt>
<trkpt lon="13.05923962" lat="47.53213020"><ele>1668.26</ele></trkpt>
<trkpt lon="13.05924997" lat="47.53210176"><ele>1662.95</ele></trkpt>
<trkpt lon="13.05925631" lat="47.53208477"><ele>1663.35</ele></trkpt>
<trkpt lon="13.05925084" lat="47.53205300"><ele>1652.68</ele></trkpt>
<trkpt lon="13.05930092" lat="47.53206042"><ele>1651.80</ele></trkpt>
<trkpt lon="13.05934084" lat="47.53202645"><ele>1648.82</ele></trkpt>
<trkpt lon="13.05933033" lat="47.53199793"><ele>1647.11</ele></trkpt>
</trkseg><trkseg>
<trkpt lon="13.05915717" lat="47.53216093"><ele>1682.53</ele></trkpt>
<trkpt lon="13.05915587" lat="47.53218538"><ele>1682.60</ele></trkpt>
<trkpt lon="13.05914404" lat="47.53220354"><ele>1682.94</ele></trkpt>
</trkseg><trkseg>
<trkpt lon="13.05914404" lat="47.53220354"><ele>1682.94</ele></trkpt>
<trkpt lon="13.05912668" lat="47.53220567"><ele>1680.99</ele></trkpt>
<trkpt lon="13.05911464" lat="47.53223319"><ele>1679.97</ele></trkpt>
</trkseg><trkseg>
<trkpt lon="13.05911464" lat="47.53223319"><ele>1679.97</ele></trkpt>
<trkpt lon="13.05911181" lat="47.53225959"><ele>1681.68</ele></trkpt>
</trkseg><trkseg>
<trkpt lon="13.05911181" lat="47.53225959"><ele>1681.68</ele></trkpt>
<trkpt lon="13.05909888" lat="47.53230383"><ele>1680.51</ele></trkpt>
</trkseg><trkseg>
<trkpt lon="13.05909888" lat="47.53230383"><ele>1680.51</ele></trkpt>
<trkpt lon="13.05909565" lat="47.53232294"><ele>1682.12</ele></trkpt>
</trkseg><trkseg>
<trkpt lon="13.05909565" lat="47.53232294"><ele>1682.12</ele></trkpt>
<trkpt lon="13.05907226" lat="47.53233028"><ele>1680.83</ele></trkpt>
<trkpt lon="13.05907416" lat="47.53235074"><ele>1680.03</ele></trkpt>
</trkseg><trkseg>
<trkpt lon="13.05907416" lat="47.53235074"><ele>1680.03</ele></trkpt>
<trkpt lon="13.05905842" lat="47.53235236"><ele>1680.71</ele></trkpt>
<trkpt lon="13.05905144" lat="47.53237240"><ele>1681.37</ele></trkpt>
</trkseg><trkseg>
<trkpt lon="13.05885287" lat="47.53251094"><ele>1737.55</ele></trkpt>
<trkpt lon="13.05884150" lat="47.53253469"><ele>1738.58</ele></trkpt>
<trkpt lon="13.05881065" lat="47.53258204"><ele>1738.87</ele></trkpt>
<trkpt lon="13.05893876" lat="47.53258132"><ele>1727.09</ele></trkpt>
</trkseg><trkseg>
<trkpt lon="13.05881065" lat="47.53258204"><ele>1738.87</ele></trkpt>
<trkpt lon="13.05883557" lat="47.53260900"><ele>1736.73</ele></trkpt>
</trkseg><trkseg>
<trkpt lon="13.05883557" lat="47.53260900"><ele>1736.73</ele></trkpt>
<trkpt lon="13.05883964" lat="47.53266432"><ele>1735.15</ele></trkpt>
</trkseg><trkseg>
<trkpt lon="13.05881065" lat="47.53258204"><ele>1738.87</ele></trkpt>
<trkpt lon="13.05880571" lat="47.53258267"><ele>1741.70</ele></trkpt>
</trkseg><trkseg>
<trkpt lon="13.05880571" lat="47.53258267"><ele>1741.70</ele></trkpt>
<trkpt lon="13.05879105" lat="47.53260195"><ele>1743.07</ele></trkpt>
</trkseg><trkseg>
<trkpt lon="13.05933033" lat="47.53199793"><ele>1647.11</ele></trkpt>
<trkpt lon="13.05937836" lat="47.53195285"><ele>1639.88</ele></trkpt>
<trkpt lon="13.05944599" lat="47.53190244"><ele>1631.19</ele></trkpt>
</trkseg><trkseg>
<trkpt lon="13.05944599" lat="47.53190244"><ele>1631.19</ele></trkpt>
<trkpt lon="13.05944084" lat="47.53186555"><ele>1630.94</ele></trkpt>
</trkseg><trkseg>
<trkpt lon="13.05944084" lat="47.53186555"><ele>1630.94</ele></trkpt>
<trkpt lon="13.05946934" lat="47.53187467"><ele>1628.58</ele></trkpt>
</trkseg><trkseg>
<trkpt lon="13.05946934" lat="47.53187467"><ele>1628.58</ele></trkpt>
<trkpt lon="13.05950483" lat="47.53185250"><ele>1622.03</ele></trkpt>
</trkseg><trkseg>
<trkpt lon="13.05950483" lat="47.53185250"><ele>1622.03</ele></trkpt>
<trkpt lon="13.05955376" lat="47.53186260"><ele>1613.18</ele></trkpt>
</trkseg><trkseg>
<trkpt lon="13.05955376" lat="47.53186260"><ele>1613.18</ele></trkpt>
<trkpt lon="13.05955615" lat="47.53187686"><ele>1609.22</ele></trkpt>
</trkseg><trkseg>
<trkpt lon="13.05955615" lat="47.53187686"><ele>1609.22</ele></trkpt>
<trkpt lon="13.05960468" lat="47.53187606"><ele>1600.78</ele></trkpt>
</trkseg><trkseg>
<trkpt lon="13.05960468" lat="47.53187606"><ele>1600.78</ele></trkpt>
<trkpt lon="13.05965087" lat="47.53188080"><ele>1599.07</ele></trkpt>
<trkpt lon="13.05965686" lat="47.53191662"><ele>1598.38</ele></trkpt>
<trkpt lon="13.05967582" lat="47.53196095"><ele>1598.11</ele></trkpt>
<trkpt lon="13.05958373" lat="47.53199007"><ele>1602.56</ele></trkpt>
</trkseg><trkseg>
<trkpt lon="13.05992723" lat="47.53067807"><ele>1687.03</ele></trkpt>
<trkpt lon="13.06000757" lat="47.53067916"><ele>1686.12</ele></trkpt>
<trkpt lon="13.06009861" lat="47.53067836"><ele>1687.45</ele></trkpt>
<trkpt lon="13.06029609" lat="47.53064121"><ele>1692.79</ele></trkpt>
<trkpt lon="13.06043218" lat="47.53066178"><ele>1694.55</ele></trkpt>
<trkpt lon="13.06050505" lat="47.53063116"><ele>1696.97</ele></trkpt>
<trkpt lon="13.06063232" lat="47.53057743"><ele>1699.99</ele></trkpt>
<trkpt lon="13.06074497" lat="47.53057439"><ele>1700.48</ele></trkpt>
<trkpt lon="13.06087668" lat="47.53056600"><ele>1701.87</ele></trkpt>
<trkpt lon="13.06093174" lat="47.53054641"><ele>1703.91</ele></trkpt>
<trkpt lon="13.06098392" lat="47.53055468"><ele>1704.37</ele></trkpt>
<trkpt lon="13.06099559" lat="47.53053355"><ele>1707.80</ele></trkpt>
<trkpt lon="13.06105272" lat="47.53047953"><ele>1709.22</ele></trkpt>
<trkpt lon="13.06104820" lat="47.53042547"><ele>1714.53</ele></trkpt>
<trkpt lon="13.06107560" lat="47.53042467"><ele>1714.43</ele></trkpt>
<trkpt lon="13.06103754" lat="47.53041926"><ele>1718.61</ele></trkpt>
<trkpt lon="13.06095307" lat="47.53042566"><ele>1716.57</ele></trkpt>
<trkpt lon="13.06089674" lat="47.53043622"><ele>1714.66</ele></trkpt>
<trkpt lon="13.06088071" lat="47.53042776"><ele>1714.73</ele></trkpt>
</trkseg><trkseg>
<trkpt lon="13.06107560" lat="47.53042467"><ele>1714.43</ele></trkpt>
<trkpt lon="13.06111245" lat="47.53044158"><ele>1715.56</ele></trkpt>
</trkseg><trkseg>
<trkpt lon="13.06111245" lat="47.53044158"><ele>1715.56</ele></trkpt>
<trkpt lon="13.06111988" lat="47.53034803"><ele>1722.69</ele></trkpt>
</trkseg><trkseg>
<trkpt lon="13.06111988" lat="47.53034803"><ele>1722.69</ele></trkpt>
<trkpt lon="13.06117909" lat="47.53028434"><ele>1728.32</ele></trkpt>
</trkseg><trkseg>
<trkpt lon="13.06117909" lat="47.53028434"><ele>1728.32</ele></trkpt>
<trkpt lon="13.06121374" lat="47.53027079"><ele>1729.32</ele></trkpt>
</trkseg><trkseg>
<trkpt lon="13.06121374" lat="47.53027079"><ele>1729.32</ele></trkpt>
<trkpt lon="13.06117964" lat="47.53023710"><ele>1730.56</ele></trkpt>
</trkseg><trkseg>
<trkpt lon="13.06117964" lat="47.53023710"><ele>1730.56</ele></trkpt>
<trkpt lon="13.06119483" lat="47.53022161"><ele>1731.79</ele></trkpt>
</trkseg><trkseg>
<trkpt lon="13.06119483" lat="47.53022161"><ele>1731.79</ele></trkpt>
<trkpt lon="13.06119544" lat="47.53019787"><ele>1732.71</ele></trkpt>
</trkseg><trkseg>
<trkpt lon="13.06119544" lat="47.53019787"><ele>1732.71</ele></trkpt>
<trkpt lon="13.06115751" lat="47.53019957"><ele>1734.30</ele></trkpt>
</trkseg><trkseg>
<trkpt lon="13.06115751" lat="47.53019957"><ele>1734.30</ele></trkpt>
<trkpt lon="13.06102859" lat="47.53013953"><ele>1738.60</ele></trkpt>
</trkseg><trkseg>
<trkpt lon="13.06102859" lat="47.53013953"><ele>1738.60</ele></trkpt>
<trkpt lon="13.06095882" lat="47.53008220"><ele>1738.25</ele></trkpt>
</trkseg><trkseg>
<trkpt lon="13.06095882" lat="47.53008220"><ele>1738.25</ele></trkpt>
<trkpt lon="13.06092491" lat="47.53005796"><ele>1738.39</ele></trkpt>
<trkpt lon="13.06089366" lat="47.53004420"><ele>1738.74</ele></trkpt>
<trkpt lon="13.06085451" lat="47.53002491"><ele>1739.88</ele></trkpt>
</trkseg><trkseg>
<trkpt lon="13.06121374" lat="47.53027079"><ele>1729.32</ele></trkpt>
<trkpt lon="13.06123797" lat="47.53029100"><ele>1727.90</ele></trkpt>
</trkseg><trkseg>
<trkpt lon="13.06123797" lat="47.53029100"><ele>1727.90</ele></trkpt>
<trkpt lon="13.06132013" lat="47.53030058"><ele>1725.72</ele></trkpt>
</trkseg><trkseg>
<trkpt lon="13.06132013" lat="47.53030058"><ele>1725.72</ele></trkpt>
<trkpt lon="13.06136416" lat="47.53033138"><ele>1722.84</ele></trkpt>
</trkseg><trkseg>
<trkpt lon="13.06136416" lat="47.53033138"><ele>1722.84</ele></trkpt>
<trkpt lon="13.06140655" lat="47.53032040"><ele>1723.95</ele></trkpt>
</trkseg><trkseg>
<trkpt lon="13.05958373" lat="47.53199007"><ele>1602.56</ele></trkpt>
<trkpt lon="13.05956762" lat="47.53199817"><ele>1602.64</ele></trkpt>
<trkpt lon="13.05955356" lat="47.53201188"><ele>1604.43</ele></trkpt>
<trkpt lon="13.05951263" lat="47.53200489"><ele>1601.66</ele></trkpt>
<trkpt lon="13.05952057" lat="47.53205991"><ele>1598.47</ele></trkpt>
<trkpt lon="13.05950469" lat="47.53206522"><ele>1595.85</ele></trkpt>
<trkpt lon="13.05949478" lat="47.53208899"><ele>1593.70</ele></trkpt>
<trkpt lon="13.05953859" lat="47.53211502"><ele>1590.23</ele></trkpt>
<trkpt lon="13.05952914" lat="47.53214086"><ele>1592.47</ele></trkpt>
<trkpt lon="13.05957733" lat="47.53215985"><ele>1593.60</ele></trkpt>
<trkpt lon="13.05957150" lat="47.53217037"><ele>1592.70</ele></trkpt>
<trkpt lon="13.05957802" lat="47.53224193"><ele>1590.05</ele></trkpt>
<trkpt lon="13.05957470" lat="47.53227085"><ele>1589.33</ele></trkpt>
</trkseg><trkseg>
<trkpt lon="13.05944084" lat="47.53186555"><ele>1630.94</ele></trkpt>
<trkpt lon="13.05947537" lat="47.53184813"><ele>1631.43</ele></trkpt>
<trkpt lon="13.05952731" lat="47.53186638"><ele>1635.88</ele></trkpt>
<trkpt lon="13.05956234" lat="47.53184610"><ele>1638.39</ele></trkpt>
<trkpt lon="13.05957265" lat="47.53182944"><ele>1638.64</ele></trkpt>
<trkpt lon="13.05958866" lat="47.53180974"><ele>1636.25</ele></trkpt>
<trkpt lon="13.05950617" lat="47.53179115"><ele>1628.64</ele></trkpt>
<trkpt lon="13.05951628" lat="47.53175830"><ele>1626.40</ele></trkpt>
<trkpt lon="13.05952602" lat="47.53173219"><ele>1621.85</ele></trkpt>
<trkpt lon="13.05955678" lat="47.53173028"><ele>1619.33</ele></trkpt>
<trkpt lon="13.05956084" lat="47.53171370"><ele>1618.31</ele></trkpt>
<trkpt lon="13.05957951" lat="47.53170115"><ele>1617.91</ele></trkpt>
<trkpt lon="13.05956914" lat="47.53167965"><ele>1617.93</ele></trkpt>
<trkpt lon="13.05957806" lat="47.53167566"><ele>1616.59</ele></trkpt>
</trkseg><trkseg>
<trkpt lon="13.05944084" lat="47.53186555"><ele>1630.94</ele></trkpt>
<trkpt lon="13.05949471" lat="47.53190353"><ele>1632.63</ele></trkpt>
</trkseg><trkseg>
<trkpt lon="13.05949471" lat="47.53190353"><ele>1632.63</ele></trkpt>
<trkpt lon="13.05948401" lat="47.53190929"><ele>1632.18</ele></trkpt>
</trkseg><trkseg>
<trkpt lon="13.05957470" lat="47.53227085"><ele>1589.33</ele></trkpt>
<trkpt lon="13.05953118" lat="47.53229072"><ele>1577.45</ele></trkpt>
<trkpt lon="13.05948844" lat="47.53231105"><ele>1565.56</ele></trkpt>
<trkpt lon="13.05950410" lat="47.53231159"><ele>1552.26</ele></trkpt>
<trkpt lon="13.05956777" lat="47.53233624"><ele>1549.88</ele></trkpt>
<trkpt lon="13.05960710" lat="47.53230739"><ele>1549.32</ele></trkpt>
<trkpt lon="13.05963277" lat="47.53230656"><ele>1539.53</ele></trkpt>
<trkpt lon="13.05964594" lat="47.53226665"><ele>1534.91</ele></trkpt>
<trkpt lon="13.05966809" lat="47.53228926"><ele>1526.83</ele></trkpt>
<trkpt lon="13.05969711" lat="47.53230936"><ele>1526.62</ele></trkpt>
<trkpt lon="13.05971900" lat="47.53232089"><ele>1523.40</ele></trkpt>
<trkpt lon="13.05971560" lat="47.53230860"><ele>1519.82</ele></trkpt>
<trkpt lon="13.05971506" lat="47.53225847"><ele>1515.42</ele></trkpt>
</trkseg><trkseg>
<trkpt lon="13.05903090" lat="47.53012480"><ele>1719.50</ele></trkpt>
<trkpt lon="13.05901110" lat="47.53008541"><ele>1721.22</ele></trkpt>
<trkpt lon="13.05899344" lat="47.53006352"><ele>1720.70</ele></trkpt>
<trkpt lon="13.05898218" lat="47.53004101"><ele>1722.59</ele></trkpt>
<trkpt lon="13.05893300" lat="47.53002722"><ele>1722.29</ele></trkpt>
<trkpt lon="13.05887451" lat="47.52999563"><ele>1723.49</ele></trkpt>
</trkseg><trkseg>
<trkpt lon="13.05959242" lat="47.53060249"><ele>1687.95</ele></trkpt>
<trkpt lon="13.05960057" lat="47.53065149"><ele>1685.08</ele></trkpt>
</trkseg><trkseg>
<trkpt lon="13.05960057" lat="47.53065149"><ele>1685.08</ele></trkpt>
<trkpt lon="13.05956911" lat="47.53067588"><ele>1680.48</ele></trkpt>
</trkseg><trkseg>
<trkpt lon="13.05956911" lat="47.53067588"><ele>1680.48</ele></trkpt>
<trkpt lon="13.05952700" lat="47.53066869"><ele>1679.36</ele></trkpt>
</trkseg><trkseg>
<trkpt lon="13.05952700" lat="47.53066869"><ele>1679.36</ele></trkpt>
<trkpt lon="13.05951408" lat="47.53066586"><ele>1671.34</ele></trkpt>
</trkseg><trkseg>
<trkpt lon="13.05951408" lat="47.53066586"><ele>1671.34</ele></trkpt>
<trkpt lon="13.05954670" lat="47.53060630"><ele>1673.96</ele></trkpt>
</trkseg><trkseg>
<trkpt lon="13.05954670" lat="47.53060630"><ele>1673.96</ele></trkpt>
<trkpt lon="13.05959608" lat="47.53056791"><ele>1677.63</ele></trkpt>
</trkseg><trkseg>
<trkpt lon="13.05959608" lat="47.53056791"><ele>1677.63</ele></trkpt>
<trkpt lon="13.05955920" lat="47.53051968"><ele>1679.68</ele></trkpt>
</trkseg><trkseg>
<trkpt lon="13.05955920" lat="47.53051968"><ele>1679.68</ele></trkpt>
<trkpt lon="13.05961310" lat="47.53051007"><ele>1680.23</ele></trkpt>
</trkseg><trkseg>
<trkpt lon="13.05961310" lat="47.53051007"><ele>1680.23</ele></trkpt>
<trkpt lon="13.05966428" lat="47.53049851"><ele>1681.76</ele></trkpt>
</trkseg><trkseg>
<trkpt lon="13.05966428" lat="47.53049851"><ele>1681.76</ele></trkpt>
<trkpt lon="13.05971795" lat="47.53051670"><ele>1680.89</ele></trkpt>
</trkseg><trkseg>
<trkpt lon="13.05971795" lat="47.53051670"><ele>1680.89</ele></trkpt>
<trkpt lon="13.05976822" lat="47.53051899"><ele>1680.79</ele></trkpt>
</trkseg><trkseg>
<trkpt lon="13.05976822" lat="47.53051899"><ele>1680.79</ele></trkpt>
<trkpt lon="13.05980436" lat="47.53046120"><ele>1683.77</ele></trkpt>
</trkseg><trkseg>
<trkpt lon="13.05980436" lat="47.53046120"><ele>1683.77</ele></trkpt>
<trkpt lon="13.05987301" lat="47.53044428"><ele>1683.92</ele></trkpt>
</trkseg><trkseg>
<trkpt lon="13.05987301" lat="47.53044428"><ele>1683.92</ele></trkpt>
<trkpt lon="13.05995367" lat="47.53035026"><ele>1688.66</ele></trkpt>
</trkseg><trkseg>
<trkpt lon="13.05995367" lat="47.53035026"><ele>1688.66</ele></trkpt>
<trkpt lon="13.05997751" lat="47.53028767"><ele>1691.90</ele></trkpt>
</trkseg><trkseg>
<trkpt lon="13.05997751" lat="47.53028767"><ele>1691.90</ele></trkpt>
<trkpt lon="13.06003129" lat="47.53026672"><ele>1693.10</ele></trkpt>
</trkseg><trkseg>
<trkpt lon="13.06003129" lat="47.53026672"><ele>1693.10</ele></trkpt>
<trkpt lon="13.06008510" lat="47.53020554"><ele>1696.29</ele></trkpt>
</trkseg><trkseg>
<trkpt lon="13.06008510" lat="47.53020554"><ele>1696.29</ele></trkpt>
<trkpt lon="13.06018112" lat="47.53014886"><ele>1699.93</ele></trkpt>
</trkseg><trkseg>
<trkpt lon="13.06018112" lat="47.53014886"><ele>1699.93</ele></trkpt>
<trkpt lon="13.06024082" lat="47.53009003"><ele>1702.89</ele></trkpt>
</trkseg><trkseg>
<trkpt lon="13.06024082" lat="47.53009003"><ele>1702.89</ele></trkpt>
<trkpt lon="13.06029422" lat="47.53007959"><ele>1703.25</ele></trkpt>
</trkseg><trkseg>
<trkpt lon="13.06029422" lat="47.53007959"><ele>1703.25</ele></trkpt>
<trkpt lon="13.06033519" lat="47.53010710"><ele>1702.53</ele></trkpt>
</trkseg><trkseg>
<trkpt lon="13.06033519" lat="47.53010710"><ele>1702.53</ele></trkpt>
<trkpt lon="13.06036737" lat="47.53008110"><ele>1703.10</ele></trkpt>
</trkseg><trkseg>
<trkpt lon="13.06036737" lat="47.53008110"><ele>1703.10</ele></trkpt>
<trkpt lon="13.06044682" lat="47.53013868"><ele>1700.62</ele></trkpt>
</trkseg><trkseg>
<trkpt lon="13.06044682" lat="47.53013868"><ele>1700.62</ele></trkpt>
<trkpt lon="13.06051810" lat="47.53011172"><ele>1702.55</ele></trkpt>
</trkseg><trkseg>
<trkpt lon="13.06051810" lat="47.53011172"><ele>1702.55</ele></trkpt>
<trkpt lon="13.06062243" lat="47.53006382"><ele>1705.65</ele></trkpt>
</trkseg><trkseg>
<trkpt lon="13.06062243" lat="47.53006382"><ele>1705.65</ele></trkpt>
<trkpt lon="13.06059527" lat="47.53005454"><ele>1705.94</ele></trkpt>
</trkseg><trkseg>
<trkpt lon="13.06059527" lat="47.53005454"><ele>1705.94</ele></trkpt>
<trkpt lon="13.06060001" lat="47.53002709"><ele>1699.95</ele></trkpt>
</trkseg><trkseg>
<trkpt lon="13.06060001" lat="47.53002709"><ele>1699.95</ele></trkpt>
<trkpt lon="13.06058913" lat="47.53000126"><ele>1699.57</ele></trkpt>
</trkseg><trkseg>
<trkpt lon="13.06058913" lat="47.53000126"><ele>1699.57</ele></trkpt>
<trkpt lon="13.06065260" lat="47.53000584"><ele>1699.66</ele></trkpt>
</trkseg><trkseg>
<trkpt lon="13.06065260" lat="47.53000584"><ele>1699.66</ele></trkpt>
<trkpt lon="13.06070049" lat="47.52998622"><ele>1700.10</ele></trkpt>
</trkseg><trkseg>
<trkpt lon="13.06070049" lat="47.52998622"><ele>1700.10</ele></trkpt>
<trkpt lon="13.06071592" lat="47.52994968"><ele>1701.24</ele></trkpt>
</trkseg><trkseg>
<trkpt lon="13.06071592" lat="47.52994968"><ele>1701.24</ele></trkpt>
<trkpt lon="13.06078561" lat="47.52993358"><ele>1702.05</ele></trkpt>
</trkseg><trkseg>
<trkpt lon="13.06078561" lat="47.52993358"><ele>1702.05</ele></trkpt>
<trkpt lon="13.06084739" lat="47.52990457"><ele>1704.40</ele></trkpt>
</trkseg><trkseg>
<trkpt lon="13.06084739" lat="47.52990457"><ele>1704.40</ele></trkpt>
<trkpt lon="13.06083884" lat="47.52987707"><ele>1704.68</ele></trkpt>
</trkseg><trkseg>
<trkpt lon="13.06083884" lat="47.52987707"><ele>1704.68</ele></trkpt>
<trkpt lon="13.06081385" lat="47.52989546"><ele>1703.79</ele></trkpt>
<trkpt lon="13.06085580" lat="47.52987115"><ele>1702.48</ele></trkpt>
</trkseg><trkseg>
<trkpt lon="13.06085580" lat="47.52987115"><ele>1702.48</ele></trkpt>
<trkpt lon="13.06087637" lat="47.52985008"><ele>1703.34</ele></trkpt>
</trkseg><trkseg>
<trkpt lon="13.06087637" lat="47.52985008"><ele>1703.34</ele></trkpt>
<trkpt lon="13.06090010" lat="47.52984788"><ele>1705.48</ele></trkpt>
</trkseg><trkseg>
<trkpt lon="13.06090010" lat="47.52984788"><ele>1705.48</ele></trkpt>
<trkpt lon="13.06094266" lat="47.52984302"><ele>1697.99</ele></trkpt>
</trkseg><trkseg>
<trkpt lon="13.06094266" lat="47.52984302"><ele>1697.99</ele></trkpt>
<trkpt lon="13.06093450" lat="47.52982290"><ele>1697.83</ele></trkpt>
<trkpt lon="13.06096032" lat="47.52980021"><ele>1694.60</ele></trkpt>
</trkseg><trkseg>
<trkpt lon="13.06096032" lat="47.52980021"><ele>1694.60</ele></trkpt>
<trkpt lon="13.06093937" lat="47.52977736"><ele>1691.38</ele></trkpt>
</trkseg><trkseg>
<trkpt lon="13.06093937" lat="47.52977736"><ele>1691.38</ele></trkpt>
<trkpt lon="13.06097846" lat="47.52977667"><ele>1684.23</ele></trkpt>
</trkseg><trkseg>
<trkpt lon="13.05971506" lat="47.53225847"><ele>1515.42</ele></trkpt>
<trkpt lon="13.05974450" lat="47.53223845"><ele>1516.82</ele></trkpt>
</trkseg><trkseg>
<trkpt lon="13.05974450" lat="47.53223845"><ele>1516.82</ele></trkpt>
<trkpt lon="13.05974542" lat="47.53220625"><ele>1516.17</ele></trkpt>
</trkseg><trkseg>
<trkpt lon="13.05974542" lat="47.53220625"><ele>1516.17</ele></trkpt>
<trkpt lon="13.05976533" lat="47.53218886"><ele>1512.29</ele></trkpt>
</trkseg><trkseg>
<trkpt lon="13.05976533" lat="47.53218886"><ele>1512.29</ele></trkpt>
<trkpt lon="13.05979174" lat="47.53215727"><ele>1508.87</ele></trkpt>
</trkseg><trkseg>
<trkpt lon="13.05979174" lat="47.53215727"><ele>1508.87</ele></trkpt>
<trkpt lon="13.05977405" lat="47.53214348"><ele>1510.44</ele></trkpt>
<trkpt lon="13.05975308" lat="47.53213196"><ele>1510.18</ele></trkpt>
</trkseg><trkseg>
<trkpt lon="13.05975308" lat="47.53213196"><ele>1510.18</ele></trkpt>
<trkpt lon="13.05973759" lat="47.53212675"><ele>1504.99</ele></trkpt>
</trkseg><trkseg>
<trkpt lon="13.05973759" lat="47.53212675"><ele>1504.99</ele></trkpt>
<trkpt lon="13.05972783" lat="47.53213199"><ele>1504.16</ele></trkpt>
</trkseg><trkseg>
<trkpt lon="13.05972783" lat="47.53213199"><ele>1504.16</ele></trkpt>
<trkpt lon="13.05970252" lat="47.53213390"><ele>1502.34</ele></trkpt>
</trkseg><trkseg>
<trkpt lon="13.05970252" lat="47.53213390"><ele>1502.34</ele></trkpt>
<trkpt lon="13.05963196" lat="47.53215205"><ele>1502.28</ele></trkpt>
</trkseg><trkseg>
<trkpt lon="13.05963196" lat="47.53215205"><ele>1502.28</ele></trkpt>
<trkpt lon="13.05961570" lat="47.53215708"><ele>1502.27</ele></trkpt>
</trkseg><trkseg>
<trkpt lon="13.05961570" lat="47.53215708"><ele>1502.27</ele></trkpt>
<trkpt lon="13.05966511" lat="47.53216467"><ele>1502.00</ele></trkpt>
</trkseg><trkseg>
<trkpt lon="13.06097846" lat="47.52977667"><ele>1684.23</ele></trkpt>
<trkpt lon="13.06097308" lat="47.52981087"><ele>1683.10</ele></trkpt>
</trkseg><trkseg>
<trkpt lon="13.06097308" lat="47.52981087"><ele>1683.10</ele></trkpt>
<trkpt lon="13.06094282" lat="47.52981719"><ele>1682.42</ele></trkpt>
</trkseg><trkseg>
<trkpt lon="13.06094282" lat="47.52981719"><ele>1682.42</ele></trkpt>
<trkpt lon="13.06087301" lat="47.52983329"><ele>1681.87</ele></trkpt>
</trkseg><trkseg>
<trkpt lon="13.06087301" lat="47.52983329"><ele>1681.87</ele></trkpt>
<trkpt lon="13.06084914" lat="47.52984989"><ele>1682.12</ele></trkpt>
</trkseg><trkseg>
<trkpt lon="13.06084914" lat="47.52984989"><ele>1682.12</ele></trkpt>
<trkpt lon="13.06083420" lat="47.52983362"><ele>1682.72</ele></trkpt>
</trkseg><trkseg>
<trkpt lon="13.06083420" lat="47.52983362"><ele>1682.72</ele></trkpt>
<trkpt lon="13.06081180" lat="47.52986465"><ele>1681.54</ele></trkpt>
</trkseg><trkseg>
<trkpt lon="13.06081180" lat="47.52986465"><ele>1681.54</ele></trkpt>
<trkpt lon="13.06072065" lat="47.52991530"><ele>1679.39</ele></trkpt>
</trkseg><trkseg>
<trkpt lon="13.06072065" lat="47.52991530"><ele>1679.39</ele></trkpt>
<trkpt lon="13.06070162" lat="47.52990166"><ele>1679.95</ele></trkpt>
</trkseg><trkseg>
<trkpt lon="13.06070162" lat="47.52990166"><ele>1679.95</ele></trkpt>
<trkpt lon="13.06064321" lat="47.52988600"><ele>1680.32</ele></trkpt>
</trkseg><trkseg>
<trkpt lon="13.06064321" lat="47.52988600"><ele>1680.32</ele></trkpt>
<trkpt lon="13.06059756" lat="47.52987362"><ele>1680.38</ele></trkpt>
</trkseg><trkseg>
<trkpt lon="13.06059756" lat="47.52987362"><ele>1680.38</ele></trkpt>
<trkpt lon="13.06059228" lat="47.52991232"><ele>1679.49</ele></trkpt>
</trkseg><trkseg>
<trkpt lon="13.06059228" lat="47.52991232"><ele>1679.49</ele></trkpt>
<trkpt lon="13.06057387" lat="47.52994692"><ele>1678.48</ele></trkpt>
</trkseg><trkseg>
<trkpt lon="13.06057387" lat="47.52994692"><ele>1678.48</ele></trkpt>
<trkpt lon="13.06055138" lat="47.52994789"><ele>1678.44</ele></trkpt>
</trkseg><trkseg>
<trkpt lon="13.06055138" lat="47.52994789"><ele>1678.44</ele></trkpt>
<trkpt lon="13.06054552" lat="47.52996992"><ele>1676.80</ele></trkpt>
</trkseg><trkseg>
<trkpt lon="13.06054552" lat="47.52996992"><ele>1676.80</ele></trkpt>
<trkpt lon="13.06048753" lat="47.53001843"><ele>1674.35</ele></trkpt>
</trkseg><trkseg>
<trkpt lon="13.06048753" lat="47.53001843"><ele>1674.35</ele></trkpt>
<trkpt lon="13.06047745" lat="47.53004670"><ele>1673.39</ele></trkpt>
</trkseg><trkseg>
<trkpt lon="13.06047745" lat="47.53004670"><ele>1673.39</ele></trkpt>
<trkpt lon="13.06050119" lat="47.53004773"><ele>1671.30</ele></trkpt>
</trkseg><trkseg>
<trkpt lon="13.06050119" lat="47.53004773"><ele>1671.30</ele></trkpt>
<trkpt lon="13.06047132" lat="47.53005793"><ele>1670.35</ele></trkpt>
</trkseg><trkseg>
<trkpt lon="13.06047132" lat="47.53005793"><ele>1670.35</ele></trkpt>
<trkpt lon="13.06048589" lat="47.53009147"><ele>1668.78</ele></trkpt>
</trkseg><trkseg>
<trkpt lon="13.05890983" lat="47.53062243"><ele>1702.85</ele></trkpt>
<trkpt lon="13.05888294" lat="47.53065257"><ele>1703.65</ele></trkpt>
</trkseg><trkseg>
<trkpt lon="13.05905144" lat="47.53237240"><ele>1681.37</ele></trkpt>
<trkpt lon="13.05904705" lat="47.53241930"><ele>1681.99</ele></trkpt>
<trkpt lon="13.05903367" lat="47.53245066"><ele>1682.13</ele></trkpt>
<trkpt lon="13.05900768" lat="47.53251779"><ele>1685.79</ele></trkpt>
<trkpt lon="13.05900542" lat="47.53256437"><ele>1687.18</ele></trkpt>
<trkpt lon="13.05897431" lat="47.53261531"><ele>1690.25</ele></trkpt>
</trkseg><trkseg>
<trkpt lon="13.05966511" lat="47.53216467"><ele>1502.00</ele></trkpt>
<trkpt lon="13.05967716" lat="47.53216586"><ele>1502.05</ele></trkpt>
<trkpt lon="13.05970991" lat="47.53219638"><ele>1501.31</ele></trkpt>
<trkpt lon="13.05973276" lat="47.53221827"><ele>1501.30</ele></trkpt>
<trkpt lon="13.05976105" lat="47.53223288"><ele>1499.95</ele></trkpt>
<trkpt lon="13.05981210" lat="47.53225732"><ele>1499.99</ele></trkpt>
<trkpt lon="13.05982623" lat="47.53227052"><ele>1497.58</ele></trkpt>
<trkpt lon="13.05982648" lat="47.53227790"><ele>1496.56</ele></trkpt>
<trkpt lon="13.05984782" lat="47.53228663"><ele>1496.10</ele></trkpt>
<trkpt lon="13.05982815" lat="47.53230105"><ele>1496.07</ele></trkpt>
<trkpt lon="13.05985914" lat="47.53231463"><ele>1498.03</ele></trkpt>
<trkpt lon="13.05984726" lat="47.53232333"><ele>1497.57</ele></trkpt>
<trkpt lon="13.05982443" lat="47.53234085"><ele>1496.32</ele></trkpt>
<trkpt lon="13.05983182" lat="47.53234935"><ele>1493.34</ele></trkpt>
<trkpt lon="13.05983179" lat="47.53237526"><ele>1492.42</ele></trkpt>
<trkpt lon="13.05986219" lat="47.53239404"><ele>1490.90</ele></trkpt>
<trkpt lon="13.05988109" lat="47.53242208"><ele>1483.92</ele></trkpt>
</trkseg><trkseg>
<trkpt lon="13.05988109" lat="47.53242208"><ele>1483.92</ele></trkpt>
<trkpt lon="13.05987052" lat="47.53242028"><ele>1483.44</ele></trkpt>
<trkpt lon="13.05986935" lat="47.53244842"><ele>1477.56</ele></trkpt>
<trkpt lon="13.05984826" lat="47.53246543"><ele>1474.66</ele></trkpt>
<trkpt lon="13.05983730" lat="47.53248540"><ele>1467.69</ele></trkpt>
<trkpt lon="13.05984768" lat="47.53246326"><ele>1466.25</ele></trkpt>
<trkpt lon="13.05983656" lat="47.53243338"><ele>1466.61</ele></trkpt>
<trkpt lon="13.05980524" lat="47.53244311"><ele>1467.71</ele></trkpt>
<trkpt lon="13.05980773" lat="47.53244423"><ele>1469.79</ele></trkpt>
<trkpt lon="13.05977931" lat="47.53244744"><ele>1469.65</ele></trkpt>
<trkpt lon="13.05975525" lat="47.53244037"><ele>1468.05</ele></trkpt>
<trkpt lon="13.05975153" lat="47.53243671"><ele>1468.32</ele></trkpt>
<trkpt lon="13.05973430" lat="47.53246818"><ele>1467.22</ele></trkpt>
<trkpt lon="13.05972803" lat="47.53245062"><ele>1466.03</ele></trkpt>
<trkpt lon="13.05972653" lat="47.53245168"><ele>1463.95</ele></trkpt>
<trkpt lon="13.05969890" lat="47.53244077"><ele>1463.02</ele></trkpt>
<trkpt lon="13.05968726" lat="47.53247171"><ele>1463.28</ele></trkpt>
<trkpt lon="13.05967803" lat="47.53248082"><ele>1466.18</ele></trkpt>
<trkpt lon="13.05966085" lat="47.53249250"><ele>1465.85</ele></trkpt>
<trkpt lon="13.05959334" lat="47.53246409"><ele>1465.65</ele></trkpt>
<trkpt lon="13.05959052" lat="47.53245045"><ele>1465.71</ele></trkpt>
<trkpt lon="13.05955814" lat="47.53244955"><ele>1465.22</ele></trkpt>
<trkpt lon="13.05953532" lat="47.53245933"><ele>1465.01</ele></trkpt>
<trkpt lon="13.05949758" lat="47.53247048"><ele>1464.64</ele></trkpt>
<trkpt lon="13.05944343" lat="47.53246515"><ele>1463.57</ele></trkpt>
<trkpt lon="13.05943308" lat="47.53247199"><ele>1463.19</ele></trkpt>
<trkpt lon="13.05941861" lat="47.53247886"><ele>1463.44</ele></trkpt>
<trkpt lon="13.05937856" lat="47.53250545"><ele>1461.57</ele></trkpt>
<trkpt lon="13.05937163" lat="47.53253133"><ele>1460.25</ele></trkpt>
<trkpt lon="13.05944039" lat="47.53255472"><ele>1459.91</ele></trkpt>
<trkpt lon="13.05943857" lat="47.53258241"><ele>1457.80</ele></trkpt>
<trkpt lon="13.05941630" lat="47.53258833"><ele>1457.42</ele></trkpt>
<trkpt lon="13.05945451" lat="47.53260409"><ele>1456.94</ele></trkpt>
<trkpt lon="13.05945229" lat="47.53262835"><ele>1455.72</ele></trkpt>
<trkpt lon="13.05943531" lat="47.53262752"><ele>1455.63</ele></trkpt>
<trkpt lon="13.05942709" lat="47.53264502"><ele>1454.86</ele></trkpt>
<trkpt lon="13.05939303" lat="47.53267513"><ele>1452.77</ele></trkpt>
<trkpt lon="13.05931635" lat="47.53270074"><ele>1450.75</ele></trkpt>
<trkpt lon="13.05927333" lat="47.53269992"><ele>1449.39</ele></trkpt>
<trkpt lon="13.05925406" lat="47.53271435"><ele>1449.04</ele></trkpt>
<trkpt lon="13.05926375" lat="47.53274349"><ele>1447.54</ele></trkpt>
<trkpt lon="13.05919483" lat="47.53273179"><ele>1446.97</ele></trkpt>
<trkpt lon="13.05919519" lat="47.53273630"><ele>1447.01</ele></trkpt>
<trkpt lon="13.05913592" lat="47.53274033"><ele>1445.79</ele></trkpt>
<trkpt lon="13.05909653" lat="47.53275263"><ele>1444.73</ele></trkpt>
<trkpt lon="13.05904032" lat="47.53271685"><ele>1445.56</ele></trkpt>
<trkpt lon="13.05906480" lat="47.53271232"><ele>1445.82</ele></trkpt>
<trkpt lon="13.05906463" lat="47.53272788"><ele>1445.27</ele></trkpt>
<trkpt lon="13.05909591" lat="47.53273714"><ele>1444.49</ele></trkpt>
<trkpt lon="13.05914286" lat="47.53276466"><ele>1444.41</ele></trkpt>
<trkpt lon="13.05913700" lat="47.53278642"><ele>1443.18</ele></trkpt>
<trkpt lon="13.05914618" lat="47.53278982"><ele>1443.21</ele></trkpt>
</trkseg><trkseg>
<trkpt lon="13.05909653" lat="47.53275263"><ele>1444.73</ele></trkpt>
<trkpt lon="13.05910756" lat="47.53276352"><ele>1444.45</ele></trkpt>
</trkseg><trkseg>
<trkpt lon="13.05941630" lat="47.53258833"><ele>1457.42</ele></trkpt>
<trkpt lon="13.05939554" lat="47.53259986"><ele>1457.69</ele></trkpt>
</trkseg><trkseg>
<trkpt lon="13.05973430" lat="47.53246818"><ele>1467.22</ele></trkpt>
<trkpt lon="13.05971861" lat="47.53247926"><ele>1467.38</ele></trkpt>
</trkseg><trkseg>
<trkpt lon="13.05852781" lat="47.53037525"><ele>1713.71</ele></trkpt>
<trkpt lon="13.05849589" lat="47.53040135"><ele>1709.64</ele></trkpt>
</trkseg><trkseg>
<trkpt lon="13.05855189" lat="47.53041390"><ele>1713.81</ele></trkpt>
<trkpt lon="13.05855596" lat="47.53037564"><ele>1718.00</ele></trkpt>
</trkseg><trkseg>
<trkpt lon="13.06072065" lat="47.52991530"><ele>1679.39</ele></trkpt>
<trkpt lon="13.06068491" lat="47.52992594"><ele>1678.44</ele></trkpt>
</trkseg><trkseg>
<trkpt lon="13.06068491" lat="47.52992594"><ele>1678.44</ele></trkpt>
<trkpt lon="13.06071107" lat="47.52994798"><ele>1678.08</ele></trkpt>
</trkseg><trkseg>
<trkpt lon="13.06071107" lat="47.52994798"><ele>1678.08</ele></trkpt>
<trkpt lon="13.06077743" lat="47.52992841"><ele>1679.17</ele></trkpt>
</trkseg><trkseg>
<trkpt lon="13.06077743" lat="47.52992841"><ele>1679.17</ele></trkpt>
<trkpt lon="13.06084926" lat="47.52993313"><ele>1677.96</ele></trkpt>
</trkseg><trkseg>
<trkpt lon="13.06084926" lat="47.52993313"><ele>1677.96</ele></trkpt>
<trkpt lon="13.06096622" lat="47.52997533"><ele>1676.55</ele></trkpt>
</trkseg><trkseg>
<trkpt lon="13.06096622" lat="47.52997533"><ele>1676.55</ele></trkpt>
<trkpt lon="13.06105283" lat="47.52997941"><ele>1676.32</ele></trkpt>
</trkseg><trkseg>
<trkpt lon="13.06105283" lat="47.52997941"><ele>1676.32</ele></trkpt>
<trkpt lon="13.06104997" lat="47.53001715"><ele>1674.81</ele></trkpt>
</trkseg><trkseg>
<trkpt lon="13.06104997" lat="47.53001715"><ele>1674.81</ele></trkpt>
<trkpt lon="13.06103405" lat="47.53004172"><ele>1673.27</ele></trkpt>
</trkseg><trkseg>
<trkpt lon="13.06103405" lat="47.53004172"><ele>1673.27</ele></trkpt>
<trkpt lon="13.06104420" lat="47.53006924"><ele>1672.32</ele></trkpt>
</trkseg><trkseg>
<trkpt lon="13.06104420" lat="47.53006924"><ele>1672.32</ele></trkpt>
<trkpt lon="13.06102360" lat="47.53007654"><ele>1671.88</ele></trkpt>
</trkseg><trkseg>
<trkpt lon="13.06102360" lat="47.53007654"><ele>1671.88</ele></trkpt>
<trkpt lon="13.06097564" lat="47.53007654"><ele>1671.84</ele></trkpt>
</trkseg><trkseg>
<trkpt lon="13.06097564" lat="47.53007654"><ele>1671.84</ele></trkpt>
<trkpt lon="13.06092815" lat="47.53007088"><ele>1672.99</ele></trkpt>
</trkseg><trkseg>
<trkpt lon="13.06092815" lat="47.53007088"><ele>1672.99</ele></trkpt>
<trkpt lon="13.06092849" lat="47.53010121"><ele>1672.13</ele></trkpt>
</trkseg><trkseg>
<trkpt lon="13.06092849" lat="47.53010121"><ele>1672.13</ele></trkpt>
<trkpt lon="13.06088655" lat="47.53011445"><ele>1671.29</ele></trkpt>
</trkseg><trkseg>
<trkpt lon="13.06088655" lat="47.53011445"><ele>1671.29</ele></trkpt>
<trkpt lon="13.06086362" lat="47.53016337"><ele>1668.85</ele></trkpt>
</trkseg><trkseg>
<trkpt lon="13.06086362" lat="47.53016337"><ele>1668.85</ele></trkpt>
<trkpt lon="13.06081882" lat="47.53016063"><ele>1669.26</ele></trkpt>
</trkseg><trkseg>
<trkpt lon="13.06081882" lat="47.53016063"><ele>1669.26</ele></trkpt>
<trkpt lon="13.06084196" lat="47.53019954"><ele>1668.17</ele></trkpt>
</trkseg><trkseg>
<trkpt lon="13.06084196" lat="47.53019954"><ele>1668.17</ele></trkpt>
<trkpt lon="13.06086404" lat="47.53021692"><ele>1668.84</ele></trkpt>
</trkseg><trkseg>
<trkpt lon="13.06086404" lat="47.53021692"><ele>1668.84</ele></trkpt>
<trkpt lon="13.06085740" lat="47.53024560"><ele>1672.30</ele></trkpt>
</trkseg><trkseg>
<trkpt lon="13.06085740" lat="47.53024560"><ele>1672.30</ele></trkpt>
<trkpt lon="13.06087540" lat="47.53025490"><ele>1672.20</ele></trkpt>
</trkseg><trkseg>
<trkpt lon="13.06087540" lat="47.53025490"><ele>1672.20</ele></trkpt>
<trkpt lon="13.06081101" lat="47.53026794"><ele>1671.74</ele></trkpt>
</trkseg><trkseg>
<trkpt lon="13.06081101" lat="47.53026794"><ele>1671.74</ele></trkpt>
<trkpt lon="13.06078673" lat="47.53027428"><ele>1671.59</ele></trkpt>
</trkseg><trkseg>
<trkpt lon="13.06078673" lat="47.53027428"><ele>1671.59</ele></trkpt>
<trkpt lon="13.06077606" lat="47.53028247"><ele>1671.05</ele></trkpt>
</trkseg><trkseg>
<trkpt lon="13.06077606" lat="47.53028247"><ele>1671.05</ele></trkpt>
<trkpt lon="13.06073943" lat="47.53030317"><ele>1669.88</ele></trkpt>
</trkseg><trkseg>
<trkpt lon="13.06073943" lat="47.53030317"><ele>1669.88</ele></trkpt>
<trkpt lon="13.06069281" lat="47.53032416"><ele>1668.77</ele></trkpt>
</trkseg><trkseg>
<trkpt lon="13.06069281" lat="47.53032416"><ele>1668.77</ele></trkpt>
<trkpt lon="13.06066795" lat="47.53032455"><ele>1668.69</ele></trkpt>
<trkpt lon="13.06066104" lat="47.53032102"><ele>1668.78</ele></trkpt>
</trkseg><trkseg>
<trkpt lon="13.06066104" lat="47.53032102"><ele>1668.78</ele></trkpt>
<trkpt lon="13.06061848" lat="47.53032578"><ele>1668.36</ele></trkpt>
</trkseg><trkseg>
<trkpt lon="13.06061848" lat="47.53032578"><ele>1668.36</ele></trkpt>
<trkpt lon="13.06059807" lat="47.53033885"><ele>1667.95</ele></trkpt>
</trkseg><trkseg>
<trkpt lon="13.05712060" lat="47.52996007"><ele>1700.32</ele></trkpt>
<trkpt lon="13.05708505" lat="47.52995479"><ele>1700.70</ele></trkpt>
</trkseg><trkseg>
<trkpt lon="13.05650394" lat="47.53032080"><ele>1736.24</ele></trkpt>
<trkpt lon="13.05647464" lat="47.53042721"><ele>1743.87</ele></trkpt>
</trkseg><trkseg>
<trkpt lon="13.05515262" lat="47.53033847"><ele>1738.22</ele></trkpt>
<trkpt lon="13.05534609" lat="47.53023017"><ele>1734.69</ele></trkpt>
</trkseg><trkseg>
<trkpt lon="13.05515262" lat="47.53033847"><ele>1738.22</ele></trkpt>
<trkpt lon="13.05521819" lat="47.53020002"><ele>1737.11</ele></trkpt>
</trkseg><trkseg>
<trkpt lon="13.05820617" lat="47.53020927"><ele>1730.58</ele></trkpt>
<trkpt lon="13.05825393" lat="47.53014988"><ele>1728.62</ele></trkpt>
</trkseg><trkseg>
<trkpt lon="13.05452558" lat="47.53033314"><ele>1735.58</ele></trkpt>
<trkpt lon="13.05446797" lat="47.53035691"><ele>1734.18</ele></trkpt>
<trkpt lon="13.05436180" lat="47.53038597"><ele>1732.04</ele></trkpt>
<trkpt lon="13.05430073" lat="47.53042066"><ele>1731.43</ele></trkpt>
<trkpt lon="13.05425146" lat="47.53039481"><ele>1730.61</ele></trkpt>
<trkpt lon="13.05421950" lat="47.53040038"><ele>1730.15</ele></trkpt>
<trkpt lon="13.05413409" lat="47.53041054"><ele>1728.02</ele></trkpt>
<trkpt lon="13.05408141" lat="47.53044834"><ele>1727.56</ele></trkpt>
<trkpt lon="13.05402818" lat="47.53048667"><ele>1727.09</ele></trkpt>
</trkseg><trkseg>
<trkpt lon="13.05413409" lat="47.53041054"><ele>1728.02</ele></trkpt>
<trkpt lon="13.05411161" lat="47.53040053"><ele>1732.06</ele></trkpt>
<trkpt lon="13.05407567" lat="47.53036285"><ele>1731.84</ele></trkpt>
<trkpt lon="13.05401936" lat="47.53037665"><ele>1730.88</ele></trkpt>
<trkpt lon="13.05398172" lat="47.53039203"><ele>1733.32</ele></trkpt>
<trkpt lon="13.05388339" lat="47.53041403"><ele>1734.73</ele></trkpt>
<trkpt lon="13.05376184" lat="47.53033098"><ele>1734.28</ele></trkpt>
<trkpt lon="13.05371388" lat="47.53033079"><ele>1735.41</ele></trkpt>
<trkpt lon="13.05367648" lat="47.53032908"><ele>1736.41</ele></trkpt>
<trkpt lon="13.05355954" lat="47.53032952"><ele>1738.64</ele></trkpt>
<trkpt lon="13.05355057" lat="47.53039236"><ele>1738.61</ele></trkpt>
<trkpt lon="13.05354790" lat="47.53043236"><ele>1739.05</ele></trkpt>
<trkpt lon="13.05351022" lat="47.53042353"><ele>1738.06</ele></trkpt>
<trkpt lon="13.05343388" lat="47.53047946"><ele>1736.06</ele></trkpt>
<trkpt lon="13.05347066" lat="47.53050168"><ele>1736.51</ele></trkpt>
<trkpt lon="13.05343293" lat="47.53056628"><ele>1736.25</ele></trkpt>
<trkpt lon="13.05348361" lat="47.53057551"><ele>1735.48</ele></trkpt>
<trkpt lon="13.05349409" lat="47.53060466"><ele>1736.35</ele></trkpt>
<trkpt lon="13.05349758" lat="47.53069686"><ele>1738.71</ele></trkpt>
<trkpt lon="13.05346381" lat="47.53078735"><ele>1740.18</ele></trkpt>
<trkpt lon="13.05342549" lat="47.53083187"><ele>1743.20</ele></trkpt>
<trkpt lon="13.05338475" lat="47.53090578"><ele>1741.62</ele></trkpt>
<trkpt lon="13.05335259" lat="47.53102086"><ele>1740.24</ele></trkpt>
<trkpt lon="13.05329048" lat="47.53106939"><ele>1743.26</ele></trkpt>
<trkpt lon="13.05326376" lat="47.53107694"><ele>1744.58</ele></trkpt>
<trkpt lon="13.05321946" lat="47.53109635"><ele>1745.56</ele></trkpt>
<trkpt lon="13.05320631" lat="47.53111061"><ele>1746.29</ele></trkpt>
<trkpt lon="13.05324242" lat="47.53116872"><ele>1744.69</ele></trkpt>
<trkpt lon="13.05322292" lat="47.53121833"><ele>1744.76</ele></trkpt>
<trkpt lon="13.05319987" lat="47.53127751"><ele>1744.47</ele></trkpt>
<trkpt lon="13.05316975" lat="47.53128339"><ele>1744.56</ele></trkpt>
<trkpt lon="13.05313501" lat="47.53131384"><ele>1745.41</ele></trkpt>
<trkpt lon="13.05316508" lat="47.53134504"><ele>1745.41</ele></trkpt>
<trkpt lon="13.05317419" lat="47.53137525"><ele>1747.04</ele></trkpt>
<trkpt lon="13.05313825" lat="47.53141657"><ele>1747.77</ele></trkpt>
<trkpt lon="13.05313956" lat="47.53143144"><ele>1747.88</ele></trkpt>
<trkpt lon="13.05316056" lat="47.53145267"><ele>1746.76</ele></trkpt>
<trkpt lon="13.05314805" lat="47.53148207"><ele>1746.57</ele></trkpt>
<trkpt lon="13.05312983" lat="47.53153278"><ele>1745.10</ele></trkpt>
<trkpt lon="13.05315564" lat="47.53153537"><ele>1744.97</ele></trkpt>
<trkpt lon="13.05316161" lat="47.53155356"><ele>1744.91</ele></trkpt>
<trkpt lon="13.05312971" lat="47.53158982"><ele>1745.19</ele></trkpt>
<trkpt lon="13.05305098" lat="47.53159893"><ele>1747.39</ele></trkpt>
<trkpt lon="13.05305049" lat="47.53157282"><ele>1746.77</ele></trkpt>
<trkpt lon="13.05301335" lat="47.53158182"><ele>1746.11</ele></trkpt>
<trkpt lon="13.05300521" lat="47.53159707"><ele>1745.75</ele></trkpt>
<trkpt lon="13.05297772" lat="47.53158229"><ele>1745.74</ele></trkpt>
<trkpt lon="13.05293977" lat="47.53158480"><ele>1744.88</ele></trkpt>
<trkpt lon="13.05288206" lat="47.53157509"><ele>1744.78</ele></trkpt>
<trkpt lon="13.05284937" lat="47.53159325"><ele>1745.27</ele></trkpt>
<trkpt lon="13.05282493" lat="47.53158222"><ele>1745.44</ele></trkpt>
<trkpt lon="13.05276561" lat="47.53160911"><ele>1750.75</ele></trkpt>
<trkpt lon="13.05265805" lat="47.53162546"><ele>1756.45</ele></trkpt>
<trkpt lon="13.05262967" lat="47.53163127"><ele>1759.00</ele></trkpt>
<trkpt lon="13.05258955" lat="47.53163824"><ele>1762.01</ele></trkpt>
</trkseg><trkseg>
<trkpt lon="13.05282493" lat="47.53158222"><ele>1745.44</ele></trkpt>
<trkpt lon="13.05281166" lat="47.53159612"><ele>1746.11</ele></trkpt>
<trkpt lon="13.05277034" lat="47.53161782"><ele>1746.14</ele></trkpt>
<trkpt lon="13.05275213" lat="47.53163596"><ele>1746.01</ele></trkpt>
<trkpt lon="13.05275806" lat="47.53165523"><ele>1746.23</ele></trkpt>
<trkpt lon="13.05270854" lat="47.53168633"><ele>1746.28</ele></trkpt>
<trkpt lon="13.05268594" lat="47.53168667"><ele>1746.70</ele></trkpt>
<trkpt lon="13.05265216" lat="47.53170922"><ele>1746.84</ele></trkpt>
<trkpt lon="13.05263829" lat="47.53171762"><ele>1747.39</ele></trkpt>
<trkpt lon="13.05265558" lat="47.53174221"><ele>1747.03</ele></trkpt>
<trkpt lon="13.05264017" lat="47.53175662"><ele>1747.06</ele></trkpt>
<trkpt lon="13.05261260" lat="47.53175120"><ele>1747.67</ele></trkpt>
<trkpt lon="13.05258768" lat="47.53176410"><ele>1749.00</ele></trkpt>
<trkpt lon="13.05253229" lat="47.53176711"><ele>1748.35</ele></trkpt>
</trkseg><trkseg>
<trkpt lon="13.05349409" lat="47.53060466"><ele>1736.35</ele></trkpt>
<trkpt lon="13.05357902" lat="47.53056786"><ele>1730.46</ele></trkpt>
</trkseg><trkseg>
<trkpt lon="13.05357902" lat="47.53056786"><ele>1730.46</ele></trkpt>
<trkpt lon="13.05360378" lat="47.53054137"><ele>1733.06</ele></trkpt>
<trkpt lon="13.05363069" lat="47.53053238"><ele>1730.78</ele></trkpt>
</trkseg><trkseg>
<trkpt lon="13.05363069" lat="47.53053238"><ele>1730.78</ele></trkpt>
<trkpt lon="13.05361218" lat="47.53051182"><ele>1731.01</ele></trkpt>
</trkseg><trkseg>
<trkpt lon="13.05361218" lat="47.53051182"><ele>1731.01</ele></trkpt>
<trkpt lon="13.05363484" lat="47.53049547"><ele>1731.74</ele></trkpt>
</trkseg><trkseg>
<trkpt lon="13.05363484" lat="47.53049547"><ele>1731.74</ele></trkpt>
<trkpt lon="13.05360348" lat="47.53049215"><ele>1731.90</ele></trkpt>
</trkseg><trkseg>
<trkpt lon="13.05360348" lat="47.53049215"><ele>1731.90</ele></trkpt>
<trkpt lon="13.05362145" lat="47.53047689"><ele>1730.45</ele></trkpt>
</trkseg><trkseg>
<trkpt lon="13.05355954" lat="47.53032952"><ele>1738.64</ele></trkpt>
<trkpt lon="13.05357079" lat="47.53027680"><ele>1741.85</ele></trkpt>
</trkseg><trkseg>
<trkpt lon="13.05357079" lat="47.53027680"><ele>1741.85</ele></trkpt>
<trkpt lon="13.05354343" lat="47.53021209"><ele>1741.95</ele></trkpt>
</trkseg><trkseg>
<trkpt lon="13.05354343" lat="47.53021209"><ele>1741.95</ele></trkpt>
<trkpt lon="13.05352291" lat="47.53018502"><ele>1743.19</ele></trkpt>
</trkseg><trkseg>
<trkpt lon="13.05352291" lat="47.53018502"><ele>1743.19</ele></trkpt>
<trkpt lon="13.05350020" lat="47.53017041"><ele>1746.30</ele></trkpt>
</trkseg><trkseg>
<trkpt lon="13.05350020" lat="47.53017041"><ele>1746.30</ele></trkpt>
<trkpt lon="13.05346323" lat="47.53015341"><ele>1748.76</ele></trkpt>
</trkseg><trkseg>
<trkpt lon="13.05983656" lat="47.53243338"><ele>1466.61</ele></trkpt>
<trkpt lon="13.05980156" lat="47.53239176"><ele>1467.52</ele></trkpt>
</trkseg><trkseg>
<trkpt lon="13.05980156" lat="47.53239176"><ele>1467.52</ele></trkpt>
<trkpt lon="13.05978741" lat="47.53238270"><ele>1466.77</ele></trkpt>
</trkseg><trkseg>
<trkpt lon="13.05978741" lat="47.53238270"><ele>1466.77</ele></trkpt>
<trkpt lon="13.05982047" lat="47.53236517"><ele>1461.67</ele></trkpt>
</trkseg><trkseg>
<trkpt lon="13.05982047" lat="47.53236517"><ele>1461.67</ele></trkpt>
<trkpt lon="13.05983189" lat="47.53231146"><ele>1457.59</ele></trkpt>
</trkseg><trkseg>
<trkpt lon="13.05983189" lat="47.53231146"><ele>1457.59</ele></trkpt>
<trkpt lon="13.05984508" lat="47.53231052"><ele>1451.08</ele></trkpt>
</trkseg><trkseg>
<trkpt lon="13.05984508" lat="47.53231052"><ele>1451.08</ele></trkpt>
<trkpt lon="13.05986890" lat="47.53227358"><ele>1451.20</ele></trkpt>
</trkseg><trkseg>
<trkpt lon="13.05580953" lat="47.53090517"><ele>1734.97</ele></trkpt>
<trkpt lon="13.05584728" lat="47.53090455"><ele>1733.79</ele></trkpt>
</trkseg><trkseg>
<trkpt lon="13.05584728" lat="47.53090455"><ele>1733.79</ele></trkpt>
<trkpt lon="13.05584336" lat="47.53093535"><ele>1733.37</ele></trkpt>
</trkseg><trkseg>
<trkpt lon="13.05584336" lat="47.53093535"><ele>1733.37</ele></trkpt>
<trkpt lon="13.05586655" lat="47.53096562"><ele>1730.16</ele></trkpt>
</trkseg><trkseg>
<trkpt lon="13.05586655" lat="47.53096562"><ele>1730.16</ele></trkpt>
<trkpt lon="13.05588694" lat="47.53098909"><ele>1729.86</ele></trkpt>
</trkseg><trkseg>
<trkpt lon="13.05588694" lat="47.53098909"><ele>1729.86</ele></trkpt>
<trkpt lon="13.05584883" lat="47.53101022"><ele>1731.33</ele></trkpt>
</trkseg><trkseg>
<trkpt lon="13.05584883" lat="47.53101022"><ele>1731.33</ele></trkpt>
<trkpt lon="13.05582928" lat="47.53102501"><ele>1731.99</ele></trkpt>
</trkseg><trkseg>
<trkpt lon="13.05582928" lat="47.53102501"><ele>1731.99</ele></trkpt>
<trkpt lon="13.05581945" lat="47.53103924"><ele>1732.75</ele></trkpt>
</trkseg><trkseg>
<trkpt lon="13.05576433" lat="47.53088803"><ele>1734.42</ele></trkpt>
<trkpt lon="13.05573938" lat="47.53086907"><ele>1735.72</ele></trkpt>
</trkseg><trkseg>
<trkpt lon="13.05573938" lat="47.53086907"><ele>1735.72</ele></trkpt>
<trkpt lon="13.05571767" lat="47.53089219"><ele>1736.28</ele></trkpt>
</trkseg><trkseg>
<trkpt lon="13.05571767" lat="47.53089219"><ele>1736.28</ele></trkpt>
<trkpt lon="13.05569163" lat="47.53090281"><ele>1737.07</ele></trkpt>
</trkseg><trkseg>
<trkpt lon="13.05569163" lat="47.53090281"><ele>1737.07</ele></trkpt>
<trkpt lon="13.05567657" lat="47.53091147"><ele>1738.77</ele></trkpt>
</trkseg><trkseg>
<trkpt lon="13.05567657" lat="47.53091147"><ele>1738.77</ele></trkpt>
<trkpt lon="13.05564508" lat="47.53090787"><ele>1739.87</ele></trkpt>
</trkseg><trkseg>
<trkpt lon="13.05564508" lat="47.53090787"><ele>1739.87</ele></trkpt>
<trkpt lon="13.05560697" lat="47.53088923"><ele>1740.46</ele></trkpt>
</trkseg><trkseg>
<trkpt lon="13.05282493" lat="47.53158222"><ele>1745.44</ele></trkpt>
<trkpt lon="13.05282432" lat="47.53162018"><ele>1743.75</ele></trkpt>
<trkpt lon="13.05287473" lat="47.53160799"><ele>1736.51</ele></trkpt>
<trkpt lon="13.05287748" lat="47.53159112"><ele>1735.62</ele></trkpt>
<trkpt lon="13.05290429" lat="47.53158492"><ele>1729.36</ele></trkpt>
<trkpt lon="13.05289303" lat="47.53155881"><ele>1727.69</ele></trkpt>
<trkpt lon="13.05288809" lat="47.53160606"><ele>1724.53</ele></trkpt>
<trkpt lon="13.05291593" lat="47.53163290"><ele>1723.45</ele></trkpt>
<trkpt lon="13.05291980" lat="47.53166104"><ele>1723.29</ele></trkpt>
<trkpt lon="13.05295301" lat="47.53171514"><ele>1722.53</ele></trkpt>
<trkpt lon="13.05288547" lat="47.53171993"><ele>1720.04</ele></trkpt>
<trkpt lon="13.05293191" lat="47.53172531"><ele>1709.64</ele></trkpt>
</trkseg><trkseg>
<trkpt lon="13.05319987" lat="47.53127751"><ele>1744.47</ele></trkpt>
<trkpt lon="13.05324210" lat="47.53128525"><ele>1744.11</ele></trkpt>
</trkseg><trkseg>
<trkpt lon="13.05324210" lat="47.53128525"><ele>1744.11</ele></trkpt>
<trkpt lon="13.05328972" lat="47.53128372"><ele>1740.98</ele></trkpt>
</trkseg><trkseg>
<trkpt lon="13.05328972" lat="47.53128372"><ele>1740.98</ele></trkpt>
<trkpt lon="13.05330820" lat="47.53125470"><ele>1742.11</ele></trkpt>
</trkseg><trkseg>
<trkpt lon="13.05330820" lat="47.53125470"><ele>1742.11</ele></trkpt>
<trkpt lon="13.05331690" lat="47.53124936"><ele>1741.65</ele></trkpt>
</trkseg><trkseg>
<trkpt lon="13.05262967" lat="47.53163127"><ele>1759.00</ele></trkpt>
<trkpt lon="13.05267866" lat="47.53162860"><ele>1762.09</ele></trkpt>
</trkseg><trkseg>
<trkpt lon="13.06016263" lat="47.53172713"><ele>1722.93</ele></trkpt>
<trkpt lon="13.06020923" lat="47.53177831"><ele>1728.83</ele></trkpt>
<trkpt lon="13.06020694" lat="47.53181156"><ele>1731.58</ele></trkpt>
<trkpt lon="13.06022206" lat="47.53188794"><ele>1733.54</ele></trkpt>
<trkpt lon="13.06034648" lat="47.53188294"><ele>1725.90</ele></trkpt>
<trkpt lon="13.06042697" lat="47.53190149"><ele>1729.95</ele></trkpt>
<trkpt lon="13.06046728" lat="47.53193978"><ele>1729.20</ele></trkpt>
</trkseg><trkseg>
<trkpt lon="13.06034648" lat="47.53188294"><ele>1725.90</ele></trkpt>
<trkpt lon="13.06038158" lat="47.53192187"><ele>1727.43</ele></trkpt>
</trkseg><trkseg>
<trkpt lon="13.06038158" lat="47.53192187"><ele>1727.43</ele></trkpt>
<trkpt lon="13.06040918" lat="47.53193007"><ele>1724.91</ele></trkpt>
</trkseg></trk>
</gpx>
