TRIP
DATE 2025-08-14
DECLINATION 0.0
DATA
0		113.09	-29.40	8.169	>
0		113.03	-29.48	8.175	>
0		113.00	-29.48	8.163	>
0	1	113.04	-29.46	8.169	>
1		235.09	-10.74	1.825	>
1		301.67	-85.72	1.078	>
1		295.91	17.83	2.491	>
1		286.60	15.28	5.935	>
1		267.51	6.59	3.085	>
1		357.67	37.07	0.772	>
1		352.84	22.81	4.593	>
1		205.20	86.07	1.548	>
1		318.43	-83.74	1.065	>
1		185.77	-46.11	3.835	>
1		189.27	6.95	1.420	>
1		172.24	-47.42	5.192	>
1		172.54	-47.46	5.171	>
1		172.55	-47.44	5.163	>
1	2	172.45	-47.44	5.175	>
2		60.13	4.09	0.471	>
2		147.48	-5.11	2.903	>
2		135.32	-3.44	4.670	>
2		115.92	-4.03	4.001	>
2		113.18	-15.67	1.000	>
2		113.19	-15.69	1.000	>
2		113.17	-15.61	1.000	>
2	3	113.18	-15.66	1.000	>
3		196.94	3.75	1.072	>
3		160.30	-6.03	2.676	>
3		142.93	-3.87	2.993	>
3		138.21	-4.56	3.790	>
3		121.40	-6.36	3.559	>
3		106.85	-10.51	2.705	>
3		74.30	-10.75	1.408	>
3		173.49	81.02	9.621	>
3		164.59	78.93	9.371	>
3		181.08	84.77	11.427	>
3		114.42	74.66	5.488	>
3		162.47	-36.10	6.341	>
3		155.08	-29.12	7.118	>
3		143.90	-40.89	6.391	>
3		152.98	-62.72	6.305	>
3		157.09	-69.07	8.149	>
3		156.97	-69.11	8.130	>
3		156.95	-69.00	8.146	>
3	4	157.00	-69.06	8.142	>
4		310.87	43.31	1.414	>
4		324.32	38.47	3.222	>
4		283.49	29.93	1.848	>
4		344.01	6.76	1.268	>
4		322.08	6.71	2.881	>
4		319.80	3.66	6.368	>
4		285.37	32.44	3.854	>
4		305.66	-81.41	1.453	>
4		81.74	78.63	1.742	>
4		158.51	-25.60	2.782	>
4		158.49	-25.65	2.781	>
4		158.39	-25.65	2.786	>
4	5	158.46	-25.63	2.783	>
5		66.25	29.72	0.617	>
5		357.46	20.92	0.976	>
5		346.25	15.99	1.950	>
5		313.26	13.26	0.669	>
5		321.73	16.75	0.812	>
5		335.20	-35.13	1.894	>
5		246.92	-86.70	8.798	>
5		223.10	-76.57	7.886	>
5		183.30	-81.62	8.758	>
5		209.55	-80.83	8.909	>
5		164.38	-75.21	4.386	>
5		164.52	-75.25	4.392	>
5		164.14	-75.28	4.382	>
5	6	164.35	-75.25	4.387	>
6		200.53	-19.91	3.934	>
6		253.33	2.04	1.390	>
6		178.96	-15.93	8.509	>
6		168.93	-19.52	13.064	>
6		164.56	-8.96	13.283	>
6		178.85	-59.25	11.637	>
6		162.31	-60.30	11.322	>
6		182.10	-64.15	12.201	>
6		182.09	-64.10	12.174	>
6		182.14	-64.18	12.158	>
6	7	182.11	-64.15	12.178	>
7		151.84	60.69	14.054	>
7		139.80	75.24	12.962	>
7		56.75	82.03	17.096	>
7		0.76	70.30	13.920	>
7		65.51	-80.55	1.053	>
7		352.53	-34.88	4.339	>
7		356.33	-4.51	3.859	>
7		354.08	0.52	5.831	>
7		160.97	35.60	9.185	>
7		140.83	36.51	8.403	>
7		112.74	29.71	5.962	>
7		96.79	30.40	5.562	>
7		88.50	-23.27	2.202	>
7		88.43	-23.21	2.196	>
7		88.42	-23.18	2.195	>
7	8	88.45	-23.22	2.198	>
8		64.96	-10.06	0.524	>
8		47.91	-78.71	2.296	>
8		139.36	-53.42	2.908	>
8		139.57	-51.85	4.437	>
8		146.84	-51.70	6.871	>
8		138.46	-45.14	9.167	>
8		138.50	-45.13	9.175	>
8		138.42	-45.19	9.166	>
8	9	138.46	-45.15	9.169	>
9		122.98	8.01	1.564	>
9		144.24	26.62	3.023	>
9		173.72	-4.68	1.588	>
9		218.23	-8.68	2.802	>
9		248.07	-9.83	3.979	>
9		240.99	-62.63	2.608	>
9		282.91	-52.28	5.193	>
9		223.95	78.70	10.294	>
9		284.02	47.52	3.110	>
9		266.21	29.40	3.683	>
9		245.75	56.69	6.588	>
9		249.55	25.76	4.206	>
9		248.57	-19.02	0.396	>
9		251.94	-58.79	7.573	>
9		257.16	-61.62	8.634	>
9		246.12	-54.66	6.917	>
9		246.37	-54.65	6.914	>
9		246.25	-54.70	6.919	>
9	10	246.25	-54.67	6.917	>
10		349.04	17.98	7.964	>
10		341.86	20.01	7.506	>
10		356.19	-7.06	6.488	>
10		18.57	-7.16	3.136	>
10		60.57	-13.24	2.882	>
10		109.59	-13.79	2.819	>
10		100.23	-8.83	3.775	>
10		34.22	-73.77	2.381	>
10		57.81	-52.17	2.891	>
10		87.33	-50.93	5.431	>
10		97.50	49.67	2.098	>
10		340.58	48.78	8.791	>
10		342.91	47.30	9.502	>
10		106.79	-9.14	6.794	>
10		126.97	-19.67	4.137	>
10		127.05	-19.73	3.907	>
10		127.05	-19.71	4.122	>
10		126.99	-19.64	4.122	>
10		127.10	-19.53	4.142	>
10	11	127.04	-19.63	4.129	>
11		241.09	34.29	3.012	>
11		203.94	21.59	5.494	>
11		181.79	19.18	6.166	>
11		175.86	14.85	9.277	>
11		165.27	18.97	5.640	>
11		147.84	-18.97	7.121	>
11		107.80	-9.47	5.126	>
11		97.15	-9.43	3.957	>
11		53.16	6.02	2.276	>
11		147.62	33.81	5.386	>
11		135.45	34.22	3.779	>
11		192.80	-79.60	1.208	>
11		154.40	-39.90	6.177	>
11		134.15	-39.86	6.333	>
11		125.90	-40.73	5.837	>
11		91.31	87.18	2.726	>
11		156.24	40.81	4.811	>
11		136.97	31.93	4.354	>
11		138.42	45.12	3.679	>
11		176.23	20.98	7.355	>
11		169.74	-3.86	5.914	>
11		143.84	-38.86	10.457	>
11		151.58	-39.03	10.434	>
11		151.66	-39.05	10.429	>
11		151.78	-39.06	10.420	>
11	12	151.68	-39.04	10.428	>
12		52.25	-20.19	2.954	>
12		97.15	-59.36	2.937	>
12		69.71	-46.33	4.124	>
12		154.41	-11.53	2.342	>
12		109.07	79.32	1.677	>
12		124.33	25.08	0.851	>
12		124.52	-28.22	3.082	>
12		70.80	-80.80	2.905	>
12		106.27	-48.58	6.657	>
12		106.19	-48.63	6.703	>
12		106.18	-48.57	6.676	>
12	13	106.21	-48.59	6.679	>
13		57.76	28.64	1.983	>
13		179.82	10.37	4.950	>
13		253.47	7.06	1.953	>
13		203.47	7.88	3.320	>
13		186.64	11.05	5.141	>
13		34.25	-5.04	1.475	>
13		161.07	87.04	3.711	>
13		153.86	82.85	2.009	>
13		87.55	-71.88	1.934	>
13		78.17	-5.76	2.282	>
13		77.88	-5.10	2.271	>
13		77.94	-5.11	2.278	>
13	14	78.00	-5.32	2.277	>
14		260.43	-6.63	2.956	>
14		254.00	-5.08	2.582	>
14		253.91	-4.25	2.725	>
14		242.81	-17.76	3.034	>
14		236.23	-28.91	4.897	>
14		214.37	-29.54	5.514	>
14		220.31	-29.36	5.550	>
14		195.41	-24.29	3.711	>
14		168.24	8.56	5.165	>
14		156.12	4.44	7.077	>
14		178.53	-75.86	1.304	>
14		127.34	83.28	4.077	>
14		109.09	30.48	3.364	>
14		109.13	30.46	3.367	>
14		109.24	30.46	3.358	>
14	15	109.15	30.47	3.363	>
15		184.82	-17.45	5.719	>
15		176.10	37.00	6.905	>
15		170.48	36.04	15.044	>
15		151.14	36.62	10.569	>
15		126.95	43.34	9.901	>
15		111.99	42.24	13.047	>
15		103.15	42.67	3.560	>
15		97.62	48.31	11.559	>
15		137.75	-52.86	3.582	>
15		195.97	-63.17	1.298	>
15		215.40	70.25	12.222	>
15		182.85	66.87	26.336	>
15		175.29	70.18	17.067	>
15		111.40	17.31	4.628	>
15		111.41	17.32	4.637	>
15		111.38	17.28	4.626	>
15	16	111.40	17.31	4.630	>
16		167.81	9.95	0.611	>
16		131.01	1.80	2.876	>
16		120.88	3.94	4.982	>
16		106.50	4.94	5.104	>
16		90.49	9.36	3.094	>
16		67.63	19.42	3.148	>
16		57.03	30.36	5.705	>
16		37.03	28.34	6.590	>
16		36.17	37.96	7.690	>
16		19.54	37.51	7.631	>
16		90.38	-50.27	1.769	>
16		283.57	84.45	11.020	>
16		32.70	61.84	6.403	>
16		225.08	66.37	16.103	>
16		191.87	57.91	15.005	>
16		214.44	55.25	16.772	>
16		46.52	31.78	4.428	>
16		46.64	31.83	4.436	>
16		46.60	31.88	4.436	>
16	17	46.59	31.83	4.433	>
17		132.92	68.53	4.233	>
17		73.48	55.02	5.769	>
17		49.50	48.20	5.138	>
17		13.91	41.09	4.391	>
17		329.80	31.21	3.716	>
17		291.01	20.78	3.830	>
17		282.19	29.34	10.876	>
17		33.04	71.05	3.774	>
17		25.57	-69.59	5.086	>
17		312.25	-27.09	3.240	>
17		311.81	-31.53	3.225	>
17		311.81	-31.55	3.221	>
17		311.81	-31.56	3.221	>
17	18	311.81	-31.55	3.222	>
18		2.29	-1.18	1.611	>
18		321.99	20.40	2.925	>
18		301.99	34.58	2.761	>
18		232.43	16.16	1.396	>
18		139.70	5.49	1.179	>
18		111.93	0.53	3.224	>
18		108.08	-27.64	5.520	>
18		100.14	-26.08	6.478	>
18		96.40	-27.66	7.021	>
18		84.84	-19.18	6.570	>
18		86.53	-31.57	3.731	>
18		86.52	-31.47	3.720	>
18		86.62	-31.60	3.726	>
18	19	86.56	-31.55	3.726	>
19		218.40	-13.26	1.535	>
19		213.28	-27.86	8.537	>
19		210.07	-29.43	4.401	>
19		166.68	-37.50	2.302	>
19		203.14	-38.00	3.489	>
19		101.61	1.40	14.222	>
19		101.86	1.38	14.281	>
19		101.72	1.37	14.251	>
19		212.32	-29.19	4.211	>
19		212.77	-28.37	4.230	>
19		212.45	-28.27	4.228	>
19	20	101.73	1.38	14.251	>
20		228.44	6.48	1.155	>
20		261.85	-6.47	2.407	>
20		273.83	-10.39	5.070	>
20		273.92	1.85	7.882	>
20		287.58	13.51	13.638	>
20		295.89	15.12	7.301	>
20		281.98	-8.61	5.518	>
20		303.21	-4.24	5.011	>
20		346.87	48.51	5.398	>
20		326.03	64.64	11.935	>
20		4.67	83.84	12.183	>
20		287.93	-43.09	3.770	>
20		277.53	-27.79	5.555	>
20		295.61	-32.87	5.227	>
20		207.33	-81.02	1.895	>
20		283.12	81.85	12.566	>
20		284.36	43.57	13.246	>
20		282.01	19.95	12.414	>
20		142.03	78.32	9.776	>
20		141.24	63.93	9.112	>
20		165.48	38.42	3.933	>
20		165.67	38.11	3.934	>
20		165.57	38.19	3.933	>
20		211.98	-28.39	4.245	>
20		212.13	-28.08	4.233	>
20		212.13	-28.03	4.234	>
20		212.21	-28.19	4.235	>
20		212.12	-28.05	4.238	>
20		212.18	-28.28	4.249	>
20	21	165.57	38.24	3.933	>
21		66.99	3.52	1.363	>
21		66.63	3.74	1.362	>
21		66.53	3.80	1.361	>
21	22	66.72	3.69	1.362	>
22		48.05	1.87	1.090	>
22		97.84	-27.71	2.771	>
22		119.33	-24.79	4.619	>
22		127.73	-17.34	6.013	>
22		129.73	-15.50	7.613	>
22		131.80	-16.49	6.842	>
22		133.48	-17.55	5.231	>
22		136.51	-29.93	4.347	>
22		152.68	-19.59	1.163	>
22		93.51	-58.10	3.319	>
22		109.64	-69.81	2.365	>
22		316.54	70.08	10.590	>
22		130.74	70.92	9.587	>
22		143.71	51.27	6.995	>
19	19.1	212.51	-28.61	4.223	>
19.1		228.44	-60.85	8.342	>
19.1		228.28	-61.03	4.968	>
19.1		227.86	-60.80	5.056	>
19.1		228.14	-60.80	5.035	>
19.1		228.78	-60.67	5.054	>
19.1	19.2	228.26	-60.75	5.048	>
19.2		138.64	-7.67	2.655	>
19.2		228.99	8.98	2.422	>
19.2		264.24	13.63	2.961	>
19.2		58.24	2.06	0.931	>
19.2		62.89	-1.84	2.454	>
19.2		205.99	-78.34	9.482	>
19.2		125.73	-86.76	10.723	>
19.2		126.49	-86.10	10.673	>

PLAN
STATIONS
0.000	0.000	0
6.546	-2.784	1
7.006	-6.254	2
7.891	-6.633	3
9.028	-9.311	4
9.949	-11.645	5
10.251	-12.721	6
10.055	-18.028	7
12.074	-17.973	8
16.362	-22.813	9
12.701	-24.424	10
15.805	-26.767	11
19.648	-33.896	12
23.889	-35.129	13
26.107	-34.658	14
28.845	-35.609	15
32.961	-37.222	16
35.698	-34.633	17
33.651	-32.802	18
36.820	-32.612	19
50.770	-35.508	20
51.539	-38.500	21
52.788	-37.963	22
34.827	-35.738	19.1
32.987	-37.380	19.2
SHOTS
0.000	0.000	6.546	-2.784
6.546	-2.784	5.075	-3.810
6.546	-2.784	6.477	-2.741
6.546	-2.784	4.413	-1.748
6.546	-2.784	1.059	-1.148
6.546	-2.784	3.484	-2.917
6.546	-2.784	6.521	-2.168
6.546	-2.784	6.018	1.417
6.546	-2.784	6.501	-2.880
6.546	-2.784	6.469	-2.697
6.546	-2.784	6.279	-5.429
6.546	-2.784	6.319	-4.175
6.546	-2.784	7.006	-6.254
7.006	-6.254	7.413	-6.020
7.006	-6.254	8.560	-8.692
7.006	-6.254	10.283	-9.569
7.006	-6.254	10.596	-7.998
7.006	-6.254	7.891	-6.633
7.891	-6.633	7.579	-7.656
7.891	-6.633	8.788	-9.138
7.891	-6.633	9.691	-9.015
7.891	-6.633	10.409	-9.449
7.891	-6.633	10.910	-8.476
7.891	-6.633	10.437	-7.404
7.891	-6.633	9.223	-6.258
7.891	-6.633	8.062	-8.125
7.891	-6.633	8.369	-8.367
7.891	-6.633	7.872	-7.675
7.891	-6.633	9.213	-7.233
7.891	-6.633	9.434	-11.518
7.891	-6.633	10.511	-12.272
7.891	-6.633	10.738	-10.537
7.891	-6.633	9.204	-9.207
7.891	-6.633	9.028	-9.311
9.028	-9.311	8.250	-8.638
9.028	-9.311	7.557	-7.262
9.028	-9.311	7.471	-8.938
9.028	-9.311	8.681	-8.101
9.028	-9.311	7.269	-7.054
9.028	-9.311	4.926	-4.457
9.028	-9.311	5.892	-8.449
9.028	-9.311	8.852	-9.185
9.028	-9.311	9.368	-9.262
9.028	-9.311	9.949	-11.645
9.949	-11.645	10.440	-11.429
9.949	-11.645	9.909	-10.734
9.949	-11.645	9.503	-9.824
9.949	-11.645	9.475	-11.199
9.949	-11.645	9.468	-11.035
9.949	-11.645	9.299	-10.239
9.949	-11.645	9.484	-11.843
9.949	-11.645	8.698	-12.982
9.949	-11.645	9.876	-12.919
9.949	-11.645	9.249	-12.880
9.949	-11.645	10.251	-12.721
10.251	-12.721	8.953	-16.185
10.251	-12.721	8.920	-13.119
10.251	-12.721	10.399	-20.902
10.251	-12.721	12.616	-24.804
10.251	-12.721	13.744	-25.368
10.251	-12.721	10.370	-18.669
10.251	-12.721	11.955	-18.065
10.251	-12.721	10.055	-18.028
10.055	-18.028	13.302	-24.092
10.055	-18.028	12.187	-20.550
10.055	-18.028	12.036	-16.729
10.055	-18.028	10.117	-13.335
10.055	-18.028	10.212	-17.956
10.055	-18.028	9.593	-14.498
10.055	-18.028	9.808	-14.189
10.055	-18.028	9.454	-12.228
10.055	-18.028	12.491	-25.088
10.055	-18.028	14.321	-23.264
10.055	-18.028	14.831	-20.029
10.055	-18.028	14.818	-18.595
10.055	-18.028	12.074	-17.973
12.074	-17.973	12.541	-17.755
12.074	-17.973	12.408	-17.672
12.074	-17.973	13.203	-19.288
12.074	-17.973	13.851	-20.059
12.074	-17.973	14.403	-21.538
12.074	-17.973	16.362	-22.813
16.362	-22.813	17.662	-23.656
16.362	-22.813	17.942	-25.006
16.362	-22.813	16.536	-24.386
16.362	-22.813	14.648	-24.989
16.362	-22.813	12.726	-24.278
16.362	-22.813	15.314	-23.395
16.362	-22.813	13.266	-22.103
16.362	-22.813	14.962	-24.266
16.362	-22.813	14.325	-22.304
16.362	-22.813	13.161	-23.025
16.362	-22.813	13.064	-24.299
16.362	-22.813	12.813	-24.137
16.362	-22.813	16.014	-22.950
16.362	-22.813	12.632	-24.030
16.362	-22.813	12.361	-23.725
16.362	-22.813	12.701	-24.424
12.701	-24.424	11.261	-16.988
12.701	-24.424	10.505	-17.722
12.701	-24.424	12.274	-18.000
12.701	-24.424	13.692	-21.475
12.701	-24.424	15.145	-23.046
12.701	-24.424	15.281	-25.342
12.701	-24.424	16.372	-25.087
12.701	-24.424	13.076	-23.874
12.701	-24.424	14.202	-23.480
12.701	-24.424	16.120	-24.265
12.701	-24.424	14.047	-24.602
12.701	-24.424	10.775	-18.961
12.701	-24.424	10.808	-18.264
12.701	-24.424	19.123	-26.362
12.701	-24.424	15.814	-26.767
12.701	-24.424	15.636	-26.640
12.701	-24.424	15.805	-26.767
15.805	-26.767	13.627	-27.970
15.805	-26.767	13.732	-31.436
15.805	-26.767	15.624	-32.588
15.805	-26.767	16.453	-35.711
15.805	-26.767	17.161	-31.925
15.805	-26.767	19.390	-32.468
15.805	-26.767	20.619	-28.313
15.805	-26.767	19.678	-27.253
15.805	-26.767	17.617	-25.410
15.805	-26.767	18.202	-30.546
15.805	-26.767	17.997	-28.994
15.805	-26.767	15.757	-26.980
15.805	-26.767	17.853	-31.040
15.805	-26.767	19.293	-30.153
15.805	-26.767	19.388	-29.361
15.805	-26.767	15.939	-26.770
15.805	-26.767	17.273	-30.100
15.805	-26.767	18.327	-29.468
15.805	-26.767	17.528	-28.709
15.805	-26.767	16.257	-33.619
15.805	-26.767	16.856	-32.573
15.805	-26.767	20.610	-33.341
15.805	-26.767	19.648	-33.896
19.648	-33.896	21.840	-32.199
19.648	-33.896	21.133	-34.083
19.648	-33.896	22.319	-32.909
19.648	-33.896	20.639	-35.966
19.648	-33.896	19.941	-33.998
19.648	-33.896	20.284	-34.331
19.648	-33.896	21.885	-35.435
19.648	-33.896	20.086	-33.743
19.648	-33.896	23.889	-35.129
23.889	-35.129	25.362	-34.201
23.889	-35.129	23.905	-39.999
23.889	-35.129	22.031	-35.681
23.889	-35.129	22.580	-38.146
23.889	-35.129	23.306	-40.141
23.889	-35.129	24.716	-33.915
23.889	-35.129	23.952	-35.310
23.889	-35.129	24.000	-35.354
23.889	-35.129	24.490	-35.104
23.889	-35.129	26.107	-34.658
26.107	-34.658	23.212	-35.146
26.107	-34.658	23.635	-35.367
26.107	-34.658	23.496	-35.411
26.107	-34.658	23.537	-35.978
26.107	-34.658	22.544	-37.041
26.107	-34.658	23.399	-38.618
26.107	-34.658	22.978	-38.347
26.107	-34.658	25.208	-37.919
26.107	-34.658	27.148	-39.658
26.107	-34.658	28.964	-41.109
26.107	-34.658	26.115	-34.976
26.107	-34.658	26.487	-34.947
26.107	-34.658	28.845	-35.609
28.845	-35.609	28.387	-41.046
28.845	-35.609	29.220	-41.111
28.845	-35.609	30.857	-47.607
28.845	-35.609	32.939	-43.039
28.845	-35.609	34.600	-39.937
28.845	-35.609	37.802	-39.227
28.845	-35.609	31.394	-36.204
28.845	-35.609	36.465	-36.629
28.845	-35.609	30.300	-37.210
28.845	-35.609	28.684	-36.172
28.845	-35.609	26.452	-38.976
28.845	-35.609	28.331	-45.940
28.845	-35.609	29.320	-41.376
28.845	-35.609	32.961	-37.222
32.961	-37.222	33.088	-37.810
32.961	-37.222	35.131	-39.108
32.961	-37.222	37.227	-39.773
32.961	-37.222	37.837	-38.666
32.961	-37.222	36.014	-37.248
32.961	-37.222	35.707	-36.092
32.961	-37.222	37.091	-34.543
32.961	-37.222	36.455	-32.592
32.961	-37.222	36.540	-32.327
32.961	-37.222	34.986	-31.517
32.961	-37.222	34.092	-37.229
32.961	-37.222	31.926	-36.972
32.961	-37.222	34.594	-34.679
32.961	-37.222	28.392	-41.779
32.961	-37.222	31.322	-45.022
32.961	-37.222	27.555	-45.106
32.961	-37.222	35.698	-34.633
35.698	-34.633	36.832	-35.688
35.698	-34.633	38.868	-33.693
35.698	-34.633	38.302	-32.409
35.698	-34.633	36.493	-31.421
35.698	-34.633	34.099	-31.886
35.698	-34.633	32.355	-33.350
35.698	-34.633	26.430	-32.631
35.698	-34.633	36.366	-33.606
35.698	-34.633	36.463	-33.033
35.698	-34.633	33.562	-32.694
35.698	-34.633	33.651	-32.802
33.651	-32.802	33.715	-31.193
33.651	-32.802	31.962	-30.642
33.651	-32.802	31.723	-31.598
33.651	-32.802	32.588	-33.620
33.651	-32.802	34.410	-33.697
33.651	-32.802	36.641	-34.007
33.651	-32.802	38.300	-34.320
33.651	-32.802	39.378	-33.827
33.651	-32.802	39.831	-33.495
33.651	-32.802	39.831	-32.244
33.651	-32.802	36.820	-32.612
36.820	-32.612	35.892	-33.782
36.820	-32.612	32.679	-38.922
36.820	-32.612	34.900	-35.929
36.820	-32.612	37.241	-34.389
36.820	-32.612	35.740	-35.140
36.820	-32.612	50.770	-35.508
50.770	-35.508	49.911	-36.269
50.770	-35.508	48.402	-35.847
50.770	-35.508	45.794	-35.175
50.770	-35.508	42.910	-34.970
50.770	-35.508	38.128	-31.503
50.770	-35.508	44.429	-32.430
50.770	-35.508	45.433	-34.376
50.770	-35.508	46.588	-32.771
50.770	-35.508	49.957	-32.025
50.770	-35.508	47.914	-31.269
50.770	-35.508	50.876	-34.204
50.770	-35.508	48.150	-34.660
50.770	-35.508	45.898	-34.864
50.770	-35.508	46.811	-33.610
50.770	-35.508	50.634	-35.771
50.770	-35.508	49.034	-35.103
50.770	-35.508	41.472	-33.128
50.770	-35.508	39.356	-33.079
50.770	-35.508	51.987	-37.068
50.770	-35.508	53.277	-38.631
50.770	-35.508	51.539	-38.500
51.539	-38.500	52.788	-37.963
52.788	-37.963	53.598	-37.234
52.788	-37.963	55.218	-38.297
52.788	-37.963	56.444	-40.017
52.788	-37.963	57.327	-41.475
52.788	-37.963	58.430	-42.651
52.788	-37.963	57.679	-42.335
52.788	-37.963	56.407	-41.395
52.788	-37.963	55.381	-40.696
52.788	-37.963	53.291	-38.936
52.788	-37.963	54.539	-38.070
52.788	-37.963	53.557	-38.237
52.788	-37.963	50.306	-35.344
52.788	-37.963	55.162	-40.008
52.788	-37.963	55.378	-41.490
36.820	-32.612	34.827	-35.738
34.827	-35.738	31.787	-38.434
34.827	-35.738	33.032	-37.339
34.827	-35.738	32.987	-37.380
32.987	-37.380	34.726	-39.355
32.987	-37.380	31.182	-38.950
32.987	-37.380	30.124	-37.669
32.987	-37.380	33.778	-36.890
32.987	-37.380	35.170	-36.262
32.987	-37.380	32.147	-39.103
32.987	-37.380	33.478	-37.733
32.987	-37.380	33.571	-37.812
POLYLINE BLACK
4.804	-3.582
5.328	-4.274
4.794	-3.602
5.723	-4.582
5.786	-4.648
5.835	-4.726
5.892	-4.798
POLYLINE BLACK
4.312	-1.036
4.199	-1.019
4.066	-1.008
3.974	-1.092
3.902	-1.158
3.865	-1.275
3.839	-1.364
3.823	-1.417
3.813	-1.480
3.830	-1.535
3.892	-1.734
4.192	-1.825
4.375	-1.778
4.498	-1.747
4.708	-1.702
4.757	-1.553
4.794	-1.441
4.796	-1.316
4.749	-1.207
4.709	-1.116
4.645	-1.046
4.563	-0.989
4.516	-0.957
4.467	-0.929
4.417	-0.900
4.412	-0.897
4.405	-0.896
4.398	-0.894
4.315	-0.877
4.202	-0.979
4.160	-1.039
POLYLINE BLACK
0.938	-0.978
1.052	-1.172
1.234	-1.257
1.397	-1.394
POLYLINE BLACK
1.155	-1.341
1.158	-1.341
POLYLINE BLACK
1.980	-2.088
2.088	-2.204
2.227	-2.399
2.401	-2.447
2.561	-2.493
2.730	-2.505
2.888	-2.559
3.024	-2.606
3.629	-2.835
3.858	-3.012
3.958	-3.089
4.045	-3.183
4.139	-3.268
POLYLINE BLACK
1.213	-1.196
1.242	-1.250
1.269	-1.306
1.302	-1.358
1.319	-1.385
1.341	-1.408
1.363	-1.432
1.729	-1.828
1.457	-1.530
1.919	-1.948
1.939	-1.966
1.954	-1.990
1.968	-2.012
2.021	-2.094
2.066	-2.181
2.122	-2.260
2.173	-2.333
2.234	-2.399
2.290	-2.469
POLYLINE BLACK
4.977	-3.647
4.936	-3.618
4.899	-3.583
4.854	-3.560
4.799	-3.531
4.739	-3.510
4.679	-3.490
4.505	-3.431
4.326	-3.390
4.154	-3.325
4.076	-3.295
4.006	-3.246
3.931	-3.206
POLYLINE BLACK
6.395	-2.487
6.379	-2.445
6.353	-2.407
6.354	-2.362
6.355	-2.341
6.361	-2.321
6.371	-2.303
6.407	-2.235
6.471	-2.225
6.542	-2.240
6.643	-2.261
6.726	-2.324
6.816	-2.374
POLYLINE BLACK
5.090	2.094
5.163	2.067
5.236	2.040
5.309	2.012
5.406	1.982
5.507	1.960
5.601	1.920
5.784	1.843
5.960	1.753
6.137	1.663
6.158	1.653
6.177	1.639
6.192	1.622
6.380	1.408
6.655	1.111
6.777	0.833
7.279	-0.312
7.064	0.023
7.424	-1.028
7.572	-1.459
7.722	-1.653
7.768	-2.029
7.776	-2.095
7.764	-2.165
7.745	-2.229
7.707	-2.349
7.634	-2.464
7.506	-2.502
7.439	-2.522
7.353	-2.542
7.279	-2.539
7.123	-2.534
6.902	-2.437
6.798	-2.403
POLYLINE BLACK
3.161	-0.474
3.030	-0.632
3.033	-0.656
3.053	-0.863
3.055	-0.892
3.073	-0.923
3.093	-0.943
3.150	-1.002
3.256	-1.035
3.330	-1.053
3.393	-1.067
3.476	-1.084
3.536	-1.045
3.601	-1.002
3.640	-0.907
3.653	-0.834
3.673	-0.726
3.704	-0.498
3.594	-0.414
3.544	-0.377
3.504	-0.378
3.439	-0.366
POLYLINE BLACK
2.527	-0.806
2.279	-0.794
2.311	-1.127
2.522	-1.156
2.675	-1.176
2.781	-1.017
2.827	-0.894
2.835	-0.873
2.841	-0.851
2.844	-0.829
2.846	-0.817
2.851	-0.803
2.844	-0.794
2.822	-0.766
2.791	-0.748
2.764	-0.725
POLYLINE BLACK
3.210	-1.253
3.193	-1.281
3.174	-1.308
3.160	-1.337
3.133	-1.391
3.118	-1.492
3.168	-1.538
3.184	-1.552
3.205	-1.561
3.226	-1.563
3.322	-1.576
3.359	-1.438
3.368	-1.369
3.381	-1.278
3.346	-1.235
3.313	-1.133
POLYLINE BLACK
4.130	-0.212
4.113	-0.204
4.062	-0.164
4.026	-0.170
4.002	-0.173
3.986	-0.195
3.976	-0.215
3.894	-0.389
4.052	-0.674
4.217	-0.469
4.226	-0.459
4.235	-0.448
4.240	-0.436
4.261	-0.379
4.279	-0.321
4.294	-0.263
4.315	-0.186
4.323	0.002
4.200	0.004
4.193	0.005
4.187	0.001
4.181	-0.003
4.136	-0.034
4.092	-0.067
4.047	-0.099
POLYLINE BLACK
3.796	-0.682
3.744	-0.801
3.724	-0.820
3.706	-0.928
3.695	-0.993
3.713	-1.096
3.791	-1.112
3.874	-1.130
3.956	-1.037
3.977	-0.967
4.003	-0.881
3.966	-0.840
3.939	-0.737
POLYLINE BLACK
2.042	1.359
2.128	1.184
2.211	1.007
2.299	0.833
2.325	0.783
2.362	0.826
2.378	0.855
2.383	0.864
2.411	0.962
2.454	0.946
2.474	0.939
2.487	0.914
2.496	0.899
2.530	0.843
2.562	0.786
2.597	0.731
2.601	0.724
2.625	0.690
2.643	0.697
2.659	0.703
2.669	0.743
2.669	0.753
2.672	0.845
2.700	1.209
2.654	1.381
2.642	1.425
2.619	1.466
2.602	1.509
POLYLINE BLACK
2.855	1.051
2.864	1.033
2.891	0.850
2.936	0.828
2.971	0.810
3.007	0.797
3.042	0.782
POLYLINE BLACK
3.021	1.539
3.045	1.565
POLYLINE BLACK
3.225	0.893
3.250	0.931
3.275	0.969
3.300	1.007
3.306	1.005
3.316	1.006
3.318	1.000
3.325	0.974
3.301	0.908
3.331	0.885
3.370	0.855
3.470	0.961
3.473	1.003
3.492	1.317
3.430	1.645
3.521	1.946
3.593	2.183
3.520	1.448
3.533	1.200
3.536	1.136
3.554	1.074
3.568	1.011
3.573	0.991
3.578	0.970
3.590	0.953
3.630	0.896
3.679	0.845
3.723	0.791
POLYLINE BLACK
3.843	1.460
3.831	1.397
3.702	1.207
3.752	1.096
3.756	1.086
3.762	1.077
3.768	1.069
3.808	1.019
3.849	0.971
3.889	0.922
POLYLINE BLACK
4.095	1.164
4.076	1.090
4.024	0.939
4.060	0.854
4.062	0.848
4.073	0.846
4.079	0.850
4.090	0.856
4.095	0.869
4.101	0.880
4.110	0.897
4.118	0.914
4.123	0.932
4.139	0.985
4.148	1.043
4.144	1.099
4.143	1.116
4.139	1.066
4.138	1.049
4.138	1.036
4.139	1.022
4.142	1.009
4.147	0.987
4.160	0.952
4.176	0.934
4.215	0.889
4.259	0.847
4.301	0.803
POLYLINE BLACK
2.491	0.236
2.514	0.233
2.503	-0.098
2.580	-0.111
2.611	-0.116
2.629	-0.057
2.643	-0.040
2.722	0.050
2.790	-0.299
2.839	-0.279
2.849	-0.275
2.854	-0.263
2.857	-0.253
2.868	-0.220
2.879	-0.186
2.881	-0.152
2.903	0.201
2.906	0.139
2.867	0.366
POLYLINE BLACK
3.054	0.034
3.058	0.001
3.060	-0.032
3.066	-0.065
3.072	-0.101
3.110	-0.180
3.153	-0.183
3.191	-0.185
3.184	-0.111
3.211	-0.112
3.216	-0.112
3.197	-0.183
3.242	-0.176
3.301	-0.167
3.360	-0.108
3.386	-0.058
3.391	-0.049
3.401	-0.014
3.408	-0.007
3.436	0.025
3.476	-0.054
3.493	-0.066
3.550	-0.107
3.595	0.044
3.605	0.061
3.624	0.094
3.642	0.069
3.652	0.048
3.678	-0.008
3.700	-0.067
3.729	-0.122
3.743	-0.150
3.774	-0.124
3.783	-0.109
3.818	-0.045
3.855	0.042
3.863	0.114
3.881	0.285
3.753	0.536
3.897	0.628
4.027	0.711
3.921	0.320
3.948	0.168
3.967	0.061
4.000	-0.043
4.034	-0.146
4.036	-0.152
4.052	-0.154
4.054	-0.148
4.065	-0.118
4.063	-0.085
4.068	-0.053
POLYLINE BLACK
3.855	0.349
4.016	0.363
POLYLINE BLACK
4.212	0.256
4.201	0.211
4.178	0.168
4.179	0.122
4.179	0.083
4.254	0.193
4.255	0.196
4.270	0.230
4.274	0.286
4.248	0.317
4.212	0.358
4.146	0.254
4.152	0.204
4.158	0.162
4.194	0.120
4.215	0.088
POLYLINE BLACK
4.144	-0.117
4.216	-0.383
4.173	-0.260
4.288	-0.532
4.304	-0.569
4.318	-0.606
4.336	-0.642
4.370	-0.704
4.405	-0.766
4.439	-0.828
4.445	-0.830
4.453	-0.836
4.458	-0.832
4.467	-0.827
4.474	-0.815
4.476	-0.805
4.510	-0.636
4.421	-0.389
4.566	-0.295
4.700	-0.208
4.539	-0.615
4.522	-0.775
4.518	-0.808
4.483	-0.826
4.453	-0.815
4.394	-0.794
4.341	-0.756
4.280	-0.746
4.246	-0.740
4.214	-0.762
4.181	-0.770
POLYLINE RED
1.158	-0.189
1.302	-0.140
1.441	-0.075
1.589	-0.042
1.942	0.036
2.435	-0.052
2.740	-0.135
3.002	-0.206
3.238	-0.357
3.499	-0.433
3.694	-0.490
3.903	-0.486
4.102	-0.533
4.539	-0.635
4.716	-0.738
4.992	-1.084
5.960	-2.445
4.832	-0.916
5.796	-2.068
5.878	-2.166
5.937	-2.282
6.012	-2.387
6.017	-2.393
6.025	-2.396
6.032	-2.398
6.079	-2.406
6.120	-2.272
6.123	-2.241
6.132	-2.110
6.143	-1.979
6.137	-1.848
6.137	-1.828
6.114	-1.880
6.108	-1.899
6.063	-2.037
6.028	-2.178
5.986	-2.316
5.968	-2.375
5.883	-2.380
5.836	-2.374
5.795	-2.369
5.722	-2.342
5.691	-2.335
5.664	-2.329
5.637	-2.327
5.610	-2.323
5.546	-2.308
5.481	-2.293
5.417	-2.279
POLYLINE RED
-0.858	1.779
-0.745	2.053
-0.684	2.543
-0.455	2.807
-0.451	2.812
-0.444	2.814
-0.438	2.817
-0.398	2.837
-0.357	2.856
-0.317	2.875
POLYLINE RED
-0.668	2.383
-0.534	2.084
-0.446	1.844
-0.249	1.577
-0.216	1.533
-0.162	1.510
-0.118	1.476
POLYLINE RED
-0.098	2.258
-0.105	2.219
-0.116	2.180
-0.120	2.140
-0.131	2.027
-0.074	1.913
-0.008	1.825
0.033	1.771
0.104	1.734
0.171	1.761
0.238	1.789
0.288	1.867
0.295	1.938
0.315	2.134
0.319	2.330
0.251	2.518
0.241	2.546
0.226	2.573
0.214	2.601
POLYLINE RED
-0.181	0.746
-0.203	0.711
-0.227	0.677
-0.247	0.642
-0.314	0.522
-0.131	0.298
-0.057	0.411
0.037	0.555
-0.037	0.890
-0.048	1.000
POLYLINE RED
-0.323	1.289
-0.242	1.274
-0.172	1.253
-0.123	1.184
-0.062	1.096
-0.002	1.008
0.055	0.918
0.086	0.870
0.100	0.811
0.139	0.768
0.151	0.755
0.142	0.804
0.143	0.822
0.144	0.840
0.141	0.862
0.155	0.877
0.181	0.906
0.250	0.857
0.291	0.855
0.333	0.853
0.361	0.881
0.395	0.901
0.447	0.932
0.494	0.892
0.540	0.870
0.609	0.836
0.696	0.915
0.657	0.986
0.618	1.059
0.538	1.050
0.467	1.057
POLYLINE RED
0.701	1.366
0.702	1.298
0.698	1.229
0.703	1.161
0.703	1.153
0.712	1.056
0.740	1.028
0.782	0.985
0.847	1.078
0.854	1.113
0.872	1.206
0.737	1.346
0.707	1.388
POLYLINE RED
0.630	2.213
0.558	2.171
0.507	2.139
0.540	2.051
0.674	1.699
0.656	1.702
0.816	1.448
0.845	1.403
0.890	1.426
0.916	1.457
0.956	1.504
0.992	1.553
1.034	1.598
1.038	1.603
1.045	1.604
1.051	1.604
1.113	1.605
1.120	1.475
1.196	1.475
1.240	1.475
1.278	1.520
1.289	1.559
1.302	1.604
1.287	1.583
1.297	1.636
1.311	1.708
1.387	1.615
1.418	1.681
1.477	1.808
1.405	2.024
1.386	2.149
1.380	2.188
1.417	2.183
1.438	2.174
1.485	2.156
1.523	2.108
1.538	2.062
1.583	1.932
1.616	1.798
1.664	1.669
1.666	1.663
1.679	1.665
1.683	1.670
1.692	1.680
1.694	1.694
1.697	1.707
1.710	1.764
1.715	1.823
1.733	1.879
1.744	1.914
1.788	1.839
1.798	1.830
1.844	1.791
1.892	1.867
1.923	1.889
1.939	1.901
1.957	1.911
1.975	1.919
2.007	1.934
2.043	1.944
2.078	1.946
2.141	1.949
2.223	1.916
2.236	1.846
2.247	1.791
2.252	1.625
2.262	1.680
2.279	1.775
2.255	1.873
2.258	1.970
2.273	2.423
2.268	2.333
2.342	2.698
POLYLINE BLACK
6.519	-2.745
6.484	-2.790
6.434	-2.847
6.463	-2.909
6.504	-2.999
6.540	-3.091
6.592	-3.176
6.691	-3.336
6.820	-3.477
6.913	-3.641
7.060	-3.901
7.075	-4.359
7.157	-4.590
7.488	-5.224
7.394	-4.966
7.515	-5.335
POLYLINE BLACK
5.900	-4.738
6.463	-5.507
5.906	-4.707
6.406	-5.553
6.972	-6.513
6.243	-5.139
6.804	-6.225
POLYLINE BLACK
6.699	-6.078
6.741	-6.203
6.974	-6.235
7.036	-6.372
7.076	-6.461
7.083	-6.610
7.094	-6.712
POLYLINE BLACK
7.446	-6.081
7.324	-5.811
7.316	-5.507
7.324	-5.216
7.326	-5.126
7.352	-5.011
7.322	-4.917
7.264	-4.729
7.194	-4.544
7.131	-4.358
7.127	-4.346
7.117	-4.334
7.121	-4.323
7.136	-4.277
7.165	-4.236
7.187	-4.193
POLYLINE BLACK
7.293	-6.374
7.260	-6.368
POLYLINE BLACK
7.422	-6.081
7.443	-6.126
7.460	-6.174
7.486	-6.216
7.613	-6.422
7.863	-6.600
8.020	-6.741
POLYLINE BLACK
8.672	-8.933
8.721	-9.142
8.775	-9.349
8.819	-9.559
8.840	-9.659
8.842	-9.762
8.865	-9.862
8.964	-10.286
9.011	-10.550
9.233	-10.899
9.339	-11.063
9.464	-11.214
9.581	-11.370
9.657	-11.470
9.726	-11.577
9.813	-11.668
9.942	-11.804
10.094	-11.916
10.228	-12.046
10.307	-12.122
10.374	-12.208
10.451	-12.286
10.501	-12.337
10.566	-12.364
10.627	-12.398
POLYLINE BLACK
7.193	-6.689
7.360	-6.835
7.338	-6.853
7.439	-7.129
7.472	-7.218
7.501	-7.310
7.527	-7.402
7.563	-7.527
7.558	-7.657
7.687	-7.724
7.798	-7.782
7.942	-7.736
8.038	-7.829
8.048	-7.839
8.058	-7.849
8.065	-7.861
8.133	-7.979
8.187	-8.106
8.264	-8.219
8.331	-8.318
8.422	-8.400
8.495	-8.495
8.582	-8.607
8.649	-8.919
8.665	-8.964
8.704	-9.077
8.874	-9.168
8.974	-9.206
9.179	-9.284
9.399	-9.279
9.616	-9.296
9.669	-9.300
9.729	-9.251
9.752	-9.207
9.777	-9.161
9.760	-9.119
9.760	-9.068
9.760	-8.973
9.802	-8.909
9.902	-8.939
10.044	-8.981
10.141	-9.312
10.157	-9.337
10.200	-9.406
10.257	-9.466
10.310	-9.529
10.323	-9.545
10.351	-9.547
10.369	-9.541
10.444	-9.513
10.473	-9.414
10.510	-9.355
10.522	-9.336
10.538	-9.318
10.553	-9.301
10.599	-9.248
10.650	-9.200
10.693	-9.145
10.756	-9.066
10.803	-8.966
10.830	-8.870
10.869	-8.724
10.987	-8.466
10.892	-8.293
10.823	-8.169
10.685	-8.103
10.612	-7.981
10.513	-7.815
10.607	-7.611
10.541	-7.438
10.503	-7.339
10.443	-7.328
10.365	-7.267
10.343	-7.250
10.324	-7.231
10.306	-7.211
10.149	-7.034
10.000	-6.849
9.839	-6.675
9.747	-6.576
9.532	-6.475
9.445	-6.421
9.408	-6.398
9.371	-6.360
9.345	-6.324
9.328	-6.299
9.314	-6.271
9.296	-6.247
9.262	-6.199
9.201	-6.169
9.143	-6.171
8.996	-6.177
8.850	-6.292
8.724	-6.351
8.641	-6.390
8.409	-6.390
8.389	-6.391
8.285	-6.397
8.190	-6.387
8.094	-6.441
7.909	-6.547
7.920	-6.488
7.911	-6.579
POLYLINE BLACK
10.333	-9.641
10.235	-9.240
10.283	-9.459
10.736	-10.476
10.753	-10.513
10.772	-10.672
10.774	-10.685
POLYLINE BLACK
8.551	-12.321
8.554	-12.308
POLYLINE BLACK
10.145	-11.082
10.026	-11.108
9.849	-11.099
9.742	-11.184
9.705	-11.213
9.617	-11.313
9.602	-11.327
9.551	-11.376
9.494	-11.417
9.443	-11.466
9.425	-11.484
9.407	-11.503
9.398	-11.526
9.388	-11.549
9.390	-11.576
9.387	-11.601
POLYLINE BLACK
10.812	-10.607
10.734	-10.633
10.654	-10.655
10.577	-10.684
10.553	-10.692
10.531	-10.704
10.511	-10.720
10.371	-10.828
10.236	-10.942
10.099	-11.053
POLYLINE BLACK
8.363	-8.633
8.406	-8.619
8.451	-8.609
8.493	-8.590
8.502	-8.586
8.473	-8.587
8.463	-8.588
8.437	-8.591
8.411	-8.594
8.386	-8.600
8.320	-8.615
8.257	-8.639
8.191	-8.653
8.149	-8.662
8.094	-8.659
8.052	-8.651
7.963	-8.633
8.005	-8.617
7.952	-8.650
POLYLINE BLACK
7.878	-7.612
7.873	-7.636
7.866	-7.659
7.863	-7.683
7.849	-7.782
7.916	-7.882
7.964	-7.957
8.036	-8.069
8.110	-8.180
8.198	-8.280
8.284	-8.379
8.468	-8.465
8.493	-8.621
8.495	-8.636
8.493	-8.651
8.493	-8.666
POLYLINE BLACK
7.409	-8.911
7.418	-8.894
7.425	-8.876
7.434	-8.860
7.464	-8.809
7.601	-8.766
7.613	-8.761
7.671	-8.741
7.731	-8.727
7.790	-8.715
7.867	-8.699
7.991	-8.655
8.082	-8.690
8.103	-8.698
8.123	-8.708
8.143	-8.717
POLYLINE BLACK
7.882	-7.811
7.850	-7.788
7.819	-7.766
7.778	-7.775
7.673	-7.798
7.391	-7.900
7.228	-7.865
POLYLINE BLACK
7.412	-8.863
7.384	-8.855
7.363	-8.854
7.340	-8.838
7.264	-8.784
7.221	-8.608
7.203	-8.525
7.193	-8.480
7.196	-8.426
7.173	-8.382
7.157	-8.350
7.142	-8.343
7.112	-8.315
POLYLINE BLACK
7.278	-7.853
7.254	-7.827
7.203	-7.796
7.193	-7.756
7.189	-7.742
7.188	-7.727
7.185	-7.713
POLYLINE BLACK
7.275	-7.754
7.256	-7.754
7.228	-7.749
7.207	-7.758
7.159	-7.779
7.131	-7.920
7.129	-7.927
7.104	-8.035
7.104	-8.139
7.116	-8.249
7.123	-8.320
7.142	-8.390
7.152	-8.461
7.169	-8.583
7.117	-8.439
7.193	-8.604
POLYLINE BLACK
6.927	-9.160
6.947	-9.210
6.971	-9.258
6.987	-9.309
7.010	-9.388
7.033	-9.468
7.056	-9.547
7.059	-9.548
7.064	-9.553
7.065	-9.550
7.070	-9.539
7.069	-9.527
7.070	-9.515
7.072	-9.506
7.072	-9.460
7.096	-9.480
7.101	-9.485
7.106	-9.491
7.110	-9.498
7.160	-9.582
7.208	-9.668
7.258	-9.752
7.262	-9.758
7.267	-9.751
7.268	-9.749
7.270	-9.746
7.272	-9.742
7.271	-9.739
7.265	-9.508
7.256	-9.278
7.248	-9.048
POLYLINE BLACK
7.468	-9.420
7.440	-9.522
7.436	-9.560
7.459	-9.662
7.463	-9.682
7.476	-9.699
7.491	-9.676
7.518	-9.635
7.514	-9.582
7.494	-9.540
7.491	-9.533
7.483	-9.519
7.474	-9.517
7.464	-9.516
7.456	-9.526
7.452	-9.532
7.419	-9.575
7.441	-9.638
7.458	-9.681
7.469	-9.708
7.488	-9.748
7.515	-9.765
7.553	-9.791
7.573	-9.715
7.579	-9.697
7.583	-9.685
7.584	-9.672
7.586	-9.660
7.588	-9.653
7.587	-9.645
7.590	-9.638
7.594	-9.628
7.601	-9.626
7.611	-9.630
7.653	-9.648
7.672	-9.697
7.703	-9.727
7.705	-9.729
7.710	-9.725
7.711	-9.723
7.722	-9.700
7.707	-9.592
7.736	-9.651
7.750	-9.682
7.766	-9.736
7.795	-9.766
7.818	-9.792
7.859	-9.815
7.872	-9.767
7.876	-9.751
7.883	-9.734
7.882	-9.717
7.874	-9.544
7.859	-9.371
7.846	-9.197
7.845	-9.189
7.839	-9.162
7.841	-9.171
7.897	-9.390
7.870	-9.350
7.943	-9.505
7.947	-9.515
7.952	-9.524
7.958	-9.531
7.985	-9.560
8.014	-9.586
8.041	-9.614
POLYLINE BLACK
7.886	-9.390
7.980	-9.432
POLYLINE BLACK
8.162	-9.530
8.155	-9.524
8.131	-9.494
8.111	-9.492
8.081	-9.488
8.060	-9.534
8.058	-9.558
8.057	-9.573
8.058	-9.592
8.064	-9.605
8.072	-9.625
8.081	-9.645
8.091	-9.664
8.102	-9.683
8.118	-9.705
8.136	-9.719
8.155	-9.734
8.170	-9.721
8.178	-9.703
8.196	-9.661
8.183	-9.608
8.168	-9.567
8.167	-9.562
8.164	-9.556
8.159	-9.553
8.147	-9.547
8.140	-9.596
8.140	-9.600
8.139	-9.613
8.140	-9.632
8.145	-9.644
8.195	-9.762
8.292	-9.795
8.401	-9.853
POLYLINE BLACK
7.513	-9.225
7.510	-9.133
7.502	-9.028
7.508	-8.933
7.509	-8.928
7.511	-8.943
7.512	-8.948
7.531	-9.127
7.554	-9.305
7.570	-9.485
7.571	-9.497
7.558	-9.462
7.555	-9.449
7.520	-9.289
7.494	-9.128
7.457	-8.968
7.456	-8.964
7.448	-8.968
7.446	-8.971
7.441	-8.978
7.438	-8.988
7.436	-8.996
7.417	-9.064
7.402	-9.132
7.380	-9.198
7.379	-9.202
7.372	-9.206
7.369	-9.203
7.363	-9.198
7.361	-9.188
7.358	-9.180
7.349	-9.154
7.346	-9.120
7.348	-9.093
7.354	-9.040
7.361	-9.001
7.382	-8.955
7.401	-8.911
7.459	-8.873
7.505	-8.899
7.534	-8.915
7.568	-8.961
7.580	-8.976
7.639	-9.052
7.695	-9.129
7.752	-9.206
POLYLINE RED
8.556	-8.012
8.580	-8.033
8.605	-8.052
8.627	-8.074
8.657	-8.106
8.684	-8.140
8.713	-8.173
8.921	-8.407
8.840	-8.294
8.949	-8.459
POLYLINE RED
8.638	-8.075
8.648	-8.106
8.659	-8.161
8.683	-8.190
8.752	-8.274
8.830	-8.350
8.896	-8.436
9.959	-9.815
8.830	-8.408
9.492	-9.229
POLYLINE RED
8.963	-9.313
8.941	-9.309
8.919	-9.307
8.898	-9.302
8.793	-9.275
8.537	-9.010
8.496	-8.973
POLYLINE RED
7.369	-7.090
7.437	-7.144
7.508	-7.197
7.575	-7.253
7.713	-7.367
7.590	-7.294
7.755	-7.387
7.819	-7.423
7.891	-7.449
7.950	-7.494
8.123	-7.628
8.521	-7.989
8.721	-8.169
POLYLINE RED
7.349	-7.092
7.171	-6.991
7.185	-7.009
6.965	-6.974
POLYLINE RED
4.873	-4.519
4.896	-4.522
4.920	-4.523
4.943	-4.528
4.995	-4.539
5.078	-4.584
5.111	-4.609
5.270	-4.731
5.437	-4.845
5.576	-4.989
6.485	-5.937
5.895	-5.373
6.308	-5.950
6.463	-6.168
6.588	-6.246
6.772	-6.461
7.197	-6.956
6.964	-6.829
7.148	-6.928
POLYLINE RED
4.852	-4.407
4.995	-4.500
5.006	-4.514
5.103	-4.625
POLYLINE RED
6.005	-8.569
5.925	-8.505
5.919	-8.507
5.854	-8.417
5.851	-8.413
5.851	-8.405
5.855	-8.404
5.862	-8.402
5.869	-8.407
5.876	-8.410
5.965	-8.446
5.958	-8.456
6.028	-8.467
6.079	-8.474
6.130	-8.484
6.182	-8.488
6.244	-8.491
6.306	-8.486
6.367	-8.488
6.381	-8.488
6.396	-8.491
6.409	-8.496
6.495	-8.525
6.648	-8.611
6.701	-8.643
6.785	-8.694
6.857	-8.767
6.948	-8.806
7.042	-8.846
7.641	-9.024
7.825	-9.084
8.424	-9.281
8.357	-9.298
8.858	-9.378
8.884	-9.382
8.951	-9.394
8.991	-9.380
9.023	-9.369
9.040	-9.331
9.031	-9.300
9.030	-9.294
9.013	-9.257
9.014	-9.255
9.018	-9.249
9.028	-9.265
9.035	-9.264
9.041	-9.264
9.044	-9.257
9.048	-9.254
POLYLINE RED
5.867	-8.418
5.799	-8.317
5.721	-8.222
5.663	-8.115
5.240	-7.328
5.748	-8.112
5.352	-7.493
5.327	-7.454
5.216	-7.364
5.211	-7.359
5.172	-7.319
5.139	-7.274
5.104	-7.232
4.958	-7.092
4.809	-6.955
4.667	-6.811
4.623	-6.766
4.604	-6.710
4.581	-6.654
4.571	-6.628
4.564	-6.601
4.551	-6.577
4.523	-6.521
4.489	-6.468
4.458	-6.414
4.435	-6.352
4.416	-6.288
4.387	-6.228
4.339	-6.126
4.283	-6.028
4.229	-5.929
4.218	-5.909
4.203	-5.891
4.193	-5.871
4.184	-5.854
4.179	-5.836
4.173	-5.818
4.140	-5.724
4.116	-5.680
4.113	-5.590
4.113	-5.564
4.113	-5.538
4.118	-5.513
4.192	-5.207
4.274	-4.903
4.352	-4.597
POLYLINE RED
4.959	-4.416
4.819	-4.388
4.878	-4.393
4.682	-4.405
4.636	-4.408
4.606	-4.421
4.563	-4.412
4.547	-4.409
4.533	-4.402
4.518	-4.396
POLYLINE RED
4.295	-4.694
4.260	-4.519
4.281	-4.590
4.243	-4.478
POLYLINE RED
4.547	-4.366
4.330	-4.383
4.360	-4.373
4.165	-4.474
4.144	-4.485
4.119	-4.523
4.118	-4.545
4.115	-4.585
4.121	-4.624
4.122	-4.664
POLYLINE RED
9.923	-11.621
9.926	-11.651
9.926	-11.681
9.932	-11.710
9.954	-11.826
10.036	-11.921
10.101	-12.013
POLYLINE RED
9.891	-11.594
9.890	-11.616
9.887	-11.639
9.888	-11.661
9.889	-11.777
10.028	-11.907
10.084	-11.969
10.115	-12.002
10.198	-12.088
10.257	-12.118
10.296	-12.139
10.340	-12.153
10.379	-12.174
10.427	-12.199
10.478	-12.245
10.519	-12.278
POLYLINE RED
10.348	-11.209
10.348	-11.210
POLYLINE RED
10.149	-10.984
10.145	-10.983
10.099	-10.960
10.079	-10.970
10.053	-10.983
10.065	-11.053
10.068	-11.065
10.089	-11.138
10.138	-11.345
10.233	-11.408
10.316	-11.464
10.428	-11.450
10.506	-11.516
10.537	-11.543
10.554	-11.581
10.568	-11.619
10.573	-11.632
10.575	-11.647
10.580	-11.661
10.588	-11.684
10.598	-11.706
10.607	-11.728
POLYLINE RED
9.757	-10.683
9.781	-10.684
9.805	-10.682
9.828	-10.685
9.885	-10.691
9.954	-10.713
9.999	-10.751
10.082	-10.823
10.064	-10.826
10.144	-10.917
10.189	-10.968
10.243	-11.010
10.283	-11.065
10.329	-11.130
10.363	-11.203
10.400	-11.275
10.487	-11.447
10.479	-11.433
10.519	-11.561
POLYLINE RED
9.519	-9.848
9.534	-9.839
POLYLINE RED
9.505	-9.796
9.519	-9.820
9.541	-9.851
9.546	-9.882
9.555	-9.947
9.551	-10.014
9.569	-10.077
9.648	-10.358
9.822	-10.596
9.992	-10.827
POLYLINE RED
9.434	-11.093
9.438	-11.124
9.441	-11.156
9.445	-11.188
9.444	-11.202
9.445	-11.246
9.442	-11.232
9.416	-11.087
9.405	-10.939
9.376	-10.794
9.364	-10.736
9.308	-10.448
9.226	-10.345
9.219	-10.337
9.210	-10.330
9.203	-10.323
POLYLINE RED
9.427	-11.123
9.458	-11.466
9.405	-10.932
9.490	-11.487
9.500	-11.556
9.498	-11.626
9.507	-11.694
9.519	-11.785
9.569	-11.841
9.623	-11.909
POLYLINE RED
9.460	-11.387
9.460	-11.386
POLYLINE RED
9.754	-11.786
9.774	-11.764
9.794	-11.742
9.814	-11.719
9.820	-11.713
9.839	-11.695
9.833	-11.701
9.817	-11.715
9.801	-11.727
9.787	-11.742
9.557	-12.002
9.707	-11.853
9.612	-11.947
POLYLINE RED
9.905	-11.684
9.953	-11.692
10.001	-11.698
10.049	-11.709
10.067	-11.713
10.085	-11.720
10.101	-11.729
10.186	-11.772
10.308	-11.867
10.420	-11.878
10.463	-11.883
10.523	-11.838
10.532	-11.798
10.533	-11.793
10.529	-11.788
10.528	-11.783
POLYLINE RED
10.431	-11.788
10.451	-11.792
10.482	-11.807
10.505	-11.796
10.549	-11.775
10.554	-11.673
10.558	-11.633
POLYLINE RED
9.190	-10.422
9.232	-10.403
POLYLINE RED
9.486	-9.783
9.436	-9.848
9.386	-9.913
9.336	-9.978
9.330	-9.991
9.321	-10.004
9.317	-10.018
9.307	-10.055
9.301	-10.092
9.294	-10.129
9.271	-10.255
9.281	-10.283
9.242	-10.369
9.228	-10.401
9.175	-10.455
9.167	-10.464
POLYLINE RED
9.280	-10.514
9.368	-10.507
9.367	-10.511
9.435	-10.563
POLYLINE RED
9.309	-10.140
9.385	-10.336
9.346	-10.250
9.420	-10.401
POLYLINE RED
9.353	-9.890
9.411	-10.076
9.381	-9.995
9.438	-10.135
POLYLINE RED
9.613	-10.165
9.598	-10.343
9.597	-10.258
9.612	-10.419
POLYLINE RED
9.784	-10.543
9.718	-10.596
9.749	-10.561
9.702	-10.657
POLYLINE RED
9.871	-10.760
9.805	-10.816
9.835	-10.779
9.798	-10.884
POLYLINE RED
10.021	-10.800
9.965	-10.869
9.991	-10.829
9.946	-10.921
POLYLINE RED
10.129	-10.907
10.072	-10.936
10.104	-10.923
10.035	-10.943
POLYLINE RED
10.256	-11.094
10.178	-11.026
10.161	-11.026
10.066	-11.006
POLYLINE RED
10.336	-11.244
10.290	-11.266
10.244	-11.277
10.194	-11.274
POLYLINE RED
10.450	-11.339
10.389	-11.386
10.427	-11.366
10.330	-11.389
POLYLINE RED
10.497	-11.813
10.458	-11.779
10.454	-11.768
10.413	-11.748
10.377	-11.730
10.314	-11.713
10.301	-11.666
10.293	-11.638
10.309	-11.606
10.317	-11.581
POLYLINE RED
10.238	-11.749
10.226	-11.733
10.213	-11.718
10.202	-11.702
10.189	-11.682
10.180	-11.649
10.176	-11.626
10.160	-11.519
10.161	-11.538
10.165	-11.464
POLYLINE RED
10.062	-11.725
10.018	-11.457
POLYLINE RED
9.665	-11.771
9.646	-11.693
9.646	-11.635
9.655	-11.561
POLYLINE RED
9.459	-11.580
9.530	-11.578
9.490	-11.584
9.578	-11.551
POLYLINE RED
9.465	-11.219
9.557	-11.202
9.505	-11.208
9.620	-11.204
POLYLINE RED
9.406	-10.888
9.537	-10.905
POLYLINE RED
9.346	-10.717
9.465	-10.723
POLYLINE RED
9.325	-10.600
9.398	-10.654
POLYLINE BLACK
9.480	-9.226
9.490	-9.271
9.495	-9.318
9.510	-9.363
9.707	-9.949
9.492	-9.256
9.670	-9.702
9.713	-9.810
9.745	-9.922
9.781	-10.032
9.852	-10.254
9.913	-10.479
9.990	-10.699
10.011	-10.756
10.093	-10.931
10.139	-11.021
POLYLINE RED
8.732	-12.214
8.759	-12.185
8.782	-12.151
8.812	-12.126
8.864	-12.082
8.922	-12.045
8.979	-12.007
9.302	-11.790
9.210	-11.840
9.401	-11.745
POLYLINE RED
9.298	-11.741
9.276	-11.719
9.239	-11.675
9.291	-11.670
9.325	-11.667
9.380	-11.657
9.417	-11.672
9.462	-11.690
9.463	-11.752
9.454	-11.791
9.423	-11.920
9.414	-11.866
9.427	-11.924
POLYLINE RED
8.169	-11.345
8.131	-11.359
8.106	-11.361
8.078	-11.384
8.016	-11.432
7.988	-11.522
8.005	-11.598
8.013	-11.636
8.032	-11.671
8.066	-11.692
8.093	-11.708
8.125	-11.718
8.155	-11.724
8.191	-11.731
8.244	-11.719
8.266	-11.756
8.288	-11.793
8.288	-11.841
8.260	-11.874
8.243	-11.894
8.226	-11.914
8.207	-11.933
8.203	-11.936
8.198	-11.939
8.194	-11.940
8.182	-11.941
8.170	-11.940
8.159	-11.940
POLYLINE RED
8.287	-11.301
8.330	-11.293
8.366	-11.669
8.456	-11.765
8.479	-11.790
8.507	-11.800
8.536	-11.813
POLYLINE RED
8.338	-11.606
8.300	-11.599
8.257	-11.591
8.286	-11.546
8.413	-11.347
8.356	-11.410
8.487	-11.293
POLYLINE RED
8.501	-11.436
8.502	-11.462
8.500	-11.488
8.504	-11.514
8.513	-11.566
8.525	-11.614
8.550	-11.660
8.583	-11.722
8.628	-11.731
8.651	-11.658
8.656	-11.642
8.660	-11.627
8.662	-11.611
8.665	-11.583
8.665	-11.555
8.666	-11.527
8.670	-11.438
8.667	-11.554
8.695	-11.593
8.706	-11.608
8.724	-11.615
8.742	-11.616
8.797	-11.619
8.820	-11.560
8.798	-11.516
8.787	-11.493
8.760	-11.482
8.741	-11.469
POLYLINE RED
8.757	-11.084
8.750	-11.120
8.740	-11.151
8.749	-11.188
8.773	-11.281
8.802	-11.373
8.831	-11.466
8.832	-11.471
8.836	-11.476
8.841	-11.480
8.860	-11.498
8.870	-11.450
8.887	-11.447
8.911	-11.443
8.916	-11.484
8.938	-11.487
8.961	-11.489
8.968	-11.457
8.987	-11.451
9.007	-11.445
9.018	-11.463
9.034	-11.470
9.065	-11.483
9.086	-11.431
9.097	-11.414
POLYLINE RED
9.012	-11.013
8.995	-11.023
8.977	-11.032
8.961	-11.043
8.925	-11.067
8.990	-11.137
8.995	-11.144
POLYLINE RED
9.178	-11.341
9.147	-11.432
9.182	-11.348
9.156	-11.309
9.139	-11.283
9.131	-11.318
9.128	-11.332
9.113	-11.414
9.120	-11.453
9.178	-11.516
9.236	-11.578
9.275	-11.594
9.352	-11.626
POLYLINE BLUE
9.884	-11.655
9.880	-11.659
POLYLINE BLUE
10.260	-12.691
10.255	-12.699
10.252	-12.709
10.244	-12.716
10.232	-12.726
10.213	-12.721
10.205	-12.709
10.187	-12.682
10.167	-12.656
10.152	-12.627
10.131	-12.588
10.118	-12.546
10.099	-12.507
10.069	-12.445
10.037	-12.385
10.006	-12.324
9.992	-12.297
9.974	-12.272
9.965	-12.244
9.935	-12.148
9.910	-12.050
9.890	-11.952
9.880	-11.900
9.881	-11.846
9.875	-11.793
9.872	-11.769
9.867	-11.746
9.862	-11.722
9.861	-11.716
9.857	-11.711
9.856	-11.706
9.855	-11.704
9.854	-11.702
9.855	-11.702
9.858	-11.701
9.861	-11.701
9.863	-11.701
POLYLINE BLUE
10.226	-12.727
10.231	-12.729
POLYLINE BLUE
10.235	-12.726
10.290	-12.836
10.213	-12.679
10.303	-12.902
10.309	-12.918
10.319	-12.932
10.328	-12.947
10.334	-12.956
10.344	-12.969
10.355	-12.977
10.377	-12.992
10.413	-12.995
10.436	-13.000
POLYLINE BLUE
8.953	-16.208
8.946	-16.194
8.937	-16.181
8.932	-16.166
8.926	-16.147
8.920	-16.127
8.919	-16.107
8.904	-15.893
8.897	-15.678
8.885	-15.464
8.813	-14.135
8.872	-15.783
8.917	-14.027
8.922	-13.835
8.890	-13.643
8.889	-13.450
8.889	-13.382
8.904	-13.315
8.913	-13.248
8.920	-13.206
8.949	-13.113
8.943	-13.051
8.941	-13.035
8.937	-13.019
8.935	-13.004
POLYLINE BLUE
8.919	-13.022
8.919	-12.995
8.916	-12.968
8.918	-12.941
8.918	-12.931
8.920	-12.921
8.924	-12.911
8.941	-12.862
8.960	-12.813
8.980	-12.765
8.984	-12.756
8.988	-12.747
8.995	-12.741
9.104	-12.645
9.215	-12.551
9.326	-12.458
9.337	-12.449
9.370	-12.437
9.382	-12.436
9.454	-12.429
9.525	-12.427
9.597	-12.424
9.602	-12.423
9.608	-12.424
9.613	-12.426
9.624	-12.430
9.635	-12.435
9.646	-12.439
POLYLINE BLUE
8.934	-16.081
8.925	-16.138
8.913	-16.194
8.908	-16.252
8.906	-16.278
8.905	-16.305
8.912	-16.330
9.135	-17.167
9.345	-18.008
9.597	-18.837
9.724	-19.257
9.905	-19.659
10.048	-20.074
10.370	-21.014
9.527	-19.629
10.834	-21.741
11.657	-23.071
11.958	-23.197
12.431	-24.161
12.553	-24.408
12.654	-24.666
12.785	-24.909
12.830	-24.994
13.085	-25.476
13.291	-25.543
13.408	-25.582
13.573	-25.548
13.680	-25.528
13.750	-25.515
13.888	-25.467
13.943	-25.419
13.980	-25.388
14.002	-25.342
14.031	-25.303
POLYLINE BLUE
10.316	-13.087
10.321	-13.132
10.322	-13.176
10.330	-13.220
10.336	-13.249
10.344	-13.279
10.356	-13.306
10.447	-13.507
10.513	-13.586
10.698	-13.710
10.826	-13.797
10.964	-13.833
11.116	-13.867
11.259	-13.898
11.403	-13.919
11.548	-13.942
11.556	-13.943
11.565	-13.942
11.573	-13.940
11.654	-13.923
11.630	-13.798
11.730	-13.815
12.015	-13.862
12.395	-14.239
12.508	-14.326
12.700	-14.474
12.988	-14.753
13.134	-14.919
13.163	-14.952
13.644	-15.490
13.703	-15.703
13.982	-16.713
14.194	-17.740
14.477	-18.748
14.607	-19.209
14.802	-19.649
14.943	-20.106
14.970	-20.195
14.982	-20.290
14.979	-20.383
14.929	-21.644
14.854	-22.504
14.565	-23.743
14.476	-24.125
14.337	-24.494
14.204	-24.863
14.011	-25.400
14.093	-25.478
13.953	-25.301
POLYLINE BLUE
8.919	-13.941
9.433	-13.786
9.214	-13.779
9.569	-13.839
POLYLINE BLUE
8.877	-14.736
9.267	-14.616
9.100	-14.652
9.373	-14.603
POLYLINE BLUE
8.914	-16.217
9.250	-16.058
9.083	-16.118
9.413	-16.031
POLYLINE BLUE
9.288	-17.237
9.611	-17.014
POLYLINE BLUE
9.454	-18.280
9.542	-18.121
9.557	-18.106
9.709	-18.029
POLYLINE BLUE
9.802	-19.541
9.899	-19.340
9.943	-19.268
10.116	-19.150
POLYLINE BLUE
10.098	-20.490
10.186	-20.303
10.228	-20.275
10.384	-20.149
POLYLINE BLUE
10.767	-21.456
10.823	-21.384
10.874	-21.300
10.954	-21.249
10.999	-21.221
11.050	-21.202
11.098	-21.178
POLYLINE BLUE
11.223	-22.608
11.269	-22.404
11.388	-22.322
11.559	-22.217
POLYLINE BLUE
11.875	-23.248
12.073	-22.927
POLYLINE BLUE
13.642	-25.280
13.596	-25.375
13.550	-25.471
13.504	-25.567
13.498	-25.570
13.493	-25.576
13.486	-25.577
13.470	-25.579
13.450	-25.558
13.445	-25.548
13.245	-25.146
13.378	-25.381
13.191	-24.889
13.173	-24.841
13.144	-24.798
13.121	-24.752
POLYLINE BLUE
12.246	-23.992
12.311	-23.879
12.407	-23.806
12.509	-23.731
POLYLINE BLUE
14.469	-23.215
14.335	-23.085
14.065	-23.160
13.923	-23.023
13.900	-23.001
13.867	-22.937
13.860	-22.925
POLYLINE BLUE
14.860	-21.902
14.618	-21.870
14.499	-21.864
14.266	-21.793
14.196	-21.772
14.131	-21.739
14.063	-21.713
POLYLINE BLUE
14.850	-19.613
14.415	-19.511
14.460	-19.565
14.201	-19.403
POLYLINE BLUE
14.164	-18.130
13.523	-17.725
14.720	-18.471
13.542	-17.802
13.497	-17.777
13.465	-17.734
13.427	-17.699
POLYLINE BLUE
14.113	-17.174
13.909	-17.032
13.689	-16.899
13.442	-16.851
13.378	-16.839
13.313	-16.834
13.249	-16.826
POLYLINE BLUE
13.246	-15.462
13.175	-15.480
13.102	-15.494
13.032	-15.516
13.004	-15.524
12.975	-15.534
12.952	-15.552
12.790	-15.683
12.638	-15.826
12.481	-15.962
POLYLINE BLUE
12.644	-14.300
12.111	-14.918
POLYLINE BLUE
11.279	-13.786
10.930	-14.590
POLYLINE BLUE
10.399	-13.532
10.368	-13.548
10.171	-13.644
10.133	-13.695
10.086	-13.759
10.060	-13.835
10.023	-13.904
POLYLINE BLUE
10.110	-13.039
9.981	-13.057
10.050	-13.043
9.905	-13.086
POLYLINE BLUE
9.434	-12.259
9.738	-12.381
9.539	-12.311
10.043	-12.425
POLYLINE BLUE
8.558	-9.400
8.583	-9.464
POLYLINE BLUE
9.784	-11.675
9.727	-11.668
9.664	-11.650
9.607	-11.673
9.465	-11.731
9.276	-12.048
9.214	-12.132
9.040	-12.370
8.793	-12.655
8.779	-12.965
8.775	-13.039
8.768	-13.115
8.780	-13.188
8.787	-13.233
8.816	-13.271
8.834	-13.312
POLYLINE BLUE
9.381	-11.953
9.466	-11.754
9.503	-11.717
9.725	-11.705
10.016	-11.689
10.382	-11.602
10.649	-11.786
10.731	-11.843
10.797	-11.924
10.837	-12.016
10.873	-12.098
10.891	-12.191
10.860	-12.277
10.799	-12.449
10.374	-12.789
10.337	-12.829
10.283	-12.888
10.252	-12.962
10.210	-13.029
POLYLINE BLUE
10.561	-12.407
10.523	-12.440
POLYLINE BLUE
10.486	-18.468
10.445	-18.485
10.405	-18.510
10.359	-18.511
10.311	-18.511
10.269	-18.485
10.233	-18.455
10.107	-18.351
10.061	-18.230
10.065	-18.070
10.067	-17.998
10.132	-17.839
10.136	-17.824
POLYLINE YELLOW
10.007	-17.894
10.157	-18.151
10.267	-18.465
10.494	-18.671
10.522	-18.697
10.560	-18.713
10.598	-18.716
10.610	-18.716
10.622	-18.717
10.633	-18.715
10.660	-18.709
10.742	-18.696
10.714	-18.693
10.618	-18.682
10.575	-18.734
10.473	-18.694
10.433	-18.679
10.392	-18.652
10.361	-18.622
10.198	-18.462
10.177	-18.353
10.073	-18.148
10.047	-18.096
10.016	-18.046
9.987	-17.996
POLYLINE YELLOW
10.285	-18.566
10.559	-18.449
10.830	-18.324
11.108	-18.214
11.221	-18.169
11.342	-18.144
11.456	-18.100
11.566	-18.050
11.676	-18.001
11.785	-17.952
11.780	-17.952
11.762	-17.954
11.768	-17.952
11.800	-17.938
11.839	-17.937
11.868	-17.916
11.876	-17.910
11.854	-17.899
11.843	-17.897
11.820	-17.891
11.795	-17.891
11.770	-17.892
11.728	-17.893
11.679	-17.903
11.640	-17.921
11.287	-18.081
10.937	-18.249
10.584	-18.410
10.489	-18.453
10.508	-18.442
10.541	-18.397
POLYLINE YELLOW
10.927	-14.186
10.831	-14.080
10.889	-14.127
10.745	-14.052
POLYLINE YELLOW
11.462	-18.362
11.379	-18.397
11.296	-18.433
11.212	-18.469
11.196	-18.476
11.179	-18.479
11.164	-18.488
11.109	-18.525
11.057	-18.567
11.003	-18.606
POLYLINE YELLOW
10.087	-18.558
10.306	-18.385
10.501	-18.157
10.770	-18.059
10.819	-18.042
10.868	-18.025
10.920	-18.019
11.099	-18.000
11.282	-18.017
11.459	-17.985
12.411	-17.811
11.878	-17.748
12.316	-17.818
POLYLINE YELLOW
8.880	-15.893
8.928	-15.925
8.978	-15.954
9.024	-15.989
9.312	-16.207
9.476	-16.938
9.567	-17.141
9.709	-17.461
9.900	-17.646
10.155	-17.885
10.218	-17.944
10.293	-17.987
10.359	-18.041
10.380	-18.059
10.391	-18.090
10.416	-18.100
10.442	-18.111
10.473	-18.100
10.501	-18.100
POLYLINE YELLOW
10.719	-14.369
10.673	-14.571
10.686	-14.715
10.787	-14.899
10.824	-14.968
10.875	-15.043
10.937	-15.095
11.058	-15.199
11.189	-15.292
11.306	-15.399
11.563	-15.634
11.717	-16.092
11.831	-16.344
11.866	-16.420
11.891	-16.501
11.909	-16.582
11.971	-16.869
11.928	-17.131
11.935	-17.430
11.937	-17.530
11.953	-17.630
11.961	-17.730
11.963	-17.750
11.957	-17.771
11.965	-17.789
11.967	-17.796
11.981	-17.796
11.987	-17.792
11.999	-17.784
12.005	-17.769
12.014	-17.757
12.029	-17.735
12.043	-17.712
12.058	-17.689
POLYLINE YELLOW
10.669	-14.495
10.441	-14.491
10.468	-14.498
10.301	-14.676
POLYLINE YELLOW
8.998	-16.094
8.814	-15.768
8.857	-15.932
8.835	-15.613
POLYLINE YELLOW
10.160	-17.803
10.199	-17.927
10.253	-18.048
10.276	-18.176
10.312	-18.378
10.332	-18.583
10.334	-18.788
10.340	-19.306
10.184	-19.970
10.407	-20.495
10.439	-20.570
10.471	-20.646
10.521	-20.710
10.908	-21.201
11.309	-21.681
11.716	-22.155
11.765	-22.211
11.826	-22.254
11.888	-22.296
12.183	-22.498
12.494	-22.676
12.784	-22.885
12.938	-22.995
13.204	-23.299
13.263	-23.472
13.319	-23.633
13.243	-23.788
13.364	-23.933
13.517	-24.118
13.764	-24.109
13.984	-24.143
POLYLINE YELLOW
13.410	-23.948
13.987	-23.038
14.482	-22.104
14.668	-21.036
14.795	-20.309
14.890	-19.576
14.987	-18.844
14.993	-18.798
14.984	-18.750
14.977	-18.704
14.929	-18.407
14.597	-18.103
14.285	-18.160
14.140	-18.187
14.028	-18.278
13.896	-18.338
13.488	-18.524
13.967	-18.269
13.579	-18.483
POLYLINE YELLOW
14.187	-18.284
13.991	-18.070
13.755	-17.841
13.451	-17.800
13.171	-17.763
12.973	-17.812
12.669	-17.811
12.501	-17.811
12.356	-17.749
12.198	-17.700
POLYLINE YELLOW
12.975	-18.357
12.801	-18.469
12.671	-18.568
12.636	-18.777
12.610	-18.937
12.627	-19.278
12.844	-19.318
13.007	-19.347
13.180	-19.121
13.245	-19.005
13.299	-18.908
13.319	-18.794
13.312	-18.684
13.301	-18.513
13.194	-18.267
12.987	-18.277
12.882	-18.282
12.852	-18.352
12.766	-18.427
POLYLINE YELLOW
11.714	-18.536
11.542	-18.580
11.347	-18.623
11.260	-18.797
11.188	-18.940
11.096	-19.130
11.110	-19.299
11.121	-19.430
11.274	-19.636
11.383	-19.456
11.496	-19.269
11.539	-19.044
11.510	-18.828
11.497	-18.731
11.383	-18.608
11.308	-18.734
11.254	-18.824
11.202	-18.916
11.149	-19.008
POLYLINE YELLOW
11.458	-19.682
11.402	-19.761
11.271	-19.906
11.234	-20.031
11.181	-20.205
11.213	-20.403
11.297	-20.563
11.348	-20.658
11.432	-20.605
11.475	-20.536
11.549	-20.418
11.624	-20.279
11.623	-20.134
11.623	-20.061
11.602	-19.927
11.494	-19.967
11.476	-19.974
11.458	-19.984
11.445	-19.999
11.417	-20.032
11.396	-20.071
11.372	-20.107
POLYLINE YELLOW
12.404	-20.309
12.319	-20.492
12.228	-20.672
12.150	-20.857
12.096	-20.987
12.071	-21.177
12.161	-21.299
12.203	-21.356
12.269	-21.392
12.336	-21.407
12.513	-21.444
12.626	-21.370
12.653	-21.182
12.679	-20.995
12.684	-20.879
12.655	-20.702
12.650	-20.672
12.614	-20.514
12.561	-20.505
12.511	-20.497
12.459	-20.507
12.407	-20.508
POLYLINE YELLOW
13.184	-20.077
13.131	-20.178
13.071	-20.276
13.024	-20.380
12.990	-20.457
12.940	-20.604
12.965	-20.697
13.008	-20.851
13.317	-20.974
13.437	-20.853
13.457	-20.833
13.481	-20.795
13.487	-20.769
13.540	-20.550
13.595	-20.331
13.636	-20.110
13.686	-19.831
13.655	-19.866
13.453	-19.688
POLYLINE YELLOW
14.047	-19.041
13.999	-19.102
13.946	-19.160
13.901	-19.224
13.802	-19.367
13.726	-19.741
13.868	-19.886
13.955	-19.975
14.130	-19.996
14.227	-20.024
POLYLINE YELLOW
13.895	-21.103
13.837	-21.266
13.776	-21.427
13.722	-21.592
13.687	-21.696
13.689	-21.771
13.608	-21.847
13.545	-21.907
13.463	-21.926
13.391	-21.970
13.292	-22.032
13.233	-22.142
13.240	-22.258
13.251	-22.444
13.498	-22.364
13.566	-22.258
13.609	-22.190
13.616	-22.082
13.629	-22.012
POLYLINE YELLOW
12.932	-19.174
12.723	-19.204
12.561	-19.251
12.396	-19.378
12.183	-19.541
12.172	-19.806
12.183	-20.054
12.184	-20.081
12.197	-20.139
12.219	-20.163
12.281	-20.234
12.375	-20.079
12.384	-20.030
12.391	-19.986
12.393	-19.929
12.379	-19.887
12.355	-19.815
12.287	-19.603
12.295	-19.677
12.310	-19.816
12.366	-19.948
12.401	-20.083
POLYLINE YELLOW
15.910	-18.805
15.948	-18.689
15.974	-18.569
16.024	-18.458
16.073	-18.351
16.126	-18.243
16.205	-18.156
17.072	-17.191
17.965	-16.250
18.857	-15.308
18.891	-15.272
18.809	-15.394
18.782	-15.435
18.726	-15.519
18.666	-15.601
18.608	-15.685
POLYLINE YELLOW
16.919	-15.920
16.732	-16.152
16.701	-16.156
16.597	-16.493
16.433	-17.028
16.290	-17.569
16.148	-18.111
16.139	-18.146
16.142	-18.183
16.144	-18.219
16.151	-18.322
16.253	-18.353
16.339	-18.316
16.469	-18.259
16.599	-18.199
16.724	-18.132
16.883	-18.047
16.832	-18.039
16.972	-17.938
17.040	-17.888
17.134	-17.838
17.217	-17.811
17.309	-17.782
17.415	-17.785
17.507	-17.814
17.847	-17.923
17.927	-18.129
18.104	-18.423
POLYLINE YELLOW
18.177	-11.688
18.192	-11.608
18.204	-11.527
18.222	-11.448
18.229	-11.416
18.260	-11.422
18.267	-11.452
18.347	-11.792
18.430	-12.132
18.497	-12.476
18.525	-12.624
18.528	-12.776
18.551	-12.925
18.558	-12.974
18.591	-13.040
18.640	-13.060
18.797	-13.127
19.025	-12.756
19.118	-12.896
19.141	-12.931
19.139	-12.978
19.139	-13.016
19.143	-13.184
19.142	-13.351
19.147	-13.518
19.149	-13.571
19.207	-13.515
19.214	-13.501
19.362	-13.183
19.520	-12.868
19.650	-12.541
19.782	-12.211
19.883	-11.868
19.999	-11.532
POLYLINE YELLOW
20.281	-13.065
20.287	-13.159
20.285	-13.254
20.298	-13.346
20.311	-13.432
20.373	-13.706
20.491	-13.733
20.652	-13.770
20.863	-13.461
20.908	-13.340
20.916	-13.320
20.952	-13.064
20.867	-13.168
20.804	-13.244
20.720	-13.485
20.715	-13.500
20.681	-13.601
20.662	-13.729
20.668	-13.837
20.678	-14.047
20.810	-14.390
21.033	-14.464
21.285	-14.547
21.636	-14.329
21.795	-14.149
21.834	-14.105
21.871	-14.058
21.899	-14.006
22.004	-13.814
22.091	-13.612
22.194	-13.419
22.226	-13.357
22.380	-13.228
22.453	-13.294
22.482	-13.320
22.502	-13.384
22.500	-13.419
22.458	-14.048
22.186	-14.854
22.479	-14.413
22.587	-14.250
22.687	-14.081
22.799	-13.921
22.838	-13.864
22.916	-13.810
22.939	-13.910
22.974	-14.062
22.972	-14.531
23.257	-14.462
23.312	-14.449
23.366	-14.426
23.411	-14.391
23.459	-14.355
23.512	-14.322
23.546	-14.272
24.053	-13.518
24.552	-12.759
25.029	-11.985
25.125	-11.790
25.220	-11.596
25.316	-11.401
25.322	-11.397
25.331	-11.380
25.335	-11.387
25.343	-11.399
25.337	-11.416
25.334	-11.430
24.814	-13.936
25.158	-13.124
24.706	-14.128
POLYLINE YELLOW
24.262	-12.534
24.234	-12.607
24.201	-12.678
24.179	-12.753
24.102	-13.009
24.519	-13.514
24.600	-13.636
POLYLINE YELLOW
25.785	-13.374
25.727	-13.571
25.658	-13.765
25.612	-13.966
25.545	-14.252
25.609	-14.301
25.592	-14.606
25.571	-14.967
25.382	-15.363
25.156	-15.636
24.871	-15.946
24.586	-16.257
24.301	-16.568
24.292	-16.591
24.328	-16.575
24.335	-16.571
24.739	-16.359
25.132	-16.125
25.545	-15.933
25.936	-15.751
26.345	-15.610
26.745	-15.449
POLYLINE YELLOW
19.066	-16.242
19.005	-16.414
18.919	-16.579
18.883	-16.758
18.816	-17.091
18.794	-17.432
18.759	-17.770
18.744	-17.923
18.819	-17.955
18.897	-17.827
18.966	-17.714
19.047	-17.605
19.095	-17.482
19.227	-17.140
19.324	-16.786
19.434	-16.437
19.493	-16.253
19.515	-16.054
19.603	-15.882
19.659	-15.772
19.772	-15.704
19.857	-15.615
POLYLINE YELLOW
19.704	-16.803
19.566	-17.178
19.440	-17.392
19.397	-17.740
19.393	-17.771
19.394	-17.803
19.397	-17.835
19.429	-18.116
19.576	-17.908
19.724	-17.952
19.807	-17.977
19.851	-18.054
19.918	-18.103
20.026	-18.183
20.119	-17.953
20.137	-17.898
20.154	-17.848
20.168	-17.797
20.173	-17.744
20.194	-17.486
20.174	-17.462
20.133	-17.225
20.126	-17.181
20.123	-17.144
20.145	-17.103
20.204	-16.995
20.431	-16.900
20.546	-16.962
20.588	-16.985
20.619	-17.030
20.633	-17.075
20.643	-17.105
20.651	-17.137
20.657	-17.168
20.685	-17.327
20.670	-17.370
20.723	-17.494
20.777	-17.619
20.938	-17.670
21.011	-17.528
21.129	-17.295
21.132	-16.942
21.104	-16.690
21.101	-16.666
21.082	-16.734
21.072	-16.756
21.054	-16.866
21.029	-16.974
21.019	-17.085
21.005	-17.244
21.031	-17.432
21.114	-17.573
21.263	-17.827
21.455	-18.029
21.704	-18.186
21.774	-18.230
21.896	-18.293
21.989	-18.282
22.101	-18.269
22.172	-18.153
22.208	-18.059
22.340	-17.722
22.299	-17.557
22.216	-17.201
22.209	-17.168
22.187	-17.118
22.157	-17.097
22.086	-17.045
21.990	-17.155
21.954	-17.200
21.802	-17.393
21.838	-17.648
21.928	-17.860
22.015	-18.066
22.305	-18.098
22.434	-17.916
22.539	-17.768
22.607	-17.572
22.621	-17.391
22.638	-17.170
22.634	-16.932
22.451	-16.779
22.426	-16.758
22.388	-16.737
22.353	-16.750
22.282	-16.777
22.240	-16.948
22.223	-16.989
POLYLINE YELLOW
22.486	-16.943
22.518	-17.080
22.566	-17.214
22.584	-17.354
22.667	-17.984
22.444	-18.659
22.202	-19.226
22.128	-19.400
22.026	-19.560
21.928	-19.721
21.897	-19.773
21.786	-19.936
21.692	-19.914
21.544	-19.880
21.613	-19.563
21.639	-19.498
21.753	-19.215
21.880	-18.937
22.015	-18.664
22.225	-18.242
22.620	-18.059
23.003	-17.809
POLYLINE YELLOW
23.256	-17.411
23.186	-17.534
23.116	-17.617
23.090	-17.749
23.059	-17.909
23.090	-18.150
23.248	-18.238
23.375	-18.309
23.508	-18.215
23.594	-18.122
23.762	-17.938
23.885	-17.733
23.904	-17.481
23.911	-17.380
23.868	-17.241
23.752	-17.218
23.738	-17.215
23.721	-17.214
23.710	-17.223
23.680	-17.248
23.699	-17.332
23.704	-17.351
23.756	-17.544
23.805	-17.739
23.871	-17.928
23.949	-18.149
24.208	-18.407
24.333	-18.543
24.413	-18.630
24.643	-18.797
24.773	-18.773
24.826	-18.763
24.859	-18.708
24.902	-18.676
POLYLINE BLUE
11.946	-18.012
11.829	-17.996
11.712	-17.972
11.594	-17.966
11.142	-17.942
10.759	-18.190
10.299	-18.198
10.228	-18.199
10.017	-18.184
9.926	-18.145
9.915	-18.141
9.951	-18.141
9.963	-18.139
10.360	-18.155
10.757	-18.185
11.154	-18.186
11.386	-18.186
11.617	-18.153
11.849	-18.140
11.893	-18.138
11.940	-18.155
11.981	-18.141
12.101	-18.099
12.210	-18.030
12.325	-17.975
POLYLINE BLUE
11.707	-16.857
11.705	-16.765
11.672	-16.635
11.732	-16.546
11.765	-16.499
11.821	-16.466
11.875	-16.451
12.112	-16.387
12.368	-16.407
12.565	-16.570
12.708	-16.688
12.866	-16.826
12.961	-16.992
13.234	-17.469
13.014	-17.303
13.337	-17.484
POLYLINE BLUE
11.983	-16.508
12.176	-16.661
POLYLINE BLUE
12.069	-16.634
12.028	-16.566
11.876	-16.395
11.947	-16.430
12.061	-16.485
12.252	-16.765
12.327	-16.891
12.393	-17.003
12.415	-17.152
12.517	-17.233
12.598	-17.297
12.721	-17.267
12.822	-17.285
POLYLINE GREEN
16.276	-22.447
16.736	-22.892
16.667	-22.892
17.157	-23.165
17.354	-23.275
17.431	-23.263
17.571	-23.388
17.677	-23.483
17.777	-23.655
17.846	-23.755
POLYLINE GREEN
15.944	-24.538
16.388	-24.634
16.832	-24.730
17.277	-24.826
17.332	-24.849
17.390	-24.868
17.443	-24.896
18.021	-25.206
17.298	-24.885
18.059	-25.199
POLYLINE GREEN
19.038	-23.453
19.018	-23.250
19.009	-23.051
19.144	-22.886
19.267	-22.737
19.507	-22.764
19.562	-22.958
19.612	-23.135
19.654	-23.334
19.617	-23.518
19.560	-23.805
19.175	-23.771
19.058	-24.009
19.046	-24.033
19.017	-24.121
19.027	-24.148
19.057	-24.228
19.107	-24.300
19.147	-24.376
POLYLINE GREEN
19.201	-24.761
18.956	-24.791
19.055	-24.731
18.925	-24.973
POLYLINE GREEN
19.041	-24.894
19.038	-24.888
POLYLINE GREEN
15.964	-24.114
16.114	-24.197
16.263	-24.282
16.414	-24.363
16.419	-24.366
16.425	-24.364
16.431	-24.365
16.407	-24.353
16.383	-24.341
16.359	-24.329
POLYLINE GREEN
16.183	-24.270
16.087	-24.208
15.968	-24.086
15.834	-24.090
15.699	-24.094
15.589	-24.221
15.521	-24.323
15.390	-24.517
15.328	-24.682
15.161	-24.820
15.063	-24.901
14.939	-24.935
14.815	-24.949
14.763	-24.955
14.710	-24.949
14.659	-24.958
14.622	-24.964
14.588	-24.981
14.553	-24.993
POLYLINE GREEN
12.731	-24.127
12.660	-24.135
12.456	-24.115
12.518	-24.152
12.647	-24.232
12.815	-24.218
12.959	-24.266
13.055	-24.297
13.150	-24.336
13.237	-24.388
13.490	-24.538
13.726	-24.716
13.976	-24.870
14.083	-24.936
14.183	-25.029
14.307	-25.049
14.436	-25.071
14.566	-25.010
14.696	-24.990
POLYLINE GREEN
16.070	-24.120
16.520	-24.191
16.539	-24.326
16.998	-24.621
17.122	-24.702
17.343	-24.737
17.468	-24.768
POLYLINE GREEN
15.230	-23.363
15.188	-23.357
POLYLINE GREEN
12.731	-24.107
13.971	-24.028
13.884	-24.063
14.973	-23.509
15.320	-23.333
14.908	-23.441
15.393	-23.357
POLYLINE GREEN
15.284	-23.357
15.284	-23.106
15.292	-22.855
15.284	-22.605
15.278	-22.433
15.295	-22.950
15.276	-23.120
15.266	-23.213
15.280	-22.931
15.257	-22.840
15.248	-22.804
15.239	-22.913
15.233	-22.950
15.221	-23.025
15.214	-23.101
15.204	-23.177
POLYLINE GREEN
13.318	-22.162
13.401	-22.156
13.484	-22.144
13.567	-22.144
13.813	-22.143
14.221	-22.622
14.283	-22.666
14.494	-22.817
14.736	-22.921
14.952	-23.065
15.171	-23.210
15.197	-23.283
15.340	-23.483
POLYLINE GREEN
13.607	-21.820
13.914	-21.688
14.228	-21.499
14.569	-21.597
14.612	-21.609
14.653	-21.628
14.694	-21.646
14.775	-21.680
14.854	-21.722
14.937	-21.751
15.214	-21.847
15.943	-21.992
16.164	-22.318
16.268	-22.471
16.240	-22.700
16.283	-22.860
16.306	-22.943
16.356	-23.016
16.392	-23.094
POLYLINE GREEN
16.445	-22.059
16.722	-21.560
16.989	-21.059
17.445	-20.698
POLYLINE GREEN
15.825	-20.996
15.888	-20.995
15.952	-20.991
16.015	-20.992
16.221	-20.998
16.448	-21.291
16.544	-21.400
16.604	-21.468
16.665	-21.568
16.694	-21.658
16.707	-21.700
16.716	-21.745
16.722	-21.789
16.732	-21.854
16.726	-21.920
16.740	-21.984
16.743	-22.000
16.756	-22.013
16.771	-22.020
16.804	-22.036
16.852	-22.013
16.879	-21.998
17.031	-21.910
17.065	-21.813
17.086	-21.650
POLYLINE GREEN
18.042	-19.645
18.074	-19.919
18.063	-20.057
18.150	-20.283
18.216	-20.454
18.358	-20.459
18.446	-20.574
18.473	-20.609
18.491	-20.655
18.492	-20.700
18.494	-20.959
18.213	-21.101
18.017	-21.201
17.976	-21.222
17.928	-21.224
17.883	-21.235
POLYLINE GREEN
18.902	-19.493
18.942	-20.020
18.973	-20.549
19.024	-21.076
19.030	-21.140
19.049	-21.203
19.070	-21.264
19.075	-21.277
19.084	-21.295
19.098	-21.295
19.169	-21.295
19.239	-21.275
19.310	-21.265
POLYLINE GREEN
18.875	-20.625
19.173	-20.539
19.016	-20.574
19.347	-20.525
POLYLINE GREEN
19.483	-20.498
19.471	-20.636
19.451	-20.773
19.447	-20.911
19.445	-20.964
19.440	-21.246
19.560	-21.257
19.650	-21.265
19.762	-21.142
19.806	-21.098
19.849	-21.055
19.892	-20.994
19.917	-20.936
19.932	-20.900
19.934	-20.857
19.956	-20.825
19.962	-20.816
19.980	-20.827
19.986	-20.836
20.047	-20.928
20.042	-21.048
20.111	-21.138
20.148	-21.185
20.211	-21.211
20.270	-21.207
20.364	-21.201
20.451	-21.163
20.511	-21.089
20.538	-21.056
20.635	-20.886
20.638	-20.892
20.680	-20.981
20.623	-21.089
20.625	-21.187
20.628	-21.339
20.687	-21.580
20.888	-21.536
21.114	-21.487
21.117	-21.262
21.101	-21.064
21.090	-20.927
21.067	-20.798
20.981	-20.689
20.902	-20.591
20.751	-20.545
20.648	-20.498
POLYLINE GREEN
20.774	-18.981
20.961	-19.972
20.898	-20.182
21.166	-20.812
21.172	-20.826
21.181	-20.838
21.189	-20.850
21.237	-20.918
21.286	-20.985
21.335	-21.053
POLYLINE GREEN
21.451	-20.747
21.374	-20.646
21.820	-20.036
21.937	-20.384
21.985	-20.527
22.016	-20.637
22.016	-20.786
22.016	-20.835
21.983	-20.885
22.000	-20.930
22.009	-20.953
22.033	-20.894
22.049	-20.876
22.108	-20.751
22.166	-20.627
22.224	-20.503
22.238	-20.488
22.249	-20.468
22.267	-20.457
22.352	-20.400
22.412	-20.559
22.466	-20.599
22.525	-20.643
22.599	-20.646
22.669	-20.632
22.717	-20.623
22.763	-20.606
22.811	-20.597
22.990	-20.565
23.044	-20.773
23.115	-20.884
23.165	-20.962
23.240	-21.031
23.316	-21.082
23.366	-21.116
23.427	-21.121
23.451	-21.056
23.460	-21.033
23.462	-21.008
23.465	-20.983
23.472	-20.919
23.475	-20.855
23.479	-20.791
POLYLINE GREEN
22.653	-19.240
22.855	-19.489
POLYLINE GREEN
24.163	-20.658
24.077	-20.634
23.991	-20.604
23.903	-20.586
23.836	-20.573
23.600	-20.534
23.567	-20.643
23.545	-20.716
23.611	-20.818
23.644	-20.868
23.813	-21.122
24.091	-21.210
24.375	-21.104
24.430	-21.084
24.491	-21.051
24.535	-21.010
24.582	-20.965
24.613	-20.907
24.615	-20.842
24.624	-20.596
24.258	-20.540
24.082	-20.543
23.872	-20.546
23.819	-20.669
23.612	-20.817
POLYLINE GREEN
24.781	-20.744
24.653	-20.883
24.571	-20.997
24.709	-21.152
24.761	-21.212
24.825	-21.262
24.904	-21.281
25.000	-21.304
25.096	-21.266
25.189	-21.245
POLYLINE BLACK
10.453	-18.730
10.317	-19.071
10.258	-19.146
10.217	-19.499
10.182	-19.796
10.135	-19.752
10.287	-19.809
POLYLINE BLACK
11.360	-17.273
11.298	-17.663
11.385	-17.732
11.538	-18.107
11.568	-18.180
11.594	-18.254
11.622	-18.328
POLYLINE BLACK
11.383	-16.987
11.341	-16.919
11.300	-16.851
11.258	-16.783
11.244	-16.785
11.222	-16.776
11.215	-16.789
11.199	-16.819
11.199	-16.857
11.198	-16.892
11.196	-16.983
11.197	-17.075
11.205	-17.166
11.209	-17.213
11.225	-17.349
11.236	-17.303
11.259	-17.210
11.218	-17.108
11.242	-17.015
11.251	-16.980
11.272	-17.079
11.284	-17.112
11.306	-17.172
11.323	-17.232
11.343	-17.293
POLYLINE BLACK
11.376	-22.007
11.457	-22.361
11.385	-22.160
11.658	-22.581
POLYLINE BLACK
12.926	-24.450
12.471	-23.630
12.928	-24.504
12.368	-23.095
12.341	-23.030
12.300	-22.970
12.254	-22.916
12.149	-22.790
12.032	-22.675
11.918	-22.557
11.714	-22.347
11.588	-22.273
11.449	-22.001
9.595	-18.385
11.599	-22.261
10.755	-20.341
10.616	-20.026
10.437	-19.729
10.290	-19.417
10.200	-19.226
10.169	-18.964
10.131	-18.770
POLYLINE BLACK
10.135	-18.362
10.153	-19.038
10.127	-19.616
10.347	-20.227
POLYLINE BLACK
10.397	-15.862
10.603	-15.122
10.699	-15.981
10.665	-16.210
10.663	-16.223
10.658	-16.235
10.652	-16.247
10.622	-16.312
10.588	-16.375
10.556	-16.439
POLYLINE BLACK
5.982	-16.758
5.912	-16.745
5.844	-16.722
5.773	-16.718
5.758	-16.717
5.794	-16.737
5.805	-16.747
6.131	-16.906
6.452	-17.076
6.782	-17.224
6.852	-17.256
6.927	-17.273
7.002	-17.286
7.121	-17.308
7.244	-17.308
7.363	-17.329
7.477	-17.350
7.586	-17.400
7.702	-17.410
7.962	-17.432
8.224	-17.420
8.485	-17.425
POLYLINE BLACK
8.153	-16.924
8.225	-17.245
8.283	-17.584
8.107	-17.883
8.060	-17.964
8.002	-18.038
7.947	-18.114
7.922	-18.148
7.889	-18.177
7.869	-18.214
7.835	-18.273
7.813	-18.339
7.784	-18.401
POLYLINE BLACK
10.417	-17.233
10.537	-17.001
POLYLINE BLACK
11.921	-18.132
11.932	-18.246
11.937	-18.361
11.956	-18.475
11.965	-18.531
11.987	-18.586
12.004	-18.641
12.077	-18.879
12.152	-19.116
12.226	-19.354
POLYLINE BLACK
11.482	-18.302
11.951	-18.803
11.789	-18.605
12.367	-19.451
12.388	-19.482
12.403	-19.518
12.411	-19.554
12.518	-20.044
12.409	-19.669
12.473	-20.106
12.506	-20.328
12.745	-20.711
12.794	-20.808
POLYLINE BLACK
12.189	-20.410
12.291	-20.586
12.265	-20.622
12.296	-20.489
POLYLINE BLACK
12.126	-20.350
12.311	-20.655
12.190	-20.488
12.525	-20.828
POLYLINE BLACK
12.143	-20.649
12.330	-20.781
12.643	-20.898
12.778	-21.120
12.855	-21.245
12.864	-21.377
12.896	-21.516
12.933	-21.677
12.976	-21.836
13.016	-21.997
POLYLINE BLACK
12.714	-20.639
12.805	-20.955
12.888	-21.275
12.988	-21.588
13.082	-21.884
13.325	-22.032
13.599	-22.150
13.925	-22.290
14.266	-22.396
14.591	-22.539
14.692	-22.583
14.785	-22.645
14.873	-22.711
15.170	-22.931
15.250	-23.093
15.353	-23.431
POLYLINE BLACK
-0.777	-16.340
-0.683	-16.176
-0.601	-16.006
-0.497	-15.849
-0.367	-15.651
-0.179	-15.458
0.039	-15.356
0.161	-15.299
0.623	-15.167
0.559	-15.463
0.546	-15.523
0.538	-15.585
0.512	-15.640
0.387	-15.896
0.252	-16.149
0.107	-16.395
-0.003	-16.580
-0.140	-16.748
-0.255	-16.930
-0.265	-16.946
-0.269	-16.968
-0.266	-16.987
-0.260	-17.025
-0.210	-17.043
-0.179	-17.041
0.098	-17.022
0.374	-16.990
0.651	-16.964
POLYLINE BLACK
0.565	-16.732
0.618	-16.572
0.661	-16.409
0.724	-16.253
0.800	-16.064
0.932	-15.921
1.074	-15.776
1.103	-15.746
1.225	-15.600
1.289	-15.684
1.391	-15.816
1.376	-16.288
1.376	-16.290
1.379	-16.357
1.369	-16.505
1.337	-16.584
1.283	-16.701
1.230	-16.818
1.177	-16.935
1.168	-16.943
1.152	-16.963
1.164	-16.923
1.221	-16.733
1.274	-16.541
1.343	-16.355
1.370	-16.281
1.411	-16.213
1.451	-16.145
1.471	-16.111
1.496	-16.080
1.523	-16.050
1.744	-15.807
1.827	-16.356
1.959	-16.416
2.061	-16.463
2.108	-16.306
2.193	-16.291
2.312	-16.269
2.374	-16.502
2.446	-16.565
2.579	-16.681
2.892	-16.645
2.879	-16.424
2.870	-16.268
2.793	-16.116
2.704	-15.990
2.680	-15.955
2.582	-15.841
2.525	-15.881
2.453	-15.931
2.386	-15.988
2.317	-16.041
POLYLINE BLACK
2.579	-16.005
2.575	-16.143
2.540	-16.318
2.619	-16.449
2.683	-16.557
2.785	-16.626
2.895	-16.683
3.010	-16.743
3.182	-16.792
3.274	-16.668
3.285	-16.655
3.297	-16.641
3.301	-16.624
3.510	-15.735
3.472	-16.078
3.399	-15.204
POLYLINE BLACK
3.137	-13.332
4.186	-14.363
3.680	-15.309
4.037	-16.380
POLYLINE BLACK
4.810	-14.467
4.629	-14.838
4.457	-15.214
4.266	-15.579
4.227	-15.654
4.171	-15.720
4.120	-15.788
4.089	-15.830
4.029	-15.870
4.021	-15.930
4.011	-16.012
4.121	-16.065
4.180	-16.084
5.106	-16.378
4.613	-16.170
5.119	-16.396
POLYLINE BLACK
-1.079	-18.803
-0.699	-18.786
-0.320	-18.770
0.059	-18.753
0.072	-18.757
0.086	-18.759
0.098	-18.765
0.355	-18.884
-0.044	-19.650
-0.077	-19.705
-0.242	-19.985
-0.438	-20.245
-0.627	-20.510
-0.676	-20.565
-0.724	-20.621
-0.772	-20.676
-0.765	-20.685
-0.762	-20.700
-0.751	-20.702
-0.722	-20.706
-0.691	-20.700
-0.662	-20.693
-0.463	-20.651
-0.267	-20.592
-0.066	-20.557
0.102	-20.527
0.355	-20.587
0.498	-20.609
POLYLINE BLACK
1.096	-19.135
0.964	-19.365
0.825	-19.591
0.702	-19.826
0.654	-19.917
0.575	-20.105
0.620	-20.222
0.662	-20.331
0.798	-20.371
0.901	-20.388
1.207	-20.437
1.399	-20.355
1.507	-20.053
1.554	-19.923
1.590	-19.775
1.524	-19.644
1.501	-19.599
1.459	-19.545
1.420	-19.515
1.299	-19.422
0.894	-19.185
0.741	-19.339
0.615	-19.466
0.659	-19.732
0.684	-19.881
0.745	-20.239
1.133	-20.214
1.448	-20.283
1.471	-20.289
1.764	-20.326
1.820	-20.283
1.897	-20.224
1.966	-20.155
2.038	-20.091
POLYLINE BLACK
2.105	-19.334
2.563	-21.550
2.728	-22.189
2.496	-21.276
POLYLINE BLACK
2.264	-19.208
2.290	-19.194
2.416	-19.102
2.493	-19.095
2.688	-19.079
2.889	-19.239
2.929	-19.427
2.970	-19.618
2.925	-19.822
2.870	-20.005
2.851	-20.068
2.805	-20.175
2.741	-20.216
2.733	-20.221
2.722	-20.226
2.712	-20.224
2.654	-20.212
2.599	-20.191
2.543	-20.174
POLYLINE BLACK
3.296	-19.351
3.263	-19.463
3.229	-19.576
3.196	-19.688
3.198	-19.707
3.192	-19.730
3.203	-19.746
3.234	-19.786
3.337	-19.707
3.365	-19.697
3.591	-19.618
3.816	-19.746
3.897	-19.961
4.081	-20.450
3.972	-21.202
3.969	-21.571
3.968	-21.657
3.951	-21.743
3.937	-21.828
3.933	-21.849
3.929	-21.871
3.918	-21.889
3.911	-21.900
3.898	-21.917
3.887	-21.911
3.868	-21.900
3.860	-21.875
3.853	-21.854
3.832	-21.792
3.813	-21.729
3.804	-21.664
3.769	-21.423
3.794	-21.174
3.856	-20.939
3.987	-20.439
4.165	-19.952
4.302	-19.453
4.384	-19.154
4.293	-18.452
4.283	-18.326
4.281	-18.309
4.278	-18.283
4.261	-18.279
4.247	-18.276
4.242	-18.302
4.238	-18.316
4.225	-18.372
4.210	-18.430
4.211	-18.487
4.215	-18.815
4.236	-19.318
4.400	-19.622
4.501	-19.809
4.661	-19.938
4.817	-20.078
POLYLINE BLACK
3.472	-18.969
3.535	-18.923
3.592	-18.868
3.660	-18.831
3.940	-18.679
4.689	-18.539
4.804	-18.511
POLYLINE BLACK
5.238	-18.528
5.166	-18.776
5.085	-19.022
5.021	-19.273
4.994	-19.374
4.983	-19.516
5.024	-19.618
5.110	-19.832
5.442	-19.889
5.630	-19.789
5.893	-19.648
5.866	-19.101
5.588	-18.991
5.485	-18.950
5.404	-19.040
5.369	-19.129
5.306	-19.286
5.262	-19.463
5.327	-19.627
5.427	-19.877
5.851	-20.186
5.957	-19.769
6.031	-19.483
6.088	-19.192
6.160	-18.905
6.230	-18.624
6.513	-18.859
6.582	-19.006
6.625	-19.096
6.639	-19.223
6.649	-19.311
6.657	-19.386
6.632	-19.466
6.661	-19.535
6.676	-19.570
6.685	-19.461
6.697	-19.425
6.735	-19.300
6.765	-19.173
6.811	-19.051
6.813	-19.046
6.897	-18.788
6.991	-18.772
7.037	-18.765
7.092	-18.818
7.108	-18.855
7.197	-19.064
7.279	-19.275
7.360	-19.487
7.458	-19.744
7.341	-19.531
7.482	-19.759
POLYLINE BLACK
-1.487	-22.116
-1.503	-22.117
POLYLINE BLACK
-1.464	-22.027
-1.282	-22.339
-1.094	-22.648
-0.917	-22.964
-0.809	-23.159
-0.719	-23.363
-0.610	-23.556
-0.569	-23.630
-0.515	-23.555
-0.503	-23.514
-0.488	-23.460
-0.477	-23.404
-0.471	-23.348
-0.455	-23.183
-0.446	-23.017
-0.439	-22.852
-0.437	-22.807
-0.450	-22.763
-0.445	-22.718
-0.443	-22.706
-0.432	-22.691
-0.420	-22.689
-0.379	-22.683
-0.296	-22.757
-0.284	-22.769
0.055	-23.109
-0.001	-23.137
0.352	-23.684
0.362	-23.701
0.382	-23.691
0.390	-23.681
0.397	-23.672
0.403	-23.661
0.406	-23.650
0.420	-23.579
0.438	-23.508
0.441	-23.435
0.448	-23.255
0.465	-23.072
0.437	-22.894
0.357	-22.402
0.231	-21.919
0.116	-21.434
0.102	-21.374
0.077	-21.317
0.051	-21.261
-0.012	-21.128
-0.121	-21.240
-0.164	-21.321
-0.188	-21.367
-0.202	-21.416
-0.206	-21.468
-0.216	-21.588
-0.173	-21.732
-0.153	-21.837
POLYLINE BLACK
1.594	-22.173
1.477	-22.141
1.363	-22.097
1.243	-22.131
0.923	-22.220
0.760	-22.631
0.738	-22.928
0.714	-23.259
1.597	-23.028
1.591	-23.305
1.588	-23.427
1.440	-23.605
1.350	-23.682
1.333	-23.696
1.308	-23.729
1.292	-23.714
1.275	-23.698
1.307	-23.671
1.315	-23.650
POLYLINE BLACK
2.304	-22.664
2.339	-23.079
2.383	-23.493
2.410	-23.908
2.416	-23.991
2.393	-24.286
2.256	-24.085
2.156	-23.937
2.118	-23.783
2.079	-23.601
1.985	-23.160
2.060	-22.751
2.170	-22.321
2.197	-22.218
2.254	-22.102
2.371	-22.089
2.654	-22.056
2.728	-22.332
2.688	-22.557
2.680	-22.601
2.666	-22.644
2.650	-22.686
2.645	-22.700
2.640	-22.716
2.627	-22.723
2.547	-22.768
2.460	-22.801
2.377	-22.840
POLYLINE BLACK
3.067	-21.977
3.069	-22.135
3.001	-22.380
3.081	-22.551
3.101	-22.593
3.153	-22.671
3.212	-22.663
3.313	-22.649
3.412	-22.617
3.512	-22.594
POLYLINE BLACK
2.782	-21.017
3.207	-20.652
POLYLINE BLACK
4.345	-22.242
4.338	-22.014
4.348	-21.866
4.466	-21.668
4.543	-21.540
4.693	-21.267
4.879	-21.221
5.088	-21.168
5.256	-21.511
5.308	-21.655
5.344	-21.757
5.318	-21.718
5.337	-21.808
5.337	-21.811
5.342	-21.815
5.343	-21.813
5.349	-21.807
5.350	-21.799
5.353	-21.792
5.397	-21.564
5.434	-21.334
5.485	-21.107
5.500	-21.037
5.535	-20.962
5.576	-20.902
5.595	-20.873
5.634	-20.835
5.672	-20.853
5.718	-20.874
5.749	-20.958
5.759	-20.994
5.759	-20.994
5.848	-21.672
6.041	-21.744
6.049	-21.747
6.058	-21.750
6.066	-21.750
6.123	-21.755
6.180	-21.757
6.238	-21.761
POLYLINE BLACK
15.315	-23.482
15.265	-23.523
15.169	-23.584
15.125	-23.651
15.010	-23.832
15.012	-24.085
15.048	-24.289
15.246	-25.406
15.027	-25.080
15.385	-25.524
POLYLINE BLACK
15.319	-23.180
15.267	-23.247
15.210	-23.310
15.165	-23.380
15.059	-23.543
14.968	-23.981
15.063	-24.171
15.157	-24.360
15.331	-24.444
15.473	-24.594
15.687	-24.820
15.779	-25.024
16.025	-25.178
16.389	-25.407
15.966	-24.995
16.285	-25.262
POLYLINE BLACK
15.412	-25.580
15.320	-25.488
15.229	-25.354
15.090	-25.324
14.972	-25.298
14.852	-25.353
14.774	-25.441
14.480	-25.772
14.548	-26.510
14.831	-26.823
14.889	-26.887
15.009	-26.947
15.070	-26.975
15.471	-27.163
15.758	-27.052
15.973	-26.659
16.091	-26.444
16.097	-26.079
16.045	-25.849
15.999	-25.648
15.918	-25.435
15.772	-25.283
15.595	-25.098
15.359	-24.978
15.101	-25.016
15.007	-25.030
14.913	-25.064
14.844	-25.130
14.717	-25.250
14.705	-25.454
14.671	-25.610
POLYLINE BLACK
15.983	-25.717
16.078	-25.840
16.173	-26.033
16.332	-26.105
16.356	-26.116
16.384	-26.137
16.407	-26.126
16.506	-26.081
16.589	-26.006
16.680	-25.946
POLYLINE BLACK
20.188	-25.096
20.363	-25.645
20.531	-26.196
20.712	-26.743
20.749	-26.856
20.824	-26.922
20.895	-26.795
20.970	-26.660
21.058	-26.339
21.257	-26.544
21.285	-26.574
21.315	-26.604
21.336	-26.640
21.423	-26.788
21.493	-26.947
21.579	-27.096
21.645	-27.212
21.769	-27.332
21.863	-27.172
21.887	-27.132
21.916	-27.093
21.926	-27.049
22.054	-26.461
22.201	-25.875
22.277	-25.278
22.446	-23.938
22.286	-22.813
22.419	-23.901
POLYLINE BLACK
23.007	-25.926
23.025	-26.009
23.102	-26.582
23.227	-26.837
23.242	-26.869
23.276	-26.918
23.319	-26.908
23.406	-26.889
23.487	-26.647
23.489	-26.642
23.537	-26.524
23.578	-26.353
23.542	-26.224
23.539	-26.212
23.527	-26.191
23.516	-26.197
23.494	-26.208
23.484	-26.236
23.475	-26.259
23.439	-26.348
23.406	-26.439
23.382	-26.533
23.312	-26.817
23.336	-27.317
23.523	-27.553
23.637	-27.697
23.862	-27.624
23.965	-27.507
24.126	-27.325
24.271	-27.129
24.433	-26.947
24.444	-26.935
24.462	-26.932
24.479	-26.931
24.606	-26.925
24.598	-27.190
24.750	-27.106
24.859	-27.046
24.942	-26.813
25.064	-26.813
25.126	-26.813
25.163	-26.894
25.177	-26.941
25.237	-27.147
25.284	-27.357
25.348	-27.562
25.368	-27.629
25.447	-27.563
25.463	-27.540
25.505	-27.485
25.555	-27.433
25.576	-27.367
25.918	-26.288
26.227	-25.198
26.550	-24.112
26.560	-24.078
26.541	-24.000
26.575	-24.008
26.611	-24.018
26.580	-24.083
26.582	-24.120
26.632	-25.045
26.691	-25.970
26.733	-26.895
26.735	-26.942
26.722	-26.989
26.714	-27.035
26.700	-27.106
26.641	-27.142
26.581	-27.093
26.499	-27.026
26.420	-26.957
26.340	-26.888
POLYLINE BLACK
25.145	-25.939
26.405	-26.001
25.743	-26.040
27.126	-25.766
POLYLINE BLACK
27.428	-25.979
27.432	-26.116
27.430	-26.254
27.439	-26.391
27.449	-26.549
27.497	-26.691
27.600	-26.813
27.705	-26.938
27.833	-27.065
27.989	-27.123
28.168	-27.188
28.346	-27.066
28.386	-26.888
28.400	-26.829
28.406	-26.776
28.397	-26.717
28.392	-26.685
28.283	-26.421
28.230	-26.464
28.173	-26.509
28.286	-26.586
28.313	-26.601
28.415	-26.655
28.520	-26.706
28.623	-26.759
POLYLINE BLACK
15.949	-26.490
16.890	-26.391
17.873	-26.139
18.832	-26.283
19.046	-26.315
19.256	-26.370
19.468	-26.414
POLYLINE BLACK
16.607	-25.813
16.512	-25.967
16.417	-26.122
16.322	-26.276
16.318	-26.291
16.313	-26.305
16.310	-26.319
16.298	-26.402
16.333	-26.514
16.374	-26.580
16.534	-26.846
16.640	-27.017
16.846	-27.215
16.872	-27.241
16.904	-27.260
16.935	-27.281
16.996	-27.324
17.059	-27.365
17.121	-27.406
POLYLINE BLACK
13.755	-27.884
13.738	-27.716
13.721	-27.548
13.704	-27.379
13.709	-27.251
13.732	-27.122
13.719	-26.995
13.677	-26.594
13.650	-26.201
13.492	-25.834
13.351	-25.507
13.213	-25.178
13.060	-24.856
13.033	-24.800
12.994	-24.751
12.955	-24.702
12.932	-24.673
12.903	-24.647
12.874	-24.624
12.845	-24.601
12.812	-24.584
12.780	-24.564
12.771	-24.558
12.740	-24.550
12.751	-24.547
12.768	-24.542
12.785	-24.554
12.803	-24.558
POLYLINE BLACK
13.818	-27.801
13.672	-27.856
13.550	-27.899
13.499	-28.052
13.482	-28.105
13.463	-28.159
13.459	-28.215
13.416	-28.805
13.346	-29.396
13.359	-29.988
13.361	-30.074
13.402	-31.067
13.639	-31.403
13.647	-31.414
13.659	-31.422
13.672	-31.426
13.734	-31.443
13.798	-31.453
13.861	-31.466
POLYLINE BLACK
13.798	-31.344
13.719	-31.680
13.764	-31.785
13.978	-32.063
14.051	-32.158
14.163	-32.263
14.284	-32.296
14.641	-32.393
15.304	-32.448
15.550	-32.488
15.773	-32.524
15.675	-32.585
15.876	-32.529
POLYLINE BLACK
15.724	-32.293
15.537	-32.743
15.531	-32.883
15.581	-33.410
15.591	-33.520
15.616	-33.629
15.648	-33.734
15.682	-33.844
15.903	-34.318
15.932	-34.391
16.512	-35.832
16.082	-35.434
16.630	-35.882
POLYLINE BLACK
16.879	-34.613
16.686	-35.395
16.634	-35.091
16.763	-35.530
POLYLINE BLACK
16.630	-35.789
16.573	-35.623
16.509	-35.460
16.459	-35.292
16.443	-35.239
16.426	-35.182
16.433	-35.127
16.517	-34.528
16.653	-33.937
16.733	-33.338
16.770	-33.055
16.703	-32.784
16.802	-32.515
16.877	-32.312
16.979	-32.120
17.053	-31.917
17.065	-31.886
17.109	-31.611
17.115	-31.576
POLYLINE BLACK
16.959	-31.838
17.315	-31.834
17.683	-31.907
17.992	-32.094
18.039	-32.122
18.515	-32.521
18.787	-32.601
18.876	-32.628
19.104	-32.629
19.139	-32.632
19.190	-32.637
19.240	-32.657
19.291	-32.653
19.367	-32.648
19.440	-32.623
19.515	-32.608
POLYLINE BLACK
20.510	-28.505
19.234	-31.794
20.721	-27.733
19.417	-32.452
19.379	-32.589
19.247	-32.680
19.163	-32.794
POLYLINE BLACK
20.580	-28.532
20.571	-28.455
20.580	-28.373
20.552	-28.301
20.545	-28.282
20.521	-28.326
20.505	-28.339
20.437	-28.477
20.369	-28.616
20.301	-28.754
POLYLINE BLACK
19.452	-27.147
19.138	-27.011
19.093	-26.611
18.811	-26.446
18.517	-26.274
18.091	-26.365
17.792	-26.427
17.735	-26.439
17.686	-26.471
17.632	-26.493
POLYLINE BLACK
17.715	-25.345
17.639	-25.315
17.563	-25.286
17.486	-25.256
17.492	-25.279
17.489	-25.306
17.504	-25.324
17.874	-25.771
17.982	-25.745
18.541	-26.186
18.611	-26.241
18.646	-26.395
18.733	-26.373
18.807	-26.354
18.679	-26.230
18.652	-26.158
POLYLINE BLACK
17.911	-25.209
17.616	-25.200
17.327	-25.199
17.061	-25.343
16.616	-25.584
16.348	-25.969
15.981	-26.337
15.843	-26.475
15.898	-26.372
15.850	-26.586
POLYLINE BLACK
18.715	-27.659
18.798	-27.723
18.988	-27.856
18.859	-27.980
18.746	-28.082
18.633	-28.184
18.520	-28.287
18.521	-28.301
18.515	-28.317
18.522	-28.331
18.564	-28.417
18.875	-28.498
18.884	-28.502
POLYLINE BLACK
19.296	-28.442
19.318	-28.251
19.330	-28.058
19.362	-27.868
19.364	-27.855
19.383	-27.846
19.396	-27.848
19.417	-27.852
19.436	-27.868
19.449	-27.885
19.500	-27.949
19.546	-28.017
19.588	-28.088
19.617	-28.137
19.637	-28.191
19.661	-28.244
19.700	-28.331
19.711	-28.440
19.807	-28.322
19.832	-28.293
19.852	-28.260
19.870	-28.226
19.897	-28.174
19.935	-28.073
19.936	-28.013
19.943	-27.644
19.892	-27.232
19.956	-27.848
POLYLINE BLACK
20.162	-28.402
20.179	-28.176
20.190	-27.950
20.213	-27.725
20.217	-27.682
20.227	-27.638
20.244	-27.598
20.249	-27.586
20.264	-27.573
20.277	-27.575
20.296	-27.578
20.310	-27.596
20.321	-27.612
20.415	-27.739
20.380	-27.830
20.371	-27.991
POLYLINE BLACK
20.142	-27.914
20.435	-27.905
POLYLINE BLACK
20.637	-27.257
21.018	-28.133
POLYLINE BLACK
21.158	-27.390
21.051	-27.660
21.035	-27.729
21.121	-27.994
POLYLINE BLACK
20.789	-27.612
20.951	-27.750
21.124	-27.826
21.317	-27.898
POLYLINE BLACK
18.210	-28.887
17.994	-28.972
17.860	-29.058
17.829	-29.297
17.808	-29.458
17.800	-29.586
17.830	-29.743
17.890	-30.053
17.967	-30.512
18.339	-30.616
18.536	-30.671
18.751	-30.581
18.919	-30.487
19.300	-30.275
19.340	-30.006
19.214	-29.617
19.169	-29.475
19.092	-29.355
18.997	-29.241
18.858	-29.075
18.664	-28.936
18.457	-28.872
18.339	-28.835
18.374	-28.861
18.267	-28.855
18.253	-28.854
18.239	-28.849
18.225	-28.845
18.163	-28.829
18.102	-28.811
18.041	-28.794
POLYLINE BLACK
17.779	-30.109
17.502	-30.070
17.628	-30.102
17.397	-30.022
POLYLINE BLACK
17.732	-29.554
17.383	-29.558
POLYLINE BLACK
17.954	-28.947
17.714	-28.804
17.839	-28.902
17.609	-28.618
POLYLINE BLACK
18.266	-28.857
18.327	-28.643
18.273	-28.728
18.409	-28.591
POLYLINE BLACK
18.827	-29.006
19.051	-28.816
18.924	-28.913
19.213	-28.724
POLYLINE BLACK
19.100	-29.421
19.400	-29.401
19.233	-29.404
19.601	-29.425
POLYLINE BLACK
19.066	-30.235
19.209	-30.859
POLYLINE BLACK
18.505	-30.739
18.336	-31.178
POLYLINE BLACK
17.931	-30.517
17.733	-30.618
17.831	-30.585
17.642	-30.626
POLYLINE BLACK
19.266	-30.507
19.642	-30.568
20.018	-30.629
20.394	-30.691
20.615	-30.749
20.829	-30.839
21.055	-30.867
21.153	-30.879
21.247	-30.826
21.344	-30.806
POLYLINE BLACK
21.576	-29.830
21.592	-31.287
21.454	-30.744
21.699	-31.506
POLYLINE BLACK
22.187	-30.368
22.267	-31.019
22.205	-30.666
22.393	-31.423
POLYLINE BLACK
23.126	-30.308
22.983	-30.502
22.918	-30.708
22.893	-30.947
22.879	-31.077
22.908	-31.292
23.051	-31.350
23.214	-31.415
23.468	-31.267
23.574	-31.152
23.622	-31.100
23.665	-31.026
23.688	-30.961
23.726	-30.852
23.828	-30.445
23.639	-30.380
23.627	-30.376
23.612	-30.373
23.600	-30.379
23.509	-30.425
23.424	-30.482
23.335	-30.533
POLYLINE BLACK
23.873	-30.982
23.976	-30.817
24.073	-30.647
24.183	-30.487
24.234	-30.414
24.295	-30.499
24.311	-30.541
24.340	-30.615
24.358	-30.700
24.358	-30.780
24.358	-30.815
24.352	-30.851
24.347	-30.886
24.344	-30.907
24.331	-30.928
24.335	-30.950
24.337	-30.965
24.346	-30.921
24.351	-30.907
24.393	-30.786
24.429	-30.663
24.478	-30.544
24.514	-30.458
24.578	-30.361
24.650	-30.299
24.708	-30.249
24.759	-30.292
24.768	-30.358
24.781	-30.466
24.786	-30.575
24.790	-30.684
24.793	-30.780
24.750	-30.883
24.786	-30.971
24.804	-31.014
24.836	-30.893
24.860	-30.853
24.903	-30.780
24.939	-30.702
24.988	-30.633
25.029	-30.573
25.077	-30.519
25.128	-30.467
25.186	-30.408
25.276	-30.348
25.353	-30.317
25.730	-30.164
25.678	-30.524
25.766	-30.810
25.787	-30.878
25.818	-30.943
25.850	-31.006
25.863	-31.032
25.898	-31.062
25.926	-31.071
26.082	-31.126
26.183	-30.844
26.323	-30.896
26.436	-30.937
26.375	-31.133
26.481	-31.172
26.583	-31.210
26.616	-30.966
26.612	-30.927
26.584	-30.696
26.557	-30.464
26.505	-30.237
26.462	-30.054
26.399	-29.876
26.328	-29.702
26.284	-29.592
26.223	-29.489
26.160	-29.389
26.027	-29.175
25.663	-28.855
26.138	-28.848
26.204	-28.848
26.293	-28.863
26.354	-28.891
26.426	-28.925
26.495	-28.968
26.565	-29.006
POLYLINE BLACK
27.007	-30.434
27.024	-30.430
27.219	-30.278
27.273	-30.374
27.289	-30.401
27.298	-30.456
27.296	-30.480
27.279	-30.701
27.248	-30.921
27.230	-31.142
27.229	-31.145
27.230	-31.203
27.251	-31.212
27.266	-31.219
27.284	-31.197
27.291	-31.191
27.436	-31.069
27.577	-30.943
27.726	-30.826
27.911	-30.681
28.011	-30.830
28.026	-31.013
28.045	-31.231
28.055	-31.450
28.069	-31.669
POLYLINE BLACK
22.217	-30.165
22.103	-30.403
22.073	-30.530
21.921	-30.704
21.881	-30.749
21.832	-30.785
21.792	-30.830
21.774	-30.850
21.761	-30.888
21.759	-30.914
21.746	-31.077
21.999	-31.278
22.148	-31.289
22.162	-31.291
22.176	-31.282
22.189	-31.277
22.273	-31.247
22.356	-31.215
22.439	-31.184
POLYLINE BLACK
16.876	-32.253
17.158	-33.558
POLYLINE BLACK
17.251	-31.765
17.845	-33.645
17.547	-32.972
17.961	-33.857
POLYLINE BLACK
17.503	-34.640
17.577	-34.605
17.648	-34.565
17.725	-34.535
17.789	-34.510
17.882	-34.507
17.949	-34.512
18.155	-34.529
18.155	-34.728
18.096	-34.887
18.044	-35.028
17.943	-35.149
17.911	-35.296
17.882	-35.429
17.957	-35.544
18.011	-35.659
POLYLINE BLACK
18.147	-36.170
18.004	-36.492
18.123	-36.406
17.842	-36.486
POLYLINE BLACK
19.491	-34.696
19.453	-34.883
19.445	-35.000
19.622	-35.085
19.747	-35.145
19.767	-35.132
19.856	-35.209
19.905	-35.251
19.936	-35.309
19.948	-35.372
19.980	-35.544
19.767	-35.639
19.647	-35.689
19.507	-35.747
19.470	-35.746
19.339	-35.765
POLYLINE BLACK
20.354	-34.783
20.366	-34.782
20.549	-34.738
20.614	-34.779
20.697	-34.831
20.625	-35.069
20.622	-35.118
20.614	-35.282
20.646	-35.509
20.832	-35.562
20.900	-35.581
20.970	-35.594
21.038	-35.609
POLYLINE BLACK
21.413	-34.580
21.304	-34.841
21.111	-35.219
21.388	-35.442
21.427	-35.473
21.515	-35.545
21.573	-35.496
21.682	-35.405
21.610	-35.112
21.599	-34.997
21.588	-34.878
21.807	-34.578
21.873	-34.733
21.999	-35.026
21.681	-35.746
22.250	-35.508
22.428	-35.434
22.491	-35.265
22.523	-35.085
22.541	-34.981
22.551	-34.815
22.518	-34.710
22.515	-34.700
22.494	-34.715
22.490	-34.724
22.471	-34.760
22.460	-34.799
22.450	-34.838
22.433	-34.902
22.418	-34.966
22.410	-35.031
22.398	-35.120
22.406	-35.220
22.451	-35.300
22.513	-35.409
22.665	-35.496
22.753	-35.364
22.771	-35.337
22.790	-35.309
22.800	-35.277
22.953	-34.789
23.082	-34.293
23.240	-33.806
23.244	-33.793
23.267	-33.800
23.281	-33.798
23.285	-33.853
23.294	-33.908
23.295	-33.964
23.299	-34.188
23.288	-34.413
23.296	-34.637
23.299	-34.719
23.319	-34.809
23.352	-34.886
23.368	-34.923
23.398	-34.954
23.439	-34.963
23.624	-35.003
23.693	-34.741
23.769	-34.638
23.778	-34.626
23.800	-34.620
23.814	-34.627
23.833	-34.638
23.845	-34.661
23.849	-34.683
23.882	-34.851
23.901	-35.021
23.924	-35.191
23.931	-35.247
23.929	-35.305
23.940	-35.361
23.950	-35.408
23.971	-35.440
24.014	-35.400
24.034	-35.381
24.050	-35.357
24.059	-35.332
24.094	-35.243
24.117	-35.149
24.145	-35.058
POLYLINE BLACK
24.086	-33.667
24.202	-33.678
POLYLINE BLACK
24.281	-34.849
24.338	-34.939
24.386	-35.034
24.450	-35.119
24.517	-35.209
24.562	-34.985
24.618	-34.985
24.711	-34.984
24.760	-35.182
24.866	-35.221
25.055	-35.290
25.202	-35.054
25.369	-35.030
25.501	-35.011
25.381	-35.244
25.597	-35.231
25.670	-35.227
25.806	-35.214
25.838	-35.127
25.858	-35.069
25.819	-34.991
25.785	-34.949
25.772	-34.934
25.752	-34.903
25.737	-34.916
25.715	-34.934
25.723	-34.972
25.725	-35.000
25.734	-35.142
25.755	-35.292
25.837	-35.411
25.867	-35.455
25.910	-35.487
25.941	-35.530
POLYLINE BLUE
17.636	-31.911
18.272	-33.011
17.525	-31.731
18.027	-32.562
18.228	-32.895
18.384	-33.280
18.671	-33.556
18.811	-33.690
18.810	-33.645
18.965	-33.751
19.106	-33.847
19.149	-34.037
19.331	-34.076
19.499	-34.113
19.643	-34.058
19.823	-34.032
POLYLINE BLUE
19.057	-31.201
19.249	-31.337
19.434	-31.486
19.635	-31.609
19.731	-31.668
19.838	-31.708
19.944	-31.747
20.311	-31.878
20.684	-31.988
21.051	-32.118
21.834	-32.396
20.884	-32.162
22.081	-32.399
POLYLINE BLUE
21.954	-32.366
22.213	-32.857
POLYLINE BLUE
22.758	-31.875
22.814	-33.000
POLYLINE BLUE
23.574	-32.044
23.493	-32.183
23.423	-32.331
23.280	-32.413
23.240	-32.436
23.172	-32.448
23.146	-32.494
23.107	-32.566
23.168	-32.683
23.203	-32.736
23.287	-32.865
23.422	-33.085
23.584	-33.160
23.644	-33.188
23.708	-33.208
23.770	-33.232
POLYLINE BLUE
24.165	-32.419
24.091	-32.588
24.035	-32.668
24.014	-32.837
23.995	-32.980
24.010	-33.126
24.106	-33.240
24.239	-33.399
24.455	-33.529
24.654	-33.412
24.729	-33.368
24.793	-33.297
24.829	-33.218
24.915	-33.033
24.944	-32.477
24.666	-32.407
24.652	-32.404
24.638	-32.406
24.624	-32.408
24.565	-32.418
24.506	-32.433
24.447	-32.446
POLYLINE BLUE
24.643	-32.618
24.660	-32.741
24.664	-32.858
24.751	-32.949
24.793	-32.993
24.839	-33.020
24.895	-33.046
25.202	-33.191
25.217	-32.358
25.394	-32.295
25.509	-32.254
25.625	-32.470
25.655	-32.545
25.677	-32.602
25.686	-32.656
25.683	-32.718
25.681	-32.761
25.665	-32.804
25.668	-32.848
25.669	-32.857
25.683	-32.865
25.692	-32.863
25.799	-32.835
25.897	-32.632
26.024	-32.573
26.144	-32.516
26.162	-32.641
26.250	-32.687
26.394	-32.764
26.620	-32.516
26.667	-32.757
26.693	-32.890
26.712	-33.025
26.735	-33.159
POLYLINE BLUE
26.698	-31.851
26.801	-32.240
POLYLINE BLUE
27.000	-32.748
27.012	-32.828
27.019	-32.910
27.036	-32.990
27.068	-33.150
27.426	-33.019
27.471	-33.002
27.536	-32.978
27.611	-32.935
27.652	-32.875
27.724	-32.770
27.658	-32.613
27.543	-32.571
27.471	-32.544
27.339	-32.526
27.282	-32.515
POLYLINE BLUE
27.568	-33.093
27.663	-33.038
27.757	-32.979
27.854	-32.928
28.044	-32.829
27.968	-33.099
28.052	-33.081
28.134	-33.063
28.208	-32.901
28.342	-32.857
28.490	-32.808
28.724	-32.851
28.800	-33.003
28.843	-33.092
28.877	-33.446
28.882	-33.481
POLYLINE BLUE
22.439	-32.864
21.084	-34.141
22.812	-32.495
21.742	-33.561
21.608	-33.695
21.458	-33.813
21.326	-33.951
21.314	-33.964
21.309	-33.990
21.319	-34.004
21.345	-34.038
21.461	-34.020
21.479	-34.016
21.664	-33.982
21.784	-33.853
21.921	-33.734
POLYLINE BLUE
22.439	-33.684
22.595	-33.659
22.749	-33.621
22.905	-33.608
23.018	-33.598
23.134	-33.596
23.245	-33.616
24.809	-33.892
26.363	-34.220
27.926	-34.495
28.176	-34.539
28.494	-34.514
28.729	-34.409
29.035	-34.272
29.490	-33.725
29.600	-33.584
29.776	-33.357
29.919	-33.105
30.060	-32.855
30.106	-32.772
30.182	-32.680
30.159	-32.588
30.143	-32.522
30.036	-32.531
29.974	-32.502
POLYLINE BLUE
19.458	-33.887
19.939	-34.258
20.277	-34.274
20.889	-34.405
POLYLINE BLUE
19.531	-33.901
19.500	-33.828
19.380	-33.628
19.438	-33.681
19.545	-33.781
19.617	-33.915
19.686	-34.044
20.025	-34.673
20.319	-35.326
20.662	-35.952
20.719	-36.057
20.808	-36.141
20.883	-36.234
21.004	-36.382
21.135	-36.522
21.250	-36.674
21.293	-36.731
21.320	-36.799
21.355	-36.860
21.425	-36.981
21.556	-37.044
21.662	-37.134
POLYLINE BLUE
22.133	-33.011
22.091	-33.177
POLYLINE BLUE
22.007	-33.283
21.855	-33.559
POLYLINE BLUE
21.453	-33.993
21.411	-34.013
21.262	-34.061
21.205	-34.124
21.161	-34.172
21.153	-34.249
21.178	-34.308
21.299	-34.598
21.426	-34.886
21.551	-35.175
21.602	-35.291
21.642	-35.411
21.703	-35.522
21.834	-35.762
22.234	-36.209
22.347	-36.351
22.421	-36.444
22.490	-36.541
22.562	-36.636
POLYLINE BLACK
22.503	-36.545
22.536	-36.646
22.593	-36.774
22.586	-36.887
22.571	-37.154
22.524	-37.419
22.514	-37.686
22.511	-37.774
22.523	-37.863
22.548	-37.948
22.749	-38.647
22.966	-39.341
23.191	-40.033
23.209	-40.089
23.244	-40.139
23.275	-40.190
23.436	-40.448
23.783	-40.523
24.066	-40.506
24.139	-40.502
24.280	-40.411
24.302	-40.400
POLYLINE BLACK
24.993	-34.180
24.731	-33.924
24.416	-33.796
24.066	-33.706
23.972	-33.682
23.816	-33.643
23.941	-33.725
24.289	-33.955
24.642	-34.179
24.993	-34.406
POLYLINE BLACK
24.832	-33.948
25.264	-34.316
25.057	-34.159
25.446	-34.430
POLYLINE BLACK
22.583	-37.927
23.914	-37.942
22.572	-37.949
23.753	-37.883
24.083	-37.865
24.395	-38.196
24.740	-38.062
24.987	-37.967
25.368	-37.657
25.475	-37.577
25.544	-37.526
25.625	-37.426
25.668	-37.349
25.750	-37.201
25.763	-37.107
25.794	-36.926
25.859	-36.549
25.929	-36.172
25.977	-35.792
26.020	-35.449
25.907	-35.048
25.832	-34.737
25.805	-34.629
25.734	-34.493
25.666	-34.401
25.584	-34.289
25.432	-34.187
25.325	-34.128
24.931	-33.911
24.726	-33.823
24.314	-33.714
23.801	-33.579
23.744	-34.022
23.520	-34.393
23.449	-34.509
23.334	-34.590
23.285	-34.721
23.160	-35.054
23.073	-35.401
22.927	-35.726
22.800	-36.009
22.618	-36.265
22.469	-36.538
22.436	-36.597
22.415	-36.677
22.445	-36.743
22.475	-36.807
22.521	-36.850
22.567	-36.906
POLYLINE BLACK
25.855	-37.623
25.899	-37.816
25.939	-38.010
25.988	-38.202
25.996	-38.231
26.018	-38.250
26.042	-38.223
26.057	-38.206
26.065	-38.184
26.075	-38.164
26.097	-38.120
26.112	-38.072
26.136	-38.028
26.226	-37.865
26.342	-38.247
26.444	-38.049
26.459	-38.019
26.475	-37.988
26.483	-37.955
26.522	-37.797
26.558	-37.637
26.586	-37.477
26.779	-36.348
26.432	-36.578
26.838	-36.345
POLYLINE BLACK
27.147	-37.481
27.179	-37.750
27.164	-37.822
27.236	-38.025
27.272	-38.125
27.326	-38.088
27.365	-38.015
27.383	-37.983
27.397	-37.950
27.409	-37.916
27.419	-37.888
27.427	-37.858
27.431	-37.828
27.439	-37.776
27.438	-37.707
27.423	-37.656
27.419	-37.642
27.408	-37.606
27.400	-37.619
27.382	-37.647
27.385	-37.685
27.383	-37.719
27.374	-37.826
27.378	-37.972
27.519	-37.868
27.633	-37.783
27.681	-37.677
27.742	-37.551
27.765	-37.503
27.779	-37.449
27.811	-37.406
27.818	-37.397
27.839	-37.401
27.846	-37.411
27.863	-37.435
27.865	-37.467
27.872	-37.496
27.881	-37.529
27.896	-37.730
27.991	-37.659
28.034	-37.627
28.068	-37.552
28.134	-37.573
28.216	-37.598
28.237	-37.708
28.285	-37.768
28.365	-37.866
28.493	-37.742
28.541	-37.680
28.620	-37.575
28.696	-37.466
28.766	-37.355
28.791	-37.314
28.812	-37.271
28.827	-37.225
28.957	-36.815
29.062	-36.397
29.198	-35.989
29.206	-35.965
29.210	-36.038
29.216	-36.062
29.218	-36.379
29.198	-36.697
29.223	-37.013
29.321	-38.224
29.414	-37.607
29.362	-37.943
POLYLINE BLACK
28.805	-36.801
28.826	-36.857
28.843	-36.914
28.867	-36.968
28.941	-37.133
29.416	-37.155
29.436	-37.159
POLYLINE BLACK
29.631	-37.225
29.607	-37.348
29.570	-37.442
29.585	-37.560
29.617	-37.802
29.770	-37.914
29.997	-37.820
30.052	-37.797
30.104	-37.762
30.147	-37.721
30.241	-37.629
30.299	-37.494
30.303	-37.362
30.304	-37.310
30.277	-37.105
30.228	-37.103
30.215	-37.103
30.207	-37.119
30.200	-37.130
30.158	-37.197
30.195	-37.307
30.242	-37.360
30.341	-37.471
30.441	-37.581
30.550	-37.682
30.853	-37.964
30.760	-37.765
30.838	-37.969
POLYLINE BLACK
25.159	-36.914
25.300	-37.102
25.442	-37.289
25.583	-37.476
25.593	-37.486
25.599	-37.499
25.612	-37.504
25.644	-37.517
25.679	-37.520
25.712	-37.529
POLYLINE BLACK
25.090	-36.703
25.073	-37.031
25.087	-37.363
25.039	-37.688
25.009	-37.894
25.035	-37.271
25.038	-37.062
25.040	-36.887
25.363	-36.920
25.439	-36.927
25.628	-36.945
25.656	-36.985
25.792	-37.115
POLYLINE RED
19.724	-33.855
19.688	-33.917
19.596	-34.008
19.603	-34.099
19.614	-34.238
19.867	-34.365
19.918	-34.397
20.075	-34.497
20.258	-34.558
20.403	-34.676
21.068	-35.221
21.701	-35.804
22.339	-36.380
22.635	-36.647
22.616	-36.688
22.585	-37.051
POLYLINE RED
21.789	-32.136
21.840	-32.185
21.895	-32.229
21.941	-32.282
22.011	-32.360
22.105	-32.575
22.141	-32.630
22.196	-32.714
22.254	-32.798
22.327	-32.866
22.983	-33.476
22.894	-33.373
23.614	-33.747
POLYLINE RED
24.059	-33.897
24.433	-33.893
24.761	-33.934
25.103	-34.056
POLYLINE RED
24.900	-34.069
25.276	-34.151
25.827	-34.219
25.934	-34.680
25.953	-34.763
25.972	-34.847
25.973	-34.932
25.976	-35.192
25.924	-35.453
25.945	-35.712
25.972	-36.065
26.059	-36.410
26.116	-36.759
POLYLINE RED
26.045	-37.038
25.977	-37.123
POLYLINE RED
23.171	-40.532
23.391	-40.267
23.405	-40.306
23.751	-40.376
POLYLINE RED
26.037	-36.643
26.009	-37.227
26.055	-37.172
25.892	-37.579
POLYLINE GREEN
26.095	-34.704
26.041	-34.764
25.935	-34.905
25.842	-34.961
25.793	-34.989
25.743	-35.015
25.692	-35.036
25.659	-35.050
25.625	-35.061
25.590	-35.066
25.320	-35.102
25.048	-35.117
24.780	-35.159
24.690	-35.173
24.604	-35.207
24.517	-35.236
24.357	-35.288
24.354	-35.321
24.185	-35.327
24.149	-35.328
23.760	-35.280
23.611	-35.348
23.496	-35.401
23.496	-35.575
23.489	-35.672
23.483	-35.764
23.485	-35.856
23.485	-35.949
23.485	-35.969
23.500	-35.993
23.517	-36.004
23.541	-36.020
23.570	-36.028
23.597	-36.038
POLYLINE GREEN
23.476	-35.984
23.343	-36.217
23.350	-36.255
23.205	-36.404
23.151	-36.459
23.092	-36.509
23.038	-36.566
22.860	-36.755
23.000	-36.662
22.760	-36.822
22.714	-36.852
22.654	-36.870
22.617	-36.913
22.591	-36.944
22.568	-36.977
22.545	-37.010
22.541	-37.016
22.529	-37.036
22.545	-37.041
22.567	-37.047
22.629	-37.021
22.633	-37.020
22.728	-36.981
22.782	-36.877
22.841	-36.801
23.338	-36.161
22.517	-37.238
23.113	-36.421
23.149	-36.372
23.191	-36.326
23.231	-36.281
23.261	-36.247
23.325	-36.264
23.358	-36.267
POLYLINE GREEN
23.360	-38.684
23.398	-38.680
23.435	-38.672
23.473	-38.670
23.598	-38.665
23.768	-38.743
23.867	-38.778
POLYLINE GREEN
22.639	-36.954
22.679	-37.319
22.682	-37.461
22.785	-37.838
22.828	-37.992
22.890	-38.140
22.943	-38.292
22.948	-38.305
22.956	-38.317
22.959	-38.330
22.965	-38.352
22.965	-38.374
22.968	-38.397
POLYLINE GREEN
23.901	-38.849
23.899	-38.844
POLYLINE GREEN
25.265	-37.930
24.911	-38.230
25.338	-37.811
25.418	-37.785
25.438	-37.779
25.454	-37.809
25.471	-37.821
POLYLINE GREEN
23.902	-38.665
23.889	-38.688
23.868	-38.707
23.864	-38.733
23.862	-38.744
23.884	-38.725
23.893	-38.720
23.930	-38.704
23.966	-38.687
24.003	-38.671
24.032	-38.658
24.063	-38.650
24.090	-38.634
24.159	-38.593
24.219	-38.539
24.290	-38.501
25.228	-37.988
24.034	-38.661
24.800	-38.302
24.916	-38.247
25.028	-38.183
25.132	-38.107
25.749	-37.654
25.225	-37.950
25.549	-37.774
POLYLINE GREEN
25.462	-37.823
25.525	-37.750
POLYLINE GREEN
22.268	-38.701
22.245	-38.630
22.245	-38.581
22.281	-38.515
22.306	-38.469
22.345	-38.396
22.402	-38.376
22.423	-38.368
22.445	-38.370
22.466	-38.378
22.535	-38.403
22.543	-38.487
22.538	-38.550
22.535	-38.582
22.532	-38.615
22.522	-38.646
22.495	-38.708
22.467	-38.769
22.441	-38.831
22.439	-38.835
22.439	-38.841
22.439	-38.846
22.437	-38.890
22.485	-38.911
22.514	-38.931
POLYLINE GREEN
22.455	-39.183
22.445	-39.219
22.430	-39.255
22.427	-39.292
22.426	-39.298
22.440	-39.288
22.444	-39.283
22.449	-39.278
22.451	-39.270
22.453	-39.264
22.461	-39.237
22.467	-39.210
22.475	-39.183
POLYLINE GREEN
20.026	-39.239
20.023	-39.209
20.018	-39.180
20.017	-39.150
20.017	-39.134
20.017	-39.118
20.022	-39.103
20.112	-38.861
20.215	-38.625
20.304	-38.383
20.325	-38.326
20.332	-38.265
20.350	-38.207
20.357	-38.185
20.387	-38.219
20.389	-38.222
21.080	-39.582
20.378	-38.265
20.718	-38.839
20.751	-38.895
20.766	-39.004
20.779	-39.050
20.784	-39.069
20.794	-39.087
20.801	-39.106
POLYLINE GREEN
20.045	-38.807
20.290	-38.696
20.144	-38.753
20.658	-38.666
20.698	-38.659
20.774	-38.659
20.816	-38.671
20.867	-38.686
20.916	-38.707
20.965	-38.726
POLYLINE GREEN
20.936	-38.436
20.961	-38.512
20.987	-38.588
21.010	-38.665
21.015	-38.682
21.018	-38.699
21.019	-38.716
21.022	-38.829
20.994	-38.912
20.960	-39.027
20.952	-39.055
20.939	-39.081
20.926	-39.106
20.920	-39.120
20.886	-39.141
20.901	-39.144
20.916	-39.147
20.920	-39.118
20.931	-39.107
20.966	-39.072
21.015	-39.053
21.062	-39.044
21.141	-39.029
21.154	-39.030
21.224	-39.034
21.237	-39.035
21.361	-39.055
21.414	-39.041
21.518	-39.014
21.632	-38.890
21.649	-38.783
21.655	-38.749
21.657	-38.715
21.658	-38.680
21.660	-38.611
21.634	-38.547
21.578	-38.505
21.489	-38.439
21.374	-38.429
21.266	-38.427
21.166	-38.424
21.067	-38.430
20.967	-38.435
20.956	-38.435
20.945	-38.439
20.934	-38.442
20.909	-38.450
20.892	-38.461
20.873	-38.477
20.819	-38.524
20.847	-38.592
20.881	-38.644
20.965	-38.776
20.950	-38.755
21.033	-38.837
POLYLINE GREEN
21.616	-38.790
21.625	-38.720
21.630	-38.651
21.643	-38.582
21.650	-38.541
21.664	-38.501
21.677	-38.461
21.683	-38.444
21.691	-38.427
21.700	-38.412
21.702	-38.409
21.718	-38.379
21.730	-38.395
21.736	-38.401
21.738	-38.410
21.739	-38.419
21.759	-38.690
21.769	-38.711
21.744	-38.926
21.743	-38.941
21.745	-38.897
21.745	-38.882
21.752	-38.795
21.751	-38.707
21.766	-38.621
21.781	-38.536
21.810	-38.454
21.835	-38.371
21.855	-38.307
21.928	-38.204
21.993	-38.185
22.059	-38.166
22.058	-38.304
22.050	-38.338
22.032	-38.415
21.964	-38.496
21.912	-38.547
21.859	-38.589
21.806	-38.632
21.752	-38.674
21.750	-38.679
21.745	-38.684
21.744	-38.689
21.742	-38.701
21.750	-38.711
21.759	-38.716
21.912	-38.805
21.865	-38.758
21.969	-38.852
21.973	-38.856
21.975	-38.860
21.978	-38.864
21.990	-38.885
22.000	-38.907
22.012	-38.928
POLYLINE GREEN
19.706	-40.137
19.732	-40.003
19.753	-39.867
19.786	-39.733
19.788	-39.727
19.796	-39.743
19.801	-39.747
19.846	-39.907
19.891	-40.066
19.936	-40.225
19.942	-40.245
19.959	-40.248
19.971	-40.232
20.004	-40.192
20.029	-40.123
20.042	-40.085
20.096	-39.921
20.094	-39.664
20.110	-39.531
20.111	-39.527
20.122	-39.528
20.125	-39.533
20.142	-39.562
20.152	-39.595
20.166	-39.626
POLYLINE GREEN
20.431	-40.236
20.374	-40.236
20.321	-40.229
20.306	-40.165
20.281	-40.056
20.268	-39.946
20.278	-39.833
20.285	-39.762
20.305	-39.693
20.322	-39.624
20.323	-39.620
20.345	-39.537
20.367	-39.588
20.572	-40.075
20.535	-39.929
20.586	-40.139
POLYLINE GREEN
20.181	-39.901
20.200	-39.890
20.218	-39.877
20.237	-39.867
20.328	-39.821
20.553	-39.858
20.608	-39.861
POLYLINE GREEN
21.045	-40.219
21.053	-40.160
21.055	-40.100
21.070	-40.042
21.110	-39.874
21.161	-39.709
21.210	-39.543
21.210	-39.540
21.215	-39.536
21.216	-39.538
21.219	-39.545
21.216	-39.554
21.217	-39.561
21.216	-39.657
21.212	-39.754
21.213	-39.850
21.213	-39.862
21.220	-39.900
21.242	-39.896
21.255	-39.893
21.273	-39.873
21.279	-39.864
21.305	-39.826
21.335	-39.788
21.355	-39.746
21.381	-39.691
21.396	-39.631
21.416	-39.573
21.423	-39.552
21.420	-39.525
21.435	-39.508
21.442	-39.501
21.444	-39.527
21.448	-39.536
21.455	-39.670
21.463	-39.804
21.468	-39.938
21.470	-40.009
21.467	-40.081
21.470	-40.152
21.470	-40.173
21.474	-40.193
21.480	-40.213
21.481	-40.219
21.487	-40.227
21.492	-40.225
21.501	-40.222
21.504	-40.210
21.508	-40.201
21.516	-40.185
21.523	-40.168
21.530	-40.151
POLYLINE GREEN
21.669	-40.034
21.701	-39.912
21.740	-39.792
21.766	-39.668
21.871	-39.168
21.779	-39.329
21.805	-39.586
21.822	-39.748
21.849	-39.910
21.885	-40.069
21.928	-40.265
21.912	-40.257
21.987	-40.193
POLYLINE GREEN
21.518	-39.705
21.910	-39.759
21.746	-39.755
22.010	-39.748
POLYLINE GREEN
22.075	-39.434
22.394	-40.039
22.222	-39.858
22.454	-40.081
POLYLINE GREEN
22.485	-39.644
22.460	-39.648
22.434	-39.649
22.409	-39.655
22.381	-39.661
22.328	-39.697
22.316	-39.709
22.235	-39.785
22.156	-39.862
22.082	-39.945
21.966	-40.074
21.982	-40.045
21.958	-40.157
POLYLINE GREEN
25.514	-37.775
25.485	-37.788
25.457	-37.800
25.429	-37.812
25.425	-37.810
25.418	-37.810
25.416	-37.805
25.414	-37.798
25.415	-37.790
25.418	-37.782
25.430	-37.750
25.454	-37.695
25.480	-37.666
25.499	-37.645
25.520	-37.628
25.540	-37.609
POLYLINE GREEN
25.529	-37.623
25.509	-37.625
POLYLINE RED
28.463	-41.447
28.466	-41.309
28.471	-41.235
28.601	-41.165
28.639	-41.145
28.685	-41.130
28.729	-41.134
28.781	-41.140
28.826	-41.154
28.875	-41.177
28.933	-41.205
29.016	-41.258
29.012	-41.334
29.008	-41.425
28.921	-41.527
28.880	-41.585
28.861	-41.611
28.763	-41.696
28.753	-41.762
28.740	-41.850
28.852	-41.942
28.900	-41.992
POLYLINE RED
28.937	-42.252
28.956	-42.276
28.996	-42.308
28.981	-42.345
28.969	-42.375
28.978	-42.343
28.960	-42.373
28.958	-42.377
28.957	-42.382
28.957	-42.387
28.955	-42.406
28.954	-42.425
28.953	-42.444
POLYLINE RED
28.984	-41.134
29.015	-41.065
29.023	-40.994
29.053	-40.928
POLYLINE RED
27.191	-39.655
26.854	-39.640
26.791	-39.595
26.531	-39.754
26.478	-39.786
26.435	-39.832
26.381	-39.860
26.009	-40.052
25.825	-40.039
25.358	-40.165
25.299	-40.181
25.245	-40.212
25.187	-40.230
25.098	-40.257
25.003	-40.241
24.913	-40.232
POLYLINE RED
25.031	-40.198
25.011	-40.218
24.993	-40.240
24.972	-40.258
24.866	-40.348
24.544	-40.363
24.486	-40.371
24.465	-40.374
24.286	-40.409
24.205	-40.396
24.178	-40.392
24.162	-40.384
24.139	-40.371
24.060	-40.330
24.019	-40.297
23.942	-40.276
23.847	-40.250
23.772	-40.306
23.685	-40.294
23.523	-40.271
23.417	-40.145
23.294	-40.053
23.267	-40.032
23.116	-39.952
23.066	-39.885
22.941	-39.719
22.947	-39.413
22.919	-39.262
22.893	-39.117
22.866	-38.973
22.835	-38.829
22.828	-38.797
22.816	-38.765
22.806	-38.734
22.786	-38.617
22.765	-38.500
22.746	-38.383
22.744	-38.370
22.756	-38.350
22.764	-38.340
22.790	-38.308
22.847	-38.281
22.872	-38.265
POLYLINE RED
28.976	-41.006
29.027	-40.959
29.056	-40.922
29.062	-40.855
29.067	-40.806
29.064	-40.756
29.075	-40.708
29.134	-40.432
29.159	-40.512
29.165	-40.290
29.166	-40.265
29.162	-40.239
29.157	-40.215
29.019	-39.617
29.150	-40.203
28.947	-39.596
28.887	-39.417
28.929	-39.286
28.895	-39.091
28.831	-38.723
28.611	-38.482
28.488	-38.114
28.089	-36.916
28.462	-37.733
28.264	-36.718
28.157	-36.173
27.552	-35.494
27.321	-35.183
27.268	-35.112
27.203	-35.053
27.136	-34.996
26.974	-34.858
26.799	-34.701
26.583	-34.654
26.422	-34.618
26.250	-34.674
26.092	-34.691
26.065	-34.694
26.037	-34.690
26.009	-34.688
25.995	-34.687
25.981	-34.682
25.967	-34.684
25.922	-34.691
25.878	-34.706
25.833	-34.717
POLYLINE RED
27.086	-39.626
27.116	-39.637
27.146	-39.645
27.175	-39.659
27.383	-39.760
27.589	-40.066
27.686	-40.199
27.831	-40.398
27.911	-40.636
27.991	-40.864
28.016	-40.935
28.008	-41.080
28.012	-41.129
28.015	-41.175
28.023	-41.220
28.029	-41.266
POLYLINE BLACK
25.799	-34.523
25.907	-34.598
25.925	-34.621
26.073	-34.663
26.284	-34.724
26.498	-34.770
26.710	-34.823
26.976	-34.862
27.249	-34.870
27.509	-34.938
27.863	-35.031
28.302	-35.211
28.609	-35.449
28.918	-35.688
28.930	-35.596
28.896	-35.749
POLYLINE BLACK
28.426	-41.067
28.256	-40.885
28.250	-40.622
28.164	-40.402
28.130	-40.312
28.081	-40.227
28.029	-40.147
27.862	-39.892
27.811	-39.837
27.584	-39.670
27.513	-39.617
27.420	-39.581
27.331	-39.577
27.214	-39.573
27.122	-39.600
27.021	-39.665
27.016	-39.668
27.028	-39.675
27.032	-39.681
POLYLINE BLACK
28.404	-40.967
28.421	-40.942
28.436	-40.913
28.461	-40.894
28.533	-40.839
28.658	-40.883
28.733	-40.886
28.774	-40.887
28.814	-40.882
28.855	-40.880
POLYLINE BLACK
28.835	-40.860
28.957	-40.852
29.116	-40.813
29.215	-40.913
29.240	-40.938
29.250	-40.966
29.268	-40.996
29.282	-41.019
29.296	-41.041
29.310	-41.063
POLYLINE BLACK
29.282	-41.056
29.217	-41.213
29.197	-41.340
29.229	-41.510
29.244	-41.593
29.271	-41.673
29.296	-41.754
29.606	-42.718
29.972	-43.666
30.235	-44.645
30.463	-45.494
30.572	-46.371
30.767	-47.228
30.870	-47.679
31.067	-47.610
30.911	-47.662
POLYLINE BLACK
30.999	-47.667
31.015	-47.626
31.026	-47.583
31.048	-47.545
31.169	-47.336
31.316	-47.142
31.430	-46.928
31.538	-46.726
31.615	-46.508
31.712	-46.300
31.722	-46.280
31.734	-46.261
31.749	-46.245
31.764	-46.227
31.784	-46.213
31.801	-46.197
POLYLINE BLACK
31.835	-46.089
31.981	-45.882
32.145	-45.686
32.275	-45.468
32.383	-45.287
32.463	-45.090
32.546	-44.896
32.674	-44.594
32.894	-44.053
32.976	-43.689
33.031	-43.450
33.067	-42.913
33.234	-42.647
33.629	-42.016
34.081	-41.423
34.476	-40.793
34.669	-40.487
34.698	-40.132
34.738	-39.784
34.741	-39.758
34.729	-39.660
34.693	-39.654
34.649	-39.646
34.603	-39.663
34.558	-39.667
POLYLINE BLACK
34.488	-40.569
34.563	-40.325
34.509	-40.163
34.503	-39.933
34.502	-39.892
34.508	-39.851
34.510	-39.810
POLYLINE BLACK
33.044	-43.070
32.986	-43.244
33.015	-43.146
32.964	-43.362
POLYLINE BLACK
33.024	-43.965
33.016	-43.976
32.964	-44.031
32.960	-44.068
32.955	-44.106
32.990	-44.141
33.019	-44.159
33.194	-44.263
33.291	-44.287
33.507	-44.302
33.556	-44.305
33.605	-44.296
33.655	-44.292
POLYLINE BLACK
34.350	-43.818
34.345	-43.822
POLYLINE BLACK
33.568	-43.788
33.348	-43.898
33.124	-44.000
32.907	-44.117
32.870	-44.137
32.707	-44.217
32.735	-44.306
32.740	-44.322
32.753	-44.341
32.764	-44.353
32.823	-44.412
32.885	-44.468
32.943	-44.528
33.025	-44.612
33.106	-44.699
33.187	-44.785
POLYLINE BLACK
34.294	-43.269
34.293	-43.309
34.323	-44.326
34.233	-44.758
34.222	-44.810
34.169	-44.906
34.123	-44.933
34.062	-44.968
33.996	-44.993
33.933	-45.023
POLYLINE BLACK
34.776	-43.802
34.766	-43.971
34.559	-44.050
34.544	-44.214
34.532	-44.353
34.655	-44.542
34.704	-44.645
POLYLINE BLACK
35.150	-44.189
35.053	-44.381
35.035	-44.382
34.993	-44.570
34.979	-44.636
34.972	-44.723
35.014	-44.783
35.097	-44.901
35.315	-44.889
35.391	-44.770
35.415	-44.732
35.433	-44.686
35.441	-44.642
35.469	-44.497
35.444	-44.375
35.340	-44.267
35.314	-44.239
35.270	-44.207
35.229	-44.204
35.223	-44.203
35.216	-44.204
35.210	-44.207
35.178	-44.220
35.147	-44.235
35.115	-44.249
POLYLINE BLACK
35.378	-44.507
35.437	-44.446
35.492	-44.379
35.556	-44.323
35.600	-44.284
35.650	-44.253
35.699	-44.221
35.763	-44.178
35.793	-44.273
35.799	-44.316
35.805	-44.368
35.806	-44.420
35.814	-44.472
35.816	-44.483
35.822	-44.493
35.829	-44.501
35.858	-44.530
35.899	-44.471
35.910	-44.457
35.935	-44.427
35.957	-44.395
35.983	-44.367
35.992	-44.357
36.015	-44.342
36.029	-44.358
36.081	-44.416
36.018	-44.679
36.016	-44.743
36.015	-44.750
36.025	-44.756
36.032	-44.757
36.044	-44.758
36.057	-44.754
36.066	-44.747
36.125	-44.708
36.181	-44.664
36.236	-44.621
36.256	-44.605
36.272	-44.583
36.293	-44.569
36.311	-44.556
36.317	-44.582
36.318	-44.591
36.320	-44.605
36.320	-44.620
36.319	-44.634
36.316	-44.702
36.306	-44.770
36.307	-44.838
36.307	-44.868
36.329	-45.150
36.410	-44.968
36.447	-44.887
36.482	-44.804
36.514	-44.721
36.530	-44.679
36.541	-44.636
36.555	-44.594
POLYLINE BLACK
36.804	-43.697
36.814	-43.813
POLYLINE BLACK
36.723	-44.609
36.756	-44.583
36.789	-44.556
36.824	-44.532
36.843	-44.519
36.864	-44.532
36.873	-44.549
36.912	-44.620
36.885	-44.724
36.919	-44.805
36.953	-44.887
37.021	-44.833
37.069	-44.883
37.092	-44.906
37.096	-44.939
37.099	-44.970
37.105	-45.033
37.107	-45.096
37.113	-45.159
37.115	-45.176
37.123	-45.192
37.122	-45.208
37.118	-45.241
37.105	-45.272
37.097	-45.304
POLYLINE BLACK
34.604	-40.027
34.596	-39.960
34.580	-39.890
34.609	-39.825
34.633	-39.770
34.695	-39.713
34.754	-39.697
35.952	-39.378
34.585	-39.749
35.640	-39.539
36.554	-39.357
35.998	-39.388
36.772	-39.308
36.805	-39.305
36.839	-39.310
36.872	-39.315
36.968	-39.328
37.061	-39.355
37.157	-39.362
37.322	-39.374
37.567	-39.397
37.737	-39.318
37.759	-39.307
37.793	-39.284
37.817	-39.269
POLYLINE BLACK
37.612	-36.948
37.605	-36.847
37.600	-36.746
37.591	-36.645
37.589	-36.616
37.573	-36.632
37.570	-36.649
37.495	-37.127
37.400	-37.603
37.349	-38.084
37.346	-38.108
37.393	-38.106
37.414	-38.117
POLYLINE BLACK
38.035	-37.197
38.096	-37.387
37.528	-37.531
37.611	-37.791
37.614	-37.799
37.617	-37.807
37.622	-37.815
37.649	-37.859
37.678	-37.902
37.706	-37.946
POLYLINE BLACK
38.196	-37.706
38.176	-37.739
38.153	-37.771
38.135	-37.805
38.098	-37.878
38.082	-37.974
38.097	-38.054
38.110	-38.128
38.199	-38.123
38.249	-38.090
38.317	-38.044
38.333	-37.946
38.343	-37.874
38.357	-37.774
38.352	-37.633
38.256	-37.573
38.250	-37.569
38.243	-37.566
38.236	-37.564
38.193	-37.550
38.151	-37.538
38.108	-37.525
POLYLINE BLACK
36.371	-36.467
36.420	-36.496
36.471	-36.522
36.518	-36.554
36.576	-36.594
36.639	-36.666
36.673	-36.724
36.906	-37.114
37.160	-37.494
37.357	-37.904
37.462	-38.123
37.524	-38.362
37.574	-38.600
37.772	-39.539
37.788	-39.365
37.732	-39.796
POLYLINE BLACK
29.084	-35.530
29.130	-35.560
29.173	-35.593
29.221	-35.618
29.262	-35.640
29.306	-35.654
29.350	-35.669
30.229	-35.975
30.102	-35.933
31.387	-36.087
32.571	-36.229
31.986	-36.019
32.468	-36.207
POLYLINE BLACK
32.448	-36.177
33.488	-36.162
33.170	-36.116
34.332	-36.357
34.620	-36.417
34.899	-36.512
35.188	-36.567
35.418	-36.611
36.274	-36.628
36.386	-36.633
36.393	-36.633
36.401	-36.637
36.407	-36.640
36.457	-36.666
36.506	-36.693
36.556	-36.720
POLYLINE BLACK
38.819	-37.535
38.813	-37.640
38.802	-37.744
38.802	-37.849
38.802	-37.974
38.897	-38.247
39.065	-38.230
39.162	-38.221
39.217	-38.071
39.237	-37.995
39.268	-37.871
39.250	-37.713
39.161	-37.616
39.110	-37.561
39.000	-37.553
38.960	-37.626
38.937	-37.667
38.934	-37.740
38.928	-37.771
POLYLINE BLACK
39.384	-37.911
39.395	-37.866
39.439	-37.622
39.530	-37.621
39.633	-37.619
39.640	-37.874
39.640	-37.913
39.641	-37.947
39.637	-37.982
39.631	-38.015
39.626	-38.045
39.594	-38.129
39.607	-38.102
39.649	-38.010
39.678	-37.912
39.720	-37.819
39.729	-37.799
39.793	-37.665
39.849	-37.701
39.882	-37.722
39.915	-37.807
39.920	-37.820
39.947	-37.881
39.956	-37.994
40.045	-37.999
40.110	-38.002
40.178	-37.963
40.225	-37.920
40.243	-37.903
40.258	-37.882
40.277	-37.866
40.290	-37.856
40.304	-37.864
40.312	-37.874
40.318	-37.883
40.323	-37.892
40.325	-37.902
40.345	-37.992
40.357	-38.085
40.379	-38.175
40.400	-38.260
40.438	-38.261
40.516	-38.317
POLYLINE BLACK
40.502	-36.966
40.471	-37.036
POLYLINE BLACK
40.735	-37.993
40.753	-37.962
40.771	-37.931
40.790	-37.901
40.795	-37.898
40.800	-37.891
40.805	-37.893
40.821	-37.898
40.826	-37.949
40.826	-37.950
40.831	-37.990
40.833	-38.030
40.839	-38.070
40.856	-38.175
40.931	-38.095
40.989	-38.102
41.093	-38.115
41.195	-38.300
41.225	-38.338
41.284	-38.414
41.342	-38.492
41.401	-38.568
POLYLINE BLACK
32.825	-37.743
32.973	-37.835
33.117	-37.932
33.268	-38.020
33.374	-38.081
33.693	-38.119
33.727	-38.130
33.876	-38.180
34.019	-38.248
34.158	-38.322
34.438	-38.473
35.698	-39.141
36.212	-39.523
36.306	-39.593
36.385	-39.679
36.472	-39.758
POLYLINE RED
33.009	-37.079
33.006	-37.155
32.998	-37.231
33.000	-37.307
33.007	-37.518
33.117	-37.772
33.297	-37.893
33.329	-37.914
33.362	-37.933
33.397	-37.947
33.667	-38.054
33.949	-38.132
34.213	-38.255
34.709	-38.487
34.811	-38.715
35.238	-39.111
35.365	-39.228
35.396	-39.199
35.538	-39.285
35.615	-39.332
35.687	-39.388
35.762	-39.439
POLYLINE RED
35.217	-39.140
35.493	-39.377
35.536	-39.402
35.925	-39.507
36.118	-39.560
36.321	-39.577
36.512	-39.637
36.846	-39.742
37.093	-39.940
37.446	-39.925
37.994	-39.902
37.998	-39.161
37.941	-38.772
37.932	-38.708
37.907	-38.647
37.890	-38.585
POLYLINE RED
38.066	-39.064
38.139	-39.094
38.203	-39.130
38.280	-39.104
38.351	-39.080
38.415	-39.015
38.457	-38.957
38.483	-38.921
38.503	-38.882
38.526	-38.844
38.538	-38.822
38.546	-38.798
38.562	-38.779
38.568	-38.772
38.582	-38.760
38.589	-38.767
38.602	-38.779
38.597	-38.801
38.601	-38.817
38.666	-39.085
38.736	-39.352
38.796	-39.621
38.809	-39.679
38.800	-39.788
38.764	-39.839
38.760	-39.846
38.749	-39.843
38.742	-39.842
38.716	-39.837
38.690	-39.829
38.665	-39.823
POLYLINE RED
38.960	-38.809
38.964	-38.929
38.951	-39.284
39.006	-39.468
39.030	-39.550
39.065	-39.628
39.094	-39.707
POLYLINE RED
38.878	-39.156
39.046	-39.264
38.946	-39.207
39.184	-39.314
POLYLINE RED
39.544	-39.192
39.530	-39.255
39.516	-39.319
39.502	-39.382
39.504	-39.393
39.503	-39.406
39.509	-39.416
39.539	-39.462
39.636	-39.386
39.692	-39.417
39.741	-39.444
39.753	-39.526
39.772	-39.565
39.803	-39.628
39.886	-39.739
39.971	-39.704
40.026	-39.681
40.078	-39.600
40.108	-39.565
POLYLINE RED
40.170	-39.422
40.147	-39.499
40.120	-39.575
40.099	-39.653
40.061	-39.796
40.289	-39.744
40.326	-39.627
40.383	-39.441
40.315	-39.205
40.294	-39.035
POLYLINE RED
40.307	-38.861
40.314	-38.807
40.308	-38.749
40.328	-38.697
40.337	-38.672
40.335	-38.751
40.338	-38.778
40.366	-39.030
40.385	-39.283
40.421	-39.535
40.436	-39.643
40.468	-39.749
40.491	-39.856
POLYLINE RED
40.688	-40.007
40.675	-39.953
40.644	-39.872
40.651	-39.806
40.664	-39.685
40.808	-39.597
40.923	-39.639
41.042	-39.683
40.883	-39.928
40.926	-39.979
40.944	-40.000
40.988	-39.970
40.998	-39.966
41.066	-39.932
41.138	-39.900
41.201	-39.962
41.251	-40.011
41.296	-40.064
41.347	-40.111
41.362	-40.124
41.379	-40.149
41.398	-40.142
41.446	-40.124
41.477	-40.078
41.517	-40.047
POLYLINE RED
41.239	-39.102
41.226	-39.345
POLYLINE RED
41.593	-39.860
41.592	-39.915
41.563	-40.021
41.610	-40.079
41.630	-40.103
41.660	-40.115
41.691	-40.121
41.767	-40.134
41.812	-40.086
41.839	-40.019
41.851	-39.988
41.851	-39.951
41.872	-39.926
41.880	-39.917
41.895	-39.938
41.899	-39.949
41.917	-40.002
41.919	-40.059
41.936	-40.112
41.994	-40.297
42.073	-40.338
42.225	-40.472
POLYLINE RED
35.793	-37.056
35.705	-37.027
35.617	-36.998
35.529	-36.969
35.626	-37.022
35.926	-37.154
35.819	-37.129
35.707	-37.104
35.616	-37.020
35.514	-36.965
POLYLINE RED
35.879	-37.058
36.077	-37.316
36.092	-37.380
36.331	-37.557
36.397	-37.606
36.466	-37.653
36.541	-37.686
36.833	-37.788
37.177	-37.903
37.457	-38.026
37.517	-38.053
37.576	-38.085
37.627	-38.127
37.692	-38.181
37.743	-38.249
37.802	-38.310
POLYLINE RED
37.760	-38.302
37.804	-38.507
POLYLINE RED
35.831	-37.053
35.655	-36.357
35.887	-37.343
35.714	-36.191
35.706	-36.138
35.672	-36.093
35.651	-36.044
POLYLINE RED
35.674	-35.991
35.824	-35.724
35.973	-35.493
36.235	-35.332
36.402	-35.229
36.580	-35.147
36.745	-35.042
36.838	-34.983
37.019	-34.855
37.069	-34.728
37.071	-34.724
37.062	-34.671
37.062	-34.670
POLYLINE RED
36.989	-34.862
37.045	-34.497
37.088	-34.404
37.025	-34.555
POLYLINE RED
36.193	-32.542
36.154	-32.511
36.118	-32.478
36.076	-32.451
35.881	-32.325
35.619	-32.315
35.397	-32.344
35.284	-32.359
35.051	-32.355
34.960	-32.477
34.929	-32.518
34.904	-32.562
34.876	-32.605
POLYLINE RED
36.461	-32.422
36.475	-32.587
36.489	-32.751
36.503	-32.916
36.515	-32.743
36.558	-32.569
36.540	-32.396
36.535	-32.349
36.472	-32.330
36.438	-32.297
POLYLINE RED
34.930	-31.538
35.964	-32.429
35.079	-31.723
36.200	-32.464
36.270	-32.510
36.328	-32.572
36.392	-32.625
POLYLINE RED
35.096	-31.482
34.994	-31.449
34.892	-31.418
34.813	-31.508
34.773	-31.554
34.727	-31.596
34.698	-31.649
34.599	-31.829
34.442	-32.138
34.385	-32.373
34.371	-32.432
34.367	-32.492
34.358	-32.552
POLYLINE RED
34.262	-32.875
34.242	-32.935
34.229	-32.997
34.202	-33.055
33.767	-34.010
34.084	-32.693
33.427	-34.955
33.262	-35.522
33.197	-36.113
33.069	-36.689
33.059	-36.735
33.035	-36.777
33.012	-36.819
32.965	-36.905
32.930	-36.940
32.861	-37.006
32.855	-37.012
32.847	-37.018
32.839	-37.023
32.783	-37.056
32.726	-37.088
32.670	-37.120
POLYLINE RED
34.088	-32.883
34.190	-32.680
34.269	-32.358
34.480	-32.206
34.567	-32.143
34.663	-32.092
34.754	-32.035
POLYLINE RED
36.767	-35.702
36.938	-35.543
37.003	-35.447
37.174	-35.353
37.185	-35.347
37.199	-35.335
37.211	-35.340
37.255	-35.361
37.289	-35.397
37.329	-35.426
POLYLINE RED
37.276	-35.411
37.293	-35.311
37.304	-35.210
37.326	-35.111
37.368	-34.923
37.531	-34.703
37.714	-34.630
37.821	-34.587
37.971	-34.577
38.065	-34.502
38.221	-34.376
38.382	-34.254
38.523	-34.110
38.645	-33.986
38.705	-33.800
38.849	-33.703
38.894	-33.672
38.936	-33.769
38.979	-33.802
POLYLINE RED
39.754	-33.564
39.740	-33.689
39.719	-33.815
39.711	-33.941
39.713	-34.012
39.715	-34.083
39.718	-34.154
39.719	-34.151
39.721	-34.148
39.721	-34.145
39.739	-33.968
39.745	-33.789
39.771	-33.613
39.791	-33.480
39.852	-33.334
39.917	-33.217
39.926	-33.202
40.010	-33.053
40.064	-33.092
40.122	-33.134
40.127	-33.339
40.128	-33.346
40.138	-33.452
40.112	-33.547
40.068	-33.643
40.038	-33.706
40.014	-33.717
40.009	-33.773
39.999	-33.865
40.049	-33.962
40.105	-34.031
40.131	-34.064
40.168	-34.090
40.209	-34.099
40.264	-34.112
40.329	-34.098
40.364	-34.050
40.379	-34.029
40.389	-34.001
40.393	-33.976
40.398	-33.947
40.398	-33.861
40.400	-33.889
40.403	-33.929
40.393	-33.970
40.396	-34.010
40.407	-34.170
40.419	-34.295
40.570	-34.164
40.611	-34.128
40.697	-34.014
40.778	-34.023
40.816	-34.027
40.833	-34.065
40.857	-34.089
40.930	-34.164
41.028	-34.085
41.081	-34.145
41.103	-34.171
41.098	-34.237
41.126	-34.254
41.135	-34.260
41.149	-34.250
41.156	-34.242
41.170	-34.228
41.177	-34.209
41.188	-34.193
41.221	-34.143
41.299	-34.005
41.377	-34.003
41.440	-34.000
41.476	-34.097
41.505	-34.133
41.542	-34.181
41.613	-34.206
41.672	-34.187
41.691	-34.182
41.706	-34.172
41.719	-34.157
41.725	-34.150
41.731	-34.141
41.735	-34.132
41.740	-34.123
41.744	-34.112
41.748	-34.101
41.757	-34.072
41.743	-34.016
41.773	-34.013
41.801	-34.010
41.784	-34.069
41.790	-34.097
41.826	-34.262
41.935	-34.244
42.087	-34.269
POLYLINE RED
38.353	-32.386
38.319	-32.342
38.291	-32.288
38.242	-32.257
38.175	-32.215
38.092	-32.230
38.019	-32.218
37.977	-32.210
37.935	-32.199
37.894	-32.184
37.755	-32.135
37.591	-31.969
37.481	-31.896
37.408	-31.847
37.327	-31.813
37.254	-31.766
37.227	-31.749
37.205	-31.725
37.181	-31.704
37.122	-31.651
37.067	-31.593
37.004	-31.543
36.782	-31.366
36.446	-31.357
36.217	-31.524
36.158	-31.567
36.109	-31.623
36.048	-31.663
35.774	-31.841
35.645	-31.781
35.881	-31.961
POLYLINE RED
35.929	-31.745
35.870	-31.735
35.811	-31.720
35.750	-31.715
35.707	-31.711
35.664	-31.714
35.622	-31.718
35.406	-31.738
35.193	-31.779
34.977	-31.785
34.923	-31.787
34.155	-31.690
34.018	-31.839
33.968	-31.893
33.971	-31.982
33.963	-32.047
POLYLINE RED
34.151	-31.731
33.714	-31.941
33.764	-31.889
33.317	-32.269
33.205	-32.363
33.111	-32.478
33.005	-32.578
32.825	-32.747
32.633	-32.903
32.458	-33.076
32.388	-33.145
32.298	-33.210
32.269	-33.304
32.250	-33.368
32.309	-33.431
32.329	-33.494
POLYLINE RED
33.362	-34.332
33.720	-34.660
33.673	-34.611
34.120	-34.802
POLYLINE RED
32.423	-33.612
32.601	-33.617
32.731	-33.683
32.894	-33.750
32.994	-33.792
33.101	-33.844
33.166	-33.938
33.300	-34.135
33.408	-34.350
33.551	-34.541
33.629	-34.645
33.725	-34.734
33.824	-34.818
34.170	-35.110
34.314	-35.174
34.692	-35.394
POLYLINE RED
36.817	-35.497
36.748	-35.526
36.678	-35.554
36.608	-35.583
36.568	-35.594
36.526	-35.601
36.487	-35.616
36.421	-35.643
36.358	-35.678
36.294	-35.708
POLYLINE RED
21.958	-33.422
22.015	-33.464
22.072	-33.507
22.129	-33.549
22.161	-33.582
22.186	-33.624
22.225	-33.649
22.256	-33.669
22.295	-33.669
22.331	-33.680
POLYLINE RED
22.030	-33.450
22.140	-33.411
22.249	-33.373
22.358	-33.335
22.369	-33.336
22.380	-33.333
22.389	-33.338
22.409	-33.348
22.407	-33.379
22.401	-33.394
22.370	-33.477
22.337	-33.558
22.296	-33.636
22.290	-33.648
22.270	-33.671
22.263	-33.659
22.226	-33.605
22.294	-33.538
22.218	-33.601
22.179	-33.632
22.147	-33.684
22.146	-33.586
22.145	-33.533
22.154	-33.474
22.186	-33.430
22.193	-33.421
22.202	-33.413
22.209	-33.404
22.285	-33.311
22.131	-33.397
22.179	-33.432
22.235	-33.472
22.308	-33.438
22.329	-33.379
22.336	-33.362
22.347	-33.344
22.344	-33.326
22.342	-33.318
22.326	-33.318
22.319	-33.321
22.272	-33.342
22.221	-33.403
22.211	-33.454
22.195	-33.538
22.267	-33.539
22.338	-33.569
POLYLINE RED
22.241	-34.100
22.210	-34.158
22.172	-34.214
22.148	-34.276
22.145	-34.285
22.167	-34.277
22.175	-34.273
22.187	-34.266
22.196	-34.254
22.205	-34.244
22.212	-34.237
22.217	-34.229
22.222	-34.220
22.241	-34.187
22.239	-34.156
22.228	-34.121
22.224	-34.107
22.214	-34.093
22.215	-34.079
22.222	-34.022
22.365	-34.155
22.337	-34.061
22.285	-33.885
22.151	-34.036
22.179	-34.103
22.190	-34.131
22.267	-34.168
22.285	-34.130
22.290	-34.120
22.289	-34.107
22.287	-34.096
22.273	-34.019
22.271	-34.101
22.271	-34.101
22.248	-34.090
22.254	-34.023
22.185	-34.018
22.094	-34.011
22.062	-34.094
22.116	-34.161
22.163	-34.220
22.228	-34.122
22.245	-34.084
22.260	-34.051
22.266	-34.009
22.257	-33.973
22.254	-33.962
22.245	-33.904
22.214	-33.933
22.146	-33.995
22.181	-34.096
22.256	-33.986
22.268	-33.969
22.212	-33.990
22.192	-34.000
22.140	-34.027
22.240	-34.057
22.258	-34.057
22.277	-34.057
22.292	-34.049
22.301	-34.033
22.315	-34.009
22.334	-33.913
22.286	-33.909
22.219	-33.904
22.110	-34.024
22.158	-34.098
22.162	-34.106
22.170	-34.110
22.176	-34.117
22.165	-34.077
22.149	-34.038
22.144	-33.998
22.136	-33.947
22.257	-34.014
22.200	-34.069
22.172	-34.096
22.115	-34.105
22.101	-34.144
22.085	-34.189
22.205	-34.242
22.235	-34.171
22.245	-34.148
22.268	-34.082
22.220	-34.082
22.207	-34.082
22.192	-34.102
22.183	-34.092
22.168	-34.074
22.173	-34.045
22.169	-34.021
POLYLINE BLACK
31.970	-30.627
32.264	-30.637
32.218	-30.613
32.520	-30.729
32.638	-30.774
32.745	-30.851
32.868	-30.883
33.462	-31.035
33.547	-31.040
33.930	-31.074
POLYLINE BLACK
32.269	-30.707
32.163	-30.708
POLYLINE BLACK
32.033	-30.723
32.015	-30.720
31.997	-30.715
31.979	-30.713
31.925	-30.705
31.855	-30.808
31.842	-30.823
31.772	-30.909
31.747	-31.027
31.756	-31.135
31.761	-31.195
31.775	-31.254
31.780	-31.313
31.782	-31.331
31.779	-31.350
31.777	-31.368
31.767	-31.459
31.757	-31.550
31.744	-31.641
31.742	-31.650
31.738	-31.659
31.734	-31.667
31.721	-31.694
31.714	-31.697
31.689	-31.710
POLYLINE BLACK
32.603	-33.672
32.583	-33.571
32.569	-33.469
32.541	-33.370
32.521	-33.298
32.485	-33.231
32.459	-33.161
32.327	-32.794
32.205	-32.424
32.067	-32.059
32.051	-32.016
32.023	-31.979
31.997	-31.942
31.934	-31.851
31.868	-31.761
31.800	-31.674
31.785	-31.661
31.770	-31.647
31.755	-31.633
31.752	-31.630
31.748	-31.627
31.745	-31.624
31.717	-31.589
31.775	-31.541
31.793	-31.526
31.857	-31.471
31.925	-31.422
31.990	-31.370
POLYLINE BLACK
33.894	-31.027
33.640	-34.245
33.919	-31.407
33.719	-32.672
33.709	-32.737
33.712	-32.803
33.706	-32.868
33.703	-32.899
33.694	-32.898
33.688	-32.925
33.683	-32.945
33.681	-32.966
33.677	-32.986
POLYLINE BLACK
32.550	-33.592
32.556	-33.607
32.561	-33.634
32.575	-33.649
32.587	-33.663
32.605	-33.668
32.624	-33.669
32.686	-33.672
32.748	-33.671
32.810	-33.676
32.836	-33.679
32.861	-33.687
32.886	-33.693
33.264	-33.794
33.083	-33.771
33.617	-33.830
33.666	-33.835
33.716	-33.837
33.764	-33.831
34.510	-33.742
33.211	-33.828
34.315	-33.770
POLYLINE BLACK
34.409	-33.791
34.601	-33.628
POLYLINE BLACK
34.325	-33.779
34.372	-33.761
34.418	-33.739
34.466	-33.725
34.693	-33.661
34.923	-33.703
35.158	-33.725
35.253	-33.734
35.348	-33.751
35.440	-33.776
35.597	-33.818
35.747	-33.884
35.904	-33.926
35.978	-33.946
36.058	-33.941
36.133	-33.960
36.219	-33.982
36.301	-34.022
36.386	-34.050
36.442	-34.068
36.555	-34.040
36.599	-34.018
36.623	-34.006
36.640	-33.983
36.660	-33.965
POLYLINE BLACK
36.617	-34.031
36.981	-34.158
36.898	-34.134
37.595	-34.276
37.663	-34.289
37.733	-34.293
37.802	-34.289
38.350	-34.255
37.909	-34.245
38.071	-34.250
POLYLINE BLACK
38.069	-34.172
38.066	-34.205
38.059	-34.241
38.074	-34.273
38.082	-34.290
38.095	-34.304
38.109	-34.316
38.168	-34.366
38.237	-34.384
38.314	-34.378
38.551	-34.360
38.597	-34.345
38.808	-34.228
39.186	-34.018
39.095	-34.093
39.305	-33.860
39.340	-33.821
39.323	-33.850
39.340	-33.814
POLYLINE BLACK
39.848	-33.459
39.797	-33.438
39.791	-33.439
39.754	-33.410
39.731	-33.393
39.712	-33.371
39.688	-33.357
39.599	-33.305
39.505	-33.262
39.416	-33.212
39.319	-33.158
39.417	-33.187
39.302	-33.163
POLYLINE BLACK
39.434	-33.148
39.402	-33.145
39.385	-33.148
39.361	-33.136
39.329	-33.120
39.313	-33.063
39.331	-33.032
39.375	-32.954
39.419	-32.877
39.466	-32.800
39.556	-32.655
39.652	-32.514
39.740	-32.368
39.745	-32.359
39.781	-32.292
39.784	-32.257
39.789	-32.196
39.723	-32.146
39.677	-32.121
39.648	-32.105
39.606	-32.094
39.576	-32.092
39.508	-32.088
39.440	-32.080
39.373	-32.088
38.484	-32.197
38.825	-32.313
38.506	-32.194
POLYLINE BLACK
38.729	-32.169
38.588	-32.163
38.603	-32.207
38.460	-32.269
38.362	-32.311
38.216	-32.375
38.093	-32.388
38.064	-32.391
38.034	-32.390
38.004	-32.390
POLYLINE BLACK
33.678	-32.782
34.022	-32.668
34.144	-32.591
34.466	-32.576
34.635	-32.568
34.804	-32.586
34.973	-32.575
35.213	-32.559
35.449	-32.495
35.689	-32.495
35.918	-32.494
36.144	-32.548
36.372	-32.572
36.410	-32.576
36.449	-32.575
36.488	-32.577
36.668	-32.588
36.848	-32.612
37.028	-32.613
37.263	-32.613
37.193	-32.561
37.396	-32.540
37.540	-32.526
37.684	-32.527
37.828	-32.519
38.367	-32.489
38.168	-32.519
38.819	-32.315
38.922	-32.283
38.901	-32.291
38.936	-32.208
POLYLINE BLACK
36.495	-32.765
36.480	-32.826
36.500	-32.981
36.441	-33.054
36.392	-33.116
36.340	-33.175
36.288	-33.234
36.271	-33.253
36.248	-33.268
36.234	-33.289
36.131	-33.445
36.033	-33.604
35.937	-33.765
35.925	-33.785
35.917	-33.809
35.909	-33.832
35.898	-33.863
35.898	-33.887
35.896	-33.919
POLYLINE GREEN
36.352	-32.594
36.379	-32.621
36.402	-32.637
36.420	-32.669
36.444	-32.711
36.460	-32.790
36.444	-32.838
36.382	-33.013
36.329	-33.192
36.249	-33.360
36.175	-33.513
36.063	-33.644
35.985	-33.795
35.915	-33.931
35.878	-34.081
35.807	-34.216
35.752	-34.320
35.678	-34.412
35.609	-34.507
34.958	-35.419
34.305	-36.331
33.647	-37.238
33.622	-37.273
33.589	-37.301
33.560	-37.332
33.505	-37.407
33.445	-37.480
33.394	-37.558
33.308	-37.689
33.233	-37.828
33.149	-37.960
33.119	-38.008
33.079	-38.049
33.051	-38.098
32.939	-38.301
32.843	-38.498
32.792	-38.725
32.777	-38.828
32.760	-38.932
32.748	-39.035
32.746	-39.048
32.758	-39.052
32.767	-39.047
32.782	-39.039
32.795	-39.027
32.809	-39.018
POLYLINE GREEN
37.194	-34.336
37.068	-34.338
37.011	-34.348
36.901	-34.415
36.846	-34.447
36.793	-34.483
36.743	-34.523
36.659	-34.591
36.586	-34.672
36.499	-34.737
36.238	-34.934
36.188	-34.927
35.936	-35.094
35.908	-35.112
35.884	-35.135
35.860	-35.158
35.738	-35.273
35.631	-35.404
35.499	-35.509
35.324	-35.647
35.127	-35.757
34.944	-35.884
34.914	-35.905
34.887	-35.928
34.861	-35.952
34.839	-35.973
34.821	-35.997
34.801	-36.020
POLYLINE GREEN
37.187	-34.411
37.216	-34.363
37.204	-34.386
37.225	-34.340
POLYLINE GREEN
37.096	-34.355
37.296	-34.263
37.096	-34.362
37.337	-34.216
37.364	-34.200
37.393	-34.190
37.420	-34.175
37.447	-34.159
37.483	-34.122
37.501	-34.105
POLYLINE GREEN
37.230	-34.270
37.424	-34.138
37.647	-34.061
37.867	-33.985
POLYLINE GREEN
34.878	-35.917
34.855	-35.949
34.828	-35.980
34.807	-36.014
34.585	-36.388
34.183	-37.070
33.987	-37.495
33.699	-38.119
33.836	-38.030
33.530	-38.451
33.444	-38.570
33.346	-38.680
33.256	-38.795
33.239	-38.818
33.225	-38.843
33.207	-38.865
33.184	-38.893
33.153	-38.921
33.122	-38.939
33.046	-38.981
32.943	-39.033
32.856	-39.034
32.834	-39.035
32.821	-39.008
32.804	-38.995
POLYLINE GREEN
32.861	-38.561
32.873	-38.534
32.882	-38.505
32.895	-38.478
32.925	-38.418
32.979	-38.365
33.036	-38.331
33.049	-38.323
33.063	-38.311
33.078	-38.311
33.105	-38.312
33.129	-38.326
33.155	-38.334
POLYLINE GREEN
33.216	-38.735
33.231	-38.638
33.208	-38.612
33.157	-38.523
33.148	-38.506
33.138	-38.497
33.138	-38.478
33.137	-38.449
33.160	-38.421
33.173	-38.399
POLYLINE GREEN
33.623	-38.187
33.611	-38.173
33.473	-38.112
33.482	-38.043
33.485	-38.019
33.496	-37.991
33.503	-37.971
POLYLINE GREEN
33.833	-37.717
33.664	-37.619
33.689	-37.686
33.671	-37.575
POLYLINE GREEN
33.929	-37.336
33.878	-37.303
33.899	-37.321
33.863	-37.285
POLYLINE GREEN
33.347	-37.675
33.328	-37.677
33.275	-37.670
33.291	-37.680
33.332	-37.707
33.384	-37.712
33.429	-37.730
33.474	-37.748
33.496	-37.798
33.518	-37.836
POLYLINE GREEN
33.174	-38.042
33.261	-38.068
33.213	-38.056
33.318	-38.074
POLYLINE GREEN
33.757	-36.899
33.910	-36.873
33.867	-36.872
34.076	-36.896
34.103	-36.899
34.131	-36.905
34.156	-36.915
34.179	-36.924
34.198	-36.941
34.219	-36.954
POLYLINE GREEN
34.286	-36.321
34.351	-36.366
34.363	-36.385
34.390	-36.453
POLYLINE GREEN
34.623	-35.645
34.680	-35.673
34.736	-35.693
34.784	-35.736
34.814	-35.764
34.841	-35.796
34.869	-35.826
POLYLINE GREEN
35.047	-35.205
35.190	-35.325
35.130	-35.265
35.233	-35.381
POLYLINE GREEN
35.431	-35.120
35.444	-35.264
35.450	-35.289
35.533	-35.400
POLYLINE GREEN
35.288	-35.426
35.281	-35.588
35.278	-35.503
35.301	-35.682
POLYLINE GREEN
35.110	-35.637
35.120	-35.754
POLYLINE GREEN
34.676	-35.989
34.675	-36.081
34.693	-36.097
34.735	-36.191
POLYLINE GREEN
34.592	-36.197
34.634	-36.394
POLYLINE GREEN
34.360	-36.714
34.366	-36.825
POLYLINE GREEN
31.168	-38.550
31.042	-38.566
31.034	-38.565
31.001	-38.695
30.987	-38.750
30.968	-38.841
31.013	-38.890
31.061	-38.941
31.140	-38.943
31.196	-38.983
31.216	-38.997
31.224	-39.022
31.222	-39.046
31.217	-39.128
31.175	-39.201
31.108	-39.248
31.094	-39.257
31.079	-39.265
31.065	-39.274
POLYLINE GREEN
31.345	-38.541
31.430	-38.969
31.378	-38.802
31.465	-39.053
POLYLINE GREEN
31.220	-38.810
31.289	-38.758
31.350	-38.750
31.434	-38.730
POLYLINE GREEN
31.581	-38.603
31.568	-38.637
31.552	-38.671
31.541	-38.706
31.525	-38.761
31.525	-38.817
31.529	-38.873
31.529	-38.887
31.534	-38.933
31.552	-38.943
31.576	-38.956
31.610	-38.900
31.616	-38.891
31.621	-38.882
31.626	-38.872
31.630	-38.862
31.634	-38.851
31.635	-38.839
31.641	-38.830
31.643	-38.827
31.643	-38.838
31.644	-38.842
31.644	-38.865
31.643	-38.888
31.644	-38.910
31.648	-38.962
31.687	-39.020
31.745	-39.004
31.781	-38.993
31.838	-38.984
31.873	-38.957
31.908	-38.930
31.975	-38.840
31.921	-38.800
31.907	-38.789
31.892	-38.783
31.875	-38.784
31.825	-38.785
31.792	-38.830
31.759	-38.860
POLYLINE GREEN
31.933	-38.417
31.932	-38.399
31.930	-38.346
31.930	-38.364
31.943	-38.669
31.927	-38.568
31.992	-38.870
31.996	-38.892
32.020	-38.869
32.025	-38.863
32.042	-38.842
32.055	-38.819
32.072	-38.799
32.079	-38.791
32.088	-38.790
32.092	-38.801
32.101	-38.825
32.091	-38.878
32.131	-38.877
32.147	-38.877
32.156	-38.871
32.169	-38.878
32.190	-38.889
32.190	-38.921
32.197	-38.940
32.201	-38.952
32.211	-38.969
32.220	-38.978
32.235	-38.991
32.254	-38.987
32.272	-38.988
POLYLINE GREEN
32.203	-38.457
32.226	-38.566
POLYLINE GREEN
32.339	-38.772
32.334	-38.796
32.328	-38.820
32.325	-38.845
32.321	-38.875
32.361	-38.878
32.380	-38.869
32.427	-38.846
32.430	-38.751
32.396	-38.716
32.393	-38.712
32.375	-38.693
32.365	-38.694
32.356	-38.694
32.356	-38.708
32.356	-38.712
32.358	-38.724
32.360	-38.737
32.364	-38.749
32.378	-38.795
32.394	-38.853
32.431	-38.889
32.490	-38.944
32.550	-38.999
32.610	-39.054
POLYLINE GREEN
49.758	-36.202
49.795	-36.209
49.908	-36.230
49.870	-36.222
49.419	-36.130
49.505	-36.142
49.910	-36.277
POLYLINE GREEN
49.788	-36.336
49.469	-36.231
49.458	-36.245
49.136	-36.052
48.925	-35.925
48.889	-35.844
48.697	-35.778
48.564	-35.732
48.554	-35.747
48.415	-35.738
48.271	-35.728
48.127	-35.717
47.983	-35.706
POLYLINE GREEN
48.324	-35.868
46.992	-35.299
48.099	-35.732
45.992	-35.135
45.916	-35.114
45.845	-35.074
45.772	-35.043
POLYLINE GREEN
45.777	-35.036
45.645	-35.066
45.422	-35.135
45.265	-35.121
44.973	-35.095
44.685	-35.029
44.392	-35.019
43.953	-35.005
43.894	-35.119
43.565	-35.048
43.487	-35.032
43.411	-35.005
43.336	-34.978
43.206	-34.932
43.077	-34.854
42.935	-34.844
42.856	-34.839
42.777	-34.842
42.698	-34.846
42.589	-34.853
42.489	-34.886
42.380	-34.862
42.290	-34.842
42.202	-34.816
42.114	-34.787
42.102	-34.783
42.092	-34.773
42.086	-34.762
42.072	-34.739
42.086	-34.710
42.101	-34.693
42.137	-34.653
42.178	-34.617
42.216	-34.578
POLYLINE GREEN
42.373	-34.851
42.223	-34.821
42.074	-34.791
41.924	-34.761
41.787	-34.724
41.652	-34.674
41.511	-34.652
40.597	-34.508
40.896	-34.676
40.230	-34.411
40.181	-34.392
40.135	-34.365
40.093	-34.333
39.881	-34.170
39.682	-33.991
39.470	-33.829
39.303	-33.702
38.949	-33.616
38.759	-33.732
38.711	-33.762
38.667	-33.840
38.644	-33.871
POLYLINE GREEN
36.869	-32.489
36.960	-32.034
36.965	-31.642
37.493	-31.591
37.529	-31.588
37.567	-31.588
37.603	-31.591
37.802	-31.611
38.000	-31.643
38.199	-31.662
38.318	-31.673
38.569	-31.549
38.641	-31.525
38.762	-31.484
38.832	-31.590
38.922	-31.646
38.985	-31.685
39.054	-31.714
39.121	-31.749
POLYLINE GREEN
38.785	-31.664
38.907	-31.646
39.031	-31.636
39.151	-31.610
39.277	-31.583
39.396	-31.533
39.521	-31.505
39.568	-31.495
39.617	-31.490
39.664	-31.495
39.970	-31.528
40.342	-31.549
40.648	-31.669
40.694	-31.687
40.736	-31.713
40.779	-31.737
40.876	-31.791
40.967	-31.858
41.069	-31.905
41.299	-32.009
41.525	-32.129
41.771	-32.188
42.353	-32.328
43.117	-32.420
43.746	-32.393
43.945	-32.385
44.141	-32.338
44.340	-32.325
44.558	-32.311
44.691	-32.384
44.915	-32.416
44.955	-32.421
44.995	-32.410
45.036	-32.407
POLYLINE GREEN
45.379	-34.320
45.388	-34.080
45.385	-34.251
45.368	-34.322
45.366	-34.332
45.364	-34.286
45.362	-34.295
45.358	-34.308
45.364	-34.321
45.365	-34.334
POLYLINE GREEN
44.359	-32.329
44.379	-32.378
44.394	-32.430
44.421	-32.476
44.425	-32.483
44.440	-32.481
44.445	-32.475
44.458	-32.460
44.462	-32.439
44.469	-32.420
44.485	-32.374
44.464	-32.285
44.513	-32.279
44.557	-32.274
44.496	-32.391
44.536	-32.412
44.567	-32.429
44.570	-32.350
44.582	-32.316
44.591	-32.293
44.614	-32.261
44.597	-32.243
44.584	-32.229
44.547	-32.339
44.546	-32.342
44.524	-32.439
44.589	-32.526
44.631	-32.607
POLYLINE GREEN
45.475	-34.409
45.464	-34.338
45.452	-34.267
45.441	-34.196
45.431	-34.196
45.420	-34.193
45.410	-34.197
45.398	-34.202
45.389	-34.226
45.378	-34.220
45.339	-34.199
45.316	-34.158
45.285	-34.127
POLYLINE GREEN
46.596	-32.567
46.310	-33.035
46.024	-33.504
45.737	-33.973
45.707	-34.007
45.680	-34.045
45.645	-34.075
45.601	-34.112
45.550	-34.140
45.503	-34.172
POLYLINE GREEN
45.473	-34.247
45.306	-34.435
POLYLINE GREEN
46.702	-32.670
46.990	-32.572
47.274	-32.460
47.566	-32.376
47.651	-32.351
47.742	-32.349
47.830	-32.346
48.143	-32.338
48.457	-32.341
48.771	-32.343
48.939	-32.344
49.107	-32.370
49.274	-32.353
49.531	-32.327
49.783	-32.270
50.035	-32.213
50.117	-32.195
50.196	-32.161
50.274	-32.129
50.309	-32.114
50.350	-32.103
50.372	-32.073
50.409	-32.023
50.418	-31.959
50.441	-31.902
POLYLINE GREEN
45.743	-30.174
45.881	-30.765
45.840	-30.508
45.764	-31.642
45.748	-31.874
45.710	-32.104
45.663	-32.331
45.609	-32.521
45.556	-32.710
45.502	-32.900
45.503	-32.914
45.493	-32.933
45.503	-32.942
45.511	-32.949
45.519	-32.928
45.527	-32.921
45.642	-32.687
45.687	-32.402
45.874	-32.221
46.010	-32.088
45.755	-32.583
45.690	-32.761
45.682	-32.783
45.655	-32.819
45.636	-32.836
45.557	-32.905
45.461	-32.841
45.379	-32.811
POLYLINE GREEN
44.425	-27.596
44.547	-27.976
44.663	-28.359
44.791	-28.737
44.802	-28.767
44.821	-28.793
44.840	-28.819
44.917	-28.923
44.987	-28.768
45.012	-28.713
45.041	-28.648
45.064	-28.581
45.095	-28.516
45.117	-28.472
45.182	-28.404
45.215	-28.482
45.279	-28.633
45.328	-28.791
45.400	-28.938
45.406	-28.949
45.419	-28.921
45.429	-28.912
45.471	-28.363
45.519	-27.813
45.557	-27.263
45.559	-27.226
45.551	-27.189
45.548	-27.152
POLYLINE GREEN
46.067	-28.386
46.027	-28.449
45.949	-28.542
45.927	-28.630
45.921	-28.655
45.917	-28.681
45.915	-28.707
45.912	-28.773
45.934	-29.027
46.055	-28.993
46.219	-28.946
46.247	-28.682
46.261	-28.566
46.273	-28.462
46.278	-28.357
46.277	-28.252
46.277	-28.216
46.247	-28.215
46.224	-28.226
46.038	-28.314
46.081	-28.515
46.134	-28.671
46.148	-28.710
46.185	-28.818
46.250	-28.813
46.428	-28.799
46.600	-28.282
46.639	-28.199
46.642	-28.192
46.654	-28.187
46.661	-28.191
46.672	-28.197
46.678	-28.211
46.681	-28.223
46.701	-28.284
46.710	-28.349
46.731	-28.411
46.780	-28.557
46.900	-28.275
46.951	-28.271
46.995	-28.267
47.008	-28.419
47.032	-28.453
47.091	-28.534
47.210	-28.450
47.257	-28.399
47.287	-28.365
47.318	-28.313
47.332	-28.271
47.465	-27.846
47.601	-27.423
47.720	-26.994
47.748	-26.892
47.769	-26.576
47.772	-26.682
47.783	-27.139
47.739	-27.597
47.745	-28.054
47.751	-28.432
47.765	-28.384
47.816	-28.280
POLYLINE GREEN
47.602	-27.328
47.469	-27.377
47.367	-27.408
47.445	-27.558
47.475	-27.617
47.520	-27.661
47.578	-27.693
47.592	-27.701
47.608	-27.707
47.623	-27.713
47.700	-27.740
47.778	-27.766
47.856	-27.793
POLYLINE GREEN
48.149	-27.812
48.134	-28.000
48.049	-28.287
48.222	-28.442
48.264	-28.480
48.314	-28.441
48.332	-28.399
48.356	-28.345
48.378	-28.289
48.394	-28.232
48.407	-28.186
48.415	-28.138
48.420	-28.090
48.423	-28.054
48.419	-28.017
48.417	-27.981
48.416	-27.971
48.411	-27.942
48.412	-27.951
48.427	-28.091
48.440	-28.301
48.570	-28.399
48.627	-28.442
48.692	-28.473
48.753	-28.510
POLYLINE GREEN
44.700	-29.836
44.660	-29.868
44.620	-29.900
44.581	-29.932
44.580	-29.939
44.574	-29.949
44.579	-29.953
44.630	-29.993
44.803	-29.911
44.889	-29.959
44.936	-29.985
44.915	-30.038
44.916	-30.080
44.926	-30.286
45.097	-30.258
45.273	-30.296
POLYLINE GREEN
46.749	-29.471
46.748	-29.832
46.746	-30.192
46.745	-30.552
46.737	-30.559
46.730	-30.577
46.720	-30.573
46.645	-30.546
46.557	-30.289
46.545	-30.225
46.539	-30.194
46.415	-29.629
46.489	-29.454
46.536	-29.343
46.588	-29.234
46.644	-29.127
46.672	-29.074
46.729	-28.996
46.795	-28.979
46.821	-28.973
46.846	-28.978
46.870	-28.990
47.020	-29.068
46.959	-29.326
46.919	-29.442
46.909	-29.470
46.902	-29.509
46.874	-29.521
46.837	-29.536
46.795	-29.513
46.756	-29.509
POLYLINE GREEN
47.160	-29.436
47.167	-29.557
47.188	-29.678
47.181	-29.799
47.173	-29.923
47.138	-30.044
47.117	-30.166
47.104	-30.240
47.137	-30.018
47.156	-29.946
47.172	-29.885
47.196	-29.826
47.222	-29.769
47.278	-29.647
47.381	-29.546
47.490	-29.471
47.554	-29.427
47.595	-29.472
47.596	-29.539
47.597	-29.679
47.565	-29.838
47.628	-29.973
47.689	-30.105
47.852	-30.026
47.921	-29.947
47.981	-29.880
48.020	-29.815
48.052	-29.731
48.065	-29.696
48.074	-29.660
48.080	-29.624
48.086	-29.588
48.093	-29.550
48.086	-29.515
48.084	-29.501
48.070	-29.536
48.065	-29.549
48.007	-29.725
47.954	-29.900
48.023	-30.080
48.042	-30.131
48.086	-30.168
48.140	-30.138
48.300	-30.046
48.304	-29.834
48.349	-29.682
48.362	-29.636
48.382	-29.592
48.404	-29.550
48.438	-29.484
48.489	-29.400
48.569	-29.383
48.626	-29.371
48.686	-29.397
48.730	-29.431
48.870	-29.540
48.792	-29.755
48.745	-29.886
48.722	-29.951
48.658	-30.079
48.596	-30.124
48.586	-30.130
48.580	-30.106
48.572	-30.098
48.583	-30.023
48.594	-29.948
48.605	-29.873
POLYLINE GREEN
49.038	-29.211
49.029	-29.328
49.016	-29.446
49.013	-29.563
49.012	-29.596
49.015	-29.630
49.024	-29.661
49.027	-29.669
49.038	-29.675
49.046	-29.675
49.074	-29.674
49.117	-29.631
49.128	-29.617
49.199	-29.530
49.266	-29.439
49.335	-29.349
49.345	-29.335
49.352	-29.319
49.363	-29.306
49.405	-29.260
49.453	-29.305
49.473	-29.347
49.499	-29.402
49.524	-29.457
49.542	-29.515
49.559	-29.566
49.570	-29.619
49.577	-29.672
49.582	-29.711
49.580	-29.750
49.580	-29.788
49.581	-29.810
49.577	-29.831
49.580	-29.852
49.585	-29.883
49.613	-29.860
49.621	-29.850
49.627	-29.841
49.754	-29.591
49.858	-29.557
49.944	-29.530
49.978	-29.659
50.049	-29.688
50.165	-29.737
50.298	-29.624
50.387	-29.580
50.452	-29.548
50.506	-29.577
50.496	-29.651
50.482	-29.750
50.479	-29.851
50.449	-29.946
50.384	-30.159
50.275	-30.354
50.149	-30.535
50.138	-30.551
49.966	-30.740
49.972	-30.607
49.973	-30.585
49.976	-30.562
49.984	-30.541
50.340	-29.574
50.697	-28.607
51.053	-27.640
51.060	-27.635
51.070	-27.616
51.073	-27.624
51.081	-27.641
51.075	-27.662
51.072	-27.680
51.001	-28.103
50.938	-28.527
50.852	-28.946
50.820	-29.099
50.563	-29.386
50.718	-29.394
50.889	-29.402
50.888	-29.096
50.982	-28.953
50.985	-28.947
50.994	-28.959
51.001	-28.961
50.994	-28.995
50.989	-29.028
50.982	-29.061
50.963	-29.147
50.939	-29.231
50.925	-29.317
50.918	-29.360
50.919	-29.404
50.920	-29.447
50.921	-29.495
50.930	-29.597
50.999	-29.600
51.049	-29.602
51.098	-29.559
51.142	-29.544
51.170	-29.534
51.207	-29.531
51.236	-29.534
51.343	-29.544
51.434	-29.619
51.549	-29.634
51.574	-29.637
51.603	-29.648
51.624	-29.635
51.693	-29.591
51.744	-29.526
51.804	-29.471
POLYLINE GREEN
51.632	-29.218
51.722	-29.129
51.864	-29.025
51.862	-28.879
51.862	-28.847
51.861	-28.813
51.852	-28.782
51.848	-28.769
51.837	-28.746
51.824	-28.751
51.803	-28.760
51.794	-28.788
51.788	-28.809
51.764	-28.885
51.531	-29.426
51.796	-29.497
51.983	-29.547
52.357	-29.209
52.416	-29.172
52.460	-29.145
52.508	-29.128
52.556	-29.112
52.578	-29.104
52.606	-29.107
52.617	-29.130
52.640	-29.178
52.578	-29.415
52.576	-29.434
52.575	-29.436
52.557	-29.536
52.589	-29.559
52.607	-29.572
52.638	-29.562
52.653	-29.554
52.680	-29.539
52.705	-29.521
52.731	-29.504
52.764	-29.482
53.065	-29.169
53.148	-29.364
53.157	-29.387
53.168	-29.409
53.171	-29.434
53.182	-29.538
53.184	-29.644
53.190	-29.749
POLYLINE GREEN
50.140	-32.094
50.080	-32.061
50.021	-32.025
49.959	-31.995
49.918	-31.975
49.849	-31.964
49.805	-31.965
49.689	-31.967
49.448	-32.031
49.392	-32.047
49.360	-32.056
49.350	-32.080
49.367	-32.107
49.454	-32.235
49.794	-32.238
49.874	-32.275
49.920	-32.297
49.932	-32.358
49.961	-32.400
POLYLINE RED
47.954	-31.305
48.141	-31.270
48.328	-31.235
48.515	-31.200
48.640	-31.185
49.016	-31.168
48.891	-31.157
48.561	-31.127
48.229	-31.144
47.897	-31.143
47.755	-31.143
47.677	-31.385
47.842	-31.379
48.098	-31.369
48.065	-31.372
48.293	-31.310
48.425	-31.274
48.552	-31.213
48.688	-31.200
49.366	-31.131
50.049	-31.108
50.730	-31.063
POLYLINE RED
46.107	-28.233
46.316	-28.225
46.524	-28.217
46.732	-28.209
46.662	-28.212
46.686	-28.199
46.653	-28.223
POLYLINE RED
46.474	-28.090
46.378	-28.102
POLYLINE RED
47.806	-31.204
47.739	-31.112
47.667	-31.024
47.605	-30.929
47.574	-30.882
47.548	-30.831
47.530	-30.778
47.314	-30.144
47.148	-29.494
46.906	-28.870
46.819	-28.648
46.674	-28.453
46.548	-28.251
46.513	-28.196
46.467	-28.148
46.423	-28.100
46.325	-27.994
46.237	-28.000
46.145	-28.109
46.128	-28.129
46.109	-28.149
46.101	-28.174
46.026	-28.396
45.952	-28.620
45.896	-28.848
45.824	-29.139
45.799	-29.440
45.718	-29.728
45.622	-30.067
45.513	-30.404
45.368	-30.724
45.148	-31.209
44.968	-31.334
44.696	-31.731
44.637	-31.817
44.590	-31.911
44.537	-32.000
POLYLINE RED
44.777	-23.415
45.116	-24.411
45.437	-25.413
45.793	-26.402
45.850	-26.505
45.898	-26.612
45.963	-26.710
45.969	-26.718
45.987	-26.715
45.994	-26.707
46.006	-26.694
46.008	-26.675
46.009	-26.657
46.035	-26.239
46.061	-25.820
46.087	-25.401
46.088	-25.398
46.088	-25.394
46.091	-25.394
46.094	-25.393
46.095	-25.398
46.097	-25.400
46.161	-25.747
46.229	-26.093
46.290	-26.441
46.296	-26.474
46.272	-26.502
46.242	-26.509
46.205	-26.517
46.154	-26.505
46.122	-26.497
45.956	-26.451
45.794	-26.394
45.627	-26.353
45.552	-26.335
45.474	-26.331
45.398	-26.320
45.297	-26.293
45.197	-26.265
45.097	-26.238
POLYLINE RED
43.402	-20.078
43.354	-20.075
43.306	-20.067
43.258	-20.068
43.170	-20.069
43.028	-20.138
42.974	-20.164
42.737	-20.280
42.601	-20.526
42.507	-20.760
42.361	-21.121
42.358	-21.682
42.341	-21.987
42.327	-22.245
42.412	-22.500
42.489	-22.740
42.517	-22.825
42.568	-22.915
42.626	-22.985
42.690	-23.062
42.834	-23.140
42.906	-23.028
42.965	-22.936
42.985	-22.816
42.966	-22.709
42.948	-22.611
42.812	-22.495
42.897	-22.399
42.918	-22.375
42.955	-22.353
42.983	-22.342
43.209	-22.256
43.438	-22.175
43.666	-22.092
POLYLINE RED
43.802	-23.194
43.861	-22.833
43.918	-22.470
43.980	-22.109
43.997	-22.014
44.082	-22.112
44.098	-22.145
44.283	-22.521
44.461	-22.901
44.643	-23.279
POLYLINE RED
44.051	-22.759
44.244	-22.889
POLYLINE RED
44.587	-22.440
44.652	-22.598
44.717	-22.757
44.782	-22.916
44.808	-23.002
44.811	-23.100
44.861	-23.176
44.880	-23.205
44.882	-23.108
44.886	-23.073
44.926	-22.780
44.953	-22.486
44.993	-22.194
45.000	-22.139
45.024	-22.048
45.093	-22.038
45.187	-22.024
45.303	-22.122
45.331	-22.207
45.387	-22.373
45.433	-22.541
45.491	-22.706
45.499	-22.730
45.526	-22.771
45.550	-22.788
45.644	-22.856
45.745	-22.654
45.767	-22.600
45.785	-22.558
45.798	-22.515
45.808	-22.471
45.917	-21.956
45.794	-22.223
46.011	-21.857
POLYLINE RED
46.798	-22.071
46.776	-22.261
46.754	-22.450
46.732	-22.640
46.733	-22.672
46.727	-22.705
46.736	-22.735
46.801	-22.968
46.872	-23.199
46.951	-23.427
46.971	-23.485
47.004	-23.538
47.034	-23.591
47.113	-23.726
47.274	-23.747
47.315	-23.572
47.330	-23.509
47.338	-23.449
47.329	-23.385
47.323	-23.339
47.259	-23.225
47.320	-23.195
47.333	-23.189
47.348	-23.187
47.362	-23.186
47.458	-23.182
47.555	-23.187
47.651	-23.182
47.713	-23.178
47.773	-23.168
47.835	-23.161
POLYLINE RED
49.198	-22.261
49.215	-22.183
49.227	-22.103
49.250	-22.026
49.304	-21.848
49.452	-21.693
49.588	-21.575
49.662	-21.510
49.769	-21.454
49.871	-21.464
49.985	-21.475
50.087	-21.536
50.176	-21.604
50.287	-21.691
50.397	-21.800
50.448	-21.935
50.605	-22.349
50.338	-22.944
50.160	-23.276
50.038	-23.502
49.890	-23.714
49.729	-23.913
49.584	-24.093
49.405	-24.241
49.246	-24.409
49.216	-24.441
49.198	-24.497
49.197	-24.540
49.193	-24.655
49.254	-24.775
49.292	-24.877
POLYLINE RED
49.054	-26.254
49.012	-26.216
48.970	-26.178
48.927	-26.140
48.934	-26.162
48.928	-26.193
48.947	-26.205
48.987	-26.229
49.039	-26.227
49.085	-26.238
POLYLINE RED
50.286	-31.164
50.448	-31.145
POLYLINE RED
50.525	-31.095
50.530	-31.096
POLYLINE RED
50.737	-31.222
50.738	-31.343
50.757	-31.465
50.740	-31.584
50.658	-32.140
50.362	-33.023
50.498	-33.629
50.583	-34.005
50.645	-33.965
50.813	-34.402
50.858	-34.518
50.888	-34.724
50.887	-34.855
50.887	-34.902
50.880	-34.949
50.870	-34.994
50.830	-35.175
50.787	-35.355
50.736	-35.532
50.725	-35.571
50.705	-35.607
50.686	-35.642
50.680	-35.653
50.673	-35.675
50.662	-35.670
50.626	-35.653
50.604	-35.616
50.575	-35.589
POLYLINE RED
50.800	-34.409
50.756	-34.069
50.474	-33.837
50.399	-33.510
50.347	-33.281
50.367	-33.156
50.408	-32.931
POLYLINE RED
46.262	-24.075
47.187	-24.832
46.717	-24.408
48.116	-26.262
48.223	-26.404
48.316	-26.560
48.388	-26.723
48.644	-27.307
48.857	-27.910
49.100	-28.499
49.111	-28.525
49.142	-28.522
49.160	-28.512
49.217	-28.480
49.292	-28.345
49.301	-28.326
49.408	-28.113
49.482	-27.883
49.602	-27.676
49.562	-27.769
49.448	-28.120
49.321	-28.279
49.155	-28.486
48.849	-28.319
48.666	-28.240
POLYLINE RED
46.888	-33.620
46.811	-33.619
46.735	-33.613
46.659	-33.617
46.479	-33.626
46.286	-33.794
46.173	-33.886
46.068	-33.972
45.958	-34.094
45.889	-34.217
45.625	-34.691
46.229	-34.834
46.571	-34.921
46.824	-34.986
47.213	-35.067
47.491	-35.000
47.648	-34.963
47.835	-34.826
47.956	-34.740
47.986	-34.718
48.017	-34.672
48.032	-34.639
48.130	-34.424
47.972	-34.255
47.823	-34.109
47.545	-33.837
47.301	-33.640
46.902	-33.665
46.892	-33.666
46.881	-33.670
46.872	-33.675
46.840	-33.690
46.810	-33.707
46.779	-33.723
POLYLINE RED
47.369	-33.779
47.577	-33.340
47.460	-33.463
47.600	-33.323
POLYLINE RED
46.876	-33.704
46.859	-33.215
46.894	-33.395
46.841	-33.157
POLYLINE RED
46.173	-33.869
45.704	-33.914
45.841	-33.928
45.509	-33.897
45.489	-33.895
45.469	-33.888
45.449	-33.888
45.372	-33.888
45.294	-33.894
45.217	-33.897
POLYLINE RED
45.665	-34.426
45.221	-34.608
45.377	-34.492
45.151	-34.698
POLYLINE RED
46.284	-34.945
46.195	-35.342
46.170	-35.228
46.269	-35.497
POLYLINE RED
47.494	-34.849
47.518	-35.171
47.494	-34.987
47.588	-35.399
POLYLINE RED
47.865	-34.785
48.100	-35.340
POLYLINE RED
48.030	-34.191
48.340	-33.641
POLYLINE RED
47.616	-33.878
47.720	-33.602
47.657	-33.747
47.811	-33.448
POLYLINE RED
42.838	-35.772
42.843	-36.335
42.870	-36.198
42.735	-36.817
42.699	-36.983
42.569	-37.251
42.451	-37.355
42.318	-37.471
42.154	-37.350
42.175	-37.187
42.193	-37.051
42.363	-36.970
42.487	-37.006
42.503	-37.011
42.519	-37.016
42.533	-37.025
42.672	-37.109
42.806	-37.204
42.947	-37.285
42.982	-37.305
43.021	-37.317
43.060	-37.329
43.261	-37.386
43.411	-37.294
43.440	-37.085
43.459	-36.952
43.488	-36.817
43.482	-36.682
43.471	-36.434
43.432	-36.187
43.388	-35.942
43.366	-35.822
43.323	-35.708
43.284	-35.593
43.282	-35.587
43.243	-35.486
43.207	-35.473
43.166	-35.458
43.159	-35.530
43.159	-35.551
43.161	-35.608
43.165	-35.666
43.167	-35.723
POLYLINE RED
43.612	-35.838
43.703	-37.194
43.508	-36.733
43.804	-37.328
POLYLINE RED
43.673	-36.381
43.829	-36.207
43.986	-36.012
44.211	-35.922
44.230	-35.915
44.340	-35.878
44.378	-35.887
44.415	-35.896
44.447	-35.917
44.481	-35.932
POLYLINE RED
44.147	-36.470
44.357	-36.503
44.248	-36.465
44.462	-36.616
POLYLINE RED
44.046	-37.037
44.035	-37.061
43.961	-37.168
43.970	-37.234
43.985	-37.355
44.289	-37.384
44.331	-37.394
POLYLINE RED
44.906	-35.845
44.867	-35.912
44.823	-35.977
44.789	-36.047
44.717	-36.197
44.662	-36.434
44.802	-36.568
44.862	-36.626
44.925	-36.681
44.990	-36.733
45.068	-36.796
45.139	-36.819
45.181	-36.911
45.224	-37.006
45.275	-37.196
45.201	-37.293
45.194	-37.302
45.184	-37.318
45.173	-37.314
45.138	-37.302
45.113	-37.272
45.083	-37.251
POLYLINE RED
45.445	-36.322
45.450	-36.321
45.615	-36.267
45.682	-36.294
45.730	-36.313
45.751	-36.380
45.747	-36.427
45.731	-36.623
45.721	-36.702
45.662	-36.868
45.629	-36.961
45.586	-37.019
45.601	-37.118
45.619	-37.233
45.714	-37.290
45.792	-37.375
POLYLINE RED
46.408	-36.174
46.364	-36.222
46.317	-36.268
46.277	-36.318
46.167	-36.454
46.159	-36.713
46.151	-36.857
46.141	-37.017
46.155	-37.275
46.306	-37.383
46.340	-37.408
46.382	-37.399
46.397	-37.356
46.419	-37.296
46.436	-37.234
46.450	-37.172
46.471	-37.080
46.463	-36.999
46.508	-36.921
46.572	-36.808
46.677	-36.747
46.789	-36.686
46.844	-36.657
46.993	-36.583
47.050	-36.660
47.113	-36.744
47.070	-36.929
47.044	-37.018
47.012	-37.133
46.970	-37.245
46.938	-37.360
46.890	-37.534
47.312	-37.739
47.367	-37.775
POLYLINE RED
41.393	-35.305
41.434	-36.157
41.341	-35.856
41.480	-36.245
POLYLINE RED
41.715	-35.135
41.720	-35.479
41.719	-35.823
41.729	-36.166
41.730	-36.197
41.729	-36.257
41.763	-36.281
41.783	-36.295
41.805	-36.307
41.826	-36.320
POLYLINE RED
42.176	-35.164
42.211	-36.186
42.142	-35.792
42.265	-36.362
POLYLINE RED
47.886	-36.280
47.880	-37.209
47.839	-36.820
47.938	-37.450
POLYLINE RED
48.394	-36.447
48.257	-37.372
48.255	-37.017
48.274	-37.504
POLYLINE RED
48.920	-36.531
48.753	-37.798
POLYLINE RED
49.629	-36.215
49.719	-36.369
49.816	-36.520
49.901	-36.678
49.983	-36.829
49.981	-36.919
50.096	-37.036
50.274	-37.217
50.460	-37.390
50.647	-37.561
50.842	-37.738
50.809	-37.645
50.959	-37.855
51.112	-38.071
51.117	-38.196
51.242	-38.469
51.308	-38.610
51.433	-38.709
51.559	-38.794
51.725	-38.907
51.893	-39.017
52.061	-39.129
POLYLINE RED
50.733	-35.479
50.733	-35.479
POLYLINE RED
50.738	-35.526
51.080	-35.591
51.034	-35.633
51.359	-35.863
51.567	-36.010
51.870	-35.905
52.085	-36.036
52.203	-36.108
52.221	-36.136
52.316	-36.236
52.341	-36.261
52.361	-36.290
52.388	-36.312
52.467	-36.380
52.775	-36.563
52.787	-36.572
52.889	-36.651
52.971	-36.753
53.070	-36.835
53.210	-36.952
53.426	-37.019
53.607	-36.983
53.783	-36.947
53.956	-36.896
54.127	-36.841
54.179	-36.824
54.234	-36.807
54.273	-36.769
54.293	-36.750
54.282	-36.714
54.286	-36.687
POLYLINE RED
51.497	-38.447
51.592	-38.510
51.642	-38.558
51.744	-38.587
52.066	-38.678
52.362	-38.475
52.574	-38.254
52.709	-38.114
52.841	-37.969
52.973	-37.826
52.991	-37.807
53.030	-37.792
53.023	-37.767
53.017	-37.746
52.976	-37.756
52.957	-37.768
52.892	-37.808
52.841	-37.867
52.782	-37.916
POLYLINE RED
51.619	-35.721
51.715	-35.797
51.812	-35.873
51.908	-35.948
51.942	-35.978
51.973	-36.012
52.010	-36.039
52.045	-36.064
52.082	-36.085
52.121	-36.104
52.421	-36.247
52.719	-36.395
53.025	-36.523
53.170	-36.583
53.420	-36.598
53.552	-36.727
53.676	-36.847
53.668	-37.036
53.699	-37.192
53.724	-37.323
53.946	-37.507
53.988	-37.552
POLYLINE RED
53.443	-36.642
53.453	-36.718
53.460	-36.794
53.475	-36.868
53.534	-37.165
53.934	-37.359
54.124	-37.498
POLYLINE RED
53.654	-37.110
53.850	-37.354
53.936	-37.489
54.234	-37.682
54.583	-37.907
54.985	-38.049
55.321	-38.295
55.378	-38.337
55.347	-38.436
55.360	-38.506
POLYLINE RED
55.092	-38.088
55.568	-38.851
55.525	-38.826
56.195	-39.649
56.566	-40.106
56.533	-39.833
56.545	-40.114
POLYLINE RED
56.542	-39.916
56.594	-39.973
56.641	-40.036
56.699	-40.088
56.960	-40.324
57.209	-40.435
57.336	-40.793
57.376	-40.904
57.355	-41.077
57.361	-41.166
57.363	-41.210
57.374	-41.254
57.381	-41.298
POLYLINE RED
58.476	-41.752
58.554	-41.654
58.596	-41.573
58.695	-41.509
58.756	-41.468
58.824	-41.445
58.896	-41.431
59.027	-41.405
59.182	-41.408
59.286	-41.503
59.403	-41.610
59.358	-41.801
59.279	-41.917
59.152	-42.100
58.941	-42.152
58.894	-42.389
58.874	-42.491
58.884	-42.620
58.964	-42.696
58.977	-42.708
59.012	-42.735
59.033	-42.739
59.053	-42.743
59.074	-42.742
59.095	-42.743
POLYLINE RED
58.505	-43.282
58.499	-43.404
58.502	-43.510
58.631	-43.553
58.659	-43.562
58.690	-43.586
58.717	-43.573
58.734	-43.565
58.697	-43.540
58.684	-43.526
58.634	-43.472
58.579	-43.423
58.526	-43.371
58.509	-43.354
58.494	-43.332
58.473	-43.320
58.414	-43.285
58.405	-43.425
58.424	-43.453
58.452	-43.495
58.527	-43.466
58.561	-43.465
58.588	-43.463
58.628	-43.471
58.654	-43.481
58.703	-43.502
58.749	-43.549
58.803	-43.555
58.895	-43.565
58.977	-43.416
58.812	-43.393
58.793	-43.391
58.773	-43.383
58.756	-43.391
58.710	-43.413
58.672	-43.450
58.629	-43.479
POLYLINE RED
57.586	-42.264
57.481	-42.247
57.376	-42.230
57.272	-42.213
57.175	-42.190
57.082	-42.148
56.983	-42.142
56.886	-42.136
56.789	-42.165
56.693	-42.177
POLYLINE RED
56.728	-42.344
56.526	-41.876
56.428	-41.514
56.073	-41.145
56.012	-41.080
55.914	-41.065
55.835	-41.025
POLYLINE RED
56.545	-41.441
56.357	-41.315
56.175	-41.180
55.981	-41.064
55.754	-40.928
55.504	-40.834
55.285	-40.687
54.882	-40.418
54.490	-40.131
54.120	-39.818
53.881	-39.617
53.686	-39.370
53.462	-39.152
53.068	-38.767
53.186	-38.995
52.855	-38.428
52.748	-38.245
52.545	-38.071
52.567	-37.860
52.584	-37.694
52.781	-38.116
52.873	-38.255
53.020	-38.476
53.148	-38.709
53.285	-38.936
POLYLINE RED
57.567	-41.455
57.505	-41.444
57.441	-41.421
57.377	-41.430
57.257	-41.447
57.166	-41.560
57.153	-41.677
57.135	-41.836
57.195	-41.975
57.264	-42.118
57.341	-42.275
57.431	-42.417
57.595	-42.486
57.661	-42.514
57.732	-42.528
57.803	-42.512
57.887	-42.494
57.972	-42.436
58.030	-42.375
58.123	-42.276
58.245	-42.158
58.303	-42.024
58.432	-41.729
58.275	-41.437
57.964	-41.358
57.714	-41.294
57.457	-41.310
57.203	-41.324
POLYLINE RED
57.431	-41.275
57.290	-41.780
POLYLINE RED
57.825	-41.307
57.815	-41.515
57.825	-41.403
57.790	-41.643
POLYLINE RED
58.241	-41.279
58.096	-41.573
POLYLINE RED
57.461	-41.930
57.198	-42.302
POLYLINE RED
57.670	-42.118
57.635	-42.525
POLYLINE RED
57.833	-39.084
57.950	-38.929
58.119	-38.707
57.981	-38.511
57.971	-38.496
57.934	-38.444
57.903	-38.446
57.834	-38.449
57.850	-38.677
57.859	-38.719
57.889	-38.860
57.964	-38.975
58.052	-39.085
58.234	-39.310
58.442	-39.452
58.173	-39.673
58.000	-39.814
58.051	-39.783
57.847	-39.770
POLYLINE RED
58.876	-38.428
58.797	-38.872
58.753	-38.919
58.768	-39.270
58.771	-39.350
58.823	-39.524
58.836	-39.573
POLYLINE RED
58.570	-38.809
58.797	-39.027
58.669	-38.920
58.961	-39.122
POLYLINE RED
59.184	-38.927
59.171	-39.025
59.154	-39.124
59.147	-39.223
59.142	-39.274
59.152	-39.346
59.170	-39.396
59.218	-39.537
59.312	-39.552
59.446	-39.503
59.504	-39.481
59.560	-39.453
59.619	-39.432
59.633	-39.427
59.649	-39.424
59.664	-39.424
59.686	-39.425
59.698	-39.436
59.695	-39.459
59.694	-39.473
59.687	-39.486
59.682	-39.499
59.676	-39.516
59.668	-39.533
59.664	-39.551
59.648	-39.618
59.664	-39.681
59.706	-39.735
59.827	-39.885
60.080	-39.633
60.125	-39.530
60.217	-39.320
59.784	-39.181
59.908	-38.917
59.995	-38.729
60.050	-38.474
60.277	-38.429
60.337	-38.417
60.390	-38.430
60.432	-38.476
60.558	-38.610
60.581	-38.915
60.572	-39.081
60.563	-39.255
60.529	-39.428
60.517	-39.602
60.512	-39.669
60.526	-39.763
60.564	-39.823
60.678	-40.002
60.789	-39.828
60.910	-39.733
60.929	-39.717
60.967	-39.672
60.969	-39.731
60.977	-39.975
60.926	-39.664
60.982	-39.940
POLYLINE RED
61.271	-38.863
61.212	-38.854
POLYLINE RED
61.548	-39.622
61.543	-39.729
61.530	-39.835
61.532	-39.942
61.534	-40.052
61.565	-40.160
61.607	-40.261
61.624	-40.301
61.655	-40.350
61.687	-40.382
61.711	-40.405
61.801	-40.479
61.830	-40.420
61.847	-40.386
61.833	-40.348
61.839	-40.313
61.839	-40.308
61.844	-40.322
61.847	-40.326
61.861	-40.382
61.868	-40.440
61.890	-40.493
61.945	-40.624
62.013	-40.748
62.074	-40.875
POLYLINE RED
58.145	-40.191
57.921	-40.531
57.834	-40.600
57.718	-40.905
57.709	-40.930
57.675	-41.067
57.761	-40.996
58.423	-40.450
58.009	-40.790
57.738	-40.841
57.725	-40.844
57.562	-40.869
57.572	-40.819
57.580	-40.775
57.597	-40.733
57.609	-40.689
POLYLINE RED
57.172	-45.110
57.212	-44.799
57.206	-44.479
57.292	-44.177
57.270	-44.423
57.195	-44.781
57.236	-45.069
57.242	-45.114
57.274	-45.232
57.341	-45.228
57.417	-45.223
57.506	-45.008
57.506	-45.007
57.626	-44.648
57.728	-44.283
57.829	-43.918
57.865	-43.787
57.886	-43.652
57.919	-43.520
57.922	-43.506
57.930	-43.492
57.937	-43.480
57.983	-43.407
58.081	-43.434
58.116	-43.502
58.154	-43.576
58.173	-43.658
58.178	-43.742
58.191	-43.944
58.208	-44.147
58.192	-44.349
58.170	-44.615
57.999	-45.454
58.089	-45.011
POLYLINE RED
58.312	-44.804
58.419	-44.781
58.556	-44.772
58.625	-44.670
58.694	-44.567
58.720	-44.412
58.696	-44.291
58.693	-44.279
58.679	-44.204
58.643	-44.229
58.634	-44.236
58.625	-44.244
58.621	-44.254
58.500	-44.542
58.434	-44.682
58.441	-44.978
58.443	-45.042
58.460	-45.113
58.502	-45.163
58.545	-45.216
58.601	-45.255
58.671	-45.258
58.782	-45.263
58.903	-45.188
58.993	-45.148
POLYLINE RED
59.123	-44.762
59.099	-44.846
59.072	-44.929
59.051	-45.014
59.026	-45.120
59.069	-45.237
59.149	-45.308
59.166	-45.323
59.192	-45.340
59.218	-45.335
59.300	-45.319
59.322	-45.123
59.328	-45.083
59.334	-45.042
59.334	-45.001
59.332	-44.960
59.331	-44.929
59.326	-44.898
59.317	-44.868
59.315	-44.861
59.307	-44.849
59.301	-44.852
59.248	-44.879
59.220	-45.186
59.241	-45.272
59.306	-45.544
59.549	-45.240
59.629	-45.173
59.645	-45.161
59.677	-45.151
59.698	-45.157
59.769	-45.178
59.750	-45.300
59.796	-45.348
59.866	-45.420
59.977	-45.214
60.005	-45.332
60.010	-45.353
60.010	-45.374
60.010	-45.395
60.011	-45.440
60.006	-45.485
60.009	-45.530
60.012	-45.575
60.024	-45.628
60.045	-45.670
60.068	-45.717
60.144	-45.824
60.209	-45.774
60.278	-45.721
60.312	-45.499
60.314	-45.473
60.338	-45.220
60.338	-44.965
60.349	-44.710
POLYLINE RED
60.883	-43.582
60.885	-43.688
60.903	-43.795
60.890	-43.900
60.851	-44.217
60.773	-44.528
60.726	-44.844
60.697	-45.041
60.744	-45.264
60.937	-45.357
61.072	-45.423
61.105	-45.149
61.116	-45.103
61.125	-45.065
61.133	-45.025
61.128	-44.986
61.127	-44.976
61.110	-44.974
61.102	-44.978
61.052	-45.004
60.908	-45.154
60.985	-45.214
61.012	-45.235
61.071	-45.240
61.096	-45.249
61.168	-45.274
61.234	-45.342
61.274	-45.403
61.343	-45.510
61.387	-45.596
61.419	-45.716
61.427	-45.749
61.431	-45.783
61.434	-45.817
61.437	-45.867
61.415	-45.921
61.435	-45.968
61.444	-45.988
61.465	-45.933
61.476	-45.914
61.514	-45.850
61.545	-45.783
61.582	-45.719
61.631	-45.636
61.690	-45.559
61.735	-45.474
61.841	-45.276
61.859	-45.183
61.844	-44.976
POLYLINE RED
59.640	-42.927
59.638	-42.927
POLYLINE RED
53.621	-45.843
53.531	-45.722
53.436	-45.604
53.352	-45.479
53.324	-45.437
53.294	-45.393
53.284	-45.344
53.190	-44.878
53.166	-44.398
53.041	-43.939
52.694	-42.673
52.781	-42.810
52.409	-42.294
POLYLINE BLACK
32.943	-37.747
32.993	-37.675
32.963	-37.708
33.037	-37.649
POLYLINE BLACK
33.610	-37.744
33.545	-37.652
33.514	-37.640
33.413	-37.601
POLYLINE BLACK
33.898	-37.218
33.800	-37.163
33.699	-37.160
33.588	-37.144
POLYLINE BLACK
33.636	-36.765
33.551	-36.822
33.591	-36.792
33.515	-36.855
POLYLINE BLACK
33.265	-36.550
33.211	-36.669
33.237	-36.600
33.197	-36.762
POLYLINE BLACK
32.775	-36.565
32.777	-36.721
POLYLINE BLACK
32.634	-36.746
32.604	-36.892
32.608	-36.815
32.628	-36.980
POLYLINE BLACK
32.544	-37.261
32.689	-37.314
POLYLINE YELLOW
34.637	-39.388
34.704	-39.381
34.685	-39.386
34.785	-39.342
34.806	-39.332
34.827	-39.321
34.846	-39.307
34.907	-39.263
34.966	-39.216
35.026	-39.170
35.031	-39.165
35.036	-39.160
35.040	-39.155
35.044	-39.149
35.048	-39.143
35.051	-39.137
35.075	-39.093
35.098	-39.049
35.121	-39.005
POLYLINE YELLOW
30.103	-37.640
30.106	-37.641
POLYLINE YELLOW
30.190	-37.677
30.261	-37.673
30.332	-37.673
30.403	-37.665
30.852	-37.616
30.730	-37.586
31.226	-37.611
31.396	-37.620
31.565	-37.649
31.734	-37.664
31.800	-37.669
31.867	-37.666
31.933	-37.672
32.072	-37.686
32.211	-37.714
32.351	-37.725
32.535	-37.740
32.720	-37.735
32.905	-37.749
32.951	-37.752
33.053	-37.778
33.095	-37.816
33.127	-37.844
33.137	-37.864
33.154	-37.901
33.196	-37.996
33.233	-38.094
33.281	-38.186
33.549	-38.646
33.448	-38.454
33.601	-38.755
POLYLINE YELLOW
33.471	-38.625
33.561	-38.673
33.657	-38.711
33.741	-38.769
33.863	-38.853
33.965	-38.964
34.086	-39.050
34.202	-39.132
34.326	-39.206
34.453	-39.271
34.559	-39.324
34.641	-39.338
34.746	-39.361
POLYLINE YELLOW
30.460	-37.040
30.481	-37.036
30.502	-37.034
30.523	-37.029
30.556	-37.019
30.587	-37.002
30.621	-36.996
30.905	-36.945
31.136	-37.025
31.446	-37.026
31.580	-37.026
31.712	-36.999
31.845	-36.983
31.877	-36.979
31.907	-36.969
31.939	-36.963
31.945	-36.962
31.951	-36.962
31.957	-36.962
31.976	-36.963
31.995	-36.964
32.014	-36.965
POLYLINE YELLOW
35.092	-36.284
35.048	-36.261
34.998	-36.240
34.947	-36.253
34.906	-36.263
34.876	-36.288
34.846	-36.318
34.811	-36.353
34.820	-36.355
34.782	-36.379
34.759	-36.393
34.743	-36.396
34.715	-36.402
34.699	-36.406
34.682	-36.406
34.666	-36.413
34.578	-36.451
34.494	-36.498
34.405	-36.536
34.384	-36.544
34.361	-36.549
34.339	-36.552
34.250	-36.561
34.159	-36.557
34.071	-36.570
33.852	-36.602
33.635	-36.639
33.419	-36.685
33.348	-36.700
33.283	-36.734
33.213	-36.750
33.117	-36.773
33.018	-36.782
32.921	-36.804
32.818	-36.827
32.716	-36.861
32.613	-36.885
32.562	-36.897
32.509	-36.900
32.459	-36.913
32.041	-37.028
32.394	-36.969
32.046	-37.016
POLYLINE YELLOW
34.939	-36.265
35.022	-36.249
35.106	-36.233
35.189	-36.217
35.198	-36.217
35.207	-36.216
35.216	-36.217
35.302	-36.227
35.382	-36.333
35.404	-36.409
35.413	-36.437
35.419	-36.467
35.422	-36.496
35.440	-36.670
35.398	-36.575
35.399	-36.815
35.400	-37.051
35.418	-37.286
35.427	-37.522
POLYLINE YELLOW
36.621	-35.162
36.618	-35.162
POLYLINE YELLOW
36.550	-35.183
36.428	-35.418
36.261	-35.631
36.064	-35.807
35.995	-35.869
35.916	-35.921
35.853	-35.989
35.741	-36.110
35.623	-36.336
35.545	-36.470
POLYLINE YELLOW
35.663	-35.942
35.678	-35.980
35.652	-36.086
35.696	-36.131
35.716	-36.152
35.755	-36.137
35.775	-36.125
35.892	-36.057
35.872	-36.069
35.954	-36.000
POLYLINE YELLOW
36.022	-35.575
36.025	-35.599
36.026	-35.623
36.032	-35.646
36.044	-35.693
36.077	-35.797
36.149	-35.772
36.158	-35.769
36.167	-35.763
36.174	-35.757
36.218	-35.714
36.262	-35.671
36.306	-35.628
POLYLINE YELLOW
36.453	-35.711
36.418	-35.901
36.383	-36.092
36.349	-36.283
36.352	-36.277
36.357	-36.272
36.360	-36.266
36.367	-36.254
36.372	-36.241
36.379	-36.228
36.399	-36.193
36.421	-36.237
36.445	-36.241
36.474	-36.245
36.503	-36.231
36.518	-36.205
36.521	-36.199
36.524	-36.193
36.526	-36.187
36.628	-35.792
36.610	-35.916
36.634	-35.723
POLYLINE YELLOW
36.620	-36.084
36.610	-36.101
36.599	-36.116
36.591	-36.133
36.584	-36.148
36.600	-36.152
36.610	-36.151
36.635	-36.150
36.654	-36.131
36.658	-36.107
36.661	-36.092
36.654	-36.086
36.640	-36.087
36.627	-36.089
36.614	-36.092
36.601	-36.095
POLYLINE YELLOW
36.787	-35.998
36.777	-36.008
36.768	-36.020
36.757	-36.029
36.756	-36.030
36.757	-36.024
36.757	-36.022
36.768	-35.995
36.778	-35.967
36.789	-35.940
POLYLINE YELLOW
36.869	-35.525
36.832	-35.730
36.810	-35.943
36.853	-36.149
36.857	-36.168
36.865	-36.185
36.871	-36.203
POLYLINE YELLOW
37.040	-35.977
37.034	-35.987
37.019	-36.009
37.017	-36.026
37.015	-36.041
37.021	-36.054
37.030	-36.065
37.051	-36.090
37.080	-36.096
37.109	-36.081
37.141	-36.065
37.157	-36.037
37.161	-36.002
37.162	-35.985
37.162	-35.963
37.148	-35.951
37.134	-35.938
37.117	-35.940
37.124	-35.963
37.130	-35.985
37.160	-36.080
37.187	-36.096
37.256	-36.140
37.329	-36.178
37.400	-36.219
POLYLINE YELLOW
34.978	-39.089
35.025	-39.030
35.072	-38.969
35.121	-38.910
35.155	-38.869
35.220	-38.861
35.269	-38.858
35.290	-38.857
35.350	-38.852
35.380	-38.865
35.485	-38.909
35.515	-38.950
35.602	-39.033
POLYLINE YELLOW
35.553	-38.941
35.644	-39.022
35.733	-39.106
35.826	-39.185
35.849	-39.204
35.875	-39.219
35.901	-39.234
36.146	-39.376
36.250	-39.454
36.508	-39.520
36.592	-39.542
36.679	-39.546
36.764	-39.563
36.782	-39.566
36.799	-39.572
36.815	-39.581
36.920	-39.637
36.975	-39.705
37.075	-39.785
37.096	-39.801
37.118	-39.817
37.142	-39.828
37.157	-39.835
37.174	-39.835
37.190	-39.839
POLYLINE YELLOW
37.104	-39.762
37.122	-39.755
37.140	-39.749
37.158	-39.741
37.224	-39.708
37.328	-39.588
37.345	-39.569
37.377	-39.534
37.405	-39.496
37.430	-39.456
37.516	-39.321
37.598	-39.184
37.676	-39.045
37.712	-38.981
37.746	-38.863
37.739	-38.789
37.721	-38.611
37.622	-38.443
37.488	-38.328
37.319	-38.183
37.142	-38.050
36.971	-37.909
36.344	-37.391
37.685	-38.430
36.199	-37.375
36.015	-37.244
35.841	-37.101
35.668	-36.956
35.626	-36.921
35.585	-36.883
35.556	-36.837
35.469	-36.700
35.406	-36.549
35.322	-36.410
35.294	-36.364
35.255	-36.325
35.221	-36.283
35.185	-36.240
35.190	-36.266
35.188	-36.233
POLYLINE YELLOW
36.611	-34.395
36.111	-35.013
POLYLINE YELLOW
36.335	-34.599
36.316	-34.625
36.294	-34.650
36.277	-34.677
36.255	-34.712
36.237	-34.748
36.219	-34.784
36.213	-34.796
36.226	-34.800
36.235	-34.798
36.244	-34.797
36.253	-34.795
36.262	-34.791
36.295	-34.777
36.328	-34.761
36.361	-34.745
36.367	-34.742
36.372	-34.736
36.378	-34.735
36.411	-34.733
36.445	-34.736
36.478	-34.736
POLYLINE YELLOW
35.611	-35.591
35.448	-35.803
35.572	-35.634
35.296	-36.134
POLYLINE YELLOW
35.334	-35.837
35.353	-35.896
35.371	-35.955
35.392	-36.013
35.400	-36.037
35.426	-36.048
35.446	-36.029
35.463	-36.013
35.479	-35.997
35.494	-35.980
35.506	-35.966
35.515	-35.949
35.526	-35.934
35.548	-35.902
35.570	-35.869
35.592	-35.837
POLYLINE YELLOW
36.560	-34.553
37.210	-34.717
37.142	-34.726
37.918	-34.778
38.764	-34.834
38.234	-34.739
38.509	-34.791
POLYLINE YELLOW
38.291	-34.565
38.198	-34.582
38.104	-34.596
38.011	-34.617
37.979	-34.624
37.949	-34.638
37.918	-34.650
37.855	-34.677
37.760	-34.693
37.809	-34.774
37.832	-34.812
37.852	-34.852
37.883	-34.883
37.950	-34.943
38.018	-35.002
38.084	-35.063
38.094	-35.073
38.088	-35.089
38.080	-35.097
38.067	-35.112
38.025	-35.137
38.022	-35.139

ELEVATION
STATIONS
0.000	0.000	0
6.546	-4.017	1
7.006	-7.829	2
7.891	-8.099	3
9.028	-15.703	4
9.949	-16.907	5
10.251	-21.149	6
10.055	-32.108	7
12.074	-32.974	8
16.362	-39.475	9
12.701	-45.118	10
15.805	-46.505	11
19.648	-53.073	12
23.889	-58.082	13
26.107	-58.293	14
28.845	-56.588	15
32.961	-55.211	16
35.698	-52.873	17
33.651	-54.559	18
36.820	-56.508	19
50.770	-56.164	20
51.539	-53.730	21
52.788	-53.642	22
34.827	-58.530	19.1
32.987	-62.935	19.2
SHOTS
0.000	0.000	6.546	-4.017
6.546	-4.017	5.075	-4.357
6.546	-4.017	6.477	-5.092
6.546	-4.017	4.413	-3.255
6.546	-4.017	1.059	-2.453
6.546	-4.017	3.484	-3.663
6.546	-4.017	6.521	-3.552
6.546	-4.017	6.018	-2.236
6.546	-4.017	6.501	-2.473
6.546	-4.017	6.469	-5.076
6.546	-4.017	6.279	-6.781
6.546	-4.017	6.319	-3.845
6.546	-4.017	7.006	-7.829
7.006	-7.829	7.413	-7.796
7.006	-7.829	8.560	-8.088
7.006	-7.829	10.283	-8.109
7.006	-7.829	10.596	-8.110
7.006	-7.829	7.891	-8.099
7.891	-8.099	7.579	-8.029
7.891	-8.099	8.788	-8.380
7.891	-8.099	9.691	-8.301
7.891	-8.099	10.409	-8.400
7.891	-8.099	10.910	-8.493
7.891	-8.099	10.437	-8.592
7.891	-8.099	9.223	-8.362
7.891	-8.099	8.062	1.404
7.891	-8.099	8.369	1.098
7.891	-8.099	7.872	3.280
7.891	-8.099	9.213	-2.806
7.891	-8.099	9.434	-11.835
7.891	-8.099	10.511	-11.563
7.891	-8.099	10.738	-12.282
7.891	-8.099	9.204	-13.703
7.891	-8.099	9.028	-15.703
9.028	-15.703	8.250	-14.733
9.028	-15.703	7.557	-13.699
9.028	-15.703	7.471	-14.781
9.028	-15.703	8.681	-15.554
9.028	-15.703	7.269	-15.366
9.028	-15.703	4.926	-15.296
9.028	-15.703	5.892	-13.636
9.028	-15.703	8.852	-17.140
9.028	-15.703	9.368	-13.995
9.028	-15.703	9.949	-16.907
9.949	-16.907	10.440	-16.601
9.949	-16.907	9.909	-16.558
9.949	-16.907	9.503	-16.370
9.949	-16.907	9.475	-16.753
9.949	-16.907	9.468	-16.673
9.949	-16.907	9.299	-17.997
9.949	-16.907	9.484	-25.690
9.949	-16.907	8.698	-24.577
9.949	-16.907	9.876	-25.571
9.949	-16.907	9.249	-25.702
9.949	-16.907	10.251	-21.149
10.251	-21.149	8.953	-22.488
10.251	-21.149	8.920	-21.099
10.251	-21.149	10.399	-23.484
10.251	-21.149	12.616	-25.515
10.251	-21.149	13.744	-23.219
10.251	-21.149	10.370	-31.150
10.251	-21.149	11.955	-30.983
10.251	-21.149	10.055	-32.108
10.055	-32.108	13.302	-19.852
10.055	-32.108	12.187	-19.573
10.055	-32.108	12.036	-15.176
10.055	-32.108	10.117	-19.003
10.055	-32.108	10.212	-33.146
10.055	-32.108	9.593	-34.589
10.055	-32.108	9.808	-32.411
10.055	-32.108	9.454	-32.055
10.055	-32.108	12.491	-26.761
10.055	-32.108	14.321	-27.108
10.055	-32.108	14.831	-29.153
10.055	-32.108	14.818	-29.293
10.055	-32.108	12.074	-32.974
12.074	-32.974	12.541	-33.066
12.074	-32.974	12.408	-35.226
12.074	-32.974	13.203	-35.309
12.074	-32.974	13.851	-36.463
12.074	-32.974	14.403	-38.366
12.074	-32.974	16.362	-39.475
16.362	-39.475	17.662	-39.257
16.362	-39.475	17.942	-38.120
16.362	-39.475	16.536	-39.604
16.362	-39.475	14.648	-39.898
16.362	-39.475	12.726	-40.154
16.362	-39.475	15.314	-41.791
16.362	-39.475	13.266	-43.583
16.362	-39.475	14.962	-29.381
16.362	-39.475	14.325	-37.181
16.362	-39.475	13.161	-37.667
16.362	-39.475	13.064	-33.969
16.362	-39.475	12.813	-37.647
16.362	-39.475	16.014	-39.604
16.362	-39.475	12.632	-45.952
16.362	-39.475	12.361	-47.071
16.362	-39.475	12.701	-45.118
12.701	-45.118	11.261	-42.659
12.701	-45.118	10.505	-42.549
12.701	-45.118	12.274	-45.915
12.701	-45.118	13.692	-45.508
12.701	-45.118	15.145	-45.778
12.701	-45.118	15.281	-45.790
12.701	-45.118	16.372	-45.697
12.701	-45.118	13.076	-47.404
12.701	-45.118	14.202	-47.401
12.701	-45.118	16.120	-49.334
12.701	-45.118	14.047	-43.518
12.701	-45.118	10.775	-38.505
12.701	-45.118	10.808	-38.135
12.701	-45.118	19.123	-46.197
12.701	-45.118	15.814	-46.510
12.701	-45.118	15.636	-46.437
12.701	-45.118	15.805	-46.505
15.805	-46.505	13.627	-44.807
15.805	-46.505	13.732	-44.483
15.805	-46.505	15.624	-44.479
15.805	-46.505	16.453	-44.126
15.805	-46.505	17.161	-44.671
15.805	-46.505	19.390	-48.820
15.805	-46.505	20.619	-47.348
15.805	-46.505	19.678	-47.153
15.805	-46.505	17.617	-46.266
15.805	-46.505	18.202	-43.507
15.805	-46.505	17.997	-44.379
15.805	-46.505	15.757	-47.693
15.805	-46.505	17.853	-50.467
15.805	-46.505	19.293	-50.563
15.805	-46.505	19.388	-50.313
15.805	-46.505	15.939	-43.782
15.805	-46.505	17.273	-43.360
15.805	-46.505	18.327	-44.202
15.805	-46.505	17.528	-43.898
15.805	-46.505	16.257	-43.871
15.805	-46.505	16.856	-46.902
15.805	-46.505	20.610	-53.066
15.805	-46.505	19.648	-53.073
19.648	-53.073	21.840	-54.093
19.648	-53.073	21.133	-55.600
19.648	-53.073	22.319	-56.056
19.648	-53.073	20.639	-53.541
19.648	-53.073	19.941	-51.425
19.648	-53.073	20.284	-52.712
19.648	-53.073	21.885	-54.531
19.648	-53.073	20.086	-55.941
19.648	-53.073	23.889	-58.082
23.889	-58.082	25.362	-57.132
23.889	-58.082	23.905	-57.191
23.889	-58.082	22.031	-57.842
23.889	-58.082	22.580	-57.627
23.889	-58.082	23.306	-57.097
23.889	-58.082	24.716	-58.212
23.889	-58.082	23.952	-54.376
23.889	-58.082	24.000	-56.089
23.889	-58.082	24.490	-59.920
23.889	-58.082	26.107	-58.293
26.107	-58.293	23.212	-58.635
26.107	-58.293	23.635	-58.522
26.107	-58.293	23.496	-58.495
26.107	-58.293	23.537	-59.219
26.107	-58.293	22.544	-60.660
26.107	-58.293	23.399	-61.012
26.107	-58.293	22.978	-61.015
26.107	-58.293	25.208	-59.820
26.107	-58.293	27.148	-57.524
26.107	-58.293	28.964	-57.746
26.107	-58.293	26.115	-59.558
26.107	-58.293	26.487	-54.244
26.107	-58.293	28.845	-56.588
28.845	-56.588	28.387	-58.303
28.845	-56.588	29.220	-52.433
28.845	-56.588	30.857	-47.738
28.845	-56.588	32.939	-50.284
28.845	-56.588	34.600	-49.793
28.845	-56.588	37.802	-47.818
28.845	-56.588	31.394	-54.176
28.845	-56.588	36.465	-47.956
28.845	-56.588	30.300	-59.444
28.845	-56.588	28.684	-57.747
28.845	-56.588	26.452	-45.086
28.845	-56.588	28.331	-32.369
28.845	-56.588	29.320	-40.532
28.845	-56.588	32.961	-55.211
32.961	-55.211	33.088	-55.105
32.961	-55.211	35.131	-55.121
32.961	-55.211	37.227	-54.869
32.961	-55.211	37.837	-54.772
32.961	-55.211	36.014	-54.708
32.961	-55.211	35.707	-54.164
32.961	-55.211	37.091	-52.328
32.961	-55.211	36.455	-52.082
32.961	-55.211	36.540	-50.481
32.961	-55.211	34.986	-50.565
32.961	-55.211	34.092	-56.572
32.961	-55.211	31.926	-44.243
32.961	-55.211	34.594	-49.566
32.961	-55.211	28.392	-40.458
32.961	-55.211	31.322	-42.498
32.961	-55.211	27.555	-41.430
32.961	-55.211	35.698	-52.873
35.698	-52.873	36.832	-48.934
35.698	-52.873	38.868	-48.146
35.698	-52.873	38.302	-49.043
35.698	-52.873	36.493	-49.987
35.698	-52.873	34.099	-50.947
35.698	-52.873	32.355	-51.514
35.698	-52.873	26.430	-47.544
35.698	-52.873	36.366	-49.303
35.698	-52.873	36.463	-57.640
35.698	-52.873	33.562	-54.348
35.698	-52.873	33.651	-54.559
33.651	-54.559	33.715	-54.592
33.651	-54.559	31.962	-53.539
33.651	-54.559	31.723	-52.992
33.651	-54.559	32.588	-54.170
33.651	-54.559	34.410	-54.446
33.651	-54.559	36.641	-54.529
33.651	-54.559	38.300	-57.119
33.651	-54.559	39.378	-57.407
33.651	-54.559	39.831	-57.819
33.651	-54.559	39.831	-56.717
33.651	-54.559	36.820	-56.508
36.820	-56.508	35.892	-56.860
36.820	-56.508	32.679	-60.497
36.820	-56.508	34.900	-58.671
36.820	-56.508	37.241	-57.910
36.820	-56.508	35.740	-58.656
36.820	-56.508	50.770	-56.164
50.770	-56.164	49.911	-56.034
50.770	-56.164	48.402	-56.435
50.770	-56.164	45.794	-57.079
50.770	-56.164	42.910	-55.911
50.770	-56.164	38.128	-52.979
50.770	-56.164	44.429	-54.260
50.770	-56.164	45.433	-56.990
50.770	-56.164	46.588	-56.534
50.770	-56.164	49.957	-52.121
50.770	-56.164	47.914	-45.379
50.770	-56.164	50.876	-44.052
50.770	-56.164	48.150	-58.740
50.770	-56.164	45.898	-58.754
50.770	-56.164	46.811	-59.001
50.770	-56.164	50.634	-58.036
50.770	-56.164	49.034	-43.725
50.770	-56.164	41.472	-47.035
50.770	-56.164	39.356	-51.928
50.770	-56.164	51.987	-46.591
50.770	-56.164	53.277	-47.979
50.770	-56.164	51.539	-53.730
51.539	-53.730	52.788	-53.642
52.788	-53.642	53.598	-53.606
52.788	-53.642	55.218	-54.931
52.788	-53.642	56.444	-55.579
52.788	-53.642	57.327	-55.434
52.788	-53.642	58.430	-55.677
52.788	-53.642	57.679	-55.584
52.788	-53.642	56.407	-55.219
52.788	-53.642	55.381	-55.811
52.788	-53.642	53.291	-54.032
52.788	-53.642	54.539	-56.460
52.788	-53.642	53.557	-55.862
52.788	-53.642	50.306	-43.686
52.788	-53.642	55.162	-44.582
52.788	-53.642	55.378	-48.185
36.820	-56.508	34.827	-58.530
34.827	-58.530	31.787	-65.816
34.827	-58.530	33.032	-62.877
34.827	-58.530	32.987	-62.935
32.987	-62.935	34.726	-63.289
32.987	-62.935	31.182	-62.557
32.987	-62.935	30.124	-62.237
32.987	-62.935	33.778	-62.902
32.987	-62.935	35.170	-63.014
32.987	-62.935	32.147	-72.221
32.987	-62.935	33.478	-73.641
32.987	-62.935	33.571	-73.583

